{
  "notebook": "16_models_tfidf_baselines",
  "generated_at": "20251126_165549",
  "n_samples": 1942,
  "models": {
    "logreg_l2": {
      "auc": {
        "value": 0.5015378221113882,
        "low": 0.4739878216337317,
        "high": 0.5319980068370906
      },
      "mda": {
        "value": 0.5025773195876289,
        "low": 0.4800257731958763,
        "high": 0.5277061855670103
      }
    },
    "rf_200": {
      "auc": {
        "value": 0.4912635078969243,
        "low": 0.46285592310485124,
        "high": 0.5211218602628767
      },
      "mda": {
        "value": 0.5115979381443299,
        "low": 0.48838595360824744,
        "high": 0.5341494845360825
      }
    }
  }
}