dia,modelo,sentimento,bloco
2019-08-05,Regressão Logística,-0.00755062022144,1
2019-08-06,Regressão Logística,-0.025277696349,1
2019-08-07,Regressão Logística,0.0206649902457,1
2019-08-08,Regressão Logística,-0.0711428352616,1
2019-08-09,Regressão Logística,-0.0426969895902,1
2019-08-12,Regressão Logística,0.0930441328566,1
2019-08-13,Regressão Logística,0.00407927628554,1
2019-08-14,Regressão Logística,-0.000528577297172,1
2019-08-15,Regressão Logística,0.0234534814916,1
2019-08-16,Regressão Logística,-0.00769482013899,1
2019-08-19,Regressão Logística,-0.010721159033,1
2019-08-20,Regressão Logística,-0.0224654362102,1
2019-08-21,Regressão Logística,-0.00291114442503,1
2019-08-22,Regressão Logística,-0.00982370053619,1
2019-08-23,Regressão Logística,0.0398518791276,1
2019-08-26,Regressão Logística,0.0811002229605,1
2019-08-27,Regressão Logística,0.0752687884923,1
2019-08-28,Regressão Logística,0.0287023914093,1
2019-08-29,Regressão Logística,-0.0131124113663,1
2019-08-30,Regressão Logística,-0.0468489672137,1
2019-09-02,Regressão Logística,0.0123307257969,1
2019-09-03,Regressão Logística,-0.0390259017739,1
2019-09-04,Regressão Logística,-0.0181085659603,1
2019-09-05,Regressão Logística,-0.079312492095,1
2019-09-06,Regressão Logística,-0.0403988868602,1
2019-09-09,Regressão Logística,-0.0526354515503,1
2019-09-10,Regressão Logística,-0.0173461421054,1
2019-09-11,Regressão Logística,0.0201924974697,1
2019-09-12,Regressão Logística,-0.132456702989,1
2019-09-13,Regressão Logística,-0.0227048473104,1
2019-09-16,Regressão Logística,0.0351769019639,1
2019-09-17,Regressão Logística,0.00237337395107,1
2019-09-18,Regressão Logística,0.0208466863134,1
2019-09-19,Regressão Logística,-0.0490906033023,1
2019-09-20,Regressão Logística,-0.0301589306012,1
2019-09-23,Regressão Logística,0.0539844693344,1
2019-09-24,Regressão Logística,0.0352866867885,1
2019-09-25,Regressão Logística,0.0119140400256,1
2019-09-26,Regressão Logística,-0.00965085202939,1
2019-09-27,Regressão Logística,0.0726272329988,1
2019-09-30,Regressão Logística,0.0190518681195,1
2019-10-01,Regressão Logística,-0.0931967173839,1
2019-10-02,Regressão Logística,0.0387512225272,1
2019-10-03,Regressão Logística,-0.0670625940634,1
2019-10-04,Regressão Logística,-0.0286067646393,1
2019-10-07,Regressão Logística,0.00292399485416,1
2019-10-08,Regressão Logística,-0.0490789330862,1
2019-10-09,Regressão Logística,-0.0675379498523,1
2019-10-10,Regressão Logística,-0.0768782917612,1
2019-10-11,Regressão Logística,-0.0902014821723,1
2019-10-14,Regressão Logística,-0.0281094263203,1
2019-10-15,Regressão Logística,-0.0650162550103,1
2019-10-16,Regressão Logística,0.0039006130669,1
2019-10-17,Regressão Logística,0.0744348734477,1
2019-10-18,Regressão Logística,0.0127567460343,1
2019-10-21,Regressão Logística,0.0478311510785,1
2019-10-22,Regressão Logística,0.0918800038336,1
2019-10-23,Regressão Logística,-0.0304411053108,1
2019-10-24,Regressão Logística,-0.068119674313,1
2019-10-25,Regressão Logística,0.0608567646901,1
2019-10-28,Regressão Logística,0.0436206447313,1
2019-10-29,Regressão Logística,-0.0269940833701,1
2019-10-30,Regressão Logística,0.0213254243049,1
2019-10-31,Regressão Logística,0.103528624857,1
2019-11-01,Regressão Logística,0.0596207086566,1
2019-11-04,Regressão Logística,-0.00350619257844,1
2019-11-05,Regressão Logística,0.070022015106,1
2019-11-06,Regressão Logística,0.0683904709537,1
2019-11-07,Regressão Logística,0.0197837093354,1
2019-11-08,Regressão Logística,-6.68680544773e-05,1
2019-11-11,Regressão Logística,0.074085496658,1
2019-11-12,Regressão Logística,0.0178764627827,1
2019-11-13,Regressão Logística,0.0460852892167,1
2019-11-14,Regressão Logística,0.0794272514578,1
2019-11-18,Regressão Logística,0.0332737729077,1
2019-11-19,Regressão Logística,0.186180389733,1
2019-11-21,Regressão Logística,-0.0231498980351,1
2019-11-22,Regressão Logística,0.0863564945802,1
2019-11-25,Regressão Logística,0.0432546566007,1
2019-11-26,Regressão Logística,0.0934781032633,1
2019-11-27,Regressão Logística,0.00367255211963,1
2019-11-28,Regressão Logística,-0.0372248110521,1
2019-11-29,Regressão Logística,0.0756206470762,1
2019-12-02,Regressão Logística,-0.00721630677317,1
2019-12-03,Regressão Logística,0.106004720249,1
2019-12-04,Regressão Logística,0.058739739105,1
2019-12-05,Regressão Logística,0.0263041235886,1
2019-12-06,Regressão Logística,0.0232671874099,1
2019-12-09,Regressão Logística,0.00906801305959,1
2019-12-10,Regressão Logística,-0.121967005208,1
2019-12-11,Regressão Logística,-0.0437196913008,1
2019-12-12,Regressão Logística,0.0206078868007,1
2019-12-13,Regressão Logística,-0.083995492516,1
2019-12-16,Regressão Logística,-0.0108646357696,1
2019-12-17,Regressão Logística,-0.00341730988584,1
2019-12-18,Regressão Logística,0.0278499289091,1
2019-12-19,Regressão Logística,0.015178204733,1
2019-12-20,Regressão Logística,-0.0244676838571,1
2019-12-23,Regressão Logística,0.062686697923,1
2019-12-26,Regressão Logística,0.0565857935853,1
2019-12-27,Regressão Logística,0.115443761726,1
2019-12-30,Regressão Logística,0.0685576287602,1
2020-01-02,Regressão Logística,0.146346405158,1
2020-01-03,Regressão Logística,-0.0195114846913,1
2020-01-06,Regressão Logística,-0.0128808387261,1
2020-01-07,Regressão Logística,0.0239536786241,1
2020-01-08,Regressão Logística,-0.0248982815353,1
2020-01-09,Regressão Logística,0.044437421489,1
2020-01-10,Regressão Logística,0.0386101124897,1
2020-01-13,Regressão Logística,0.0375895946303,1
2020-01-14,Regressão Logística,0.0384163068381,1
2020-01-15,Regressão Logística,-0.00577702570546,1
2020-01-16,Regressão Logística,0.0240920083207,1
2020-01-17,Regressão Logística,0.0306457249687,1
2020-01-20,Regressão Logística,0.0422332573592,1
2020-01-21,Regressão Logística,0.060334203618,1
2020-01-22,Regressão Logística,0.00171691334178,1
2020-01-23,Regressão Logística,-0.00858048250815,1
2020-01-24,Regressão Logística,0.00329295900212,1
2020-01-27,Regressão Logística,0.0614913402968,1
2020-01-28,Regressão Logística,-0.0261655059057,1
2020-01-29,Regressão Logística,0.0254608248858,1
2020-01-30,Regressão Logística,-0.0357019633697,1
2020-01-31,Regressão Logística,0.0618947743134,1
2020-02-03,Regressão Logística,-0.0182176335987,1
2020-02-04,Regressão Logística,0.00134224276142,1
2020-02-05,Regressão Logística,-0.0347272814654,1
2020-02-06,Regressão Logística,0.0215466732433,1
2020-02-07,Regressão Logística,0.138019362397,1
2020-02-10,Regressão Logística,0.0533161938934,1
2020-02-11,Regressão Logística,0.0885917192945,1
2020-02-12,Regressão Logística,0.157173041317,1
2020-02-13,Regressão Logística,0.110793367078,1
2020-02-14,Regressão Logística,0.0407545345227,1
2020-02-17,Regressão Logística,0.0340965450546,1
2020-02-18,Regressão Logística,0.0600294541188,1
2020-02-19,Regressão Logística,0.0864617252096,1
2020-02-20,Regressão Logística,0.0526144555044,1
2020-02-21,Regressão Logística,0.162313967629,1
2020-02-26,Regressão Logística,0.106824408684,1
2020-02-27,Regressão Logística,0.0812793556139,1
2020-02-28,Regressão Logística,0.0943398438371,1
2020-03-02,Regressão Logística,0.121203397353,1
2020-03-03,Regressão Logística,0.0559049035618,1
2020-03-04,Regressão Logística,0.147992052506,1
2020-03-05,Regressão Logística,0.0938566681842,1
2020-03-06,Regressão Logística,0.0486200705321,1
2020-03-09,Regressão Logística,0.11647085121,1
2020-03-10,Regressão Logística,0.1123510869,1
2020-03-11,Regressão Logística,0.029145660441,1
2020-03-12,Regressão Logística,0.0814015663767,1
2020-03-13,Regressão Logística,0.0649029320698,1
2020-03-16,Regressão Logística,0.075167994947,1
2020-03-17,Regressão Logística,0.0530837061427,1
2020-03-18,Regressão Logística,0.108982623354,1
2020-03-19,Regressão Logística,0.0428160231924,1
2020-03-20,Regressão Logística,0.113689059094,1
2020-03-23,Regressão Logística,0.0558288980917,1
2020-03-24,Regressão Logística,0.0715599925724,1
2020-03-25,Regressão Logística,0.0955185484029,1
2020-03-26,Regressão Logística,0.0191792327386,1
2020-03-27,Regressão Logística,0.0490237266074,1
2020-03-30,Regressão Logística,0.012862346179,1
2020-03-31,Regressão Logística,0.0487725467183,1
2020-04-01,Regressão Logística,0.0994914622152,1
2020-04-02,Regressão Logística,0.00942110773192,1
2020-04-03,Regressão Logística,0.132760749842,1
2020-04-06,Regressão Logística,0.059593664722,1
2020-04-07,Regressão Logística,0.0217063093494,1
2020-04-08,Regressão Logística,0.00691890451197,1
2020-04-09,Regressão Logística,0.0148083181202,1
2020-04-13,Regressão Logística,-0.0451059014678,1
2020-04-14,Regressão Logística,-0.0115251515043,1
2020-04-15,Regressão Logística,0.0280276955905,1
2020-04-16,Regressão Logística,-0.0701898441716,1
2020-04-17,Regressão Logística,0.0555254096473,1
2020-04-20,Regressão Logística,0.136400573439,1
2020-04-22,Regressão Logística,0.134331802568,1
2020-04-23,Regressão Logística,0.141966639124,1
2020-04-24,Regressão Logística,0.159486640473,1
2020-04-27,Regressão Logística,0.0817630858375,1
2020-04-28,Regressão Logística,0.0282532744129,1
2020-04-29,Regressão Logística,0.00196514029904,1
2020-04-30,Regressão Logística,0.0663419802435,1
2020-05-04,Regressão Logística,-0.0281683680805,1
2020-05-05,Regressão Logística,0.026390290648,1
2020-05-06,Regressão Logística,0.0486749278356,1
2020-05-07,Regressão Logística,0.111814616164,1
2020-05-08,Regressão Logística,0.0409212146496,1
2020-05-11,Regressão Logística,0.0337768895673,1
2020-05-12,Regressão Logística,0.0601505078488,1
2020-05-13,Regressão Logística,0.114001649293,1
2020-05-14,Regressão Logística,0.078818824035,1
2020-05-15,Regressão Logística,0.0924436915249,1
2020-05-18,Regressão Logística,0.071770440309,1
2020-05-19,Regressão Logística,0.0415601006555,1
2020-05-20,Regressão Logística,0.103512989513,1
2020-05-21,Regressão Logística,0.129332907489,1
2020-05-22,Regressão Logística,0.0768570547553,1
2020-05-25,Regressão Logística,-0.0227682237028,1
2020-05-26,Regressão Logística,0.0500250722499,1
2020-05-27,Regressão Logística,-0.0481287654635,1
2020-05-28,Regressão Logística,-0.0414803815655,1
2020-05-29,Regressão Logística,0.00058334407026,1
2020-06-01,Regressão Logística,0.0291505792791,1
2020-06-02,Regressão Logística,-0.0292048182597,1
2020-06-03,Regressão Logística,-0.0519494109553,1
2020-06-04,Regressão Logística,0.0256182990841,1
2020-06-05,Regressão Logística,-0.0117772056048,1
2020-06-08,Regressão Logística,0.0317569859587,1
2020-06-09,Regressão Logística,-0.028818582908,1
2020-06-10,Regressão Logística,-0.0208836377663,1
2020-06-12,Regressão Logística,0.0318568266228,1
2020-06-15,Regressão Logística,-0.0155947723065,1
2020-06-16,Regressão Logística,0.0331225517257,1
2020-06-17,Regressão Logística,0.0315581757133,1
2020-06-18,Regressão Logística,-0.0135999911228,1
2020-06-19,Regressão Logística,-0.0399795002701,1
2020-06-22,Regressão Logística,0.0213775787071,1
2020-06-23,Regressão Logística,0.0183650810604,1
2020-06-24,Regressão Logística,0.0548510630889,1
2020-06-25,Regressão Logística,0.0396201117221,1
2020-06-26,Regressão Logística,0.061535220869,1
2020-06-29,Regressão Logística,0.0502109358331,1
2020-06-30,Regressão Logística,0.0877443689038,1
2020-07-01,Regressão Logística,0.129399160997,1
2020-07-02,Regressão Logística,0.0447959719189,1
2020-07-03,Regressão Logística,0.0311689588566,1
2020-07-06,Regressão Logística,-0.0151257949432,1
2020-07-07,Regressão Logística,0.0962273575827,1
2020-07-08,Regressão Logística,0.0847085871401,1
2020-07-09,Regressão Logística,0.0623362556225,1
2020-07-10,Regressão Logística,0.0993541545839,1
2020-07-13,Regressão Logística,0.0218051714103,1
2020-07-14,Regressão Logística,0.06908687292,1
2020-07-15,Regressão Logística,0.00693816789574,1
2020-07-16,Regressão Logística,0.0259608546484,1
2020-07-17,Regressão Logística,0.0570363004837,1
2020-07-20,Regressão Logística,0.0940019361234,1
2020-07-21,Regressão Logística,0.0898644220499,1
2020-07-22,Regressão Logística,0.0228167040258,1
2020-07-23,Regressão Logística,5.42828762247e-05,1
2020-07-24,Regressão Logística,-0.109589303747,1
2020-07-27,Regressão Logística,-0.0509014615167,1
2020-07-28,Regressão Logística,-0.02058067124,1
2020-07-29,Regressão Logística,-0.0168752872465,1
2020-07-30,Regressão Logística,0.0401593198168,1
2020-07-31,Regressão Logística,0.0359774632515,1
2020-08-03,Regressão Logística,0.0220617250622,1
2020-08-04,Regressão Logística,0.0368768012155,1
2020-08-05,Regressão Logística,0.0621468646351,1
2020-08-06,Regressão Logística,-0.0567378055727,1
2020-08-07,Regressão Logística,0.00820481928591,1
2020-08-10,Regressão Logística,-0.00461805094701,1
2020-08-11,Regressão Logística,-0.044129395043,1
2020-08-12,Regressão Logística,0.0551098226768,1
2020-08-13,Regressão Logística,-0.0312782948711,1
2020-08-14,Regressão Logística,-0.0264515586069,1
2020-08-17,Regressão Logística,0.100845161897,1
2020-08-18,Regressão Logística,0.0630745218966,1
2020-08-19,Regressão Logística,0.0796367340251,1
2020-08-20,Regressão Logística,0.0694119840504,1
2020-08-21,Regressão Logística,-0.0122282882494,1
2020-08-24,Regressão Logística,-0.0243532564241,1
2020-08-25,Regressão Logística,0.0880128447009,1
2020-08-26,Regressão Logística,0.0817009288214,1
2020-08-27,Regressão Logística,0.0573322939582,1
2020-08-28,Regressão Logística,-0.0099398433909,1
2020-08-31,Regressão Logística,-0.0322769272927,1
2020-09-01,Regressão Logística,0.0539645496692,1
2020-09-02,Regressão Logística,0.0265746707827,1
2020-09-03,Regressão Logística,0.0191392182043,1
2020-09-04,Regressão Logística,-0.0146397327833,1
2020-09-08,Regressão Logística,0.104399770127,1
2020-09-09,Regressão Logística,-0.0356635322092,1
2020-09-10,Regressão Logística,0.0772618270458,1
2020-09-11,Regressão Logística,-0.0101571345052,1
2020-09-14,Regressão Logística,-0.0593303791195,1
2020-09-15,Regressão Logística,0.0715534958121,1
2020-09-16,Regressão Logística,-0.00699604401794,1
2020-09-17,Regressão Logística,0.0785294783916,1
2020-09-18,Regressão Logística,0.168557698471,1
2020-09-21,Regressão Logística,0.0116046753696,1
2020-09-22,Regressão Logística,-0.0193704259426,1
2020-09-23,Regressão Logística,0.0471638274816,1
2020-09-24,Regressão Logística,0.0114442942649,1
2020-09-25,Regressão Logística,-0.0251864149652,1
2020-09-28,Regressão Logística,-0.00561921100766,1
2020-09-29,Regressão Logística,0.0229215566909,1
2020-09-30,Regressão Logística,0.0498637781444,1
2020-10-01,Regressão Logística,0.00697683796688,1
2020-10-02,Regressão Logística,0.0445348939947,1
2020-10-05,Regressão Logística,0.00268914948692,1
2020-10-06,Regressão Logística,0.0625861986138,1
2020-10-07,Regressão Logística,-0.0303592385219,1
2020-10-08,Regressão Logística,0.0696698715252,1
2020-10-09,Regressão Logística,-0.0114710542092,1
2020-10-13,Regressão Logística,0.0246858618901,1
2020-10-14,Regressão Logística,0.0330456341584,1
2020-10-15,Regressão Logística,0.0946418888786,1
2020-10-19,Regressão Logística,0.0543352070932,1
2020-10-21,Regressão Logística,-0.0501901673584,1
2020-10-22,Regressão Logística,0.0160064192692,1
2020-10-23,Regressão Logística,0.0195718241111,1
2020-10-26,Regressão Logística,0.0308806815121,1
2020-10-27,Regressão Logística,0.0388473170174,1
2020-10-28,Regressão Logística,0.132456247757,1
2020-10-29,Regressão Logística,-0.00302204640168,1
2020-10-30,Regressão Logística,0.0363379287366,1
2020-11-03,Regressão Logística,0.0523917057674,1
2020-11-04,Regressão Logística,-0.033002595884,1
2020-11-05,Regressão Logística,-0.0888086760031,1
2020-11-06,Regressão Logística,-0.00249712499601,1
2020-11-09,Regressão Logística,-0.00854587339523,1
2020-11-10,Regressão Logística,0.0140319856791,1
2020-11-11,Regressão Logística,0.0504324516524,1
2020-11-13,Regressão Logística,-0.0258483372659,1
2020-11-16,Regressão Logística,-0.0198194372001,1
2020-11-17,Regressão Logística,0.0369110420569,1
2020-11-18,Regressão Logística,-0.00110088844985,1
2020-11-19,Regressão Logística,0.056279920741,1
2020-11-23,Regressão Logística,-0.0489031777526,1
2020-11-24,Regressão Logística,-0.0381587963057,1
2020-11-25,Regressão Logística,0.076932539887,1
2020-11-26,Regressão Logística,0.00469448645484,1
2020-11-27,Regressão Logística,0.0534365770173,1
2020-11-30,Regressão Logística,0.113291699392,1
2020-12-01,Regressão Logística,0.0076606804273,1
2020-12-02,Regressão Logística,-0.0251019332619,1
2020-12-03,Regressão Logística,-0.0590949792851,1
2020-12-04,Regressão Logística,-0.00342018952254,1
2020-12-07,Regressão Logística,-0.00976305666585,1
2020-12-08,Regressão Logística,0.0258103654023,1
2020-12-09,Regressão Logística,-0.0847969043784,1
2020-12-10,Regressão Logística,0.0424717601779,1
2020-12-11,Regressão Logística,-0.0183920838003,1
2020-12-14,Regressão Logística,0.0144206033543,1
2020-12-15,Regressão Logística,-0.00169204511513,1
2020-12-16,Regressão Logística,0.0134016507726,1
2020-12-17,Regressão Logística,0.0450757940386,1
2020-12-18,Regressão Logística,0.0481582150026,1
2020-12-21,Regressão Logística,0.126398080554,1
2020-12-22,Regressão Logística,0.0764812551799,1
2020-12-23,Regressão Logística,0.0366426246147,1
2020-12-28,Regressão Logística,0.0889039748136,1
2020-12-29,Regressão Logística,0.0974141282643,1
2020-12-30,Regressão Logística,0.0918700984768,1
2021-01-04,Regressão Logística,0.0756366460193,1
2021-01-05,Regressão Logística,0.105269026099,1
2021-01-06,Regressão Logística,0.0350311806016,1
2021-01-07,Regressão Logística,0.0916713347,1
2021-01-08,Regressão Logística,-0.00174312322222,1
2021-01-11,Regressão Logística,0.00593433867365,1
2021-01-12,Regressão Logística,0.0116174330607,1
2021-01-13,Regressão Logística,0.0014888325851,1
2021-01-14,Regressão Logística,-0.0169087890736,1
2021-01-15,Regressão Logística,-0.00307126009091,1
2021-01-18,Regressão Logística,-0.0151872330457,1
2021-01-19,Regressão Logística,0.0135716659439,1
2021-01-20,Regressão Logística,0.0583760192483,1
2021-01-21,Regressão Logística,0.0691993057608,1
2021-01-22,Regressão Logística,0.0107176634943,1
2021-01-26,Regressão Logística,0.0585756662056,1
2021-01-27,Regressão Logística,0.00557727960386,1
2021-01-28,Regressão Logística,0.112504499916,1
2021-01-29,Regressão Logística,0.0532213694969,1
2021-02-01,Regressão Logística,-0.0135983999112,1
2021-02-02,Regressão Logística,0.0919456498963,1
2021-02-03,Regressão Logística,0.0278974334311,1
2021-02-04,Regressão Logística,0.113124185149,1
2021-02-05,Regressão Logística,0.0435949166449,1
2021-02-08,Regressão Logística,0.0384122080539,1
2021-02-09,Regressão Logística,0.042936960386,1
2021-02-10,Regressão Logística,0.0211037845637,1
2021-02-11,Regressão Logística,0.0618791270921,1
2021-02-12,Regressão Logística,0.0846105292435,1
2021-02-17,Regressão Logística,0.126668371327,1
2021-02-18,Regressão Logística,0.00321173501283,1
2021-02-19,Regressão Logística,-0.0565473638348,1
2021-02-22,Regressão Logística,-0.000630785459558,1
2021-02-23,Regressão Logística,0.086724558017,1
2021-02-24,Regressão Logística,-0.0114792540401,1
2021-02-25,Regressão Logística,-0.014523792682,1
2021-02-26,Regressão Logística,0.0482822630998,1
2021-03-01,Regressão Logística,0.0209536748388,1
2021-03-02,Regressão Logística,0.0791055476384,1
2021-03-03,Regressão Logística,0.0546996475114,1
2021-03-04,Regressão Logística,0.0505262438716,1
2021-03-05,Regressão Logística,0.087256988814,2
2021-03-08,Regressão Logística,0.0115933956893,2
2021-03-09,Regressão Logística,-0.0199078123463,2
2021-03-10,Regressão Logística,-0.0199110848349,2
2021-03-11,Regressão Logística,-0.0547482969607,2
2021-03-12,Regressão Logística,0.135303553926,2
2021-03-15,Regressão Logística,0.0296410603276,2
2021-03-16,Regressão Logística,0.0162660831046,2
2021-03-17,Regressão Logística,-0.0190843927964,2
2021-03-18,Regressão Logística,0.123044392743,2
2021-03-19,Regressão Logística,0.034555120724,2
2021-03-22,Regressão Logística,0.143436438237,2
2021-03-23,Regressão Logística,0.108386444479,2
2021-03-24,Regressão Logística,0.104287910116,2
2021-03-25,Regressão Logística,0.0113185548385,2
2021-03-26,Regressão Logística,0.0388135251453,2
2021-03-29,Regressão Logística,0.131489988797,2
2021-03-30,Regressão Logística,0.0847111786836,2
2021-03-31,Regressão Logística,0.13040913429,2
2021-04-01,Regressão Logística,0.00386579740924,2
2021-04-05,Regressão Logística,-0.00942626507229,2
2021-04-06,Regressão Logística,-0.0113760266503,2
2021-04-07,Regressão Logística,0.070547846533,2
2021-04-08,Regressão Logística,0.0135576080998,2
2021-04-09,Regressão Logística,-0.0303066281722,2
2021-04-12,Regressão Logística,-0.0726187014844,2
2021-04-13,Regressão Logística,0.144377274474,2
2021-04-14,Regressão Logística,-0.00627253086151,2
2021-04-15,Regressão Logística,-0.0397849968891,2
2021-04-16,Regressão Logística,-0.0197920083001,2
2021-04-19,Regressão Logística,-0.00707014910782,2
2021-04-20,Regressão Logística,0.0296379150695,2
2021-04-22,Regressão Logística,-0.0513454817719,2
2021-04-23,Regressão Logística,-0.0317185605575,2
2021-04-26,Regressão Logística,-0.116507479471,2
2021-04-27,Regressão Logística,-0.0435473189125,2
2021-04-28,Regressão Logística,0.0317075117947,2
2021-04-29,Regressão Logística,-0.0354063865867,2
2021-04-30,Regressão Logística,0.0352031738984,2
2021-05-03,Regressão Logística,-0.0562209791989,2
2021-05-04,Regressão Logística,0.0179336462933,2
2021-05-05,Regressão Logística,0.0102641171369,2
2021-05-06,Regressão Logística,-0.064609615787,2
2021-05-07,Regressão Logística,-0.0265021980578,2
2021-05-10,Regressão Logística,0.0455318567119,2
2021-05-11,Regressão Logística,-0.0021940072753,2
2021-05-12,Regressão Logística,-0.0197545312224,2
2021-05-13,Regressão Logística,-0.137934560905,2
2021-05-14,Regressão Logística,-0.0353461442986,2
2021-05-17,Regressão Logística,-0.00770487760149,2
2021-05-18,Regressão Logística,-0.0655761911965,2
2021-05-19,Regressão Logística,-0.0280596149947,2
2021-05-20,Regressão Logística,-0.00379849353561,2
2021-05-21,Regressão Logística,0.0061644805482,2
2021-05-24,Regressão Logística,-0.00383174795426,2
2021-05-25,Regressão Logística,0.0215124595898,2
2021-05-26,Regressão Logística,-0.0682520658202,2
2021-05-27,Regressão Logística,0.0153670368057,2
2021-05-28,Regressão Logística,0.0221181413235,2
2021-05-31,Regressão Logística,0.00216682753244,2
2021-06-01,Regressão Logística,0.125163575619,2
2021-06-02,Regressão Logística,0.110886778253,2
2021-06-04,Regressão Logística,-0.0893770008357,2
2021-06-07,Regressão Logística,0.00224138691352,2
2021-06-08,Regressão Logística,0.00243970188886,2
2021-06-09,Regressão Logística,0.00387107272828,2
2021-06-10,Regressão Logística,0.0147107689885,2
2021-06-11,Regressão Logística,-0.0284356711516,2
2021-06-14,Regressão Logística,-0.0392112511168,2
2021-06-15,Regressão Logística,-0.00999830962535,2
2021-06-16,Regressão Logística,0.00423853907783,2
2021-06-17,Regressão Logística,0.0161311983039,2
2021-06-18,Regressão Logística,-0.0758536596182,2
2021-06-21,Regressão Logística,-0.0202221004764,2
2021-06-22,Regressão Logística,0.044279095161,2
2021-06-23,Regressão Logística,0.0158175398634,2
2021-06-24,Regressão Logística,-0.0459564889886,2
2021-06-25,Regressão Logística,0.00998182866933,2
2021-06-28,Regressão Logística,-0.00701891449973,2
2021-06-29,Regressão Logística,-0.0367144907754,2
2021-06-30,Regressão Logística,0.00869008286283,2
2021-07-01,Regressão Logística,0.0713623063229,2
2021-07-02,Regressão Logística,0.0196915793099,2
2021-07-05,Regressão Logística,0.0334132551133,2
2021-07-06,Regressão Logística,0.0465314696022,2
2021-07-07,Regressão Logística,0.0102211349929,2
2021-07-08,Regressão Logística,0.22176816504,2
2021-07-12,Regressão Logística,0.0130126682438,2
2021-07-13,Regressão Logística,-0.0903520831056,2
2021-07-14,Regressão Logística,-0.00660768695716,2
2021-07-15,Regressão Logística,-0.0574766187591,2
2021-07-16,Regressão Logística,-0.0285134333756,2
2021-07-19,Regressão Logística,0.11439074488,2
2021-07-20,Regressão Logística,-0.0518670000868,2
2021-07-21,Regressão Logística,-0.0418771168315,2
2021-07-22,Regressão Logística,-0.0319129932262,2
2021-07-23,Regressão Logística,0.0567372019985,2
2021-07-26,Regressão Logística,0.0320065935605,2
2021-07-27,Regressão Logística,0.010873362224,2
2021-07-28,Regressão Logística,-0.0617976781994,2
2021-07-29,Regressão Logística,-0.0285211720135,2
2021-07-30,Regressão Logística,0.0348072286133,2
2021-08-02,Regressão Logística,-0.0332068210372,2
2021-08-03,Regressão Logística,0.0971357195448,2
2021-08-04,Regressão Logística,-0.00362284115579,2
2021-08-05,Regressão Logística,-0.00106290729488,2
2021-08-06,Regressão Logística,0.0158705376263,2
2021-08-09,Regressão Logística,0.0831123958873,2
2021-08-10,Regressão Logística,0.0199848090397,2
2021-08-11,Regressão Logística,0.0204504540583,2
2021-08-12,Regressão Logística,0.0324901553117,2
2021-08-13,Regressão Logística,0.0614186887583,2
2021-08-16,Regressão Logística,0.162328449735,2
2021-08-17,Regressão Logística,0.116226129396,2
2021-08-18,Regressão Logística,0.0432874026561,2
2021-08-19,Regressão Logística,0.00045059446804,2
2021-08-20,Regressão Logística,-0.0318390204484,2
2021-08-23,Regressão Logística,-0.000970953158347,2
2021-08-24,Regressão Logística,0.00747607255993,2
2021-08-25,Regressão Logística,-0.030905473694,2
2021-08-26,Regressão Logística,0.00644373069137,2
2021-08-27,Regressão Logística,-0.0289134110463,2
2021-08-30,Regressão Logística,0.0300202221357,2
2021-08-31,Regressão Logística,0.0399751710102,2
2021-09-01,Regressão Logística,0.00911276962236,2
2021-09-02,Regressão Logística,-0.0322097512429,2
2021-09-03,Regressão Logística,-0.0259890606088,2
2021-09-06,Regressão Logística,0.0291082554102,2
2021-09-08,Regressão Logística,0.0620904783224,2
2021-09-09,Regressão Logística,0.0735773657944,2
2021-09-10,Regressão Logística,0.0135741121361,2
2021-09-13,Regressão Logística,0.0180739106483,2
2021-09-14,Regressão Logística,-0.0410866070009,2
2021-09-15,Regressão Logística,0.0580850485754,2
2021-09-16,Regressão Logística,0.0590813472669,2
2021-09-17,Regressão Logística,0.0471824689865,2
2021-09-20,Regressão Logística,0.0216180227589,2
2021-09-21,Regressão Logística,0.0107141390906,2
2021-09-22,Regressão Logística,-0.0775957678525,2
2021-09-23,Regressão Logística,-0.0397068085447,2
2021-09-24,Regressão Logística,0.000959099696916,2
2021-09-27,Regressão Logística,0.0833581565356,2
2021-09-28,Regressão Logística,0.0345054034076,2
2021-09-29,Regressão Logística,0.00230636597685,2
2021-09-30,Regressão Logística,0.0439640602456,2
2021-10-01,Regressão Logística,0.0517896588613,2
2021-10-04,Regressão Logística,0.0241491166779,2
2021-10-05,Regressão Logística,-0.0685367224826,2
2021-10-06,Regressão Logística,0.0103233671606,2
2021-10-07,Regressão Logística,-0.0812607748292,2
2021-10-08,Regressão Logística,-0.0742282195659,2
2021-10-11,Regressão Logística,-0.00910252051448,2
2021-10-13,Regressão Logística,0.0696135542601,2
2021-10-14,Regressão Logística,0.165424227576,2
2021-10-15,Regressão Logística,-0.0348723159267,2
2021-10-18,Regressão Logística,0.0192259004261,2
2021-10-19,Regressão Logística,-0.0319906324181,2
2021-10-20,Regressão Logística,-0.0431894327278,2
2021-10-21,Regressão Logística,0.00492792543534,2
2021-10-22,Regressão Logística,-0.0577132280497,2
2021-10-25,Regressão Logística,-0.0667304596217,2
2021-10-26,Regressão Logística,-0.0693794663445,2
2021-10-27,Regressão Logística,0.0414434651475,2
2021-10-28,Regressão Logística,0.0901252650204,2
2021-10-29,Regressão Logística,0.0658247305514,2
2021-11-01,Regressão Logística,0.0731420151502,2
2021-11-03,Regressão Logística,0.0145550318986,2
2021-11-04,Regressão Logística,0.0826358195322,2
2021-11-05,Regressão Logística,-0.00242946383499,2
2021-11-08,Regressão Logística,0.0851724676499,2
2021-11-09,Regressão Logística,0.00958313072058,2
2021-11-10,Regressão Logística,0.058875976669,2
2021-11-11,Regressão Logística,0.0256873949578,2
2021-11-12,Regressão Logística,0.0317913242259,2
2021-11-16,Regressão Logística,0.0477530593343,2
2021-11-17,Regressão Logística,0.0312107332545,2
2021-11-18,Regressão Logística,0.0527352527508,2
2021-11-19,Regressão Logística,-0.0310207039893,2
2021-11-22,Regressão Logística,-0.00796777850169,2
2021-11-23,Regressão Logística,0.0453716360953,2
2021-11-24,Regressão Logística,-0.00983821103813,2
2021-11-25,Regressão Logística,-0.0640292734408,2
2021-11-26,Regressão Logística,0.124541476843,2
2021-11-29,Regressão Logística,0.0444997253179,2
2021-11-30,Regressão Logística,0.0607298736915,2
2021-12-01,Regressão Logística,0.0548528992455,2
2021-12-02,Regressão Logística,0.0202673458778,2
2021-12-03,Regressão Logística,0.0193252307949,2
2021-12-06,Regressão Logística,-0.0251496015306,2
2021-12-07,Regressão Logística,-0.00749645963918,2
2021-12-08,Regressão Logística,0.00412274098634,2
2021-12-09,Regressão Logística,0.00948934255227,2
2021-12-10,Regressão Logística,0.0358718527867,2
2021-12-13,Regressão Logística,0.0550090924773,2
2021-12-14,Regressão Logística,0.0586404814053,2
2021-12-15,Regressão Logística,-0.0812234856573,2
2021-12-16,Regressão Logística,0.0879739639201,2
2021-12-17,Regressão Logística,0.0129298411341,2
2021-12-20,Regressão Logística,0.0730254252285,2
2021-12-21,Regressão Logística,0.0128047181201,2
2021-12-22,Regressão Logística,-0.0140196557349,2
2021-12-23,Regressão Logística,0.0307762885062,2
2021-12-27,Regressão Logística,-0.00199325878802,2
2021-12-28,Regressão Logística,0.0409071088559,2
2021-12-29,Regressão Logística,-0.00971107465566,2
2021-12-30,Regressão Logística,0.0814673892638,2
2022-01-03,Regressão Logística,0.0410974772329,2
2022-01-04,Regressão Logística,-0.0343364896132,2
2022-01-05,Regressão Logística,0.0281841837056,2
2022-01-06,Regressão Logística,0.0358097849185,2
2022-01-07,Regressão Logística,0.0199854366451,2
2022-01-10,Regressão Logística,0.0856902331996,2
2022-01-11,Regressão Logística,-0.0257896767855,2
2022-01-12,Regressão Logística,-0.0226467372614,2
2022-01-13,Regressão Logística,-0.00280166955667,2
2022-01-14,Regressão Logística,-0.0941602258419,2
2022-01-17,Regressão Logística,0.00999515453763,2
2022-01-18,Regressão Logística,0.114569475591,2
2022-01-19,Regressão Logística,-0.00788297622554,2
2022-01-20,Regressão Logística,-0.0637265380792,2
2022-01-21,Regressão Logística,0.0259801368369,2
2022-01-24,Regressão Logística,0.0892531402575,2
2022-01-25,Regressão Logística,-0.0713344340655,2
2022-01-26,Regressão Logística,-0.00645383362217,2
2022-01-27,Regressão Logística,-0.0465690720188,2
2022-01-28,Regressão Logística,-0.0870367353421,2
2022-01-31,Regressão Logística,0.0387979103749,2
2022-02-01,Regressão Logística,0.0461355859269,2
2022-02-02,Regressão Logística,-0.000311057392732,2
2022-02-03,Regressão Logística,0.0631259750787,2
2022-02-04,Regressão Logística,0.0297114433898,2
2022-02-07,Regressão Logística,-0.0159823454976,2
2022-02-08,Regressão Logística,-0.000432662521308,2
2022-02-09,Regressão Logística,0.0622792567574,2
2022-02-10,Regressão Logística,-0.0057439555832,2
2022-02-11,Regressão Logística,-0.044264357677,2
2022-02-14,Regressão Logística,-0.00447585158463,2
2022-02-15,Regressão Logística,-0.116890511034,2
2022-02-16,Regressão Logística,-0.0701437594961,2
2022-02-17,Regressão Logística,0.0644024903019,2
2022-02-18,Regressão Logística,0.0223022726137,2
2022-02-21,Regressão Logística,-0.0193310352572,2
2022-02-22,Regressão Logística,-0.0650443917908,2
2022-02-23,Regressão Logística,-0.0040655419827,2
2022-02-24,Regressão Logística,0.0401658838392,2
2022-02-25,Regressão Logística,0.099485360308,2
2022-03-02,Regressão Logística,0.0238786482474,2
2022-03-03,Regressão Logística,0.0427109367931,2
2022-03-04,Regressão Logística,0.067673980909,2
2022-03-07,Regressão Logística,-0.0335748843024,2
2022-03-08,Regressão Logística,0.0403421840442,2
2022-03-09,Regressão Logística,0.0712303574368,2
2022-03-10,Regressão Logística,-0.00577408715077,2
2022-03-11,Regressão Logística,0.0340537616063,2
2022-03-14,Regressão Logística,0.0795602462061,2
2022-03-15,Regressão Logística,0.0629325627935,2
2022-03-16,Regressão Logística,-0.127076772145,2
2022-03-17,Regressão Logística,-0.0127428241841,2
2022-03-18,Regressão Logística,-0.0971728634624,2
2022-03-21,Regressão Logística,0.0183531160278,2
2022-03-22,Regressão Logística,0.0781971827542,2
2022-03-23,Regressão Logística,-0.0396697985145,2
2022-03-24,Regressão Logística,-0.111580285909,2
2022-03-25,Regressão Logística,-0.038722178511,2
2022-03-28,Regressão Logística,0.002047165341,2
2022-03-29,Regressão Logística,-0.0274759105365,2
2022-03-30,Regressão Logística,0.0319051754345,2
2022-03-31,Regressão Logística,0.0230670100034,2
2022-04-01,Regressão Logística,0.00537180288814,2
2022-04-04,Regressão Logística,-0.0104210983106,2
2022-04-05,Regressão Logística,0.015086369835,2
2022-04-06,Regressão Logística,0.101436511092,2
2022-04-07,Regressão Logística,-0.028265522967,2
2022-04-08,Regressão Logística,-0.00956490748245,2
2022-04-11,Regressão Logística,0.0499671227286,2
2022-04-12,Regressão Logística,-0.00463957126624,2
2022-04-13,Regressão Logística,-0.0185555499964,2
2022-04-14,Regressão Logística,-0.000647875574736,2
2022-04-18,Regressão Logística,0.0643100155557,2
2022-04-19,Regressão Logística,0.0404568066462,2
2022-04-20,Regressão Logística,0.0218365051292,2
2022-04-22,Regressão Logística,0.0586000049018,2
2022-04-25,Regressão Logística,0.0453908004923,2
2022-04-26,Regressão Logística,0.0426859773206,2
2022-04-27,Regressão Logística,-0.0280624015639,2
2022-04-28,Regressão Logística,0.0130479898437,2
2022-04-29,Regressão Logística,-0.0112354415231,2
2022-05-02,Regressão Logística,0.029475661278,2
2022-05-03,Regressão Logística,-0.0616415202534,2
2022-05-04,Regressão Logística,-0.00258859227207,2
2022-05-05,Regressão Logística,-0.0488856290722,2
2022-05-06,Regressão Logística,-0.0889494295683,2
2022-05-09,Regressão Logística,0.0462853185621,2
2022-05-10,Regressão Logística,0.0466767071604,2
2022-05-11,Regressão Logística,0.024791327362,2
2022-05-12,Regressão Logística,-0.0147708999888,2
2022-05-13,Regressão Logística,-0.0931005353225,2
2022-05-16,Regressão Logística,-0.00700205260895,2
2022-05-17,Regressão Logística,-0.0394390674938,2
2022-05-18,Regressão Logística,0.113166668385,2
2022-05-19,Regressão Logística,-0.0467643512058,2
2022-05-20,Regressão Logística,-0.0400060178063,2
2022-05-23,Regressão Logística,-0.0147891490626,2
2022-05-24,Regressão Logística,-0.0365351555076,2
2022-05-25,Regressão Logística,-0.00373001007779,2
2022-05-26,Regressão Logística,-0.0317942505566,2
2022-05-27,Regressão Logística,-0.0881965888294,2
2022-05-30,Regressão Logística,-0.0478499869998,2
2022-05-31,Regressão Logística,-0.0232272486661,2
2022-06-01,Regressão Logística,0.0667347098556,2
2022-06-02,Regressão Logística,-0.00141152144808,2
2022-06-03,Regressão Logística,0.0012200242127,2
2022-06-06,Regressão Logística,0.0285656324543,2
2022-06-07,Regressão Logística,-0.0223657108562,2
2022-06-08,Regressão Logística,0.0186127458186,2
2022-06-09,Regressão Logística,0.0401938046229,2
2022-06-10,Regressão Logística,-0.0330827600772,2
2022-06-13,Regressão Logística,0.00345251613161,2
2022-06-14,Regressão Logística,-0.0410548488859,2
2022-06-15,Regressão Logística,-0.0226795499888,2
2022-06-17,Regressão Logística,0.112586778746,2
2022-06-20,Regressão Logística,-0.0397049555555,2
2022-06-21,Regressão Logística,-0.0486909950753,2
2022-06-22,Regressão Logística,-0.0282385415546,2
2022-06-23,Regressão Logística,0.0675960765474,2
2022-06-24,Regressão Logística,0.0131765870587,2
2022-06-27,Regressão Logística,-0.0803229638967,2
2022-06-28,Regressão Logística,0.0142538905378,2
2022-06-29,Regressão Logística,0.0119632932256,2
2022-06-30,Regressão Logística,0.0371441885962,2
2022-07-01,Regressão Logística,0.0813517989438,2
2022-07-04,Regressão Logística,-0.0304021426843,2
2022-07-05,Regressão Logística,0.0493576248019,2
2022-07-06,Regressão Logística,0.0666706216217,2
2022-07-07,Regressão Logística,0.0457998375772,2
2022-07-08,Regressão Logística,-0.0689292354731,2
2022-07-11,Regressão Logística,0.0539187767256,2
2022-07-12,Regressão Logística,0.0961816722633,2
2022-07-13,Regressão Logística,0.0398717276736,2
2022-07-14,Regressão Logística,0.0495246844978,2
2022-07-15,Regressão Logística,0.00901499150473,2
2022-07-18,Regressão Logística,-0.146064132492,2
2022-07-19,Regressão Logística,0.00137675366097,2
2022-07-20,Regressão Logística,0.0418454422943,2
2022-07-21,Regressão Logística,0.000532579522441,2
2022-07-22,Regressão Logística,-0.122076691702,2
2022-07-25,Regressão Logística,-0.0376178992608,2
2022-07-26,Regressão Logística,-0.030321046576,2
2022-07-27,Regressão Logística,-0.0145522443938,2
2022-07-28,Regressão Logística,-0.146166482603,2
2022-07-29,Regressão Logística,0.008326488532,2
2022-08-01,Regressão Logística,-0.0669932778567,2
2022-08-02,Regressão Logística,0.0873518789151,2
2022-08-03,Regressão Logística,0.0369416647032,2
2022-08-04,Regressão Logística,-0.0566922335061,2
2022-08-05,Regressão Logística,-0.0397818503604,2
2022-08-08,Regressão Logística,-0.0555375009457,2
2022-08-09,Regressão Logística,-0.0434127587288,2
2022-08-10,Regressão Logística,-0.0738416089623,2
2022-08-11,Regressão Logística,-0.0442741948407,2
2022-08-12,Regressão Logística,-0.0663015614228,2
2022-08-15,Regressão Logística,0.070321494815,2
2022-08-16,Regressão Logística,0.101682507451,2
2022-08-17,Regressão Logística,0.0051786949821,2
2022-08-18,Regressão Logística,-0.00476334014174,2
2022-08-19,Regressão Logística,0.0137690082116,2
2022-08-22,Regressão Logística,0.0489458973587,2
2022-08-23,Regressão Logística,0.000830657726114,2
2022-08-24,Regressão Logística,-0.029131040897,2
2022-08-25,Regressão Logística,0.0129632461525,2
2022-08-26,Regressão Logística,-0.000533665152372,2
2022-08-29,Regressão Logística,0.0746970045773,2
2022-08-30,Regressão Logística,-0.017873455297,2
2022-08-31,Regressão Logística,0.00952101621566,2
2022-09-01,Regressão Logística,0.0346749529831,2
2022-09-02,Regressão Logística,-0.0214849490693,2
2022-09-05,Regressão Logística,-0.0342151099288,2
2022-09-06,Regressão Logística,0.00286762159682,2
2022-09-08,Regressão Logística,-0.0351659268305,2
2022-09-09,Regressão Logística,-0.00733967493562,2
2022-09-12,Regressão Logística,-0.0554258814281,2
2022-09-13,Regressão Logística,-0.0403288544162,2
2022-09-14,Regressão Logística,0.0396835311793,2
2022-09-15,Regressão Logística,0.0416875778502,2
2022-09-16,Regressão Logística,-0.04392170348,2
2022-09-19,Regressão Logística,-0.0364151659853,2
2022-09-20,Regressão Logística,0.00991634821621,2
2022-09-21,Regressão Logística,-0.0100760369159,2
2022-09-22,Regressão Logística,0.0944045597364,3
2022-09-23,Regressão Logística,0.102247066819,3
2022-09-26,Regressão Logística,0.0227413760228,3
2022-09-27,Regressão Logística,-0.00797994183558,3
2022-09-28,Regressão Logística,0.153654976353,3
2022-09-29,Regressão Logística,-0.00439597884827,3
2022-09-30,Regressão Logística,0.122432004447,3
2022-10-03,Regressão Logística,0.0548998133676,3
2022-10-04,Regressão Logística,0.125287752037,3
2022-10-05,Regressão Logística,0.0209632237201,3
2022-10-06,Regressão Logística,-0.069751917145,3
2022-10-07,Regressão Logística,-0.118081356133,3
2022-10-10,Regressão Logística,0.044468726301,3
2022-10-11,Regressão Logística,0.0122861575177,3
2022-10-13,Regressão Logística,-0.0536933406299,3
2022-10-14,Regressão Logística,-0.0294663106837,3
2022-10-17,Regressão Logística,0.0205719991207,3
2022-10-18,Regressão Logística,-0.131875176025,3
2022-10-19,Regressão Logística,0.0656258212263,3
2022-10-20,Regressão Logística,0.0782519285565,3
2022-10-21,Regressão Logística,0.0525379430428,3
2022-10-24,Regressão Logística,-0.00627969212414,3
2022-10-25,Regressão Logística,-0.0153174671509,3
2022-10-26,Regressão Logística,-0.0170477976393,3
2022-10-27,Regressão Logística,0.0098121992625,3
2022-10-28,Regressão Logística,0.0969192475793,3
2022-10-31,Regressão Logística,0.0813376411456,3
2022-11-01,Regressão Logística,0.0108500827378,3
2022-11-03,Regressão Logística,0.103735316453,3
2022-11-04,Regressão Logística,-0.0344788269104,3
2022-11-07,Regressão Logística,0.0176513101566,3
2022-11-08,Regressão Logística,0.0200734809049,3
2022-11-09,Regressão Logística,0.0417072288204,3
2022-11-10,Regressão Logística,0.0112087548701,3
2022-11-11,Regressão Logística,-0.0501921924443,3
2022-11-14,Regressão Logística,0.0238300536305,3
2022-11-16,Regressão Logística,0.0505584473875,3
2022-11-17,Regressão Logística,-0.0187780472208,3
2022-11-18,Regressão Logística,-0.0744561001036,3
2022-11-21,Regressão Logística,-0.00688944618114,3
2022-11-22,Regressão Logística,-0.0418936069008,3
2022-11-23,Regressão Logística,0.0379134492193,3
2022-11-24,Regressão Logística,-0.0864570892808,3
2022-11-25,Regressão Logística,-0.0820414585615,3
2022-11-28,Regressão Logística,0.0189377290453,3
2022-11-29,Regressão Logística,0.0718134199193,3
2022-11-30,Regressão Logística,0.00337913098616,3
2022-12-01,Regressão Logística,0.0170786362042,3
2022-12-02,Regressão Logística,-0.022546301654,3
2022-12-05,Regressão Logística,-0.00100466512701,3
2022-12-06,Regressão Logística,0.0494188771102,3
2022-12-07,Regressão Logística,-0.00309654180828,3
2022-12-08,Regressão Logística,0.0422006120924,3
2022-12-09,Regressão Logística,0.023826595814,3
2022-12-12,Regressão Logística,0.085264377584,3
2022-12-13,Regressão Logística,0.0242915286806,3
2022-12-14,Regressão Logística,0.000976880668482,3
2022-12-15,Regressão Logística,-0.0327974164997,3
2022-12-16,Regressão Logística,0.0527665443173,3
2022-12-19,Regressão Logística,-0.0144104727698,3
2022-12-20,Regressão Logística,-0.0617923993536,3
2022-12-21,Regressão Logística,-0.0114831973632,3
2022-12-22,Regressão Logística,-0.0740761813078,3
2022-12-23,Regressão Logística,-0.136149157778,3
2022-12-26,Regressão Logística,-0.0295053561552,3
2022-12-27,Regressão Logística,-0.0391059153534,3
2022-12-28,Regressão Logística,-0.042593562711,3
2022-12-29,Regressão Logística,-0.00213010469425,3
2023-01-02,Regressão Logística,0.0768352639614,3
2023-01-03,Regressão Logística,0.0293689919001,3
2023-01-04,Regressão Logística,0.00728361356894,3
2023-01-05,Regressão Logística,-0.071935365683,3
2023-01-06,Regressão Logística,-0.100607972126,3
2023-01-09,Regressão Logística,0.0559545721813,3
2023-01-10,Regressão Logística,0.00145552324358,3
2023-01-11,Regressão Logística,-0.0218315478509,3
2023-01-12,Regressão Logística,-0.0308565744179,3
2023-01-13,Regressão Logística,-0.104027538427,3
2023-01-16,Regressão Logística,-0.141229778448,3
2023-01-17,Regressão Logística,-0.0714392011769,3
2023-01-18,Regressão Logística,-0.0611756542054,3
2023-01-19,Regressão Logística,-0.0595167325013,3
2023-01-20,Regressão Logística,-0.0970355548158,3
2023-01-23,Regressão Logística,-0.0229647515039,3
2023-01-24,Regressão Logística,-0.0495356303588,3
2023-01-25,Regressão Logística,0.0864521425534,3
2023-01-26,Regressão Logística,0.0293395353439,3
2023-01-27,Regressão Logística,-0.0997129782451,3
2023-01-30,Regressão Logística,-0.0939099444239,3
2023-01-31,Regressão Logística,-0.0828648234074,3
2023-02-01,Regressão Logística,-0.144089378488,3
2023-02-02,Regressão Logística,-0.0316370824463,3
2023-02-03,Regressão Logística,-0.101021120987,3
2023-02-06,Regressão Logística,-0.0336132884822,3
2023-02-07,Regressão Logística,0.0240905050212,3
2023-02-08,Regressão Logística,-0.0900300545769,3
2023-02-09,Regressão Logística,-0.0446251857126,3
2023-02-10,Regressão Logística,-0.103927527787,3
2023-02-13,Regressão Logística,-0.0222682476649,3
2023-02-14,Regressão Logística,0.0239312995801,3
2023-02-15,Regressão Logística,-0.0416630629414,3
2023-02-16,Regressão Logística,-0.0117368692663,3
2023-02-17,Regressão Logística,0.0116251472534,3
2023-02-22,Regressão Logística,0.132125807664,3
2023-02-23,Regressão Logística,0.0121147465491,3
2023-02-24,Regressão Logística,-0.0781676482411,3
2023-02-27,Regressão Logística,-0.190551603941,3
2023-02-28,Regressão Logística,-0.0602047812343,3
2023-03-01,Regressão Logística,-0.128569694174,3
2023-03-02,Regressão Logística,-0.145328993264,3
2023-03-03,Regressão Logística,-0.17937452619,3
2023-03-06,Regressão Logística,0.0026598833638,3
2023-03-07,Regressão Logística,-0.0301746279211,3
2023-03-08,Regressão Logística,0.0394246123282,3
2023-03-09,Regressão Logística,0.0258519830531,3
2023-03-10,Regressão Logística,-0.0753050136437,3
2023-03-13,Regressão Logística,0.0349079047876,3
2023-03-14,Regressão Logística,-0.152745506548,3
2023-03-15,Regressão Logística,0.0110530870479,3
2023-03-16,Regressão Logística,-0.0663250855223,3
2023-03-17,Regressão Logística,-0.0187712213891,3
2023-03-20,Regressão Logística,-0.100307855708,3
2023-03-21,Regressão Logística,-0.0536924726133,3
2023-03-24,Regressão Logística,-0.0801633213364,3
2023-03-27,Regressão Logística,-0.00738572959062,3
2023-03-28,Regressão Logística,-0.0369027119776,3
2023-03-29,Regressão Logística,-0.111903004133,3
2023-03-30,Regressão Logística,-0.0674956217152,3
2023-03-31,Regressão Logística,0.0469403549679,3
2023-04-03,Regressão Logística,0.0181603765408,3
2023-04-04,Regressão Logística,0.00203722212839,3
2023-04-05,Regressão Logística,-0.0191394809222,3
2023-04-06,Regressão Logística,-0.159342257787,3
2023-04-10,Regressão Logística,-0.0787468289425,3
2023-04-11,Regressão Logística,-0.110599180114,3
2023-04-12,Regressão Logística,-0.118345327211,3
2023-04-13,Regressão Logística,0.0743212805657,3
2023-04-14,Regressão Logística,-0.0554385547643,3
2023-04-17,Regressão Logística,-0.0533823901032,3
2023-04-18,Regressão Logística,-0.0418528843797,3
2023-04-19,Regressão Logística,0.0162090339514,3
2023-04-20,Regressão Logística,-0.05392770194,3
2023-04-24,Regressão Logística,-0.123735422868,3
2023-04-25,Regressão Logística,-0.0281160326176,3
2023-04-26,Regressão Logística,-0.0623306530775,3
2023-04-27,Regressão Logística,-0.0139162592592,3
2023-04-28,Regressão Logística,0.00656900105007,3
2023-05-02,Regressão Logística,0.0649467678299,3
2023-05-03,Regressão Logística,0.158966914197,3
2023-05-04,Regressão Logística,0.0264836502018,3
2023-05-05,Regressão Logística,-0.00831314720891,3
2023-05-08,Regressão Logística,-0.0885585589902,3
2023-05-09,Regressão Logística,-0.255991599925,3
2023-05-10,Regressão Logística,-0.0372014747306,3
2023-05-11,Regressão Logística,-0.196202345918,3
2023-05-12,Regressão Logística,-0.0879417010057,3
2023-05-15,Regressão Logística,0.0730313893356,3
2023-05-16,Regressão Logística,-0.0528949030124,3
2023-05-17,Regressão Logística,0.0339475873039,3
2023-05-18,Regressão Logística,0.0350718328893,3
2023-05-19,Regressão Logística,-0.0212441133253,3
2023-05-22,Regressão Logística,0.0114572894008,3
2023-05-23,Regressão Logística,0.0285998041568,3
2023-05-24,Regressão Logística,0.0691528753311,3
2023-05-25,Regressão Logística,-0.0864263393455,3
2023-05-26,Regressão Logística,-0.038876210761,3
2023-05-29,Regressão Logística,0.0219138418484,3
2023-05-30,Regressão Logística,-0.021812938918,3
2023-05-31,Regressão Logística,-0.0842790178654,3
2023-06-01,Regressão Logística,0.000961108656257,3
2023-06-02,Regressão Logística,-0.100930536045,3
2023-06-05,Regressão Logística,-0.0130824164599,3
2023-06-06,Regressão Logística,0.0957907086825,3
2023-06-07,Regressão Logística,0.0365601224109,3
2023-06-09,Regressão Logística,-0.058435592767,3
2023-06-12,Regressão Logística,-0.00802185806042,3
2023-06-13,Regressão Logística,-0.0637874393333,3
2023-06-14,Regressão Logística,-0.00411884461703,3
2023-06-15,Regressão Logística,-0.0571621632444,3
2023-06-16,Regressão Logística,-0.0801409230922,3
2023-06-19,Regressão Logística,-0.0236051915779,3
2023-06-20,Regressão Logística,0.0561435044573,3
2023-06-21,Regressão Logística,0.0956541631823,3
2023-06-22,Regressão Logística,0.013737763957,3
2023-06-23,Regressão Logística,0.0145419794414,3
2023-06-26,Regressão Logística,0.0304278906609,3
2023-06-27,Regressão Logística,0.0481770612961,3
2023-06-28,Regressão Logística,-0.0407429891004,3
2023-06-29,Regressão Logística,0.0964235983042,3
2023-06-30,Regressão Logística,0.0669760196463,3
2023-07-03,Regressão Logística,0.00515678606422,3
2023-07-04,Regressão Logística,-0.0208941777128,3
2023-07-05,Regressão Logística,-0.0442160860728,3
2023-07-06,Regressão Logística,-0.10240615638,3
2023-07-07,Regressão Logística,-0.231703572521,3
2023-07-10,Regressão Logística,-0.000882266512864,3
2023-07-11,Regressão Logística,0.0238165031814,3
2023-07-12,Regressão Logística,0.0550494495242,3
2023-07-13,Regressão Logística,-0.00911000278017,3
2023-07-14,Regressão Logística,0.146828366148,3
2023-07-17,Regressão Logística,0.0267515497086,3
2023-07-18,Regressão Logística,0.0234453148195,3
2023-07-19,Regressão Logística,-0.047557917636,3
2023-07-20,Regressão Logística,-0.0666498361088,3
2023-07-21,Regressão Logística,-0.0530264149376,3
2023-07-24,Regressão Logística,-0.173915781355,3
2023-07-25,Regressão Logística,-0.116284932366,3
2023-07-26,Regressão Logística,0.0147269069731,3
2023-07-27,Regressão Logística,0.0285979569828,3
2023-07-28,Regressão Logística,0.020168613141,3
2023-07-31,Regressão Logística,0.010169264589,3
2023-08-01,Regressão Logística,-0.000545672839503,3
2023-08-02,Regressão Logística,0.0909740229573,3
2023-08-03,Regressão Logística,0.134128183836,3
2023-08-04,Regressão Logística,0.0795931808044,3
2023-08-07,Regressão Logística,-0.00316690541355,3
2023-08-08,Regressão Logística,-0.0207792503299,3
2023-08-09,Regressão Logística,0.0023832971589,3
2023-08-10,Regressão Logística,-0.0167305024826,3
2023-08-11,Regressão Logística,0.0825936010179,3
2023-08-14,Regressão Logística,-0.0218895322633,3
2023-08-15,Regressão Logística,0.0408837910779,3
2023-08-16,Regressão Logística,0.08867385041,3
2023-08-17,Regressão Logística,0.146747717136,3
2023-08-18,Regressão Logística,-0.0500749019611,3
2023-08-21,Regressão Logística,0.00268798297273,3
2023-08-22,Regressão Logística,0.0124873151556,3
2023-08-23,Regressão Logística,-0.0397046690518,3
2023-08-24,Regressão Logística,-0.0316706830177,3
2023-08-25,Regressão Logística,-0.119503988763,3
2023-08-28,Regressão Logística,0.00317080114229,3
2023-08-29,Regressão Logística,0.0481117567634,3
2023-08-30,Regressão Logística,-0.0172817064879,3
2023-08-31,Regressão Logística,0.0184185852333,3
2023-09-01,Regressão Logística,-0.111273631516,3
2023-09-04,Regressão Logística,-0.0322369450962,3
2023-09-05,Regressão Logística,0.0985894478284,3
2023-09-06,Regressão Logística,0.0756186438722,3
2023-09-08,Regressão Logística,0.111092641371,3
2023-09-11,Regressão Logística,0.00585124139031,3
2023-09-12,Regressão Logística,-0.047537641254,3
2023-09-13,Regressão Logística,-0.0457134913949,3
2023-09-14,Regressão Logística,-0.0348950153607,3
2023-09-15,Regressão Logística,-0.0884568025602,3
2023-09-18,Regressão Logística,-0.0128019480419,3
2023-09-19,Regressão Logística,-0.0407106706713,3
2023-09-20,Regressão Logística,-0.0265838442793,3
2023-09-21,Regressão Logística,0.0857727619529,3
2023-09-22,Regressão Logística,-0.0228921195464,3
2023-09-25,Regressão Logística,0.11005359708,3
2023-09-26,Regressão Logística,0.17724823783,3
2023-09-27,Regressão Logística,0.204863320161,3
2023-09-28,Regressão Logística,0.091052837984,3
2023-09-29,Regressão Logística,-0.0171557099936,3
2023-10-02,Regressão Logística,0.123788119795,3
2023-10-03,Regressão Logística,0.0373384490307,3
2023-10-04,Regressão Logística,-0.141358450541,3
2023-10-05,Regressão Logística,0.0349771877142,3
2023-10-06,Regressão Logística,-0.00354214080244,3
2023-10-09,Regressão Logística,0.0232200935721,3
2023-10-10,Regressão Logística,0.0190215152487,3
2023-10-11,Regressão Logística,-0.268470538835,3
2023-10-13,Regressão Logística,0.0156140064431,3
2023-10-16,Regressão Logística,-0.0788504206644,3
2023-10-17,Regressão Logística,-0.125754635791,3
2023-10-18,Regressão Logística,-0.0266158990959,3
2023-10-19,Regressão Logística,0.00433188024699,3
2023-10-20,Regressão Logística,0.0559587752725,3
2023-10-23,Regressão Logística,-0.142666894081,3
2023-10-24,Regressão Logística,-0.113787316526,3
2023-10-25,Regressão Logística,0.134407405985,3
2023-10-26,Regressão Logística,-0.115576842474,3
2023-10-27,Regressão Logística,-0.058931773786,3
2023-10-30,Regressão Logística,0.11079614612,3
2023-10-31,Regressão Logística,0.11852833945,3
2023-11-01,Regressão Logística,0.0407865354902,3
2023-11-03,Regressão Logística,5.52030812049e-05,3
2023-11-06,Regressão Logística,0.0576264698158,3
2023-11-07,Regressão Logística,-0.0621052777742,3
2023-11-08,Regressão Logística,-0.0229943187791,3
2023-11-09,Regressão Logística,0.0299486931854,3
2023-11-10,Regressão Logística,-0.0291613714478,3
2023-11-13,Regressão Logística,0.0104539380664,3
2023-11-14,Regressão Logística,-0.131041014661,3
2023-11-16,Regressão Logística,-0.072872057383,3
2023-11-17,Regressão Logística,0.0342503673422,3
2023-11-20,Regressão Logística,-0.0273811332901,3
2023-11-21,Regressão Logística,-0.0153754796892,3
2023-11-22,Regressão Logística,-0.046467126903,3
2023-11-23,Regressão Logística,0.00971953512047,3
2023-11-24,Regressão Logística,-0.078147130542,3
2023-11-27,Regressão Logística,-0.079217118389,3
2023-11-28,Regressão Logística,-0.0805232651411,3
2023-11-29,Regressão Logística,-0.0423819021904,3
2023-11-30,Regressão Logística,0.152664415157,3
2023-12-01,Regressão Logística,0.0389791061236,3
2023-12-04,Regressão Logística,0.0446623160245,3
2023-12-05,Regressão Logística,0.0130542760414,3
2023-12-06,Regressão Logística,0.0367444840719,3
2023-12-07,Regressão Logística,-0.0768712541994,3
2023-12-08,Regressão Logística,-0.115642211827,3
2023-12-11,Regressão Logística,-0.162701475923,3
2023-12-12,Regressão Logística,0.120058222437,3
2023-12-13,Regressão Logística,-0.0191802024776,3
2023-12-14,Regressão Logística,0.0866878910459,3
2023-12-15,Regressão Logística,0.055208616112,3
2023-12-18,Regressão Logística,-0.0180789142724,3
2023-12-19,Regressão Logística,-0.0466948653437,3
2023-12-20,Regressão Logística,0.118578179524,3
2023-12-21,Regressão Logística,0.00444234095912,3
2023-12-22,Regressão Logística,-0.0475769719793,3
2023-12-26,Regressão Logística,0.0394845719655,3
2023-12-27,Regressão Logística,-0.0243790034695,3
2023-12-28,Regressão Logística,-0.00503698178267,3
2024-01-02,Regressão Logística,0.0718206314552,3
2024-01-03,Regressão Logística,0.146256743769,3
2024-01-04,Regressão Logística,0.0198463557505,3
2024-01-05,Regressão Logística,-0.0903966154454,3
2024-01-08,Regressão Logística,-0.0136018521263,3
2024-01-09,Regressão Logística,0.0995257515187,3
2024-01-10,Regressão Logística,-0.0201906569175,3
2024-01-11,Regressão Logística,-0.00236590189915,3
2024-01-12,Regressão Logística,-0.054596667566,3
2024-01-15,Regressão Logística,-0.0985164817964,3
2024-01-16,Regressão Logística,-0.124081112035,3
2024-01-17,Regressão Logística,0.0415204572185,3
2024-01-18,Regressão Logística,-0.0664348755178,3
2024-01-19,Regressão Logística,-0.185230062534,3
2024-01-22,Regressão Logística,0.0882817693071,3
2024-01-23,Regressão Logística,0.109115233525,3
2024-01-24,Regressão Logística,-0.0115923213629,3
2024-01-25,Regressão Logística,-0.0683379482426,3
2024-01-26,Regressão Logística,-0.0357922708641,3
2024-01-29,Regressão Logística,-0.0280053069947,3
2024-01-30,Regressão Logística,0.0382959971602,3
2024-01-31,Regressão Logística,0.0603315801794,3
2024-02-01,Regressão Logística,0.10540336931,3
2024-02-02,Regressão Logística,0.00960739683705,3
2024-02-05,Regressão Logística,-0.0940620517754,3
2024-02-06,Regressão Logística,-0.155471147439,3
2024-02-07,Regressão Logística,0.0705717193152,3
2024-02-08,Regressão Logística,-0.021451946421,3
2024-02-09,Regressão Logística,-0.216758075002,3
2024-02-14,Regressão Logística,-0.00947887944162,3
2024-02-15,Regressão Logística,-0.0172811175155,3
2024-02-16,Regressão Logística,-0.0398829630614,3
2024-02-19,Regressão Logística,-0.00925762239349,3
2024-02-20,Regressão Logística,-0.0814712369121,3
2024-02-21,Regressão Logística,0.0447441876835,3
2024-02-22,Regressão Logística,0.128243423488,3
2024-02-23,Regressão Logística,0.0750437329635,3
2024-02-26,Regressão Logística,-0.153969046791,3
2024-02-27,Regressão Logística,-0.0794162646584,3
2024-02-28,Regressão Logística,0.0433938136206,3
2024-02-29,Regressão Logística,-0.00423229859857,3
2024-03-01,Regressão Logística,-0.00796188061314,3
2024-03-04,Regressão Logística,-0.0916910018822,3
2024-03-05,Regressão Logística,-0.0251654374735,3
2024-03-06,Regressão Logística,-0.14590545309,3
2024-03-07,Regressão Logística,0.00452603456811,3
2024-03-08,Regressão Logística,-0.153980252646,3
2024-03-11,Regressão Logística,0.0208464130864,3
2024-03-12,Regressão Logística,-0.135306636107,3
2024-03-13,Regressão Logística,-0.139929746718,3
2024-03-14,Regressão Logística,0.00580516398086,3
2024-03-15,Regressão Logística,-0.103893775338,3
2024-03-18,Regressão Logística,0.0167985131528,3
2024-03-19,Regressão Logística,0.0508250187141,3
2024-03-20,Regressão Logística,-0.0743779022506,3
2024-03-21,Regressão Logística,-0.10449605242,3
2024-03-22,Regressão Logística,-0.0404950913642,3
2024-03-25,Regressão Logística,0.0976380697648,3
2024-03-26,Regressão Logística,0.00762439894844,3
2024-03-27,Regressão Logística,0.0486359570378,3
2024-03-28,Regressão Logística,0.0739509914819,3
2024-04-01,Regressão Logística,0.0230892268343,3
2024-04-02,Regressão Logística,0.133325704464,3
2024-04-03,Regressão Logística,-0.0362391278186,3
2024-04-04,Regressão Logística,-0.0718878374119,3
2024-04-05,Regressão Logística,-0.184924844344,3
2024-04-08,Regressão Logística,-0.0447267056088,3
2024-04-09,Regressão Logística,0.0257227819464,3
2024-04-10,Regressão Logística,-0.0235096587575,3
2024-04-11,Regressão Logística,-0.00798132191288,3
2024-04-12,Regressão Logística,-0.0637620287162,3
2024-04-15,Regressão Logística,0.0524641142799,3
2024-04-16,Regressão Logística,-0.0179663941688,3
2024-04-17,Regressão Logística,-0.0268743766776,3
2024-04-18,Regressão Logística,-0.0963084487411,4
2024-04-19,Regressão Logística,-0.0540271361642,4
2024-04-22,Regressão Logística,0.0508256765212,4
2024-04-23,Regressão Logística,-0.165391176144,4
2024-04-24,Regressão Logística,-0.0644571382069,4
2024-04-25,Regressão Logística,0.132436736452,4
2024-04-26,Regressão Logística,-0.143618929959,4
2024-04-29,Regressão Logística,-0.208526925406,4
2024-04-30,Regressão Logística,-0.0922946104205,4
2024-05-02,Regressão Logística,-0.0173824216469,4
2024-05-03,Regressão Logística,-0.119331024166,4
2024-05-06,Regressão Logística,-0.0857881111147,4
2024-05-07,Regressão Logística,-0.156315451218,4
2024-05-08,Regressão Logística,-0.0830257688339,4
2024-05-09,Regressão Logística,-0.141700746311,4
2024-05-10,Regressão Logística,-0.167224133392,4
2024-05-13,Regressão Logística,0.116768136194,4
2024-05-14,Regressão Logística,-0.0591284480732,4
2024-05-15,Regressão Logística,0.0825764772942,4
2024-05-16,Regressão Logística,-0.0413357947168,4
2024-05-17,Regressão Logística,-0.162475127998,4
2024-05-20,Regressão Logística,-0.0230839811563,4
2024-05-21,Regressão Logística,-0.138142998975,4
2024-05-22,Regressão Logística,-0.0411555434226,4
2024-05-23,Regressão Logística,-0.0545976478053,4
2024-05-24,Regressão Logística,-0.0255730932261,4
2024-05-27,Regressão Logística,0.0606155297277,4
2024-05-28,Regressão Logística,0.132007282669,4
2024-05-29,Regressão Logística,0.115355727019,4
2024-05-31,Regressão Logística,0.105161470498,4
2024-06-03,Regressão Logística,-0.0876678498204,4
2024-06-04,Regressão Logística,0.0678701637008,4
2024-06-05,Regressão Logística,0.0275242227348,4
2024-06-06,Regressão Logística,-0.00494087950937,4
2024-06-07,Regressão Logística,-0.0565630738735,4
2024-06-10,Regressão Logística,0.00411860137845,4
2024-06-11,Regressão Logística,-0.0736602929638,4
2024-06-12,Regressão Logística,0.0414869370168,4
2024-06-13,Regressão Logística,-0.0232066460096,4
2024-06-14,Regressão Logística,-0.0725917012408,4
2024-06-17,Regressão Logística,0.0451256810047,4
2024-06-18,Regressão Logística,-0.0278372226653,4
2024-06-19,Regressão Logística,-0.0512160014751,4
2024-06-20,Regressão Logística,-0.0597528295571,4
2024-06-21,Regressão Logística,0.162022448171,4
2024-06-24,Regressão Logística,-0.01151482081,4
2024-06-25,Regressão Logística,0.0278052779368,4
2024-06-26,Regressão Logística,0.212747922469,4
2024-06-27,Regressão Logística,-0.00939561478112,4
2024-06-28,Regressão Logística,0.0960830780882,4
2024-07-01,Regressão Logística,0.0454873600639,4
2024-07-02,Regressão Logística,0.0519224456255,4
2024-07-03,Regressão Logística,-0.0826206998352,4
2024-07-04,Regressão Logística,-0.0486178583672,4
2024-07-05,Regressão Logística,-0.207274952387,4
2024-07-08,Regressão Logística,0.0190596637277,4
2024-07-09,Regressão Logística,0.0682181181037,4
2024-07-10,Regressão Logística,0.159156984986,4
2024-07-11,Regressão Logística,-0.0760767142061,4
2024-07-12,Regressão Logística,-0.167614945878,4
2024-07-15,Regressão Logística,0.0353585058055,4
2024-07-16,Regressão Logística,-0.00508554978827,4
2024-07-17,Regressão Logística,0.15261024739,4
2024-07-18,Regressão Logística,0.104869058385,4
2024-07-19,Regressão Logística,-0.0871715471305,4
2024-07-22,Regressão Logística,-0.0176237992352,4
2024-07-23,Regressão Logística,0.0757031331278,4
2024-07-24,Regressão Logística,0.0545338803225,4
2024-07-25,Regressão Logística,0.0437405143126,4
2024-07-26,Regressão Logística,0.0660102283718,4
2024-07-29,Regressão Logística,-0.142100710784,4
2024-07-30,Regressão Logística,-0.208265148779,4
2024-07-31,Regressão Logística,0.0917075444962,4
2024-08-01,Regressão Logística,-0.111993436446,4
2024-08-02,Regressão Logística,-0.0211326006619,4
2024-08-05,Regressão Logística,-0.0814338862653,4
2024-08-06,Regressão Logística,0.00556117192855,4
2024-08-07,Regressão Logística,0.0637687107927,4
2024-08-08,Regressão Logística,-0.0784752336352,4
2024-08-09,Regressão Logística,-0.0790093528773,4
2024-08-12,Regressão Logística,-0.0197085729099,4
2024-08-13,Regressão Logística,0.0172108170622,4
2024-08-14,Regressão Logística,0.0495656768723,4
2024-08-15,Regressão Logística,-0.00138601612287,4
2024-08-16,Regressão Logística,-0.0233591517158,4
2024-08-19,Regressão Logística,-0.0494018557367,4
2024-08-20,Regressão Logística,0.0972326473492,4
2024-08-21,Regressão Logística,0.0695966890094,4
2024-08-22,Regressão Logística,0.150736300406,4
2024-08-23,Regressão Logística,-0.0424898326379,4
2024-08-26,Regressão Logística,-0.0504843850219,4
2024-08-27,Regressão Logística,-0.0168526860876,4
2024-08-28,Regressão Logística,-0.0239221942356,4
2024-08-29,Regressão Logística,0.090868688841,4
2024-08-30,Regressão Logística,0.0595684107734,4
2024-09-02,Regressão Logística,-0.0257071162072,4
2024-09-03,Regressão Logística,0.131578160878,4
2024-09-04,Regressão Logística,-0.00928897164948,4
2024-09-05,Regressão Logística,0.0416940474455,4
2024-09-06,Regressão Logística,-0.0773344900014,4
2024-09-09,Regressão Logística,-0.0182605392517,4
2024-09-10,Regressão Logística,0.00147327816342,4
2024-09-11,Regressão Logística,0.0125337696098,4
2024-09-12,Regressão Logística,-0.00331480992211,4
2024-09-13,Regressão Logística,-0.00394479579567,4
2024-09-16,Regressão Logística,-0.0762260824667,4
2024-09-17,Regressão Logística,-0.280712478918,4
2024-09-18,Regressão Logística,-0.190119538871,4
2024-09-19,Regressão Logística,-0.201718623905,4
2024-09-20,Regressão Logística,-0.0042306435751,4
2024-09-23,Regressão Logística,0.0398970315754,4
2024-09-24,Regressão Logística,-0.0336854794858,4
2024-09-25,Regressão Logística,-0.108631943385,4
2024-09-26,Regressão Logística,0.0266146611698,4
2024-09-27,Regressão Logística,-0.0630309841267,4
2024-09-30,Regressão Logística,-0.0804224801274,4
2024-10-01,Regressão Logística,-0.0633420368027,4
2024-10-02,Regressão Logística,0.00730469372729,4
2024-10-03,Regressão Logística,0.0789660260832,4
2024-10-04,Regressão Logística,-0.0714092396408,4
2024-10-07,Regressão Logística,0.0773605760179,4
2024-10-08,Regressão Logística,-0.0321096992237,4
2024-10-09,Regressão Logística,0.0449448260164,4
2024-10-10,Regressão Logística,0.0551720613708,4
2024-10-11,Regressão Logística,-0.0245137888369,4
2024-10-14,Regressão Logística,0.0896922752753,4
2024-10-15,Regressão Logística,0.0497949880389,4
2024-10-16,Regressão Logística,0.156354195352,4
2024-10-17,Regressão Logística,0.0723248769528,4
2024-10-18,Regressão Logística,0.0992859044699,4
2024-10-21,Regressão Logística,-0.0930779613407,4
2024-10-22,Regressão Logística,0.062861686646,4
2024-10-23,Regressão Logística,0.04545735894,4
2024-10-24,Regressão Logística,0.058270180561,4
2024-10-25,Regressão Logística,0.0905517407917,4
2024-10-28,Regressão Logística,0.00761064863532,4
2024-10-29,Regressão Logística,0.0543924300059,4
2024-10-30,Regressão Logística,0.0685278159273,4
2024-10-31,Regressão Logística,-0.0190750000084,4
2024-11-01,Regressão Logística,-0.063722833493,4
2024-11-04,Regressão Logística,-0.0571902872872,4
2024-11-05,Regressão Logística,-0.266367008468,4
2024-11-06,Regressão Logística,-0.00476218230893,4
2024-11-07,Regressão Logística,-0.00604171630099,4
2024-11-08,Regressão Logística,0.0197360882074,4
2024-11-11,Regressão Logística,0.011193597594,4
2024-11-12,Regressão Logística,-0.00953916591495,4
2024-11-13,Regressão Logística,-0.107914858673,4
2024-11-14,Regressão Logística,0.0119813423835,4
2024-11-18,Regressão Logística,-0.0754009188767,4
2024-11-19,Regressão Logística,0.0334889546757,4
2024-11-21,Regressão Logística,0.170633614256,4
2024-11-22,Regressão Logística,-0.100256563594,4
2024-11-25,Regressão Logística,-0.0793684946413,4
2024-11-26,Regressão Logística,-0.00103583685457,4
2024-11-27,Regressão Logística,0.0317005627536,4
2024-11-28,Regressão Logística,-0.0682038385929,4
2024-11-29,Regressão Logística,0.0543530793307,4
2024-12-02,Regressão Logística,-0.0455692147041,4
2024-12-03,Regressão Logística,0.0457741854799,4
2024-12-04,Regressão Logística,0.0190747497959,4
2024-12-05,Regressão Logística,0.0689819184922,4
2024-12-06,Regressão Logística,-0.0648665475391,4
2024-12-09,Regressão Logística,-0.0924293182616,4
2024-12-10,Regressão Logística,-0.0467871421012,4
2024-12-11,Regressão Logística,0.0430145353706,4
2024-12-12,Regressão Logística,0.166657287541,4
2024-12-13,Regressão Logística,-0.0779980549265,4
2024-12-16,Regressão Logística,0.04553289355,4
2024-12-17,Regressão Logística,0.121372788254,4
2024-12-18,Regressão Logística,0.0880926190429,4
2024-12-19,Regressão Logística,0.0909946452367,4
2024-12-20,Regressão Logística,0.113517519466,4
2024-12-23,Regressão Logística,0.0249171823081,4
2024-12-26,Regressão Logística,0.132010727071,4
2024-12-27,Regressão Logística,-0.102307651905,4
2024-12-30,Regressão Logística,-0.0126925721164,4
2025-01-02,Regressão Logística,0.0701228308346,4
2025-01-03,Regressão Logística,0.128650985363,4
2025-01-06,Regressão Logística,-0.129069568542,4
2025-01-07,Regressão Logística,-0.0618629799232,4
2025-01-08,Regressão Logística,0.0113210061913,4
2025-01-09,Regressão Logística,0.0118973813695,4
2025-01-10,Regressão Logística,-0.0351818504213,4
2025-01-13,Regressão Logística,-0.00640361367961,4
2025-01-14,Regressão Logística,-0.00711780226493,4
2025-01-15,Regressão Logística,-0.0305178545609,4
2025-01-16,Regressão Logística,-0.0258042707085,4
2025-01-17,Regressão Logística,0.014776582183,4
2025-01-20,Regressão Logística,-0.117742246217,4
2025-01-21,Regressão Logística,-0.126520491307,4
2025-01-22,Regressão Logística,0.00428125258344,4
2025-01-23,Regressão Logística,0.0272075058237,4
2025-01-24,Regressão Logística,-0.154592915094,4
2025-01-27,Regressão Logística,0.0480034365583,4
2025-01-28,Regressão Logística,-0.1062638227,4
2025-01-29,Regressão Logística,0.013734875037,4
2025-01-30,Regressão Logística,0.0647755639149,4
2025-01-31,Regressão Logística,-0.100137532218,4
2025-02-03,Regressão Logística,-0.0595629271082,4
2025-02-04,Regressão Logística,-0.0847342439191,4
2025-02-05,Regressão Logística,-0.039427933223,4
2025-02-06,Regressão Logística,-0.0476775844071,4
2025-02-07,Regressão Logística,-0.0418260147535,4
2025-02-10,Regressão Logística,-0.0551411319831,4
2025-02-11,Regressão Logística,0.00398630596631,4
2025-02-12,Regressão Logística,0.0677971653724,4
2025-02-13,Regressão Logística,-0.238114311966,4
2025-02-14,Regressão Logística,-0.0104630239884,4
2025-02-17,Regressão Logística,-0.0181437223815,4
2025-02-18,Regressão Logística,0.100922086985,4
2025-02-19,Regressão Logística,0.120654461719,4
2025-02-20,Regressão Logística,0.0783917524791,4
2025-02-21,Regressão Logística,-0.0804678666596,4
2025-02-24,Regressão Logística,-0.0857712252002,4
2025-02-25,Regressão Logística,0.170848724443,4
2025-02-26,Regressão Logística,-0.0339565420644,4
2025-02-27,Regressão Logística,-0.0874495201392,4
2025-02-28,Regressão Logística,-0.0420369869554,4
2025-03-05,Regressão Logística,0.102431474819,4
2025-03-06,Regressão Logística,-0.028501102612,4
2025-03-07,Regressão Logística,-0.0103391884059,4
2025-03-10,Regressão Logística,-0.0300367720706,4
2025-03-11,Regressão Logística,-0.0400991815163,4
2025-03-12,Regressão Logística,-0.0852291143245,4
2025-03-13,Regressão Logística,0.0527559448666,4
2025-03-14,Regressão Logística,-0.0500982048425,4
2025-03-17,Regressão Logística,0.145699984104,4
2025-03-18,Regressão Logística,-0.0377530242134,4
2025-03-19,Regressão Logística,-0.11453926379,4
2025-03-20,Regressão Logística,0.096378846897,4
2025-03-21,Regressão Logística,-0.108268645581,4
2025-03-24,Regressão Logística,-0.172523515945,4
2025-03-25,Regressão Logística,-0.0125537226417,4
2025-03-26,Regressão Logística,-0.0505987923071,4
2025-03-27,Regressão Logística,-0.0672835011874,4
2025-03-28,Regressão Logística,0.0440466096674,4
2025-03-31,Regressão Logística,-0.107048931304,4
2025-04-01,Regressão Logística,0.0318760649752,4
2025-04-02,Regressão Logística,0.0440807117368,4
2025-04-03,Regressão Logística,-0.0508631058009,4
2025-04-04,Regressão Logística,0.042216901848,4
2025-04-07,Regressão Logística,0.0869928317999,4
2025-04-08,Regressão Logística,0.00474109259043,4
2025-04-09,Regressão Logística,-0.0359968796355,4
2025-04-10,Regressão Logística,-0.0467425388031,4
2025-04-11,Regressão Logística,0.0291310301804,4
2025-04-14,Regressão Logística,-0.106932740551,4
2025-04-15,Regressão Logística,-0.0999306225755,4
2025-04-16,Regressão Logística,0.083076836861,4
2025-04-17,Regressão Logística,-0.0676408822316,4
2025-04-22,Regressão Logística,0.0381335995518,4
2025-04-23,Regressão Logística,0.202138561923,4
2025-04-24,Regressão Logística,0.101072841558,4
2025-04-25,Regressão Logística,-0.0738419223411,4
2025-04-28,Regressão Logística,-0.0083049868071,4
2025-04-29,Regressão Logística,-0.121368780978,4
2025-04-30,Regressão Logística,0.0154128437097,4
2025-05-02,Regressão Logística,-0.0232445359571,4
2025-05-05,Regressão Logística,-0.0212763992472,4
2025-05-06,Regressão Logística,0.00997263197191,4
2025-05-07,Regressão Logística,0.0478808062695,4
2025-05-08,Regressão Logística,-0.0188871216786,4
2025-05-09,Regressão Logística,-0.0439790433028,4
2025-05-12,Regressão Logística,-0.0223592279872,4
2025-05-13,Regressão Logística,-0.0872458758863,4
2025-05-14,Regressão Logística,0.157462732636,4
2025-05-15,Regressão Logística,0.0587177273916,4
2025-05-16,Regressão Logística,-0.0110271812667,4
2025-05-19,Regressão Logística,0.0482638136457,4
2025-05-20,Regressão Logística,0.0354605725438,4
2025-05-21,Regressão Logística,-0.0373842749131,4
2025-05-22,Regressão Logística,0.0167866977151,4
2025-05-23,Regressão Logística,-0.0498074805079,4
2025-05-26,Regressão Logística,-0.173898765053,4
2025-05-27,Regressão Logística,0.0380622467069,4
2025-05-28,Regressão Logística,0.0483550764878,4
2025-05-29,Regressão Logística,0.124709358098,4
2025-05-30,Regressão Logística,0.0116798562507,4
2025-06-02,Regressão Logística,0.0410425317579,4
2025-06-03,Regressão Logística,0.0574639640512,4
2025-06-04,Regressão Logística,-0.0781837348695,4
2025-06-05,Regressão Logística,0.20168538327,4
2025-06-06,Regressão Logística,0.0548710319358,4
2025-06-09,Regressão Logística,-0.136782958897,4
2025-06-10,Regressão Logística,-0.0288084057552,4
2025-06-11,Regressão Logística,0.0341646826399,4
2025-06-12,Regressão Logística,-0.00409122978269,4
2025-06-13,Regressão Logística,-0.0747002779826,4
2025-07-02,Regressão Logística,0.086178795928,4
2025-07-03,Regressão Logística,0.0309224826475,4
2025-07-04,Regressão Logística,0.116985621306,4
2025-07-07,Regressão Logística,0.0819944706084,4
2025-07-08,Regressão Logística,0.00661371436159,4
2025-07-09,Regressão Logística,-0.00695296302511,4
2025-07-10,Regressão Logística,-0.0381268212283,4
2025-07-11,Regressão Logística,0.0551225291504,4
2025-07-14,Regressão Logística,-0.0139650913378,4
2025-07-15,Regressão Logística,-0.0439912210457,4
2025-07-16,Regressão Logística,-0.0094627071895,4
2025-07-17,Regressão Logística,0.014262529797,4
2025-07-18,Regressão Logística,0.111498506629,4
2025-07-21,Regressão Logística,-0.0110595388652,4
2025-07-22,Regressão Logística,0.0313017732478,4
2025-07-23,Regressão Logística,-0.0411621591917,4
2025-07-24,Regressão Logística,-0.0079650839455,4
2025-07-25,Regressão Logística,-0.00599613267619,4
2025-07-28,Regressão Logística,-0.0254097435878,4
2025-07-29,Regressão Logística,0.0863803092401,4
2025-07-30,Regressão Logística,-0.0880720463502,4
2025-07-31,Regressão Logística,0.0669756500504,4
2025-08-01,Regressão Logística,-0.0136092501,4
2025-08-04,Regressão Logística,0.0127407066621,4
2025-08-05,Regressão Logística,-0.170804376045,4
2025-08-06,Regressão Logística,0.0842999180556,4
2025-08-07,Regressão Logística,-0.054159332166,4
2025-08-08,Regressão Logística,-0.0925021074427,4
2025-08-11,Regressão Logística,-0.0142023513091,4
2025-08-12,Regressão Logística,-0.0896965359814,4
2025-08-13,Regressão Logística,-0.0270895364899,4
2025-08-14,Regressão Logística,-0.0787106833499,4
2025-08-15,Regressão Logística,0.0241723864711,4
2025-08-18,Regressão Logística,0.053932509359,4
2025-08-19,Regressão Logística,0.0189767733624,4
2025-08-20,Regressão Logística,-0.0589921122522,4
2025-08-21,Regressão Logística,-0.100115937937,4
2025-08-22,Regressão Logística,-0.0983030286308,4
2025-08-25,Regressão Logística,-0.0206037817703,4
2025-08-26,Regressão Logística,0.031975956624,4
2025-08-27,Regressão Logística,0.0695377296359,4
2025-08-28,Regressão Logística,0.0497282747263,4
2025-08-29,Regressão Logística,-0.101912094131,4
2025-09-01,Regressão Logística,0.0278617650651,4
2025-09-02,Regressão Logística,0.0431292763243,4
2025-09-03,Regressão Logística,0.0222370342303,4
2025-09-04,Regressão Logística,-0.0812110689017,4
2025-09-05,Regressão Logística,-0.0769679171875,4
2025-09-08,Regressão Logística,-0.0220791901178,4
2025-09-09,Regressão Logística,0.0953955605317,4
2025-09-10,Regressão Logística,0.0540229301294,4
2025-09-11,Regressão Logística,0.00549990401049,4
2025-09-12,Regressão Logística,-0.00426152495566,4
2025-09-15,Regressão Logística,-0.0994843017492,4
2025-09-16,Regressão Logística,-0.152000666588,4
2025-09-17,Regressão Logística,-0.178552234286,4
2025-09-18,Regressão Logística,-0.0371816177891,4
2025-09-19,Regressão Logística,0.0821768290711,4
2025-09-22,Regressão Logística,-0.0463893283043,4
2025-09-23,Regressão Logística,0.0129773222992,4
2025-09-24,Regressão Logística,0.086423083092,4
2025-09-25,Regressão Logística,0.0706880189662,4
2025-09-26,Regressão Logística,-0.0425592786242,4
2025-09-29,Regressão Logística,-0.0204128001765,4
2025-09-30,Regressão Logística,0.0591273008431,4
2025-10-01,Regressão Logística,-0.141701984946,4
2025-10-02,Regressão Logística,0.0456976763395,4
2025-10-03,Regressão Logística,0.00094218242763,4
2025-10-06,Regressão Logística,0.046908189645,4
2025-10-07,Regressão Logística,0.0299270532826,4
2025-10-08,Regressão Logística,0.132988477364,4
2025-10-09,Regressão Logística,0.0855214870905,4
2025-10-10,Regressão Logística,-0.111166784709,4
2025-10-13,Regressão Logística,0.0262234014754,4
2025-10-14,Regressão Logística,-0.0744196557947,4
2025-10-15,Regressão Logística,-0.0178272524719,4
2025-10-16,Regressão Logística,0.187465117676,4
2025-10-17,Regressão Logística,0.119199813372,4
2025-10-20,Regressão Logística,0.0846077121619,4
2025-10-21,Regressão Logística,0.151292008215,4
2025-10-22,Regressão Logística,-0.0202843895971,4
2025-10-23,Regressão Logística,0.0317318518071,4
2025-10-24,Regressão Logística,-0.1614139205,4
2025-10-27,Regressão Logística,0.0676914777273,4
2025-10-28,Regressão Logística,0.0754710223048,4
2025-10-29,Regressão Logística,0.0883188247094,4
2025-10-30,Regressão Logística,0.12701051354,4
2025-10-31,Regressão Logística,0.11005360569,4
2025-11-03,Regressão Logística,0.13883291691,4
2025-11-04,Regressão Logística,-0.0154045351451,4
2025-11-05,Regressão Logística,-0.055762046391,4
2025-11-06,Regressão Logística,-0.0057016171218,4
2025-11-07,Regressão Logística,0.0383976634455,4
2025-11-10,Regressão Logística,0.0314679523194,4
2025-11-11,Regressão Logística,0.0213468318316,4
2025-11-12,Regressão Logística,0.0164762686967,4
2025-11-13,Regressão Logística,-0.0744820993988,4
2025-11-14,Regressão Logística,0.0225999142342,4
2025-11-17,Regressão Logística,0.00577290181263,4
2019-08-05,Random Forest,0.10757945921,1
2019-08-06,Random Forest,0.0418507174632,1
2019-08-07,Random Forest,0.0158170984475,1
2019-08-08,Random Forest,0.0133608301469,1
2019-08-09,Random Forest,0.0754869052646,1
2019-08-12,Random Forest,0.105764891274,1
2019-08-13,Random Forest,0.0687544844554,1
2019-08-14,Random Forest,0.088940252984,1
2019-08-15,Random Forest,0.0906263451792,1
2019-08-16,Random Forest,0.122457286865,1
2019-08-19,Random Forest,0.0901745078201,1
2019-08-20,Random Forest,0.063211959116,1
2019-08-21,Random Forest,0.0898035099403,1
2019-08-22,Random Forest,0.0653591549494,1
2019-08-23,Random Forest,0.143760021235,1
2019-08-26,Random Forest,0.0664673151627,1
2019-08-27,Random Forest,0.0136525818853,1
2019-08-28,Random Forest,0.0491436813326,1
2019-08-29,Random Forest,0.0792456888466,1
2019-08-30,Random Forest,-0.00813233422706,1
2019-09-02,Random Forest,0.0316744499081,1
2019-09-03,Random Forest,-0.0317339928026,1
2019-09-04,Random Forest,0.0838358200502,1
2019-09-05,Random Forest,-0.0304004181828,1
2019-09-06,Random Forest,0.0379244088954,1
2019-09-09,Random Forest,0.0136963588665,1
2019-09-10,Random Forest,0.0261107853644,1
2019-09-11,Random Forest,0.0556118584576,1
2019-09-12,Random Forest,0.0290425257315,1
2019-09-13,Random Forest,0.100383353125,1
2019-09-16,Random Forest,0.12869185899,1
2019-09-17,Random Forest,0.0657551258903,1
2019-09-18,Random Forest,0.0619747214169,1
2019-09-19,Random Forest,0.080483264163,1
2019-09-20,Random Forest,0.0800246817623,1
2019-09-23,Random Forest,0.0884340101759,1
2019-09-24,Random Forest,0.164173269669,1
2019-09-25,Random Forest,0.160982346446,1
2019-09-26,Random Forest,0.0960128833073,1
2019-09-27,Random Forest,0.0949647415498,1
2019-09-30,Random Forest,0.126932017018,1
2019-10-01,Random Forest,0.0674190992674,1
2019-10-02,Random Forest,0.10280827381,1
2019-10-03,Random Forest,0.0549908181891,1
2019-10-04,Random Forest,0.0676160734405,1
2019-10-07,Random Forest,0.078527394124,1
2019-10-08,Random Forest,0.121651160355,1
2019-10-09,Random Forest,0.0765944906003,1
2019-10-10,Random Forest,0.0949013430403,1
2019-10-11,Random Forest,0.0669907936657,1
2019-10-14,Random Forest,0.0632913683976,1
2019-10-15,Random Forest,0.0338318447238,1
2019-10-16,Random Forest,0.103345476111,1
2019-10-17,Random Forest,0.104413220725,1
2019-10-18,Random Forest,0.0726676763408,1
2019-10-21,Random Forest,0.0399772952845,1
2019-10-22,Random Forest,0.143884047667,1
2019-10-23,Random Forest,0.0757236698483,1
2019-10-24,Random Forest,0.0741190384056,1
2019-10-25,Random Forest,0.0553116677509,1
2019-10-28,Random Forest,0.0642241079273,1
2019-10-29,Random Forest,0.121343586608,1
2019-10-30,Random Forest,0.0298562396139,1
2019-10-31,Random Forest,0.0657429150225,1
2019-11-01,Random Forest,0.0492502449929,1
2019-11-04,Random Forest,0.0596756527713,1
2019-11-05,Random Forest,0.080085144988,1
2019-11-06,Random Forest,0.0971552816846,1
2019-11-07,Random Forest,0.0597733760216,1
2019-11-08,Random Forest,0.143168090027,1
2019-11-11,Random Forest,0.0857748599004,1
2019-11-12,Random Forest,0.126597678434,1
2019-11-13,Random Forest,0.107899749361,1
2019-11-14,Random Forest,0.112846757859,1
2019-11-18,Random Forest,0.0947089190164,1
2019-11-19,Random Forest,0.130808980883,1
2019-11-21,Random Forest,0.0598198916412,1
2019-11-22,Random Forest,0.111708088847,1
2019-11-25,Random Forest,0.107617307602,1
2019-11-26,Random Forest,0.130091611281,1
2019-11-27,Random Forest,0.0804436877742,1
2019-11-28,Random Forest,0.0565925245995,1
2019-11-29,Random Forest,0.0771200284575,1
2019-12-02,Random Forest,0.0925617905958,1
2019-12-03,Random Forest,0.105504196917,1
2019-12-04,Random Forest,0.147683698728,1
2019-12-05,Random Forest,0.0653489321695,1
2019-12-06,Random Forest,0.127556144833,1
2019-12-09,Random Forest,0.0796207388818,1
2019-12-10,Random Forest,0.103636229852,1
2019-12-11,Random Forest,0.0696609083489,1
2019-12-12,Random Forest,0.0723306932334,1
2019-12-13,Random Forest,0.0439960192412,1
2019-12-16,Random Forest,0.126021417573,1
2019-12-17,Random Forest,0.050681716295,1
2019-12-18,Random Forest,0.0791917834856,1
2019-12-19,Random Forest,0.136209946475,1
2019-12-20,Random Forest,0.0932678058108,1
2019-12-23,Random Forest,0.0781834888391,1
2019-12-26,Random Forest,0.11351760854,1
2019-12-27,Random Forest,0.10103450952,1
2019-12-30,Random Forest,0.117782730434,1
2020-01-02,Random Forest,0.0707233450529,1
2020-01-03,Random Forest,0.0687845708662,1
2020-01-06,Random Forest,0.115011460387,1
2020-01-07,Random Forest,0.119852943283,1
2020-01-08,Random Forest,0.0145447097929,1
2020-01-09,Random Forest,0.0697097690087,1
2020-01-10,Random Forest,0.0532669089168,1
2020-01-13,Random Forest,0.0269099278533,1
2020-01-14,Random Forest,0.0221812688111,1
2020-01-15,Random Forest,0.0335237558772,1
2020-01-16,Random Forest,0.0512545597106,1
2020-01-17,Random Forest,0.021855112918,1
2020-01-20,Random Forest,0.0697002165872,1
2020-01-21,Random Forest,0.0935738845421,1
2020-01-22,Random Forest,0.0979473207485,1
2020-01-23,Random Forest,0.0760012544709,1
2020-01-24,Random Forest,0.103374178424,1
2020-01-27,Random Forest,0.135495298625,1
2020-01-28,Random Forest,0.0939674680557,1
2020-01-29,Random Forest,0.0759864448397,1
2020-01-30,Random Forest,0.053641932127,1
2020-01-31,Random Forest,0.0515469451155,1
2020-02-03,Random Forest,0.0941896511555,1
2020-02-04,Random Forest,0.0574457536684,1
2020-02-05,Random Forest,0.0394487428363,1
2020-02-06,Random Forest,0.0562720279005,1
2020-02-07,Random Forest,0.100378108399,1
2020-02-10,Random Forest,0.0280650226901,1
2020-02-11,Random Forest,0.05351131398,1
2020-02-12,Random Forest,0.122795383169,1
2020-02-13,Random Forest,0.125112442135,1
2020-02-14,Random Forest,0.0693869772611,1
2020-02-17,Random Forest,0.0856020615681,1
2020-02-18,Random Forest,0.0418397369099,1
2020-02-19,Random Forest,0.0915442248042,1
2020-02-20,Random Forest,0.11317046807,1
2020-02-21,Random Forest,0.153539905048,1
2020-02-26,Random Forest,0.177335131029,1
2020-02-27,Random Forest,0.125471981392,1
2020-02-28,Random Forest,0.127414719745,1
2020-03-02,Random Forest,0.200362100127,1
2020-03-03,Random Forest,0.139641770324,1
2020-03-04,Random Forest,0.147858002825,1
2020-03-05,Random Forest,0.0912606884102,1
2020-03-06,Random Forest,0.0330600534031,1
2020-03-09,Random Forest,0.186096045426,1
2020-03-10,Random Forest,0.175643470669,1
2020-03-11,Random Forest,0.107883006361,1
2020-03-12,Random Forest,0.165762443062,1
2020-03-13,Random Forest,0.11571144602,1
2020-03-16,Random Forest,0.164579885048,1
2020-03-17,Random Forest,0.146196279887,1
2020-03-18,Random Forest,0.123930952872,1
2020-03-19,Random Forest,0.0813978861695,1
2020-03-20,Random Forest,0.0648022105901,1
2020-03-23,Random Forest,0.066814424954,1
2020-03-24,Random Forest,0.127052192163,1
2020-03-25,Random Forest,0.170203868898,1
2020-03-26,Random Forest,0.128750532542,1
2020-03-27,Random Forest,0.135702090463,1
2020-03-30,Random Forest,0.0872546694775,1
2020-03-31,Random Forest,0.106196697406,1
2020-04-01,Random Forest,0.168327875193,1
2020-04-02,Random Forest,0.100436042683,1
2020-04-03,Random Forest,0.0986748595576,1
2020-04-06,Random Forest,0.0651966604244,1
2020-04-07,Random Forest,0.117957808927,1
2020-04-08,Random Forest,0.0592163090777,1
2020-04-09,Random Forest,0.0989771720606,1
2020-04-13,Random Forest,0.0791658635539,1
2020-04-14,Random Forest,0.0270920140503,1
2020-04-15,Random Forest,0.0652506993934,1
2020-04-16,Random Forest,0.0466840253807,1
2020-04-17,Random Forest,0.07575821372,1
2020-04-20,Random Forest,0.144016052211,1
2020-04-22,Random Forest,0.170740892132,1
2020-04-23,Random Forest,0.146831588104,1
2020-04-24,Random Forest,0.117684836392,1
2020-04-27,Random Forest,0.135416403329,1
2020-04-28,Random Forest,0.0987573648451,1
2020-04-29,Random Forest,0.0252753261256,1
2020-04-30,Random Forest,0.115579404966,1
2020-05-04,Random Forest,0.0963343176701,1
2020-05-05,Random Forest,0.0791749816896,1
2020-05-06,Random Forest,0.0420904618478,1
2020-05-07,Random Forest,0.100194555558,1
2020-05-08,Random Forest,0.133626267163,1
2020-05-11,Random Forest,0.111746379229,1
2020-05-12,Random Forest,0.117272979541,1
2020-05-13,Random Forest,0.125136407517,1
2020-05-14,Random Forest,0.0870496461015,1
2020-05-15,Random Forest,0.100283895058,1
2020-05-18,Random Forest,0.0762008896952,1
2020-05-19,Random Forest,0.0700235496463,1
2020-05-20,Random Forest,0.12704575292,1
2020-05-21,Random Forest,0.156977418576,1
2020-05-22,Random Forest,0.123001861701,1
2020-05-25,Random Forest,0.0513232117209,1
2020-05-26,Random Forest,0.117321857234,1
2020-05-27,Random Forest,0.0747512828324,1
2020-05-28,Random Forest,0.0959561830328,1
2020-05-29,Random Forest,0.0985975026381,1
2020-06-01,Random Forest,0.11414557625,1
2020-06-02,Random Forest,0.0885606518006,1
2020-06-03,Random Forest,0.0621520986908,1
2020-06-04,Random Forest,0.1196590554,1
2020-06-05,Random Forest,0.0659670747127,1
2020-06-08,Random Forest,0.0639884860665,1
2020-06-09,Random Forest,0.0705229537035,1
2020-06-10,Random Forest,0.0811416235422,1
2020-06-12,Random Forest,0.0848485048898,1
2020-06-15,Random Forest,0.0498665726544,1
2020-06-16,Random Forest,0.0613312033797,1
2020-06-17,Random Forest,0.0816876897472,1
2020-06-18,Random Forest,0.0908840359811,1
2020-06-19,Random Forest,0.0873898426539,1
2020-06-22,Random Forest,0.0884791163248,1
2020-06-23,Random Forest,0.0443290006316,1
2020-06-24,Random Forest,0.0527601756369,1
2020-06-25,Random Forest,0.0861557869849,1
2020-06-26,Random Forest,0.0702847701989,1
2020-06-29,Random Forest,0.0973316409122,1
2020-06-30,Random Forest,0.13360457635,1
2020-07-01,Random Forest,0.0593667581036,1
2020-07-02,Random Forest,0.0596939223679,1
2020-07-03,Random Forest,0.0873118493431,1
2020-07-06,Random Forest,0.0399014673252,1
2020-07-07,Random Forest,0.127270809874,1
2020-07-08,Random Forest,0.149538618168,1
2020-07-09,Random Forest,0.102641427209,1
2020-07-10,Random Forest,0.103352752202,1
2020-07-13,Random Forest,0.113355994122,1
2020-07-14,Random Forest,0.0684700259126,1
2020-07-15,Random Forest,0.0848397441734,1
2020-07-16,Random Forest,0.095691505287,1
2020-07-17,Random Forest,0.0743613094556,1
2020-07-20,Random Forest,0.0523410408505,1
2020-07-21,Random Forest,0.0585564304022,1
2020-07-22,Random Forest,0.0738434552242,1
2020-07-23,Random Forest,0.0905183077884,1
2020-07-24,Random Forest,0.0523794434734,1
2020-07-27,Random Forest,0.0789560969983,1
2020-07-28,Random Forest,0.0921855138115,1
2020-07-29,Random Forest,0.0341169892804,1
2020-07-30,Random Forest,0.0921284073117,1
2020-07-31,Random Forest,0.0995472553101,1
2020-08-03,Random Forest,0.069155449518,1
2020-08-04,Random Forest,0.0757069610287,1
2020-08-05,Random Forest,0.0966786792903,1
2020-08-06,Random Forest,0.0513363060926,1
2020-08-07,Random Forest,0.0200403262503,1
2020-08-10,Random Forest,0.108990701868,1
2020-08-11,Random Forest,0.0438194274599,1
2020-08-12,Random Forest,0.0923289139309,1
2020-08-13,Random Forest,0.041340884863,1
2020-08-14,Random Forest,0.00180781988384,1
2020-08-17,Random Forest,0.119409195038,1
2020-08-18,Random Forest,0.104860752469,1
2020-08-19,Random Forest,0.164864104246,1
2020-08-20,Random Forest,0.112943651532,1
2020-08-21,Random Forest,0.066432051585,1
2020-08-24,Random Forest,0.0199174921162,1
2020-08-25,Random Forest,0.100840410106,1
2020-08-26,Random Forest,0.167802049107,1
2020-08-27,Random Forest,0.084481369877,1
2020-08-28,Random Forest,0.0234823330001,1
2020-08-31,Random Forest,0.0331974558288,1
2020-09-01,Random Forest,0.0880120416044,1
2020-09-02,Random Forest,0.0665784243107,1
2020-09-03,Random Forest,0.109437559093,1
2020-09-04,Random Forest,0.0918111467863,1
2020-09-08,Random Forest,0.10612155361,1
2020-09-09,Random Forest,0.128811402518,1
2020-09-10,Random Forest,0.103802855793,1
2020-09-11,Random Forest,0.0275155224462,1
2020-09-14,Random Forest,0.0767782806248,1
2020-09-15,Random Forest,0.123229418239,1
2020-09-16,Random Forest,0.0561436608534,1
2020-09-17,Random Forest,0.101772010556,1
2020-09-18,Random Forest,0.109957937452,1
2020-09-21,Random Forest,0.105167176707,1
2020-09-22,Random Forest,0.115204280259,1
2020-09-23,Random Forest,0.106101197365,1
2020-09-24,Random Forest,0.032614205643,1
2020-09-25,Random Forest,0.0757252857225,1
2020-09-28,Random Forest,0.0833687861855,1
2020-09-29,Random Forest,0.124647303277,1
2020-09-30,Random Forest,0.113961709101,1
2020-10-01,Random Forest,0.0878908016249,1
2020-10-02,Random Forest,0.0883652567724,1
2020-10-05,Random Forest,0.0643403730809,1
2020-10-06,Random Forest,0.142449642928,1
2020-10-07,Random Forest,0.0769398791463,1
2020-10-08,Random Forest,0.0987734508274,1
2020-10-09,Random Forest,0.0963740279639,1
2020-10-13,Random Forest,0.0948407552207,1
2020-10-14,Random Forest,0.107224567188,1
2020-10-15,Random Forest,0.115404589471,1
2020-10-19,Random Forest,0.0820215270877,1
2020-10-21,Random Forest,0.0874231402159,1
2020-10-22,Random Forest,0.102611769824,1
2020-10-23,Random Forest,0.103516075813,1
2020-10-26,Random Forest,0.0747963004326,1
2020-10-27,Random Forest,0.124585429262,1
2020-10-28,Random Forest,0.134419971876,1
2020-10-29,Random Forest,0.112864585416,1
2020-10-30,Random Forest,0.0710280881901,1
2020-11-03,Random Forest,0.0929674493118,1
2020-11-04,Random Forest,0.0456907574287,1
2020-11-05,Random Forest,0.0381457118648,1
2020-11-06,Random Forest,0.107989438794,1
2020-11-09,Random Forest,0.0554825176491,1
2020-11-10,Random Forest,0.0823424787077,1
2020-11-11,Random Forest,0.0747925288148,1
2020-11-13,Random Forest,0.0865177892104,1
2020-11-16,Random Forest,0.058727643076,1
2020-11-17,Random Forest,0.0925704892559,1
2020-11-18,Random Forest,0.0982079977564,1
2020-11-19,Random Forest,0.0973239308944,1
2020-11-23,Random Forest,0.0610242349836,1
2020-11-24,Random Forest,0.0454147200305,1
2020-11-25,Random Forest,0.124411522466,1
2020-11-26,Random Forest,0.0957275640296,1
2020-11-27,Random Forest,0.0843727580881,1
2020-11-30,Random Forest,0.0773509744742,1
2020-12-01,Random Forest,0.0556497884225,1
2020-12-02,Random Forest,0.056597990043,1
2020-12-03,Random Forest,0.0284388539166,1
2020-12-04,Random Forest,0.0804345905068,1
2020-12-07,Random Forest,0.0581831033693,1
2020-12-08,Random Forest,0.0634150148154,1
2020-12-09,Random Forest,0.0587761358256,1
2020-12-10,Random Forest,0.109460830271,1
2020-12-11,Random Forest,0.0137569410249,1
2020-12-14,Random Forest,0.0817887265888,1
2020-12-15,Random Forest,0.0302258743505,1
2020-12-16,Random Forest,0.0307098027906,1
2020-12-17,Random Forest,0.0963379978235,1
2020-12-18,Random Forest,0.0819582336021,1
2020-12-21,Random Forest,0.136666122482,1
2020-12-22,Random Forest,0.091562924024,1
2020-12-23,Random Forest,0.0641177161502,1
2020-12-28,Random Forest,0.115340769571,1
2020-12-29,Random Forest,0.106517022635,1
2020-12-30,Random Forest,0.0715024864518,1
2021-01-04,Random Forest,0.132365270192,1
2021-01-05,Random Forest,0.114623722583,1
2021-01-06,Random Forest,0.139675895108,1
2021-01-07,Random Forest,0.0787911010808,1
2021-01-08,Random Forest,0.0803727585973,1
2021-01-11,Random Forest,0.0833864609352,1
2021-01-12,Random Forest,0.0803528774656,1
2021-01-13,Random Forest,0.0845915636624,1
2021-01-14,Random Forest,0.075757766088,1
2021-01-15,Random Forest,0.0789892215334,1
2021-01-18,Random Forest,0.0164960031323,1
2021-01-19,Random Forest,0.0956977101427,1
2021-01-20,Random Forest,0.0571028202018,1
2021-01-21,Random Forest,0.119720219348,1
2021-01-22,Random Forest,0.068327947185,1
2021-01-26,Random Forest,0.048657716414,1
2021-01-27,Random Forest,0.121649138826,1
2021-01-28,Random Forest,0.1489377736,1
2021-01-29,Random Forest,0.0997321116351,1
2021-02-01,Random Forest,0.116460347486,1
2021-02-02,Random Forest,0.114427575376,1
2021-02-03,Random Forest,0.105746144117,1
2021-02-04,Random Forest,0.111426575084,1
2021-02-05,Random Forest,0.102748475256,1
2021-02-08,Random Forest,0.0917624109172,1
2021-02-09,Random Forest,0.109338556101,1
2021-02-10,Random Forest,0.11162502989,1
2021-02-11,Random Forest,0.0545844831541,1
2021-02-12,Random Forest,0.0761600984304,1
2021-02-17,Random Forest,0.104454266514,1
2021-02-18,Random Forest,0.05354184775,1
2021-02-19,Random Forest,0.0786457046649,1
2021-02-22,Random Forest,0.0818924818986,1
2021-02-23,Random Forest,0.113125421481,1
2021-02-24,Random Forest,0.108918527949,1
2021-02-25,Random Forest,0.0841417104611,1
2021-02-26,Random Forest,0.138330240225,1
2021-03-01,Random Forest,0.0842518046071,1
2021-03-02,Random Forest,0.0961642824428,1
2021-03-03,Random Forest,0.116198206623,1
2021-03-04,Random Forest,0.0854107951636,1
2021-03-05,Random Forest,0.0792000475786,2
2021-03-08,Random Forest,0.0130679437607,2
2021-03-09,Random Forest,0.0840172751665,2
2021-03-10,Random Forest,0.0225634748285,2
2021-03-11,Random Forest,0.0511575905272,2
2021-03-12,Random Forest,0.0533500194771,2
2021-03-15,Random Forest,0.0518425788453,2
2021-03-16,Random Forest,0.0226881732965,2
2021-03-17,Random Forest,0.0144981046821,2
2021-03-18,Random Forest,0.0544737844644,2
2021-03-19,Random Forest,0.0295189370485,2
2021-03-22,Random Forest,0.0724887594036,2
2021-03-23,Random Forest,0.0733435020789,2
2021-03-24,Random Forest,0.097353648154,2
2021-03-25,Random Forest,0.0484297868608,2
2021-03-26,Random Forest,0.0551255844627,2
2021-03-29,Random Forest,0.0819253286749,2
2021-03-30,Random Forest,0.0316243487981,2
2021-03-31,Random Forest,0.0696509090095,2
2021-04-01,Random Forest,0.0335134890387,2
2021-04-05,Random Forest,0.0399388003141,2
2021-04-06,Random Forest,0.0666329499165,2
2021-04-07,Random Forest,0.0477167740044,2
2021-04-08,Random Forest,0.0579510616472,2
2021-04-09,Random Forest,0.0496084918593,2
2021-04-12,Random Forest,0.0407231985899,2
2021-04-13,Random Forest,0.0719906253883,2
2021-04-14,Random Forest,0.0830598853325,2
2021-04-15,Random Forest,0.0247523661111,2
2021-04-16,Random Forest,0.0556867766371,2
2021-04-19,Random Forest,0.0732236861148,2
2021-04-20,Random Forest,0.0412122278279,2
2021-04-22,Random Forest,0.0196928363519,2
2021-04-23,Random Forest,0.0678104387331,2
2021-04-26,Random Forest,0.027712064208,2
2021-04-27,Random Forest,0.0951631735189,2
2021-04-28,Random Forest,0.0507004562971,2
2021-04-29,Random Forest,0.0712234511264,2
2021-04-30,Random Forest,0.0750408024858,2
2021-05-03,Random Forest,0.0529330162759,2
2021-05-04,Random Forest,0.0867305574373,2
2021-05-05,Random Forest,0.0477805067088,2
2021-05-06,Random Forest,0.016175562368,2
2021-05-07,Random Forest,0.0333419577052,2
2021-05-10,Random Forest,0.0594491429166,2
2021-05-11,Random Forest,0.032466392569,2
2021-05-12,Random Forest,0.0652573915414,2
2021-05-13,Random Forest,0.0415383928857,2
2021-05-14,Random Forest,0.0704468230418,2
2021-05-17,Random Forest,0.0604269344662,2
2021-05-18,Random Forest,0.0413367034367,2
2021-05-19,Random Forest,0.0203487197293,2
2021-05-20,Random Forest,0.0320778564153,2
2021-05-21,Random Forest,0.029075601352,2
2021-05-24,Random Forest,0.0532154303795,2
2021-05-25,Random Forest,0.0886058317828,2
2021-05-26,Random Forest,0.064174341276,2
2021-05-27,Random Forest,0.0277419466,2
2021-05-28,Random Forest,0.068092794739,2
2021-05-31,Random Forest,0.0361706326182,2
2021-06-01,Random Forest,0.0984262407025,2
2021-06-02,Random Forest,0.087329518919,2
2021-06-04,Random Forest,0.0392365867822,2
2021-06-07,Random Forest,0.0581430829497,2
2021-06-08,Random Forest,0.057738047809,2
2021-06-09,Random Forest,0.0533109362669,2
2021-06-10,Random Forest,0.0568537218825,2
2021-06-11,Random Forest,0.0463202937388,2
2021-06-14,Random Forest,0.0233494244602,2
2021-06-15,Random Forest,0.0574952834828,2
2021-06-16,Random Forest,0.0351313848092,2
2021-06-17,Random Forest,0.0750728946359,2
2021-06-18,Random Forest,0.016023200875,2
2021-06-21,Random Forest,0.0788219697534,2
2021-06-22,Random Forest,0.0628325713018,2
2021-06-23,Random Forest,0.0598470078683,2
2021-06-24,Random Forest,0.0756759318962,2
2021-06-25,Random Forest,0.096853441908,2
2021-06-28,Random Forest,0.0680242571296,2
2021-06-29,Random Forest,0.0502531991446,2
2021-06-30,Random Forest,0.0754463479377,2
2021-07-01,Random Forest,0.0611210137557,2
2021-07-02,Random Forest,0.028210588627,2
2021-07-05,Random Forest,0.0793673878212,2
2021-07-06,Random Forest,0.0994566768644,2
2021-07-07,Random Forest,0.111317160047,2
2021-07-08,Random Forest,0.0711648695377,2
2021-07-12,Random Forest,0.0411156823504,2
2021-07-13,Random Forest,0.0353924423963,2
2021-07-14,Random Forest,0.0306717204945,2
2021-07-15,Random Forest,0.0432858506809,2
2021-07-16,Random Forest,0.0767484244858,2
2021-07-19,Random Forest,0.0661715649139,2
2021-07-20,Random Forest,0.0685321554932,2
2021-07-21,Random Forest,0.0374540042157,2
2021-07-22,Random Forest,0.0535904507207,2
2021-07-23,Random Forest,0.032610423851,2
2021-07-26,Random Forest,0.065798424274,2
2021-07-27,Random Forest,0.0658957578768,2
2021-07-28,Random Forest,0.074967537012,2
2021-07-29,Random Forest,0.0404062525574,2
2021-07-30,Random Forest,0.0543813208214,2
2021-08-02,Random Forest,0.0312120546809,2
2021-08-03,Random Forest,0.0756571903589,2
2021-08-04,Random Forest,0.0258548797421,2
2021-08-05,Random Forest,0.0448646015909,2
2021-08-06,Random Forest,0.0847534750001,2
2021-08-09,Random Forest,0.0620565767689,2
2021-08-10,Random Forest,0.0629982233009,2
2021-08-11,Random Forest,0.064143333256,2
2021-08-12,Random Forest,0.066040981212,2
2021-08-13,Random Forest,0.0724448580486,2
2021-08-16,Random Forest,0.103305518605,2
2021-08-17,Random Forest,0.0637198938706,2
2021-08-18,Random Forest,0.0764670320889,2
2021-08-19,Random Forest,0.0619807890672,2
2021-08-20,Random Forest,0.129006091681,2
2021-08-23,Random Forest,0.0925724821569,2
2021-08-24,Random Forest,0.0609103978171,2
2021-08-25,Random Forest,0.0763860690042,2
2021-08-26,Random Forest,0.0447722705177,2
2021-08-27,Random Forest,0.0743859456858,2
2021-08-30,Random Forest,0.0729740394158,2
2021-08-31,Random Forest,0.0787456148327,2
2021-09-01,Random Forest,0.063436524117,2
2021-09-02,Random Forest,0.0600743090598,2
2021-09-03,Random Forest,0.062280191916,2
2021-09-06,Random Forest,0.093537802569,2
2021-09-08,Random Forest,0.0988002847072,2
2021-09-09,Random Forest,0.0603170200148,2
2021-09-10,Random Forest,0.0813366294751,2
2021-09-13,Random Forest,0.0752445090417,2
2021-09-14,Random Forest,0.0645022710137,2
2021-09-15,Random Forest,0.0883667766865,2
2021-09-16,Random Forest,0.0618852716355,2
2021-09-17,Random Forest,0.103765475931,2
2021-09-20,Random Forest,0.101508789796,2
2021-09-21,Random Forest,0.07429194602,2
2021-09-22,Random Forest,0.0283990346848,2
2021-09-23,Random Forest,0.0334587711603,2
2021-09-24,Random Forest,0.0418052039395,2
2021-09-27,Random Forest,0.0663364295593,2
2021-09-28,Random Forest,0.129525637883,2
2021-09-29,Random Forest,0.130853757504,2
2021-09-30,Random Forest,0.0922230790868,2
2021-10-01,Random Forest,0.104142027629,2
2021-10-04,Random Forest,0.0510248692399,2
2021-10-05,Random Forest,0.0738807890458,2
2021-10-06,Random Forest,0.0511562306515,2
2021-10-07,Random Forest,0.048867353251,2
2021-10-08,Random Forest,0.0831521283548,2
2021-10-11,Random Forest,0.0774603687881,2
2021-10-13,Random Forest,0.0814937820387,2
2021-10-14,Random Forest,0.0889502935202,2
2021-10-15,Random Forest,0.0766065003781,2
2021-10-18,Random Forest,0.0517684189938,2
2021-10-19,Random Forest,0.0991047184095,2
2021-10-20,Random Forest,0.0790370270597,2
2021-10-21,Random Forest,0.111601289729,2
2021-10-22,Random Forest,0.0544930666828,2
2021-10-25,Random Forest,0.0154755723318,2
2021-10-26,Random Forest,0.0226092176259,2
2021-10-27,Random Forest,0.0204927916581,2
2021-10-28,Random Forest,0.0952110557204,2
2021-10-29,Random Forest,0.129616920675,2
2021-11-01,Random Forest,0.0758833165532,2
2021-11-03,Random Forest,0.0599936267338,2
2021-11-04,Random Forest,0.0911715747956,2
2021-11-05,Random Forest,0.0674573643316,2
2021-11-08,Random Forest,0.111583057894,2
2021-11-09,Random Forest,0.072104432763,2
2021-11-10,Random Forest,0.0815373228683,2
2021-11-11,Random Forest,0.0659218927452,2
2021-11-12,Random Forest,0.00189737527573,2
2021-11-16,Random Forest,0.0864714068422,2
2021-11-17,Random Forest,0.0703919561847,2
2021-11-18,Random Forest,0.0670446345574,2
2021-11-19,Random Forest,0.0638128289912,2
2021-11-22,Random Forest,0.0694831985482,2
2021-11-23,Random Forest,0.0442912769032,2
2021-11-24,Random Forest,0.0244701710327,2
2021-11-25,Random Forest,0.0674231262295,2
2021-11-26,Random Forest,0.0958219661094,2
2021-11-29,Random Forest,0.0856217587552,2
2021-11-30,Random Forest,0.0491089667671,2
2021-12-01,Random Forest,0.101219212508,2
2021-12-02,Random Forest,0.077014564814,2
2021-12-03,Random Forest,0.0619418846854,2
2021-12-06,Random Forest,-0.00324873139066,2
2021-12-07,Random Forest,0.0415253644204,2
2021-12-08,Random Forest,0.0844111875324,2
2021-12-09,Random Forest,0.0737407980632,2
2021-12-10,Random Forest,0.0678197194894,2
2021-12-13,Random Forest,0.0627058882204,2
2021-12-14,Random Forest,0.0771333755814,2
2021-12-15,Random Forest,0.044578247248,2
2021-12-16,Random Forest,0.0704103050784,2
2021-12-17,Random Forest,0.0886387597867,2
2021-12-20,Random Forest,0.0846441476696,2
2021-12-21,Random Forest,0.0592579579021,2
2021-12-22,Random Forest,0.0872007449311,2
2021-12-23,Random Forest,0.105095172437,2
2021-12-27,Random Forest,0.0553866468108,2
2021-12-28,Random Forest,0.0864830013894,2
2021-12-29,Random Forest,0.0469196978213,2
2021-12-30,Random Forest,0.105443809081,2
2022-01-03,Random Forest,0.0574012769827,2
2022-01-04,Random Forest,0.0236141077084,2
2022-01-05,Random Forest,0.0481924109957,2
2022-01-06,Random Forest,0.0286943158779,2
2022-01-07,Random Forest,0.0407724876406,2
2022-01-10,Random Forest,0.107494850945,2
2022-01-11,Random Forest,0.0488250094049,2
2022-01-12,Random Forest,0.0514202472761,2
2022-01-13,Random Forest,0.0440221955588,2
2022-01-14,Random Forest,0.0438516951228,2
2022-01-17,Random Forest,0.0667837444294,2
2022-01-18,Random Forest,0.0724952082942,2
2022-01-19,Random Forest,0.0466752811305,2
2022-01-20,Random Forest,0.0297805161249,2
2022-01-21,Random Forest,0.0639456095765,2
2022-01-24,Random Forest,0.0666940961332,2
2022-01-25,Random Forest,0.0506294402702,2
2022-01-26,Random Forest,0.0667961804576,2
2022-01-27,Random Forest,0.0171382533296,2
2022-01-28,Random Forest,0.0341093993041,2
2022-01-31,Random Forest,0.0504459134815,2
2022-02-01,Random Forest,0.0739788853943,2
2022-02-02,Random Forest,0.021386643296,2
2022-02-03,Random Forest,0.0886934332851,2
2022-02-04,Random Forest,0.0670197374398,2
2022-02-07,Random Forest,0.105412826657,2
2022-02-08,Random Forest,0.0789862756946,2
2022-02-09,Random Forest,0.0701836059353,2
2022-02-10,Random Forest,0.0544981041626,2
2022-02-11,Random Forest,0.054646545536,2
2022-02-14,Random Forest,0.0939736563483,2
2022-02-15,Random Forest,0.0431341207525,2
2022-02-16,Random Forest,0.0720456768147,2
2022-02-17,Random Forest,0.0765356796956,2
2022-02-18,Random Forest,0.0171689920968,2
2022-02-21,Random Forest,0.0569460583822,2
2022-02-22,Random Forest,0.0365396239167,2
2022-02-23,Random Forest,0.0330914977141,2
2022-02-24,Random Forest,0.107681651892,2
2022-02-25,Random Forest,0.0853429301144,2
2022-03-02,Random Forest,0.0678095881705,2
2022-03-03,Random Forest,0.080435596137,2
2022-03-04,Random Forest,0.0866875976643,2
2022-03-07,Random Forest,0.0592943200277,2
2022-03-08,Random Forest,0.105728360088,2
2022-03-09,Random Forest,0.0806544202803,2
2022-03-10,Random Forest,0.0526079066898,2
2022-03-11,Random Forest,0.0736452217986,2
2022-03-14,Random Forest,0.102244089951,2
2022-03-15,Random Forest,0.0407984917001,2
2022-03-16,Random Forest,-0.00921191465875,2
2022-03-17,Random Forest,0.0161389106495,2
2022-03-18,Random Forest,0.0369535610487,2
2022-03-21,Random Forest,0.0834169485648,2
2022-03-22,Random Forest,0.0562257524378,2
2022-03-23,Random Forest,0.0419776465593,2
2022-03-24,Random Forest,0.0391368057712,2
2022-03-25,Random Forest,0.0418299927447,2
2022-03-28,Random Forest,0.128818775507,2
2022-03-29,Random Forest,0.0488195827836,2
2022-03-30,Random Forest,0.111691249689,2
2022-03-31,Random Forest,0.133938167349,2
2022-04-01,Random Forest,0.077477500556,2
2022-04-04,Random Forest,0.0767367531707,2
2022-04-05,Random Forest,0.0663472840115,2
2022-04-06,Random Forest,0.0509604771804,2
2022-04-07,Random Forest,0.0733658774246,2
2022-04-08,Random Forest,0.0590523679583,2
2022-04-11,Random Forest,0.0535563269851,2
2022-04-12,Random Forest,0.044797047619,2
2022-04-13,Random Forest,0.0675280860884,2
2022-04-14,Random Forest,0.0744148268583,2
2022-04-18,Random Forest,0.0811995734154,2
2022-04-19,Random Forest,0.0580520207255,2
2022-04-20,Random Forest,0.0687758954177,2
2022-04-22,Random Forest,0.0825144593072,2
2022-04-25,Random Forest,0.107313045667,2
2022-04-26,Random Forest,0.0844725014179,2
2022-04-27,Random Forest,-0.00229515934185,2
2022-04-28,Random Forest,0.123547211366,2
2022-04-29,Random Forest,0.0495453292134,2
2022-05-02,Random Forest,0.0719721247552,2
2022-05-03,Random Forest,0.0691396179281,2
2022-05-04,Random Forest,0.0658790614296,2
2022-05-05,Random Forest,0.103633737927,2
2022-05-06,Random Forest,0.060523450837,2
2022-05-09,Random Forest,0.0558663777962,2
2022-05-10,Random Forest,0.0744795663997,2
2022-05-11,Random Forest,0.0549021482043,2
2022-05-12,Random Forest,0.0675713633058,2
2022-05-13,Random Forest,0.0467941876835,2
2022-05-16,Random Forest,0.0520963613224,2
2022-05-17,Random Forest,0.0540630044396,2
2022-05-18,Random Forest,0.0603933433248,2
2022-05-19,Random Forest,0.0616980828978,2
2022-05-20,Random Forest,0.033661128334,2
2022-05-23,Random Forest,0.0267271152046,2
2022-05-24,Random Forest,0.0772539286292,2
2022-05-25,Random Forest,0.0542201797806,2
2022-05-26,Random Forest,0.0732876447693,2
2022-05-27,Random Forest,0.0584436270361,2
2022-05-30,Random Forest,0.0907473467985,2
2022-05-31,Random Forest,0.0607734228836,2
2022-06-01,Random Forest,0.0902041454078,2
2022-06-02,Random Forest,0.0667332639795,2
2022-06-03,Random Forest,0.0652180175444,2
2022-06-06,Random Forest,0.0900134372134,2
2022-06-07,Random Forest,0.068291255129,2
2022-06-08,Random Forest,0.0971120305388,2
2022-06-09,Random Forest,0.0730744005091,2
2022-06-10,Random Forest,0.0546121266744,2
2022-06-13,Random Forest,0.0750635675258,2
2022-06-14,Random Forest,0.0246927009483,2
2022-06-15,Random Forest,0.0679070624228,2
2022-06-17,Random Forest,0.0894796748145,2
2022-06-20,Random Forest,0.0434883518163,2
2022-06-21,Random Forest,0.0723776363769,2
2022-06-22,Random Forest,0.102853337831,2
2022-06-23,Random Forest,0.106145528392,2
2022-06-24,Random Forest,0.0187519956819,2
2022-06-27,Random Forest,0.0163681976709,2
2022-06-28,Random Forest,0.0265108744127,2
2022-06-29,Random Forest,0.0764304838021,2
2022-06-30,Random Forest,0.074318044795,2
2022-07-01,Random Forest,0.0835621531278,2
2022-07-04,Random Forest,0.0462075362801,2
2022-07-05,Random Forest,0.0898897134575,2
2022-07-06,Random Forest,0.0828246007156,2
2022-07-07,Random Forest,0.069980623192,2
2022-07-08,Random Forest,0.0867210623486,2
2022-07-11,Random Forest,0.0692106316229,2
2022-07-12,Random Forest,0.113596291184,2
2022-07-13,Random Forest,0.112747575786,2
2022-07-14,Random Forest,0.0902232939701,2
2022-07-15,Random Forest,0.0765497056984,2
2022-07-18,Random Forest,0.0465927112476,2
2022-07-19,Random Forest,0.0730249450559,2
2022-07-20,Random Forest,0.0667711995428,2
2022-07-21,Random Forest,0.0776937755484,2
2022-07-22,Random Forest,0.0186261966343,2
2022-07-25,Random Forest,0.0809001466942,2
2022-07-26,Random Forest,0.0578199681418,2
2022-07-27,Random Forest,0.0548280249169,2
2022-07-28,Random Forest,0.00771504834979,2
2022-07-29,Random Forest,0.0271473379796,2
2022-08-01,Random Forest,0.0378898526841,2
2022-08-02,Random Forest,0.0800881599649,2
2022-08-03,Random Forest,0.0743756605555,2
2022-08-04,Random Forest,0.0552389937541,2
2022-08-05,Random Forest,0.0705628446454,2
2022-08-08,Random Forest,0.0664490397686,2
2022-08-09,Random Forest,0.0250463935108,2
2022-08-10,Random Forest,0.0670553445042,2
2022-08-11,Random Forest,0.0796241782041,2
2022-08-12,Random Forest,0.0107452956877,2
2022-08-15,Random Forest,0.0544180839002,2
2022-08-16,Random Forest,0.0473466562617,2
2022-08-17,Random Forest,0.0642420716336,2
2022-08-18,Random Forest,0.0625139481242,2
2022-08-19,Random Forest,0.0647423149695,2
2022-08-22,Random Forest,0.0690002608582,2
2022-08-23,Random Forest,0.0235072617152,2
2022-08-24,Random Forest,0.0856317682521,2
2022-08-25,Random Forest,0.0702203374369,2
2022-08-26,Random Forest,0.113810773889,2
2022-08-29,Random Forest,0.083760904184,2
2022-08-30,Random Forest,0.0366002067945,2
2022-08-31,Random Forest,0.0905182098045,2
2022-09-01,Random Forest,0.116154938709,2
2022-09-02,Random Forest,0.0429012318703,2
2022-09-05,Random Forest,0.0803225054177,2
2022-09-06,Random Forest,0.0347204624305,2
2022-09-08,Random Forest,0.0497341435772,2
2022-09-09,Random Forest,0.0185016027028,2
2022-09-12,Random Forest,0.0604296712155,2
2022-09-13,Random Forest,0.0408763275695,2
2022-09-14,Random Forest,0.0655287829955,2
2022-09-15,Random Forest,0.076058708422,2
2022-09-16,Random Forest,0.0277820982979,2
2022-09-19,Random Forest,0.0738412755471,2
2022-09-20,Random Forest,0.0569707836066,2
2022-09-21,Random Forest,0.0807282068164,2
2022-09-22,Random Forest,0.113382261038,3
2022-09-23,Random Forest,0.0852529657011,3
2022-09-26,Random Forest,0.0551657122567,3
2022-09-27,Random Forest,0.0473169553281,3
2022-09-28,Random Forest,0.0697123858253,3
2022-09-29,Random Forest,-0.0059936309355,3
2022-09-30,Random Forest,0.0789482416063,3
2022-10-03,Random Forest,0.0547012142512,3
2022-10-04,Random Forest,0.0839537690786,3
2022-10-05,Random Forest,0.0482034751494,3
2022-10-06,Random Forest,0.0123511659488,3
2022-10-07,Random Forest,0.0674852605982,3
2022-10-10,Random Forest,0.0904900446392,3
2022-10-11,Random Forest,0.0437359872395,3
2022-10-13,Random Forest,-0.00945711020762,3
2022-10-14,Random Forest,0.058923141173,3
2022-10-17,Random Forest,0.0596761049869,3
2022-10-18,Random Forest,-0.0433765705329,3
2022-10-19,Random Forest,0.0660733367405,3
2022-10-20,Random Forest,0.098092505342,3
2022-10-21,Random Forest,0.00982737442861,3
2022-10-24,Random Forest,0.0787997060788,3
2022-10-25,Random Forest,0.0684616812716,3
2022-10-26,Random Forest,0.00477609735318,3
2022-10-27,Random Forest,0.0124472483548,3
2022-10-28,Random Forest,0.0512721205223,3
2022-10-31,Random Forest,0.0778797491163,3
2022-11-01,Random Forest,0.0385747315042,3
2022-11-03,Random Forest,0.00848434263564,3
2022-11-04,Random Forest,0.0423802920628,3
2022-11-07,Random Forest,0.0458788788895,3
2022-11-08,Random Forest,0.063933584475,3
2022-11-09,Random Forest,0.0916468316939,3
2022-11-10,Random Forest,0.0531627214559,3
2022-11-11,Random Forest,0.010955266908,3
2022-11-14,Random Forest,0.0451464664079,3
2022-11-16,Random Forest,0.076571715108,3
2022-11-17,Random Forest,0.0568750674946,3
2022-11-18,Random Forest,0.0602697326461,3
2022-11-21,Random Forest,-0.00809430402212,3
2022-11-22,Random Forest,0.034848011707,3
2022-11-23,Random Forest,0.0659786534068,3
2022-11-24,Random Forest,0.0420786892955,3
2022-11-25,Random Forest,0.0509374723925,3
2022-11-28,Random Forest,0.0811273956558,3
2022-11-29,Random Forest,0.0443425488673,3
2022-11-30,Random Forest,0.0840440443047,3
2022-12-01,Random Forest,0.0649767314383,3
2022-12-02,Random Forest,0.0425965574933,3
2022-12-05,Random Forest,-0.0104278959744,3
2022-12-06,Random Forest,0.0646571567208,3
2022-12-07,Random Forest,0.0201170151091,3
2022-12-08,Random Forest,0.0697122198997,3
2022-12-09,Random Forest,0.0395486259864,3
2022-12-12,Random Forest,0.103601438549,3
2022-12-13,Random Forest,0.0613802067889,3
2022-12-14,Random Forest,0.0493759161094,3
2022-12-15,Random Forest,0.0459559169219,3
2022-12-16,Random Forest,0.0493919583741,3
2022-12-19,Random Forest,-0.0148224253309,3
2022-12-20,Random Forest,0.0591920199443,3
2022-12-21,Random Forest,0.0422688636418,3
2022-12-22,Random Forest,0.0230914094537,3
2022-12-23,Random Forest,0.0489652788664,3
2022-12-26,Random Forest,-0.012057664155,3
2022-12-27,Random Forest,0.0862327885331,3
2022-12-28,Random Forest,0.0652415836297,3
2022-12-29,Random Forest,0.0564265102135,3
2023-01-02,Random Forest,0.0719772616552,3
2023-01-03,Random Forest,0.0799538545703,3
2023-01-04,Random Forest,0.0616624279292,3
2023-01-05,Random Forest,0.0469455929853,3
2023-01-06,Random Forest,0.028057232056,3
2023-01-09,Random Forest,0.065569603819,3
2023-01-10,Random Forest,0.0811265162389,3
2023-01-11,Random Forest,0.0512928345964,3
2023-01-12,Random Forest,0.0478392837552,3
2023-01-13,Random Forest,0.0350686929259,3
2023-01-16,Random Forest,0.0539530040193,3
2023-01-17,Random Forest,0.0682463120835,3
2023-01-18,Random Forest,0.036669260658,3
2023-01-19,Random Forest,0.028176954253,3
2023-01-20,Random Forest,0.0726089682865,3
2023-01-23,Random Forest,0.062030380767,3
2023-01-24,Random Forest,0.0304466295981,3
2023-01-25,Random Forest,0.0275961910031,3
2023-01-26,Random Forest,0.0498064298775,3
2023-01-27,Random Forest,0.0714077698022,3
2023-01-30,Random Forest,0.0535812351552,3
2023-01-31,Random Forest,0.00883748363131,3
2023-02-01,Random Forest,0.0413807566995,3
2023-02-02,Random Forest,0.0625221035905,3
2023-02-03,Random Forest,0.0541662493258,3
2023-02-06,Random Forest,0.0191590454841,3
2023-02-07,Random Forest,0.0405572100916,3
2023-02-08,Random Forest,0.0492752248134,3
2023-02-09,Random Forest,0.0558116572555,3
2023-02-10,Random Forest,0.0846169461154,3
2023-02-13,Random Forest,0.059860560366,3
2023-02-14,Random Forest,0.0570533096861,3
2023-02-15,Random Forest,0.0335712930667,3
2023-02-16,Random Forest,0.0501315918815,3
2023-02-17,Random Forest,0.0544650430563,3
2023-02-22,Random Forest,0.0621720894219,3
2023-02-23,Random Forest,0.0370135710376,3
2023-02-24,Random Forest,0.0654033459335,3
2023-02-27,Random Forest,0.0650177478736,3
2023-02-28,Random Forest,0.0814101206694,3
2023-03-01,Random Forest,0.0147027796093,3
2023-03-02,Random Forest,0.0196778258198,3
2023-03-03,Random Forest,0.0445067791294,3
2023-03-06,Random Forest,0.0718744416615,3
2023-03-07,Random Forest,0.0514208481839,3
2023-03-08,Random Forest,0.0329030537268,3
2023-03-09,Random Forest,0.0675605754881,3
2023-03-10,Random Forest,0.0679964585487,3
2023-03-13,Random Forest,0.0800097785574,3
2023-03-14,Random Forest,0.0460995503998,3
2023-03-15,Random Forest,0.0643812459045,3
2023-03-16,Random Forest,0.0433997272147,3
2023-03-17,Random Forest,0.0252638977502,3
2023-03-20,Random Forest,0.0272662489816,3
2023-03-21,Random Forest,0.0400513484717,3
2023-03-24,Random Forest,0.0387043360071,3
2023-03-27,Random Forest,0.0659135249461,3
2023-03-28,Random Forest,0.076592961533,3
2023-03-29,Random Forest,0.00282127139512,3
2023-03-30,Random Forest,0.0570295296968,3
2023-03-31,Random Forest,0.0697527918311,3
2023-04-03,Random Forest,0.069065670225,3
2023-04-04,Random Forest,0.0442561494172,3
2023-04-05,Random Forest,0.0535733339418,3
2023-04-06,Random Forest,0.0148127951577,3
2023-04-10,Random Forest,0.0696912550337,3
2023-04-11,Random Forest,0.0354048190769,3
2023-04-12,Random Forest,0.0147353383277,3
2023-04-13,Random Forest,0.0447504842665,3
2023-04-14,Random Forest,0.0189486763296,3
2023-04-17,Random Forest,0.0467737553464,3
2023-04-18,Random Forest,0.0662398584909,3
2023-04-19,Random Forest,0.0476464085878,3
2023-04-20,Random Forest,0.072036419601,3
2023-04-24,Random Forest,0.0673964216176,3
2023-04-25,Random Forest,0.0491312281702,3
2023-04-26,Random Forest,0.0565492629966,3
2023-04-27,Random Forest,0.0412027768124,3
2023-04-28,Random Forest,0.0794548012459,3
2023-05-02,Random Forest,0.0648233122931,3
2023-05-03,Random Forest,0.0773510249245,3
2023-05-04,Random Forest,0.0528394576682,3
2023-05-05,Random Forest,0.0658519317604,3
2023-05-08,Random Forest,0.0710082698815,3
2023-05-09,Random Forest,0.000586785687479,3
2023-05-10,Random Forest,0.0406309306492,3
2023-05-11,Random Forest,0.0615576366921,3
2023-05-12,Random Forest,0.0118104055554,3
2023-05-15,Random Forest,0.0648983744959,3
2023-05-16,Random Forest,0.0434178022743,3
2023-05-17,Random Forest,0.0794657945206,3
2023-05-18,Random Forest,0.0611134691484,3
2023-05-19,Random Forest,0.0383027339451,3
2023-05-22,Random Forest,0.0547478347075,3
2023-05-23,Random Forest,0.0591528233055,3
2023-05-24,Random Forest,0.0788027806319,3
2023-05-25,Random Forest,0.0582742198521,3
2023-05-26,Random Forest,0.0653425644307,3
2023-05-29,Random Forest,0.0632421128163,3
2023-05-30,Random Forest,0.054809803408,3
2023-05-31,Random Forest,0.0655940417445,3
2023-06-01,Random Forest,0.0439255581602,3
2023-06-02,Random Forest,0.0373323041798,3
2023-06-05,Random Forest,0.0674411623182,3
2023-06-06,Random Forest,0.0698241247597,3
2023-06-07,Random Forest,0.0558769954261,3
2023-06-09,Random Forest,0.0319903210416,3
2023-06-12,Random Forest,0.0421572413345,3
2023-06-13,Random Forest,0.0433261365094,3
2023-06-14,Random Forest,0.0362043781572,3
2023-06-15,Random Forest,0.0271694900555,3
2023-06-16,Random Forest,0.0456038950541,3
2023-06-19,Random Forest,0.0469561421763,3
2023-06-20,Random Forest,0.0536250319276,3
2023-06-21,Random Forest,0.0522976575962,3
2023-06-22,Random Forest,0.0428497452701,3
2023-06-23,Random Forest,0.0475441437607,3
2023-06-26,Random Forest,0.0662688135059,3
2023-06-27,Random Forest,0.0287927467874,3
2023-06-28,Random Forest,0.0318796180371,3
2023-06-29,Random Forest,0.0880015544743,3
2023-06-30,Random Forest,0.0921797148104,3
2023-07-03,Random Forest,0.0532565764573,3
2023-07-04,Random Forest,0.0584327984076,3
2023-07-05,Random Forest,0.0941021553224,3
2023-07-06,Random Forest,0.0512592116181,3
2023-07-07,Random Forest,0.0555635712436,3
2023-07-10,Random Forest,0.0525168584752,3
2023-07-11,Random Forest,0.0733508883829,3
2023-07-12,Random Forest,0.0690900841617,3
2023-07-13,Random Forest,0.0566729049984,3
2023-07-14,Random Forest,0.0289665251521,3
2023-07-17,Random Forest,0.0626623003613,3
2023-07-18,Random Forest,0.0756661153169,3
2023-07-19,Random Forest,0.0585350929867,3
2023-07-20,Random Forest,0.0393119439141,3
2023-07-21,Random Forest,0.0717435284913,3
2023-07-24,Random Forest,0.0501739837854,3
2023-07-25,Random Forest,0.0630084018505,3
2023-07-26,Random Forest,0.0654421774946,3
2023-07-27,Random Forest,0.0667705999978,3
2023-07-28,Random Forest,0.070961213208,3
2023-07-31,Random Forest,0.0587754682085,3
2023-08-01,Random Forest,0.0593060923787,3
2023-08-02,Random Forest,0.0718501013462,3
2023-08-03,Random Forest,0.0934470973061,3
2023-08-04,Random Forest,0.084124835186,3
2023-08-07,Random Forest,0.0628175742022,3
2023-08-08,Random Forest,0.0564567628823,3
2023-08-09,Random Forest,0.0795309632759,3
2023-08-10,Random Forest,0.00953103553855,3
2023-08-11,Random Forest,0.0740362278105,3
2023-08-14,Random Forest,0.0418031138061,3
2023-08-15,Random Forest,0.0610893883906,3
2023-08-16,Random Forest,0.0697348017754,3
2023-08-17,Random Forest,0.0746450196381,3
2023-08-18,Random Forest,0.0246082345801,3
2023-08-21,Random Forest,0.0594334801966,3
2023-08-22,Random Forest,0.0380578364013,3
2023-08-23,Random Forest,0.0624381755207,3
2023-08-24,Random Forest,0.0507655680392,3
2023-08-25,Random Forest,0.055739541838,3
2023-08-28,Random Forest,0.0415844580614,3
2023-08-29,Random Forest,0.0621686532051,3
2023-08-30,Random Forest,0.0220174157356,3
2023-08-31,Random Forest,0.1065608787,3
2023-09-01,Random Forest,0.0569095012755,3
2023-09-04,Random Forest,0.0563715698966,3
2023-09-05,Random Forest,0.0527830772494,3
2023-09-06,Random Forest,0.0739887019555,3
2023-09-08,Random Forest,0.0435997448272,3
2023-09-11,Random Forest,0.0639610300517,3
2023-09-12,Random Forest,0.0566979118509,3
2023-09-13,Random Forest,0.0626822720689,3
2023-09-14,Random Forest,0.0550403804609,3
2023-09-15,Random Forest,0.056241502288,3
2023-09-18,Random Forest,0.0617821749579,3
2023-09-19,Random Forest,0.0619804548969,3
2023-09-20,Random Forest,0.0839654102105,3
2023-09-21,Random Forest,0.10561170472,3
2023-09-22,Random Forest,0.0803849419922,3
2023-09-25,Random Forest,0.060359117705,3
2023-09-26,Random Forest,0.0840693016426,3
2023-09-27,Random Forest,0.108034307014,3
2023-09-28,Random Forest,0.0337337534879,3
2023-09-29,Random Forest,0.039706683782,3
2023-10-02,Random Forest,0.0701114692829,3
2023-10-03,Random Forest,0.0409022693742,3
2023-10-04,Random Forest,0.0780207875589,3
2023-10-05,Random Forest,0.067836827637,3
2023-10-06,Random Forest,0.0812212534965,3
2023-10-09,Random Forest,0.0677930870924,3
2023-10-10,Random Forest,0.0679133500194,3
2023-10-11,Random Forest,0.0348919738059,3
2023-10-13,Random Forest,0.0810880140986,3
2023-10-16,Random Forest,0.0657178336709,3
2023-10-17,Random Forest,0.0462218226864,3
2023-10-18,Random Forest,0.0510957492101,3
2023-10-19,Random Forest,0.069781728782,3
2023-10-20,Random Forest,0.054414328563,3
2023-10-23,Random Forest,0.0810571343929,3
2023-10-24,Random Forest,0.0502384540995,3
2023-10-25,Random Forest,0.0600405121266,3
2023-10-26,Random Forest,0.0582323880179,3
2023-10-27,Random Forest,0.0601471425864,3
2023-10-30,Random Forest,0.0876934890797,3
2023-10-31,Random Forest,0.0672460388404,3
2023-11-01,Random Forest,0.0595722975605,3
2023-11-03,Random Forest,0.0591275730334,3
2023-11-06,Random Forest,0.0737425061185,3
2023-11-07,Random Forest,0.0502787258417,3
2023-11-08,Random Forest,0.0651200194766,3
2023-11-09,Random Forest,0.0749422500279,3
2023-11-10,Random Forest,0.0647403050818,3
2023-11-13,Random Forest,0.0908528330492,3
2023-11-14,Random Forest,0.0332224685987,3
2023-11-16,Random Forest,0.0542017224931,3
2023-11-17,Random Forest,0.0887802295963,3
2023-11-20,Random Forest,0.0565449840896,3
2023-11-21,Random Forest,0.0792005092267,3
2023-11-22,Random Forest,0.070858727261,3
2023-11-23,Random Forest,0.0612823439087,3
2023-11-24,Random Forest,0.0330996125427,3
2023-11-27,Random Forest,0.0269649101431,3
2023-11-28,Random Forest,0.035820766545,3
2023-11-29,Random Forest,0.0344970370616,3
2023-11-30,Random Forest,0.0673541460606,3
2023-12-01,Random Forest,0.0859470183864,3
2023-12-04,Random Forest,0.0793922509387,3
2023-12-05,Random Forest,0.0458041840971,3
2023-12-06,Random Forest,0.0646032339028,3
2023-12-07,Random Forest,0.046773483827,3
2023-12-08,Random Forest,0.0453673944279,3
2023-12-11,Random Forest,0.0431574322039,3
2023-12-12,Random Forest,0.0767421463363,3
2023-12-13,Random Forest,0.0524949977031,3
2023-12-14,Random Forest,0.0712313743336,3
2023-12-15,Random Forest,0.094894205132,3
2023-12-18,Random Forest,0.0751570758063,3
2023-12-19,Random Forest,0.0380574606663,3
2023-12-20,Random Forest,0.0903789378785,3
2023-12-21,Random Forest,0.0743887318533,3
2023-12-22,Random Forest,0.0770988318737,3
2023-12-26,Random Forest,0.0657767660058,3
2023-12-27,Random Forest,0.0350687215465,3
2023-12-28,Random Forest,0.0736555139163,3
2024-01-02,Random Forest,0.0804589137134,3
2024-01-03,Random Forest,0.0601140342048,3
2024-01-04,Random Forest,0.0334731905437,3
2024-01-05,Random Forest,0.0467287736713,3
2024-01-08,Random Forest,0.0693331168175,3
2024-01-09,Random Forest,0.0741826395888,3
2024-01-10,Random Forest,0.110068860175,3
2024-01-11,Random Forest,0.0830166537621,3
2024-01-12,Random Forest,0.0448125024476,3
2024-01-15,Random Forest,0.0109070792735,3
2024-01-16,Random Forest,0.0609532776222,3
2024-01-17,Random Forest,0.0719145436024,3
2024-01-18,Random Forest,-0.00321616906852,3
2024-01-19,Random Forest,0.0342441762212,3
2024-01-22,Random Forest,0.0986794496421,3
2024-01-23,Random Forest,0.0617490063851,3
2024-01-24,Random Forest,0.0171180459791,3
2024-01-25,Random Forest,0.0531832456572,3
2024-01-26,Random Forest,0.0333510186338,3
2024-01-29,Random Forest,0.0646537094135,3
2024-01-30,Random Forest,0.0414061883974,3
2024-01-31,Random Forest,0.0494497268503,3
2024-02-01,Random Forest,0.0556901452686,3
2024-02-02,Random Forest,0.0936919186218,3
2024-02-05,Random Forest,0.0655736552692,3
2024-02-06,Random Forest,0.0206501858062,3
2024-02-07,Random Forest,0.0556632206662,3
2024-02-08,Random Forest,0.084226591306,3
2024-02-09,Random Forest,0.0593112239493,3
2024-02-14,Random Forest,0.0605447866565,3
2024-02-15,Random Forest,0.047166571664,3
2024-02-16,Random Forest,0.0261117986546,3
2024-02-19,Random Forest,0.0651427984085,3
2024-02-20,Random Forest,0.0412412051475,3
2024-02-21,Random Forest,0.0733623232828,3
2024-02-22,Random Forest,0.0770563717847,3
2024-02-23,Random Forest,0.0730334932456,3
2024-02-26,Random Forest,0.00961676830746,3
2024-02-27,Random Forest,0.0599396073648,3
2024-02-28,Random Forest,0.0985840218922,3
2024-02-29,Random Forest,0.0866715208936,3
2024-03-01,Random Forest,0.0844137625456,3
2024-03-04,Random Forest,0.0610269001591,3
2024-03-05,Random Forest,0.0648542941674,3
2024-03-06,Random Forest,0.0226261934307,3
2024-03-07,Random Forest,0.0460348500139,3
2024-03-08,Random Forest,0.0490504755009,3
2024-03-11,Random Forest,0.0787206138091,3
2024-03-12,Random Forest,0.0666736339905,3
2024-03-13,Random Forest,0.0627221000743,3
2024-03-14,Random Forest,0.067446535983,3
2024-03-15,Random Forest,0.0843282662635,3
2024-03-18,Random Forest,0.0486010532818,3
2024-03-19,Random Forest,0.0426759188622,3
2024-03-20,Random Forest,0.066895619092,3
2024-03-21,Random Forest,0.0528849012321,3
2024-03-22,Random Forest,0.0727724394384,3
2024-03-25,Random Forest,0.059183557879,3
2024-03-26,Random Forest,0.0868206292028,3
2024-03-27,Random Forest,0.0753814158732,3
2024-03-28,Random Forest,0.0423210755732,3
2024-04-01,Random Forest,0.0719264679274,3
2024-04-02,Random Forest,0.0777702579999,3
2024-04-03,Random Forest,0.0459995843389,3
2024-04-04,Random Forest,0.0507078671419,3
2024-04-05,Random Forest,0.0389361836322,3
2024-04-08,Random Forest,0.0322454146319,3
2024-04-09,Random Forest,0.0688083311388,3
2024-04-10,Random Forest,0.069164397134,3
2024-04-11,Random Forest,0.0586382562396,3
2024-04-12,Random Forest,0.0685506036196,3
2024-04-15,Random Forest,0.0228759486308,3
2024-04-16,Random Forest,0.0864286163414,3
2024-04-17,Random Forest,0.126176410138,3
2024-04-18,Random Forest,0.0320625968091,4
2024-04-19,Random Forest,0.060082826778,4
2024-04-22,Random Forest,0.0418871390167,4
2024-04-23,Random Forest,0.0321598138348,4
2024-04-24,Random Forest,0.0378373620553,4
2024-04-25,Random Forest,0.0493928787322,4
2024-04-26,Random Forest,0.0307212885831,4
2024-04-29,Random Forest,0.00648787121131,4
2024-04-30,Random Forest,0.0150203207255,4
2024-05-02,Random Forest,0.0147066120025,4
2024-05-03,Random Forest,0.0279589984189,4
2024-05-06,Random Forest,0.0430133790195,4
2024-05-07,Random Forest,-0.0104702741251,4
2024-05-08,Random Forest,0.0566676281514,4
2024-05-09,Random Forest,0.0182253138746,4
2024-05-10,Random Forest,0.0065908820816,4
2024-05-13,Random Forest,0.0355481775184,4
2024-05-14,Random Forest,0.0426673786013,4
2024-05-15,Random Forest,0.043011228016,4
2024-05-16,Random Forest,0.0263752728576,4
2024-05-17,Random Forest,0.0265193409282,4
2024-05-20,Random Forest,0.0312383194081,4
2024-05-21,Random Forest,0.00639801988434,4
2024-05-22,Random Forest,0.0322564007057,4
2024-05-23,Random Forest,0.0438823925649,4
2024-05-24,Random Forest,0.0196654892104,4
2024-05-27,Random Forest,0.0259563249456,4
2024-05-28,Random Forest,0.0338295164179,4
2024-05-29,Random Forest,0.0536575548221,4
2024-05-31,Random Forest,0.0431929905655,4
2024-06-03,Random Forest,0.020768219506,4
2024-06-04,Random Forest,0.0171100618814,4
2024-06-05,Random Forest,0.0429275364315,4
2024-06-06,Random Forest,0.0593861182459,4
2024-06-07,Random Forest,0.0410199174126,4
2024-06-10,Random Forest,0.0314116298167,4
2024-06-11,Random Forest,0.060999450916,4
2024-06-12,Random Forest,0.034701731533,4
2024-06-13,Random Forest,0.039027301492,4
2024-06-14,Random Forest,0.0454190568595,4
2024-06-17,Random Forest,0.0333815415078,4
2024-06-18,Random Forest,0.0478596772181,4
2024-06-19,Random Forest,0.0341409558916,4
2024-06-20,Random Forest,0.0432640583132,4
2024-06-21,Random Forest,0.0471718671082,4
2024-06-24,Random Forest,0.0212456397349,4
2024-06-25,Random Forest,0.0344864768488,4
2024-06-26,Random Forest,0.0767976935687,4
2024-06-27,Random Forest,0.0401920268147,4
2024-06-28,Random Forest,0.0060218711767,4
2024-07-01,Random Forest,0.0398273058139,4
2024-07-02,Random Forest,0.0655039550042,4
2024-07-03,Random Forest,0.000607898432565,4
2024-07-04,Random Forest,0.00316144286943,4
2024-07-05,Random Forest,0.0202887124395,4
2024-07-08,Random Forest,0.051847157726,4
2024-07-09,Random Forest,0.0468264404032,4
2024-07-10,Random Forest,0.0703705911651,4
2024-07-11,Random Forest,0.0177535493855,4
2024-07-12,Random Forest,0.0160105158337,4
2024-07-15,Random Forest,0.0469470119502,4
2024-07-16,Random Forest,0.0371306683414,4
2024-07-17,Random Forest,0.0472071213482,4
2024-07-18,Random Forest,0.0265612125576,4
2024-07-19,Random Forest,0.00496942951759,4
2024-07-22,Random Forest,0.0407408118141,4
2024-07-23,Random Forest,0.0404217516568,4
2024-07-24,Random Forest,0.0548927255345,4
2024-07-25,Random Forest,0.0392586715026,4
2024-07-26,Random Forest,0.044825590952,4
2024-07-29,Random Forest,0.0421835112916,4
2024-07-30,Random Forest,-0.0118047507702,4
2024-07-31,Random Forest,0.0567768677049,4
2024-08-01,Random Forest,0.0425238007824,4
2024-08-02,Random Forest,0.0201672673618,4
2024-08-05,Random Forest,0.0232778740928,4
2024-08-06,Random Forest,0.0746423245406,4
2024-08-07,Random Forest,0.0443445326918,4
2024-08-08,Random Forest,0.0430288291093,4
2024-08-09,Random Forest,0.0432509206414,4
2024-08-12,Random Forest,0.0444379225033,4
2024-08-13,Random Forest,0.0242331404214,4
2024-08-14,Random Forest,0.0481509533788,4
2024-08-15,Random Forest,0.00317054661633,4
2024-08-16,Random Forest,0.0137014393501,4
2024-08-19,Random Forest,0.0491836875443,4
2024-08-20,Random Forest,0.0352653616068,4
2024-08-21,Random Forest,0.0672232790678,4
2024-08-22,Random Forest,0.0571258950062,4
2024-08-23,Random Forest,0.0321327646683,4
2024-08-26,Random Forest,0.0272528120145,4
2024-08-27,Random Forest,0.035212957373,4
2024-08-28,Random Forest,0.0411316898637,4
2024-08-29,Random Forest,0.0304852905485,4
2024-08-30,Random Forest,0.0306989119702,4
2024-09-02,Random Forest,0.017182165353,4
2024-09-03,Random Forest,0.03913706616,4
2024-09-04,Random Forest,0.0299822068702,4
2024-09-05,Random Forest,0.0388277738176,4
2024-09-06,Random Forest,0.0212652424101,4
2024-09-09,Random Forest,0.0300971318865,4
2024-09-10,Random Forest,0.054318172114,4
2024-09-11,Random Forest,0.0223492752347,4
2024-09-12,Random Forest,0.0408069642563,4
2024-09-13,Random Forest,0.0493278586335,4
2024-09-16,Random Forest,0.0349354413172,4
2024-09-17,Random Forest,0.0142432107068,4
2024-09-18,Random Forest,0.023667656229,4
2024-09-19,Random Forest,0.0409667692059,4
2024-09-20,Random Forest,0.0601072865514,4
2024-09-23,Random Forest,0.0199902864834,4
2024-09-24,Random Forest,0.0308074052486,4
2024-09-25,Random Forest,0.0196875211333,4
2024-09-26,Random Forest,0.0659791209017,4
2024-09-27,Random Forest,0.0267296001289,4
2024-09-30,Random Forest,0.0439073212653,4
2024-10-01,Random Forest,0.0226736746147,4
2024-10-02,Random Forest,0.0380488996762,4
2024-10-03,Random Forest,0.0292128414347,4
2024-10-04,Random Forest,0.0347341563476,4
2024-10-07,Random Forest,0.0314907099148,4
2024-10-08,Random Forest,0.0428627737943,4
2024-10-09,Random Forest,0.0362761464961,4
2024-10-10,Random Forest,0.0625814756767,4
2024-10-11,Random Forest,0.0351314884361,4
2024-10-14,Random Forest,0.0444378567906,4
2024-10-15,Random Forest,0.0142629921536,4
2024-10-16,Random Forest,0.0627454173105,4
2024-10-17,Random Forest,0.0399978593921,4
2024-10-18,Random Forest,0.0782422193857,4
2024-10-21,Random Forest,0.0218404659765,4
2024-10-22,Random Forest,0.0435281952819,4
2024-10-23,Random Forest,0.0360271911055,4
2024-10-24,Random Forest,0.00595081243737,4
2024-10-25,Random Forest,0.0594192130556,4
2024-10-28,Random Forest,0.0415616697615,4
2024-10-29,Random Forest,0.0526267383081,4
2024-10-30,Random Forest,0.0468524342548,4
2024-10-31,Random Forest,0.0107831053853,4
2024-11-01,Random Forest,0.0339632415215,4
2024-11-04,Random Forest,0.0115412739615,4
2024-11-05,Random Forest,0.0303387423174,4
2024-11-06,Random Forest,0.0431634493439,4
2024-11-07,Random Forest,0.0482044409708,4
2024-11-08,Random Forest,0.00979941849079,4
2024-11-11,Random Forest,0.0306363451958,4
2024-11-12,Random Forest,0.0489779648349,4
2024-11-13,Random Forest,0.0351317194408,4
2024-11-14,Random Forest,0.0527522986923,4
2024-11-18,Random Forest,0.0415190630719,4
2024-11-19,Random Forest,0.0328060243324,4
2024-11-21,Random Forest,0.0424851223514,4
2024-11-22,Random Forest,0.0305182718681,4
2024-11-25,Random Forest,0.0500865283544,4
2024-11-26,Random Forest,0.0473066233257,4
2024-11-27,Random Forest,0.0630985197551,4
2024-11-28,Random Forest,0.0133516167348,4
2024-11-29,Random Forest,0.0535626155741,4
2024-12-02,Random Forest,0.0359880018368,4
2024-12-03,Random Forest,0.0301223847528,4
2024-12-04,Random Forest,0.0235649510279,4
2024-12-05,Random Forest,0.0300828134312,4
2024-12-06,Random Forest,0.0419075101892,4
2024-12-09,Random Forest,0.0389545708587,4
2024-12-10,Random Forest,0.0642587485914,4
2024-12-11,Random Forest,0.0470897973934,4
2024-12-12,Random Forest,0.0637677582705,4
2024-12-13,Random Forest,0.0343513302012,4
2024-12-16,Random Forest,0.0407650222211,4
2024-12-17,Random Forest,0.0507120679194,4
2024-12-18,Random Forest,0.0787769413403,4
2024-12-19,Random Forest,0.0587224102147,4
2024-12-20,Random Forest,0.0779893873762,4
2024-12-23,Random Forest,0.0484135235933,4
2024-12-26,Random Forest,0.0880189428142,4
2024-12-27,Random Forest,0.0105015704157,4
2024-12-30,Random Forest,0.0421066016947,4
2025-01-02,Random Forest,0.054433230657,4
2025-01-03,Random Forest,0.0576563355004,4
2025-01-06,Random Forest,0.0353028122189,4
2025-01-07,Random Forest,0.0359979693805,4
2025-01-08,Random Forest,0.0544272944318,4
2025-01-09,Random Forest,0.0337257187012,4
2025-01-10,Random Forest,0.0276198794093,4
2025-01-13,Random Forest,0.0390923597424,4
2025-01-14,Random Forest,0.0269156354292,4
2025-01-15,Random Forest,0.0360998325852,4
2025-01-16,Random Forest,0.0581938433163,4
2025-01-17,Random Forest,0.0440508600085,4
2025-01-20,Random Forest,0.0546159760499,4
2025-01-21,Random Forest,0.0309556529938,4
2025-01-22,Random Forest,0.0103931474323,4
2025-01-23,Random Forest,0.0602327866377,4
2025-01-24,Random Forest,0.0208131968718,4
2025-01-27,Random Forest,0.0465966540582,4
2025-01-28,Random Forest,0.0455765858025,4
2025-01-29,Random Forest,0.0092977157909,4
2025-01-30,Random Forest,0.0212345650292,4
2025-01-31,Random Forest,0.0211202336066,4
2025-02-03,Random Forest,0.0450599356943,4
2025-02-04,Random Forest,0.0119093616338,4
2025-02-05,Random Forest,0.0213645880937,4
2025-02-06,Random Forest,0.026286573864,4
2025-02-07,Random Forest,0.0294156542446,4
2025-02-10,Random Forest,0.0221234874279,4
2025-02-11,Random Forest,0.0336972532405,4
2025-02-12,Random Forest,0.0446653511201,4
2025-02-13,Random Forest,0.0153000492145,4
2025-02-14,Random Forest,0.0501551156297,4
2025-02-17,Random Forest,0.0486582623105,4
2025-02-18,Random Forest,0.0148402907116,4
2025-02-19,Random Forest,0.0544389378261,4
2025-02-20,Random Forest,0.0316351508352,4
2025-02-21,Random Forest,0.028880001484,4
2025-02-24,Random Forest,0.0129766194945,4
2025-02-25,Random Forest,0.0413152939467,4
2025-02-26,Random Forest,0.0105080406778,4
2025-02-27,Random Forest,0.0185937054875,4
2025-02-28,Random Forest,0.017742357626,4
2025-03-05,Random Forest,0.0265552290754,4
2025-03-06,Random Forest,0.0420271898878,4
2025-03-07,Random Forest,0.0358460372296,4
2025-03-10,Random Forest,0.0460930397349,4
2025-03-11,Random Forest,0.0345182836686,4
2025-03-12,Random Forest,0.0510407015569,4
2025-03-13,Random Forest,0.0528736760556,4
2025-03-14,Random Forest,0.0199192250112,4
2025-03-17,Random Forest,0.0554052946561,4
2025-03-18,Random Forest,0.0399292083841,4
2025-03-19,Random Forest,0.0259734642526,4
2025-03-20,Random Forest,0.0434846769364,4
2025-03-21,Random Forest,-0.000559359355495,4
2025-03-24,Random Forest,0.0152862931362,4
2025-03-25,Random Forest,0.0333475583805,4
2025-03-26,Random Forest,0.0431731270274,4
2025-03-27,Random Forest,0.0252932995045,4
2025-03-28,Random Forest,0.0529227901211,4
2025-03-31,Random Forest,0.0252598530724,4
2025-04-01,Random Forest,0.0332806121947,4
2025-04-02,Random Forest,0.0334555857603,4
2025-04-03,Random Forest,0.0319506157461,4
2025-04-04,Random Forest,0.0433825810135,4
2025-04-07,Random Forest,0.045343688039,4
2025-04-08,Random Forest,0.0349912684385,4
2025-04-09,Random Forest,0.0223525638175,4
2025-04-10,Random Forest,-0.00530569355791,4
2025-04-11,Random Forest,0.0345627736724,4
2025-04-14,Random Forest,0.0135483376948,4
2025-04-15,Random Forest,0.0180886474943,4
2025-04-16,Random Forest,0.0402445596957,4
2025-04-17,Random Forest,0.0265092089207,4
2025-04-22,Random Forest,0.0373320410668,4
2025-04-23,Random Forest,0.0580637219322,4
2025-04-24,Random Forest,0.0479632573336,4
2025-04-25,Random Forest,0.0258681515782,4
2025-04-28,Random Forest,0.0270168646312,4
2025-04-29,Random Forest,-0.00766667326232,4
2025-04-30,Random Forest,0.0344070678825,4
2025-05-02,Random Forest,0.0246546596296,4
2025-05-05,Random Forest,0.0169833627683,4
2025-05-06,Random Forest,0.00473312025959,4
2025-05-07,Random Forest,0.0589961389562,4
2025-05-08,Random Forest,0.0349165360473,4
2025-05-09,Random Forest,0.038435989386,4
2025-05-12,Random Forest,0.0135628754041,4
2025-05-13,Random Forest,0.0374187200624,4
2025-05-14,Random Forest,0.0475786308068,4
2025-05-15,Random Forest,0.0311423005625,4
2025-05-16,Random Forest,0.00592326395594,4
2025-05-19,Random Forest,0.0050846097788,4
2025-05-20,Random Forest,0.066181652132,4
2025-05-21,Random Forest,0.0335496296574,4
2025-05-22,Random Forest,0.0355572541335,4
2025-05-23,Random Forest,0.0151794853415,4
2025-05-26,Random Forest,0.0105181019465,4
2025-05-27,Random Forest,0.0331415585068,4
2025-05-28,Random Forest,0.0438624233178,4
2025-05-29,Random Forest,0.0561995971473,4
2025-05-30,Random Forest,0.0203216121834,4
2025-06-02,Random Forest,0.0306383493376,4
2025-06-03,Random Forest,0.0322370784459,4
2025-06-04,Random Forest,0.0239465046206,4
2025-06-05,Random Forest,0.0442271812716,4
2025-06-06,Random Forest,0.0464088922081,4
2025-06-09,Random Forest,0.0175920587168,4
2025-06-10,Random Forest,0.0163776884848,4
2025-06-11,Random Forest,0.0325011841095,4
2025-06-12,Random Forest,0.0280795484973,4
2025-06-13,Random Forest,0.0174193527344,4
2025-07-02,Random Forest,0.0255490924346,4
2025-07-03,Random Forest,0.048172090429,4
2025-07-04,Random Forest,0.0518945882848,4
2025-07-07,Random Forest,0.0629665595381,4
2025-07-08,Random Forest,0.0129939127618,4
2025-07-09,Random Forest,0.0415019106896,4
2025-07-10,Random Forest,0.0439263640658,4
2025-07-11,Random Forest,0.0362279975046,4
2025-07-14,Random Forest,0.0305858949306,4
2025-07-15,Random Forest,0.0136045839307,4
2025-07-16,Random Forest,0.0269782921747,4
2025-07-17,Random Forest,0.0123802848282,4
2025-07-18,Random Forest,0.0630053567725,4
2025-07-21,Random Forest,0.0212834870367,4
2025-07-22,Random Forest,0.0376454216092,4
2025-07-23,Random Forest,0.0239980141192,4
2025-07-24,Random Forest,0.0463495117714,4
2025-07-25,Random Forest,0.0128815270921,4
2025-07-28,Random Forest,0.0379279576301,4
2025-07-29,Random Forest,0.0444242845472,4
2025-07-30,Random Forest,0.0278689914729,4
2025-07-31,Random Forest,0.0645611121888,4
2025-08-01,Random Forest,0.0234338915694,4
2025-08-04,Random Forest,0.0253113240796,4
2025-08-05,Random Forest,0.0457745116077,4
2025-08-06,Random Forest,0.0283842027953,4
2025-08-07,Random Forest,0.0525419164309,4
2025-08-08,Random Forest,0.0432616912232,4
2025-08-11,Random Forest,0.0413977031181,4
2025-08-12,Random Forest,0.0337830413435,4
2025-08-13,Random Forest,0.0218048386442,4
2025-08-14,Random Forest,0.0262343671532,4
2025-08-15,Random Forest,0.037537678275,4
2025-08-18,Random Forest,0.0511340867905,4
2025-08-19,Random Forest,0.0720692533643,4
2025-08-20,Random Forest,0.047828650808,4
2025-08-21,Random Forest,0.0257224279652,4
2025-08-22,Random Forest,0.00598166142989,4
2025-08-25,Random Forest,0.0241639343913,4
2025-08-26,Random Forest,0.0150369769014,4
2025-08-27,Random Forest,0.0408470530576,4
2025-08-28,Random Forest,0.0402531063493,4
2025-08-29,Random Forest,0.0253323049256,4
2025-09-01,Random Forest,0.0252617134699,4
2025-09-02,Random Forest,0.0310585623326,4
2025-09-03,Random Forest,0.0350378733753,4
2025-09-04,Random Forest,0.0193215713832,4
2025-09-05,Random Forest,0.0266200419789,4
2025-09-08,Random Forest,0.042517593813,4
2025-09-09,Random Forest,0.0646519841007,4
2025-09-10,Random Forest,0.0435963223027,4
2025-09-11,Random Forest,0.0315728889484,4
2025-09-12,Random Forest,0.00777825253085,4
2025-09-15,Random Forest,0.0564738563282,4
2025-09-16,Random Forest,0.0273750450726,4
2025-09-17,Random Forest,0.0297899384606,4
2025-09-18,Random Forest,0.0200630727635,4
2025-09-19,Random Forest,0.0358718229118,4
2025-09-22,Random Forest,0.0353812777838,4
2025-09-23,Random Forest,0.0337316900403,4
2025-09-24,Random Forest,0.0985195908006,4
2025-09-25,Random Forest,-0.00196968963911,4
2025-09-26,Random Forest,0.0115397842543,4
2025-09-29,Random Forest,0.0143753973282,4
2025-09-30,Random Forest,0.0474613217853,4
2025-10-01,Random Forest,0.0187035200096,4
2025-10-02,Random Forest,0.0390599105789,4
2025-10-03,Random Forest,0.0347283063744,4
2025-10-06,Random Forest,0.0476474226752,4
2025-10-07,Random Forest,0.0422723572902,4
2025-10-08,Random Forest,0.0278837005361,4
2025-10-09,Random Forest,0.0590207354336,4
2025-10-10,Random Forest,0.0232628365865,4
2025-10-13,Random Forest,0.034132360907,4
2025-10-14,Random Forest,0.0279191368381,4
2025-10-15,Random Forest,0.0604916881136,4
2025-10-16,Random Forest,0.0388150716783,4
2025-10-17,Random Forest,0.042767717955,4
2025-10-20,Random Forest,0.0187299143812,4
2025-10-21,Random Forest,0.0482859044803,4
2025-10-22,Random Forest,0.0410702914593,4
2025-10-23,Random Forest,0.0376163415943,4
2025-10-24,Random Forest,0.0564283985224,4
2025-10-27,Random Forest,0.0638853634932,4
2025-10-28,Random Forest,0.0477092012364,4
2025-10-29,Random Forest,0.0846236554536,4
2025-10-30,Random Forest,0.0572034735082,4
2025-10-31,Random Forest,0.0291958606058,4
2025-11-03,Random Forest,0.048075172628,4
2025-11-04,Random Forest,0.0363911809723,4
2025-11-05,Random Forest,0.0436054750299,4
2025-11-06,Random Forest,0.0349719162292,4
2025-11-07,Random Forest,0.0401787160158,4
2025-11-10,Random Forest,0.0354651158983,4
2025-11-11,Random Forest,0.0263229488461,4
2025-11-12,Random Forest,0.00632113831988,4
2025-11-13,Random Forest,0.0265131015824,4
2025-11-14,Random Forest,0.0435101462683,4
2025-11-17,Random Forest,0.0143448774557,4
