retorno_de,dia,sentimento,retorno,r,ic95_inferior,ic95_superior,bloco_bootstrap,reamostragens,intercepto,inclinacao,n
mesmo dia (D−1→D),2019-08-05,-0.00755062022144,-0.0250891170111,-0.127402891899,-0.177279589144,-0.0841282954941,11,2000,0.000447828629612,-0.0294220886534,1341
mesmo dia (D−1→D),2019-08-06,-0.025277696349,0.0206397730224,-0.127402891899,-0.177279589144,-0.0841282954941,11,2000,0.000447828629612,-0.0294220886534,1341
mesmo dia (D−1→D),2019-08-07,0.0206649902457,0.00604909752946,-0.127402891899,-0.177279589144,-0.0841282954941,11,2000,0.000447828629612,-0.0294220886534,1341
mesmo dia (D−1→D),2019-08-08,-0.0711428352616,0.0129691969411,-0.127402891899,-0.177279589144,-0.0841282954941,11,2000,0.000447828629612,-0.0294220886534,1341
mesmo dia (D−1→D),2019-08-09,-0.0426969895902,-0.00114296691159,-0.127402891899,-0.177279589144,-0.0841282954941,11,2000,0.000447828629612,-0.0294220886534,1341
mesmo dia (D−1→D),2019-08-12,0.0930441328566,-0.0200103850148,-0.127402891899,-0.177279589144,-0.0841282954941,11,2000,0.000447828629612,-0.0294220886534,1341
mesmo dia (D−1→D),2019-08-13,0.00407927628554,0.013579944071,-0.127402891899,-0.177279589144,-0.0841282954941,11,2000,0.000447828629612,-0.0294220886534,1341
mesmo dia (D−1→D),2019-08-14,-0.000528577297172,-0.0294388135413,-0.127402891899,-0.177279589144,-0.0841282954941,11,2000,0.000447828629612,-0.0294220886534,1341
mesmo dia (D−1→D),2019-08-15,0.0234534814916,-0.0119790939376,-0.127402891899,-0.177279589144,-0.0841282954941,11,2000,0.000447828629612,-0.0294220886534,1341
mesmo dia (D−1→D),2019-08-16,-0.00769482013899,0.00756130308812,-0.127402891899,-0.177279589144,-0.0841282954941,11,2000,0.000447828629612,-0.0294220886534,1341
mesmo dia (D−1→D),2019-08-19,-0.010721159033,-0.00337655050799,-0.127402891899,-0.177279589144,-0.0841282954941,11,2000,0.000447828629612,-0.0294220886534,1341
mesmo dia (D−1→D),2019-08-20,-0.0224654362102,-0.00248318571615,-0.127402891899,-0.177279589144,-0.0841282954941,11,2000,0.000447828629612,-0.0294220886534,1341
mesmo dia (D−1→D),2019-08-21,-0.00291114442503,0.0199552518595,-0.127402891899,-0.177279589144,-0.0841282954941,11,2000,0.000447828629612,-0.0294220886534,1341
mesmo dia (D−1→D),2019-08-22,-0.00982370053619,-0.0117685421237,-0.127402891899,-0.177279589144,-0.0841282954941,11,2000,0.000447828629612,-0.0294220886534,1341
mesmo dia (D−1→D),2019-08-23,0.0398518791276,-0.0234374218836,-0.127402891899,-0.177279589144,-0.0841282954941,11,2000,0.000447828629612,-0.0294220886534,1341
mesmo dia (D−1→D),2019-08-26,0.0811002229605,-0.0126654857833,-0.127402891899,-0.177279589144,-0.0841282954941,11,2000,0.000447828629612,-0.0294220886534,1341
mesmo dia (D−1→D),2019-08-27,0.0752687884923,0.00877320335995,-0.127402891899,-0.177279589144,-0.0841282954941,11,2000,0.000447828629612,-0.0294220886534,1341
mesmo dia (D−1→D),2019-08-28,0.0287023914093,0.00943706566882,-0.127402891899,-0.177279589144,-0.0841282954941,11,2000,0.000447828629612,-0.0294220886534,1341
mesmo dia (D−1→D),2019-08-29,-0.0131124113663,0.0237285373852,-0.127402891899,-0.177279589144,-0.0841282954941,11,2000,0.000447828629612,-0.0294220886534,1341
mesmo dia (D−1→D),2019-08-30,-0.0468489672137,0.00607815049142,-0.127402891899,-0.177279589144,-0.0841282954941,11,2000,0.000447828629612,-0.0294220886534,1341
mesmo dia (D−1→D),2019-09-02,0.0123307257969,-0.00503287684778,-0.127402891899,-0.177279589144,-0.0841282954941,11,2000,0.000447828629612,-0.0294220886534,1341
mesmo dia (D−1→D),2019-09-03,-0.0390259017739,-0.00939121101902,-0.127402891899,-0.177279589144,-0.0841282954941,11,2000,0.000447828629612,-0.0294220886534,1341
mesmo dia (D−1→D),2019-09-04,-0.0181085659603,0.0152486431717,-0.127402891899,-0.177279589144,-0.0841282954941,11,2000,0.000447828629612,-0.0294220886534,1341
mesmo dia (D−1→D),2019-09-05,-0.079312492095,0.0102963409452,-0.127402891899,-0.177279589144,-0.0841282954941,11,2000,0.000447828629612,-0.0294220886534,1341
mesmo dia (D−1→D),2019-09-06,-0.0403988868602,0.00676818950931,-0.127402891899,-0.177279589144,-0.0841282954941,11,2000,0.000447828629612,-0.0294220886534,1341
mesmo dia (D−1→D),2019-09-09,-0.0526354515503,0.00238985767717,-0.127402891899,-0.177279589144,-0.0841282954941,11,2000,0.000447828629612,-0.0294220886534,1341
mesmo dia (D−1→D),2019-09-10,-0.0173461421054,-0.00144406431417,-0.127402891899,-0.177279589144,-0.0841282954941,11,2000,0.000447828629612,-0.0294220886534,1341
mesmo dia (D−1→D),2019-09-11,0.0201924974697,0.00401816911251,-0.127402891899,-0.177279589144,-0.0841282954941,11,2000,0.000447828629612,-0.0294220886534,1341
mesmo dia (D−1→D),2019-09-12,-0.132456702989,0.00894186338766,-0.127402891899,-0.177279589144,-0.0841282954941,11,2000,0.000447828629612,-0.0294220886534,1341
mesmo dia (D−1→D),2019-09-13,-0.0227048473104,-0.00833564879133,-0.127402891899,-0.177279589144,-0.0841282954941,11,2000,0.000447828629612,-0.0294220886534,1341
mesmo dia (D−1→D),2019-09-16,0.0351769019639,0.00172945188935,-0.127402891899,-0.177279589144,-0.0841282954941,11,2000,0.000447828629612,-0.0294220886534,1341
mesmo dia (D−1→D),2019-09-17,0.00237337395107,0.00903742283951,-0.127402891899,-0.177279589144,-0.0841282954941,11,2000,0.000447828629612,-0.0294220886534,1341
mesmo dia (D−1→D),2019-09-18,0.0208466863134,-0.000812487454238,-0.127402891899,-0.177279589144,-0.0841282954941,11,2000,0.000447828629612,-0.0294220886534,1341
mesmo dia (D−1→D),2019-09-19,-0.0490906033023,-0.00184632457047,-0.127402891899,-0.177279589144,-0.0841282954941,11,2000,0.000447828629612,-0.0294220886534,1341
mesmo dia (D−1→D),2019-09-20,-0.0301589306012,0.00458122082826,-0.127402891899,-0.177279589144,-0.0841282954941,11,2000,0.000447828629612,-0.0294220886534,1341
mesmo dia (D−1→D),2019-09-23,0.0539844693344,-0.00170773824857,-0.127402891899,-0.177279589144,-0.0841282954941,11,2000,0.000447828629612,-0.0294220886534,1341
mesmo dia (D−1→D),2019-09-24,0.0352866867885,-0.00728224927846,-0.127402891899,-0.177279589144,-0.0841282954941,11,2000,0.000447828629612,-0.0294220886534,1341
mesmo dia (D−1→D),2019-09-25,0.0119140400256,0.00582425199276,-0.127402891899,-0.177279589144,-0.0841282954941,11,2000,0.000447828629612,-0.0294220886534,1341
mesmo dia (D−1→D),2019-09-26,-0.00965085202939,0.00802059704635,-0.127402891899,-0.177279589144,-0.0841282954941,11,2000,0.000447828629612,-0.0294220886534,1341
mesmo dia (D−1→D),2019-09-27,0.0726272329988,-0.00228828606424,-0.127402891899,-0.177279589144,-0.0841282954941,11,2000,0.000447828629612,-0.0294220886534,1341
mesmo dia (D−1→D),2019-09-30,0.0190518681195,-0.00316907440187,-0.127402891899,-0.177279589144,-0.0841282954941,11,2000,0.000447828629612,-0.0294220886534,1341
mesmo dia (D−1→D),2019-10-01,-0.0931967173839,-0.00660652059764,-0.127402891899,-0.177279589144,-0.0841282954941,11,2000,0.000447828629612,-0.0294220886534,1341
mesmo dia (D−1→D),2019-10-02,0.0387512225272,-0.0290428916033,-0.127402891899,-0.177279589144,-0.0841282954941,11,2000,0.000447828629612,-0.0294220886534,1341
mesmo dia (D−1→D),2019-10-03,-0.0670625940634,0.00480050677515,-0.127402891899,-0.177279589144,-0.0841282954941,11,2000,0.000447828629612,-0.0294220886534,1341
mesmo dia (D−1→D),2019-10-04,-0.0286067646393,0.0101954371725,-0.127402891899,-0.177279589144,-0.0841282954941,11,2000,0.000447828629612,-0.0294220886534,1341
mesmo dia (D−1→D),2019-10-07,0.00292399485416,-0.0192879640374,-0.127402891899,-0.177279589144,-0.0841282954941,11,2000,0.000447828629612,-0.0294220886534,1341
mesmo dia (D−1→D),2019-10-08,-0.0490789330862,-0.00588627166337,-0.127402891899,-0.177279589144,-0.0841282954941,11,2000,0.000447828629612,-0.0294220886534,1341
mesmo dia (D−1→D),2019-10-09,-0.0675379498523,0.0126824096578,-0.127402891899,-0.177279589144,-0.0841282954941,11,2000,0.000447828629612,-0.0294220886534,1341
mesmo dia (D−1→D),2019-10-10,-0.0768782917612,0.00560993194995,-0.127402891899,-0.177279589144,-0.0841282954941,11,2000,0.000447828629612,-0.0294220886534,1341
mesmo dia (D−1→D),2019-10-11,-0.0902014821723,0.0197904082815,-0.127402891899,-0.177279589144,-0.0841282954941,11,2000,0.000447828629612,-0.0294220886534,1341
mesmo dia (D−1→D),2019-10-14,-0.0281094263203,0.00452654287695,-0.127402891899,-0.177279589144,-0.0841282954941,11,2000,0.000447828629612,-0.0294220886534,1341
mesmo dia (D−1→D),2019-10-15,-0.0650162550103,0.00180245824625,-0.127402891899,-0.177279589144,-0.0841282954941,11,2000,0.000447828629612,-0.0294220886534,1341
mesmo dia (D−1→D),2019-10-16,0.0039006130669,0.00892908412288,-0.127402891899,-0.177279589144,-0.0841282954941,11,2000,0.000447828629612,-0.0294220886534,1341
mesmo dia (D−1→D),2019-10-17,0.0744348734477,-0.00386063762177,-0.127402891899,-0.177279589144,-0.0841282954941,11,2000,0.000447828629612,-0.0294220886534,1341
mesmo dia (D−1→D),2019-10-18,0.0127567460343,-0.00273291688886,-0.127402891899,-0.177279589144,-0.0841282954941,11,2000,0.000447828629612,-0.0294220886534,1341
mesmo dia (D−1→D),2019-10-21,0.0478311510785,0.0123461505409,-0.127402891899,-0.177279589144,-0.0841282954941,11,2000,0.000447828629612,-0.0294220886534,1341
mesmo dia (D−1→D),2019-10-22,0.0918800038336,0.0128180943578,-0.127402891899,-0.177279589144,-0.0841282954941,11,2000,0.000447828629612,-0.0294220886534,1341
mesmo dia (D−1→D),2019-10-23,-0.0304411053108,0.00151795941554,-0.127402891899,-0.177279589144,-0.0841282954941,11,2000,0.000447828629612,-0.0294220886534,1341
mesmo dia (D−1→D),2019-10-24,-0.068119674313,-0.00518857397902,-0.127402891899,-0.177279589144,-0.0841282954941,11,2000,0.000447828629612,-0.0294220886534,1341
mesmo dia (D−1→D),2019-10-25,0.0608567646901,0.00353317256463,-0.127402891899,-0.177279589144,-0.0841282954941,11,2000,0.000447828629612,-0.0294220886534,1341
mesmo dia (D−1→D),2019-10-28,0.0436206447313,0.00766551171715,-0.127402891899,-0.177279589144,-0.0841282954941,11,2000,0.000447828629612,-0.0294220886534,1341
mesmo dia (D−1→D),2019-10-29,-0.0269940833701,-0.00583249373769,-0.127402891899,-0.177279589144,-0.0841282954941,11,2000,0.000447828629612,-0.0294220886534,1341
mesmo dia (D−1→D),2019-10-30,0.0213254243049,0.00792145487002,-0.127402891899,-0.177279589144,-0.0841282954941,11,2000,0.000447828629612,-0.0294220886534,1341
mesmo dia (D−1→D),2019-10-31,0.103528624857,-0.0109586008413,-0.127402891899,-0.177279589144,-0.0841282954941,11,2000,0.000447828629612,-0.0294220886534,1341
mesmo dia (D−1→D),2019-11-01,0.0596207086566,0.00910277933221,-0.127402891899,-0.177279589144,-0.0841282954941,11,2000,0.000447828629612,-0.0294220886534,1341
mesmo dia (D−1→D),2019-11-04,-0.00350619257844,0.00374320677289,-0.127402891899,-0.177279589144,-0.0841282954941,11,2000,0.000447828629612,-0.0294220886534,1341
mesmo dia (D−1→D),2019-11-05,0.070022015106,-0.00138120275136,-0.127402891899,-0.177279589144,-0.0841282954941,11,2000,0.000447828629612,-0.0294220886534,1341
mesmo dia (D−1→D),2019-11-06,0.0683904709537,-0.00106038671843,-0.127402891899,-0.177279589144,-0.0841282954941,11,2000,0.000447828629612,-0.0294220886534,1341
mesmo dia (D−1→D),2019-11-07,0.0197837093354,0.0114920248117,-0.127402891899,-0.177279589144,-0.0841282954941,11,2000,0.000447828629612,-0.0294220886534,1341
mesmo dia (D−1→D),2019-11-08,-6.68680544773e-05,-0.0178133070514,-0.127402891899,-0.177279589144,-0.0841282954941,11,2000,0.000447828629612,-0.0294220886534,1341
mesmo dia (D−1→D),2019-11-11,0.074085496658,0.00544462923561,-0.127402891899,-0.177279589144,-0.0841282954941,11,2000,0.000447828629612,-0.0294220886534,1341
mesmo dia (D−1→D),2019-11-12,0.0178764627827,-0.0132144342282,-0.127402891899,-0.177279589144,-0.0841282954941,11,2000,0.000447828629612,-0.0294220886534,1341
mesmo dia (D−1→D),2019-11-13,0.0460852892167,-0.00815657629817,-0.127402891899,-0.177279589144,-0.0841282954941,11,2000,0.000447828629612,-0.0294220886534,1341
mesmo dia (D−1→D),2019-11-14,0.0794272514578,0.00607096323432,-0.127402891899,-0.177279589144,-0.0841282954941,11,2000,0.000447828629612,-0.0294220886534,1341
mesmo dia (D−1→D),2019-11-18,0.0332737729077,-0.00197077620428,-0.127402891899,-0.177279589144,-0.0841282954941,11,2000,0.000447828629612,-0.0294220886534,1341
mesmo dia (D−1→D),2019-11-19,0.186180389733,-0.00685491833338,-0.127402891899,-0.177279589144,-0.0841282954941,11,2000,0.000447828629612,-0.0294220886534,1341
mesmo dia (D−1→D),2019-11-21,-0.0231498980351,0.0177905281297,-0.127402891899,-0.177279589144,-0.0841282954941,11,2000,0.000447828629612,-0.0294220886534,1341
mesmo dia (D−1→D),2019-11-22,0.0863564945802,0.0111165893002,-0.127402891899,-0.177279589144,-0.0841282954941,11,2000,0.000447828629612,-0.0294220886534,1341
mesmo dia (D−1→D),2019-11-25,0.0432546566007,-0.00246568284694,-0.127402891899,-0.177279589144,-0.0841282954941,11,2000,0.000447828629612,-0.0294220886534,1341
mesmo dia (D−1→D),2019-11-26,0.0934781032633,-0.0125894635874,-0.127402891899,-0.177279589144,-0.0841282954941,11,2000,0.000447828629612,-0.0294220886534,1341
mesmo dia (D−1→D),2019-11-27,0.00367255211963,0.00606207791965,-0.127402891899,-0.177279589144,-0.0841282954941,11,2000,0.000447828629612,-0.0294220886534,1341
mesmo dia (D−1→D),2019-11-28,-0.0372248110521,0.00540349834738,-0.127402891899,-0.177279589144,-0.0841282954941,11,2000,0.000447828629612,-0.0294220886534,1341
mesmo dia (D−1→D),2019-11-29,0.0756206470762,-0.000526364391911,-0.127402891899,-0.177279589144,-0.0841282954941,11,2000,0.000447828629612,-0.0294220886534,1341
mesmo dia (D−1→D),2019-12-02,-0.00721630677317,0.00765016215018,-0.127402891899,-0.177279589144,-0.0841282954941,11,2000,0.000447828629612,-0.0294220886534,1341
mesmo dia (D−1→D),2019-12-03,0.106004720249,-0.000962763957785,-0.127402891899,-0.177279589144,-0.0841282954941,11,2000,0.000447828629612,-0.0294220886534,1341
mesmo dia (D−1→D),2019-12-04,0.058739739105,0.012344432615,-0.127402891899,-0.177279589144,-0.0841282954941,11,2000,0.000447828629612,-0.0294220886534,1341
mesmo dia (D−1→D),2019-12-05,0.0263041235886,0.00291021840237,-0.127402891899,-0.177279589144,-0.0841282954941,11,2000,0.000447828629612,-0.0294220886534,1341
mesmo dia (D−1→D),2019-12-06,0.0232671874099,0.00455605575744,-0.127402891899,-0.177279589144,-0.0841282954941,11,2000,0.000447828629612,-0.0294220886534,1341
mesmo dia (D−1→D),2019-12-09,0.00906801305959,-0.00134082033008,-0.127402891899,-0.177279589144,-0.0841282954941,11,2000,0.000447828629612,-0.0294220886534,1341
mesmo dia (D−1→D),2019-12-10,-0.121967005208,-0.00274831721888,-0.127402891899,-0.177279589144,-0.0841282954941,11,2000,0.000447828629612,-0.0294220886534,1341
mesmo dia (D−1→D),2019-12-11,-0.0437196913008,0.00263842706376,-0.127402891899,-0.177279589144,-0.0841282954941,11,2000,0.000447828629612,-0.0294220886534,1341
mesmo dia (D−1→D),2019-12-12,0.0206078868007,0.011138747702,-0.127402891899,-0.177279589144,-0.0841282954941,11,2000,0.000447828629612,-0.0294220886534,1341
mesmo dia (D−1→D),2019-12-13,-0.083995492516,0.00325311942959,-0.127402891899,-0.177279589144,-0.0841282954941,11,2000,0.000447828629612,-0.0294220886534,1341
mesmo dia (D−1→D),2019-12-16,-0.0108646357696,-0.00594323279883,-0.127402891899,-0.177279589144,-0.0841282954941,11,2000,0.000447828629612,-0.0294220886534,1341
mesmo dia (D−1→D),2019-12-17,-0.00341730988584,0.00643454636448,-0.127402891899,-0.177279589144,-0.0841282954941,11,2000,0.000447828629612,-0.0294220886534,1341
mesmo dia (D−1→D),2019-12-18,0.0278499289091,0.0150866661931,-0.127402891899,-0.177279589144,-0.0841282954941,11,2000,0.000447828629612,-0.0294220886534,1341
mesmo dia (D−1→D),2019-12-19,0.015178204733,0.00713817084372,-0.127402891899,-0.177279589144,-0.0841282954941,11,2000,0.000447828629612,-0.0294220886534,1341
mesmo dia (D−1→D),2019-12-20,-0.0244676838571,-8.68575796267e-05,-0.127402891899,-0.177279589144,-0.0841282954941,11,2000,0.000447828629612,-0.0294220886534,1341
mesmo dia (D−1→D),2019-12-23,0.062686697923,0.00644539223947,-0.127402891899,-0.177279589144,-0.0841282954941,11,2000,0.000447828629612,-0.0294220886534,1341
mesmo dia (D−1→D),2019-12-26,0.0565857935853,0.0115653832544,-0.127402891899,-0.177279589144,-0.0841282954941,11,2000,0.000447828629612,-0.0294220886534,1341
mesmo dia (D−1→D),2019-12-27,0.115443761726,-0.00570804501591,-0.127402891899,-0.177279589144,-0.0841282954941,11,2000,0.000447828629612,-0.0294220886534,1341
mesmo dia (D−1→D),2019-12-30,0.0685576287602,-0.0048912763657,-0.127402891899,-0.177279589144,-0.0841282954941,11,2000,0.000447828629612,-0.0294220886534,1341
mesmo dia (D−1→D),2020-01-02,0.146346405158,0.0224983615605,-0.127402891899,-0.177279589144,-0.0841282954941,11,2000,0.000447828629612,-0.0294220886534,1341
mesmo dia (D−1→D),2020-01-03,-0.0195114846913,-0.00730351766422,-0.127402891899,-0.177279589144,-0.0841282954941,11,2000,0.000447828629612,-0.0294220886534,1341
mesmo dia (D−1→D),2020-01-06,-0.0128808387261,-0.00704291163652,-0.127402891899,-0.177279589144,-0.0841282954941,11,2000,0.000447828629612,-0.0294220886534,1341
mesmo dia (D−1→D),2020-01-07,0.0239536786241,-0.00184808090488,-0.127402891899,-0.177279589144,-0.0841282954941,11,2000,0.000447828629612,-0.0294220886534,1341
mesmo dia (D−1→D),2020-01-08,-0.0248982815353,-0.00355728514855,-0.127402891899,-0.177279589144,-0.0841282954941,11,2000,0.000447828629612,-0.0294220886534,1341
mesmo dia (D−1→D),2020-01-09,0.044437421489,-0.0025807117603,-0.127402891899,-0.177279589144,-0.0841282954941,11,2000,0.000447828629612,-0.0294220886534,1341
mesmo dia (D−1→D),2020-01-10,0.0386101124897,-0.00382933581723,-0.127402891899,-0.177279589144,-0.0841282954941,11,2000,0.000447828629612,-0.0294220886534,1341
mesmo dia (D−1→D),2020-01-13,0.0375895946303,0.0157744820481,-0.127402891899,-0.177279589144,-0.0841282954941,11,2000,0.000447828629612,-0.0294220886534,1341
mesmo dia (D−1→D),2020-01-14,0.0384163068381,0.00261666311528,-0.127402891899,-0.177279589144,-0.0841282954941,11,2000,0.000447828629612,-0.0294220886534,1341
mesmo dia (D−1→D),2020-01-15,-0.00577702570546,-0.0103543253536,-0.127402891899,-0.177279589144,-0.0841282954941,11,2000,0.000447828629612,-0.0294220886534,1341
mesmo dia (D−1→D),2020-01-16,0.0240920083207,0.00249110931675,-0.127402891899,-0.177279589144,-0.0841282954941,11,2000,0.000447828629612,-0.0294220886534,1341
mesmo dia (D−1→D),2020-01-17,0.0306457249687,0.0152008500137,-0.127402891899,-0.177279589144,-0.0841282954941,11,2000,0.000447828629612,-0.0294220886534,1341
mesmo dia (D−1→D),2020-01-20,0.0422332573592,0.00324110805382,-0.127402891899,-0.177279589144,-0.0841282954941,11,2000,0.000447828629612,-0.0294220886534,1341
mesmo dia (D−1→D),2020-01-21,0.060334203618,-0.0154464841581,-0.127402891899,-0.177279589144,-0.0841282954941,11,2000,0.000447828629612,-0.0294220886534,1341
mesmo dia (D−1→D),2020-01-22,0.00171691334178,0.0116640746501,-0.127402891899,-0.177279589144,-0.0841282954941,11,2000,0.000447828629612,-0.0294220886534,1341
mesmo dia (D−1→D),2020-01-23,-0.00858048250815,0.00960377055688,-0.127402891899,-0.177279589144,-0.0841282954941,11,2000,0.000447828629612,-0.0294220886534,1341
mesmo dia (D−1→D),2020-01-24,0.00329295900212,-0.00963790910916,-0.127402891899,-0.177279589144,-0.0841282954941,11,2000,0.000447828629612,-0.0294220886534,1341
mesmo dia (D−1→D),2020-01-27,0.0614913402968,-0.0328951814557,-0.127402891899,-0.177279589144,-0.0841282954941,11,2000,0.000447828629612,-0.0294220886534,1341
mesmo dia (D−1→D),2020-01-28,-0.0261655059057,0.0174437902902,-0.127402891899,-0.177279589144,-0.0841282954941,11,2000,0.000447828629612,-0.0294220886534,1341
mesmo dia (D−1→D),2020-01-29,0.0254608248858,-0.00939225096369,-0.127402891899,-0.177279589144,-0.0841282954941,11,2000,0.000447828629612,-0.0294220886534,1341
mesmo dia (D−1→D),2020-01-30,-0.0357019633697,0.00123932920224,-0.127402891899,-0.177279589144,-0.0841282954941,11,2000,0.000447828629612,-0.0294220886534,1341
mesmo dia (D−1→D),2020-01-31,0.0618947743134,-0.0152949934215,-0.127402891899,-0.177279589144,-0.0841282954941,11,2000,0.000447828629612,-0.0294220886534,1341
mesmo dia (D−1→D),2020-02-03,-0.0182176335987,0.00763003138158,-0.127402891899,-0.177279589144,-0.0841282954941,11,2000,0.000447828629612,-0.0294220886534,1341
mesmo dia (D−1→D),2020-02-04,0.00134224276142,0.00809568259341,-0.127402891899,-0.177279589144,-0.0841282954941,11,2000,0.000447828629612,-0.0294220886534,1341
mesmo dia (D−1→D),2020-02-05,-0.0347272814654,0.00407591058958,-0.127402891899,-0.177279589144,-0.0841282954941,11,2000,0.000447828629612,-0.0294220886534,1341
mesmo dia (D−1→D),2020-02-06,0.0215466732433,-0.00722239459441,-0.127402891899,-0.177279589144,-0.0841282954941,11,2000,0.000447828629612,-0.0294220886534,1341
mesmo dia (D−1→D),2020-02-07,0.138019362397,-0.0123274589808,-0.127402891899,-0.177279589144,-0.0841282954941,11,2000,0.000447828629612,-0.0294220886534,1341
mesmo dia (D−1→D),2020-02-10,0.0533161938934,-0.0105475960271,-0.127402891899,-0.177279589144,-0.0841282954941,11,2000,0.000447828629612,-0.0294220886534,1341
mesmo dia (D−1→D),2020-02-11,0.0885917192945,0.0248822954606,-0.127402891899,-0.177279589144,-0.0841282954941,11,2000,0.000447828629612,-0.0294220886534,1341
mesmo dia (D−1→D),2020-02-12,0.157173041317,0.0112939993586,-0.127402891899,-0.177279589144,-0.0841282954941,11,2000,0.000447828629612,-0.0294220886534,1341
mesmo dia (D−1→D),2020-02-13,0.110793367078,-0.00867374050774,-0.127402891899,-0.177279589144,-0.0841282954941,11,2000,0.000447828629612,-0.0294220886534,1341
mesmo dia (D−1→D),2020-02-14,0.0407545345227,-0.011075374799,-0.127402891899,-0.177279589144,-0.0841282954941,11,2000,0.000447828629612,-0.0294220886534,1341
mesmo dia (D−1→D),2020-02-17,0.0340965450546,0.00811323558983,-0.127402891899,-0.177279589144,-0.0841282954941,11,2000,0.000447828629612,-0.0294220886534,1341
mesmo dia (D−1→D),2020-02-18,0.0600294541188,-0.00287922018229,-0.127402891899,-0.177279589144,-0.0841282954941,11,2000,0.000447828629612,-0.0294220886534,1341
mesmo dia (D−1→D),2020-02-19,0.0864617252096,0.0134026805361,-0.127402891899,-0.177279589144,-0.0841282954941,11,2000,0.000447828629612,-0.0294220886534,1341
mesmo dia (D−1→D),2020-02-20,0.0526144555044,-0.0165811290959,-0.127402891899,-0.177279589144,-0.0841282954941,11,2000,0.000447828629612,-0.0294220886534,1341
mesmo dia (D−1→D),2020-02-21,0.162313967629,-0.00789799801023,-0.127402891899,-0.177279589144,-0.0841282954941,11,2000,0.000447828629612,-0.0294220886534,1341
mesmo dia (D−1→D),2020-02-26,0.106824408684,-0.0700468855833,-0.127402891899,-0.177279589144,-0.0841282954941,11,2000,0.000447828629612,-0.0294220886534,1341
mesmo dia (D−1→D),2020-02-27,0.0812793556139,-0.0258612535235,-0.127402891899,-0.177279589144,-0.0841282954941,11,2000,0.000447828629612,-0.0294220886534,1341
mesmo dia (D−1→D),2020-02-28,0.0943398438371,0.0115357725472,-0.127402891899,-0.177279589144,-0.0841282954941,11,2000,0.000447828629612,-0.0294220886534,1341
mesmo dia (D−1→D),2020-03-02,0.121203397353,0.0235475943632,-0.127402891899,-0.177279589144,-0.0841282954941,11,2000,0.000447828629612,-0.0294220886534,1341
mesmo dia (D−1→D),2020-03-03,0.0559049035618,-0.010203985932,-0.127402891899,-0.177279589144,-0.0841282954941,11,2000,0.000447828629612,-0.0294220886534,1341
mesmo dia (D−1→D),2020-03-04,0.147992052506,0.015984915243,-0.127402891899,-0.177279589144,-0.0841282954941,11,2000,0.000447828629612,-0.0294220886534,1341
mesmo dia (D−1→D),2020-03-05,0.0938566681842,-0.0465474147579,-0.127402891899,-0.177279589144,-0.0841282954941,11,2000,0.000447828629612,-0.0294220886534,1341
mesmo dia (D−1→D),2020-03-06,0.0486200705321,-0.0414347617697,-0.127402891899,-0.177279589144,-0.0841282954941,11,2000,0.000447828629612,-0.0294220886534,1341
mesmo dia (D−1→D),2020-03-09,0.11647085121,-0.121738420564,-0.127402891899,-0.177279589144,-0.0841282954941,11,2000,0.000447828629612,-0.0294220886534,1341
mesmo dia (D−1→D),2020-03-10,0.1123510869,0.0714211021646,-0.127402891899,-0.177279589144,-0.0841282954941,11,2000,0.000447828629612,-0.0294220886534,1341
mesmo dia (D−1→D),2020-03-11,0.029145660441,-0.076376689006,-0.127402891899,-0.177279589144,-0.0841282954941,11,2000,0.000447828629612,-0.0294220886534,1341
mesmo dia (D−1→D),2020-03-12,0.0814015663767,-0.147796785291,-0.127402891899,-0.177279589144,-0.0841282954941,11,2000,0.000447828629612,-0.0294220886534,1341
mesmo dia (D−1→D),2020-03-13,0.0649029320698,0.139082154223,-0.127402891899,-0.177279589144,-0.0841282954941,11,2000,0.000447828629612,-0.0294220886534,1341
mesmo dia (D−1→D),2020-03-16,0.075167994947,-0.13921478507,-0.127402891899,-0.177279589144,-0.0841282954941,11,2000,0.000447828629612,-0.0294220886534,1341
mesmo dia (D−1→D),2020-03-17,0.0530837061427,0.0484627922662,-0.127402891899,-0.177279589144,-0.0841282954941,11,2000,0.000447828629612,-0.0294220886534,1341
mesmo dia (D−1→D),2020-03-18,0.108982623354,-0.103488481177,-0.127402891899,-0.177279589144,-0.0841282954941,11,2000,0.000447828629612,-0.0294220886534,1341
mesmo dia (D−1→D),2020-03-19,0.0428160231924,0.0214814261156,-0.127402891899,-0.177279589144,-0.0841282954941,11,2000,0.000447828629612,-0.0294220886534,1341
mesmo dia (D−1→D),2020-03-20,0.113689059094,-0.0184832874788,-0.127402891899,-0.177279589144,-0.0841282954941,11,2000,0.000447828629612,-0.0294220886534,1341
mesmo dia (D−1→D),2020-03-23,0.0558288980917,-0.0521701531259,-0.127402891899,-0.177279589144,-0.0841282954941,11,2000,0.000447828629612,-0.0294220886534,1341
mesmo dia (D−1→D),2020-03-24,0.0715599925724,0.0968853232657,-0.127402891899,-0.177279589144,-0.0841282954941,11,2000,0.000447828629612,-0.0294220886534,1341
mesmo dia (D−1→D),2020-03-25,0.0955185484029,0.0749616371954,-0.127402891899,-0.177279589144,-0.0841282954941,11,2000,0.000447828629612,-0.0294220886534,1341
mesmo dia (D−1→D),2020-03-26,0.0191792327386,0.0367415550456,-0.127402891899,-0.177279589144,-0.0841282954941,11,2000,0.000447828629612,-0.0294220886534,1341
mesmo dia (D−1→D),2020-03-27,0.0490237266074,-0.0550894350791,-0.127402891899,-0.177279589144,-0.0841282954941,11,2000,0.000447828629612,-0.0294220886534,1341
mesmo dia (D−1→D),2020-03-30,0.012862346179,0.0164921216413,-0.127402891899,-0.177279589144,-0.0841282954941,11,2000,0.000447828629612,-0.0294220886534,1341
mesmo dia (D−1→D),2020-03-31,0.0487725467183,-0.0217041800643,-0.127402891899,-0.177279589144,-0.0841282954941,11,2000,0.000447828629612,-0.0294220886534,1341
mesmo dia (D−1→D),2020-04-01,0.0994914622152,-0.0281155847713,-0.127402891899,-0.177279589144,-0.0841282954941,11,2000,0.000447828629612,-0.0294220886534,1341
mesmo dia (D−1→D),2020-04-02,0.00942110773192,0.0181210985388,-0.127402891899,-0.177279589144,-0.0841282954941,11,2000,0.000447828629612,-0.0294220886534,1341
mesmo dia (D−1→D),2020-04-03,0.132760749842,-0.0375762944099,-0.127402891899,-0.177279589144,-0.0841282954941,11,2000,0.000447828629612,-0.0294220886534,1341
mesmo dia (D−1→D),2020-04-06,0.059593664722,0.0652161408151,-0.127402891899,-0.177279589144,-0.0841282954941,11,2000,0.000447828629612,-0.0294220886534,1341
mesmo dia (D−1→D),2020-04-07,0.0217063093494,0.0308479472952,-0.127402891899,-0.177279589144,-0.0841282954941,11,2000,0.000447828629612,-0.0294220886534,1341
mesmo dia (D−1→D),2020-04-08,0.00691890451197,0.0296890961,-0.127402891899,-0.177279589144,-0.0841282954941,11,2000,0.000447828629612,-0.0294220886534,1341
mesmo dia (D−1→D),2020-04-09,0.0148083181202,-0.0119936406995,-0.127402891899,-0.177279589144,-0.0841282954941,11,2000,0.000447828629612,-0.0294220886534,1341
mesmo dia (D−1→D),2020-04-13,-0.0451059014678,0.0148554362658,-0.127402891899,-0.177279589144,-0.0841282954941,11,2000,0.000447828629612,-0.0294220886534,1341
mesmo dia (D−1→D),2020-04-14,-0.0115251515043,0.0137246943021,-0.127402891899,-0.177279589144,-0.0841282954941,11,2000,0.000447828629612,-0.0294220886534,1341
mesmo dia (D−1→D),2020-04-15,0.0280276955905,-0.0136014414775,-0.127402891899,-0.177279589144,-0.0841282954941,11,2000,0.000447828629612,-0.0294220886534,1341
mesmo dia (D−1→D),2020-04-16,-0.0701898441716,-0.0129263868275,-0.127402891899,-0.177279589144,-0.0841282954941,11,2000,0.000447828629612,-0.0294220886534,1341
mesmo dia (D−1→D),2020-04-17,0.0555254096473,0.0151390531023,-0.127402891899,-0.177279589144,-0.0841282954941,11,2000,0.000447828629612,-0.0294220886534,1341
mesmo dia (D−1→D),2020-04-20,0.136400573439,-0.000215217116091,-0.127402891899,-0.177279589144,-0.0841282954941,11,2000,0.000447828629612,-0.0294220886534,1341
mesmo dia (D−1→D),2020-04-22,0.134331802568,0.0217036202246,-0.127402891899,-0.177279589144,-0.0841282954941,11,2000,0.000447828629612,-0.0294220886534,1341
mesmo dia (D−1→D),2020-04-23,0.141966639124,-0.0125670801988,-0.127402891899,-0.177279589144,-0.0841282954941,11,2000,0.000447828629612,-0.0294220886534,1341
mesmo dia (D−1→D),2020-04-24,0.159486640473,-0.0544977595923,-0.127402891899,-0.177279589144,-0.0841282954941,11,2000,0.000447828629612,-0.0294220886534,1341
mesmo dia (D−1→D),2020-04-27,0.0817630858375,0.0386029655786,-0.127402891899,-0.177279589144,-0.0841282954941,11,2000,0.000447828629612,-0.0294220886534,1341
mesmo dia (D−1→D),2020-04-28,0.0282532744129,0.0392770868748,-0.127402891899,-0.177279589144,-0.0841282954941,11,2000,0.000447828629612,-0.0294220886534,1341
mesmo dia (D−1→D),2020-04-29,0.00196514029904,0.0228625541126,-0.127402891899,-0.177279589144,-0.0841282954941,11,2000,0.000447828629612,-0.0294220886534,1341
mesmo dia (D−1→D),2020-04-30,0.0663419802435,-0.0320424186315,-0.127402891899,-0.177279589144,-0.0841282954941,11,2000,0.000447828629612,-0.0294220886534,1341
mesmo dia (D−1→D),2020-05-04,-0.0281683680805,-0.0202469381164,-0.127402891899,-0.177279589144,-0.0841282954941,11,2000,0.000447828629612,-0.0294220886534,1341
mesmo dia (D−1→D),2020-05-05,0.026390290648,0.00754348597799,-0.127402891899,-0.177279589144,-0.0841282954941,11,2000,0.000447828629612,-0.0294220886534,1341
mesmo dia (D−1→D),2020-05-06,0.0486749278356,-0.00512136502624,-0.127402891899,-0.177279589144,-0.0841282954941,11,2000,0.000447828629612,-0.0294220886534,1341
mesmo dia (D−1→D),2020-05-07,0.111814616164,-0.0119523424062,-0.127402891899,-0.177279589144,-0.0841282954941,11,2000,0.000447828629612,-0.0294220886534,1341
mesmo dia (D−1→D),2020-05-08,0.0409212146496,0.0274453077996,-0.127402891899,-0.177279589144,-0.0841282954941,11,2000,0.000447828629612,-0.0294220886534,1341
mesmo dia (D−1→D),2020-05-11,0.0337768895673,-0.0149259310018,-0.127402891899,-0.177279589144,-0.0841282954941,11,2000,0.000447828629612,-0.0294220886534,1341
mesmo dia (D−1→D),2020-05-12,0.0601505078488,-0.0150888509454,-0.127402891899,-0.177279589144,-0.0841282954941,11,2000,0.000447828629612,-0.0294220886534,1341
mesmo dia (D−1→D),2020-05-13,0.114001649293,-0.00128415861927,-0.127402891899,-0.177279589144,-0.0841282954941,11,2000,0.000447828629612,-0.0294220886534,1341
mesmo dia (D−1→D),2020-05-14,0.078818824035,0.0159311834593,-0.127402891899,-0.177279589144,-0.0841282954941,11,2000,0.000447828629612,-0.0294220886534,1341
mesmo dia (D−1→D),2020-05-15,0.0924436915249,-0.0184025009176,-0.127402891899,-0.177279589144,-0.0841282954941,11,2000,0.000447828629612,-0.0294220886534,1341
mesmo dia (D−1→D),2020-05-18,0.071770440309,0.0468945420787,-0.127402891899,-0.177279589144,-0.0841282954941,11,2000,0.000447828629612,-0.0294220886534,1341
mesmo dia (D−1→D),2020-05-19,0.0415601006555,-0.00556691381137,-0.127402891899,-0.177279589144,-0.0841282954941,11,2000,0.000447828629612,-0.0294220886534,1341
mesmo dia (D−1→D),2020-05-20,0.103512989513,0.00714621882044,-0.127402891899,-0.177279589144,-0.0841282954941,11,2000,0.000447828629612,-0.0294220886534,1341
mesmo dia (D−1→D),2020-05-21,0.129332907489,0.021003701472,-0.127402891899,-0.177279589144,-0.0841282954941,11,2000,0.000447828629612,-0.0294220886534,1341
mesmo dia (D−1→D),2020-05-22,0.0768570547553,-0.0102858106399,-0.127402891899,-0.177279589144,-0.0841282954941,11,2000,0.000447828629612,-0.0294220886534,1341
mesmo dia (D−1→D),2020-05-25,-0.0227682237028,0.042471371375,-0.127402891899,-0.177279589144,-0.0841282954941,11,2000,0.000447828629612,-0.0294220886534,1341
mesmo dia (D−1→D),2020-05-26,0.0500250722499,-0.00226468837188,-0.127402891899,-0.177279589144,-0.0841282954941,11,2000,0.000447828629612,-0.0294220886534,1341
mesmo dia (D−1→D),2020-05-27,-0.0481287654635,0.0289812680621,-0.127402891899,-0.177279589144,-0.0841282954941,11,2000,0.000447828629612,-0.0294220886534,1341
mesmo dia (D−1→D),2020-05-28,-0.0414803815655,-0.0113365019444,-0.127402891899,-0.177279589144,-0.0841282954941,11,2000,0.000447828629612,-0.0294220886534,1341
mesmo dia (D−1→D),2020-05-29,0.00058334407026,0.00522145165557,-0.127402891899,-0.177279589144,-0.0841282954941,11,2000,0.000447828629612,-0.0294220886534,1341
mesmo dia (D−1→D),2020-06-01,0.0291505792791,0.0139240071851,-0.127402891899,-0.177279589144,-0.0841282954941,11,2000,0.000447828629612,-0.0294220886534,1341
mesmo dia (D−1→D),2020-06-02,-0.0292048182597,0.0273753103137,-0.127402891899,-0.177279589144,-0.0841282954941,11,2000,0.000447828629612,-0.0294220886534,1341
mesmo dia (D−1→D),2020-06-03,-0.0519494109553,0.0214836456297,-0.127402891899,-0.177279589144,-0.0841282954941,11,2000,0.000447828629612,-0.0294220886534,1341
mesmo dia (D−1→D),2020-06-04,0.0256182990841,0.00889228188641,-0.127402891899,-0.177279589144,-0.0841282954941,11,2000,0.000447828629612,-0.0294220886534,1341
mesmo dia (D−1→D),2020-06-05,-0.0117772056048,0.00861141011841,-0.127402891899,-0.177279589144,-0.0841282954941,11,2000,0.000447828629612,-0.0294220886534,1341
mesmo dia (D−1→D),2020-06-08,0.0317569859587,0.0317846085569,-0.127402891899,-0.177279589144,-0.0841282954941,11,2000,0.000447828629612,-0.0294220886534,1341
mesmo dia (D−1→D),2020-06-09,-0.028818582908,-0.00919657944595,-0.127402891899,-0.177279589144,-0.0841282954941,11,2000,0.000447828629612,-0.0294220886534,1341
mesmo dia (D−1→D),2020-06-10,-0.0208836377663,-0.0213029861391,-0.127402891899,-0.177279589144,-0.0841282954941,11,2000,0.000447828629612,-0.0294220886534,1341
mesmo dia (D−1→D),2020-06-12,0.0318568266228,-0.0199712734723,-0.127402891899,-0.177279589144,-0.0841282954941,11,2000,0.000447828629612,-0.0294220886534,1341
mesmo dia (D−1→D),2020-06-15,-0.0155947723065,-0.00451532948974,-0.127402891899,-0.177279589144,-0.0841282954941,11,2000,0.000447828629612,-0.0294220886534,1341
mesmo dia (D−1→D),2020-06-16,0.0331225517257,0.0125032475968,-0.127402891899,-0.177279589144,-0.0841282954941,11,2000,0.000447828629612,-0.0294220886534,1341
mesmo dia (D−1→D),2020-06-17,0.0315581757133,0.0215543509639,-0.127402891899,-0.177279589144,-0.0841282954941,11,2000,0.000447828629612,-0.0294220886534,1341
mesmo dia (D−1→D),2020-06-18,-0.0135999911228,0.00604937883973,-0.127402891899,-0.177279589144,-0.0841282954941,11,2000,0.000447828629612,-0.0294220886534,1341
mesmo dia (D−1→D),2020-06-19,-0.0399795002701,0.00465019505852,-0.127402891899,-0.177279589144,-0.0841282954941,11,2000,0.000447828629612,-0.0294220886534,1341
mesmo dia (D−1→D),2020-06-22,0.0213775787071,-0.0127987408359,-0.127402891899,-0.177279589144,-0.0841282954941,11,2000,0.000447828629612,-0.0294220886534,1341
mesmo dia (D−1→D),2020-06-23,0.0183650810604,0.00670260971721,-0.127402891899,-0.177279589144,-0.0841282954941,11,2000,0.000447828629612,-0.0294220886534,1341
mesmo dia (D−1→D),2020-06-24,0.0548510630889,-0.0166501693149,-0.127402891899,-0.177279589144,-0.0841282954941,11,2000,0.000447828629612,-0.0294220886534,1341
mesmo dia (D−1→D),2020-06-25,0.0396201117221,0.0170168579209,-0.127402891899,-0.177279589144,-0.0841282954941,11,2000,0.000447828629612,-0.0294220886534,1341
mesmo dia (D−1→D),2020-06-26,0.061535220869,-0.022389381453,-0.127402891899,-0.177279589144,-0.0841282954941,11,2000,0.000447828629612,-0.0294220886534,1341
mesmo dia (D−1→D),2020-06-29,0.0502109358331,0.0202591811071,-0.127402891899,-0.177279589144,-0.0841282954941,11,2000,0.000447828629612,-0.0294220886534,1341
mesmo dia (D−1→D),2020-06-30,0.0877443689038,-0.00709249490782,-0.127402891899,-0.177279589144,-0.0841282954941,11,2000,0.000447828629612,-0.0294220886534,1341
mesmo dia (D−1→D),2020-07-01,0.129399160997,0.0120665712843,-0.127402891899,-0.177279589144,-0.0841282954941,11,2000,0.000447828629612,-0.0294220886534,1341
mesmo dia (D−1→D),2020-07-02,0.0447959719189,0.000332629959565,-0.127402891899,-0.177279589144,-0.0841282954941,11,2000,0.000447828629612,-0.0294220886534,1341
mesmo dia (D−1→D),2020-07-03,0.0311689588566,0.00550735179508,-0.127402891899,-0.177279589144,-0.0841282954941,11,2000,0.000447828629612,-0.0294220886534,1341
mesmo dia (D−1→D),2020-07-06,-0.0151257949432,0.0224461323826,-0.127402891899,-0.177279589144,-0.0841282954941,11,2000,0.000447828629612,-0.0294220886534,1341
mesmo dia (D−1→D),2020-07-07,0.0962273575827,-0.0118863519209,-0.127402891899,-0.177279589144,-0.0841282954941,11,2000,0.000447828629612,-0.0294220886534,1341
mesmo dia (D−1→D),2020-07-08,0.0847085871401,0.0205501171224,-0.127402891899,-0.177279589144,-0.0841282954941,11,2000,0.000447828629612,-0.0294220886534,1341
mesmo dia (D−1→D),2020-07-09,0.0623362556225,-0.00611406234339,-0.127402891899,-0.177279589144,-0.0841282954941,11,2000,0.000447828629612,-0.0294220886534,1341
mesmo dia (D−1→D),2020-07-10,0.0993541545839,0.00879386849536,-0.127402891899,-0.177279589144,-0.0841282954941,11,2000,0.000447828629612,-0.0294220886534,1341
mesmo dia (D−1→D),2020-07-13,0.0218051714103,-0.0133457293666,-0.127402891899,-0.177279589144,-0.0841282954941,11,2000,0.000447828629612,-0.0294220886534,1341
mesmo dia (D−1→D),2020-07-14,0.06908687292,0.0176601112496,-0.127402891899,-0.177279589144,-0.0841282954941,11,2000,0.000447828629612,-0.0294220886534,1341
mesmo dia (D−1→D),2020-07-15,0.00693816789574,0.0134508164078,-0.127402891899,-0.177279589144,-0.0841282954941,11,2000,0.000447828629612,-0.0294220886534,1341
mesmo dia (D−1→D),2020-07-16,0.0259608546484,-0.0121621754379,-0.127402891899,-0.177279589144,-0.0841282954941,11,2000,0.000447828629612,-0.0294220886534,1341
mesmo dia (D−1→D),2020-07-17,0.0570363004837,0.023221584637,-0.127402891899,-0.177279589144,-0.0841282954941,11,2000,0.000447828629612,-0.0294220886534,1341
mesmo dia (D−1→D),2020-07-20,0.0940019361234,0.0149482932898,-0.127402891899,-0.177279589144,-0.0841282954941,11,2000,0.000447828629612,-0.0294220886534,1341
mesmo dia (D−1→D),2020-07-21,0.0898644220499,-0.00111083446651,-0.127402891899,-0.177279589144,-0.0841282954941,11,2000,0.000447828629612,-0.0294220886534,1341
mesmo dia (D−1→D),2020-07-22,0.0228167040258,-0.000191736171029,-0.127402891899,-0.177279589144,-0.0841282954941,11,2000,0.000447828629612,-0.0294220886534,1341
mesmo dia (D−1→D),2020-07-23,5.42828762247e-05,-0.0191485281427,-0.127402891899,-0.177279589144,-0.0841282954941,11,2000,0.000447828629612,-0.0294220886534,1341
mesmo dia (D−1→D),2020-07-24,-0.109589303747,0.000870049759025,-0.127402891899,-0.177279589144,-0.0841282954941,11,2000,0.000447828629612,-0.0294220886534,1341
mesmo dia (D−1→D),2020-07-27,-0.0509014615167,0.0204625813131,-0.127402891899,-0.177279589144,-0.0841282954941,11,2000,0.000447828629612,-0.0294220886534,1341
mesmo dia (D−1→D),2020-07-28,-0.02058067124,-0.00352230634494,-0.127402891899,-0.177279589144,-0.0841282954941,11,2000,0.000447828629612,-0.0294220886534,1341
mesmo dia (D−1→D),2020-07-29,-0.0168752872465,0.0143695549856,-0.127402891899,-0.177279589144,-0.0841282954941,11,2000,0.000447828629612,-0.0294220886534,1341
mesmo dia (D−1→D),2020-07-30,0.0401593198168,-0.00564367217461,-0.127402891899,-0.177279589144,-0.0841282954941,11,2000,0.000447828629612,-0.0294220886534,1341
mesmo dia (D−1→D),2020-07-31,0.0359774632515,-0.0199697168814,-0.127402891899,-0.177279589144,-0.0841282954941,11,2000,0.000447828629612,-0.0294220886534,1341
mesmo dia (D−1→D),2020-08-03,0.0220617250622,-0.000796797263682,-0.127402891899,-0.177279589144,-0.0841282954941,11,2000,0.000447828629612,-0.0294220886534,1341
mesmo dia (D−1→D),2020-08-04,0.0368768012155,-0.0156958086162,-0.127402891899,-0.177279589144,-0.0841282954941,11,2000,0.000447828629612,-0.0294220886534,1341
mesmo dia (D−1→D),2020-08-05,0.0621468646351,0.015669459374,-0.127402891899,-0.177279589144,-0.0841282954941,11,2000,0.000447828629612,-0.0294220886534,1341
mesmo dia (D−1→D),2020-08-06,-0.0567378055727,0.0128791268652,-0.127402891899,-0.177279589144,-0.0841282954941,11,2000,0.000447828629612,-0.0294220886534,1341
mesmo dia (D−1→D),2020-08-07,0.00820481928591,-0.01296506156,-0.127402891899,-0.177279589144,-0.0841282954941,11,2000,0.000447828629612,-0.0294220886534,1341
mesmo dia (D−1→D),2020-08-10,-0.00461805094701,0.00649957188449,-0.127402891899,-0.177279589144,-0.0841282954941,11,2000,0.000447828629612,-0.0294220886534,1341
mesmo dia (D−1→D),2020-08-11,-0.044129395043,-0.0122771741232,-0.127402891899,-0.177279589144,-0.0841282954941,11,2000,0.000447828629612,-0.0294220886534,1341
mesmo dia (D−1→D),2020-08-12,0.0551098226768,-0.000548084639928,-0.127402891899,-0.177279589144,-0.0841282954941,11,2000,0.000447828629612,-0.0294220886534,1341
mesmo dia (D−1→D),2020-08-13,-0.0312782948711,-0.0162263264067,-0.127402891899,-0.177279589144,-0.0841282954941,11,2000,0.000447828629612,-0.0294220886534,1341
mesmo dia (D−1→D),2020-08-14,-0.0264515586069,0.00887906749883,-0.127402891899,-0.177279589144,-0.0841282954941,11,2000,0.000447828629612,-0.0294220886534,1341
mesmo dia (D−1→D),2020-08-17,0.100845161897,-0.0173453178495,-0.127402891899,-0.177279589144,-0.0841282954941,11,2000,0.000447828629612,-0.0294220886534,1341
mesmo dia (D−1→D),2020-08-18,0.0630745218966,0.0248004417892,-0.127402891899,-0.177279589144,-0.0841282954941,11,2000,0.000447828629612,-0.0294220886534,1341
mesmo dia (D−1→D),2020-08-19,0.0796367340251,-0.0118649879978,-0.127402891899,-0.177279589144,-0.0841282954941,11,2000,0.000447828629612,-0.0294220886534,1341
mesmo dia (D−1→D),2020-08-20,0.0694119840504,0.00608800840819,-0.127402891899,-0.177279589144,-0.0841282954941,11,2000,0.000447828629612,-0.0294220886534,1341
mesmo dia (D−1→D),2020-08-21,-0.0122282882494,0.000522332163835,-0.127402891899,-0.177279589144,-0.0841282954941,11,2000,0.000447828629612,-0.0294220886534,1341
mesmo dia (D−1→D),2020-08-24,-0.0243532564241,0.00765358891264,-0.127402891899,-0.177279589144,-0.0841282954941,11,2000,0.000447828629612,-0.0294220886534,1341
mesmo dia (D−1→D),2020-08-25,0.0880128447009,-0.00175956519189,-0.127402891899,-0.177279589144,-0.0841282954941,11,2000,0.000447828629612,-0.0294220886534,1341
mesmo dia (D−1→D),2020-08-26,0.0817009288214,-0.0146007559882,-0.127402891899,-0.177279589144,-0.0841282954941,11,2000,0.000447828629612,-0.0294220886534,1341
mesmo dia (D−1→D),2020-08-27,0.0573322939582,-2.98130720383e-05,-0.127402891899,-0.177279589144,-0.0841282954941,11,2000,0.000447828629612,-0.0294220886534,1341
mesmo dia (D−1→D),2020-08-28,-0.0099398433909,0.0150958021943,-0.127402891899,-0.177279589144,-0.0841282954941,11,2000,0.000447828629612,-0.0294220886534,1341
mesmo dia (D−1→D),2020-08-31,-0.0322769272927,-0.0271580039748,-0.127402891899,-0.177279589144,-0.0841282954941,11,2000,0.000447828629612,-0.0294220886534,1341
mesmo dia (D−1→D),2020-09-01,0.0539645496692,0.0281677384295,-0.127402891899,-0.177279589144,-0.0841282954941,11,2000,0.000447828629612,-0.0294220886534,1341
mesmo dia (D−1→D),2020-09-02,0.0265746707827,-0.00251546472477,-0.127402891899,-0.177279589144,-0.0841282954941,11,2000,0.000447828629612,-0.0294220886534,1341
mesmo dia (D−1→D),2020-09-03,0.0191392182043,-0.0116768552953,-0.127402891899,-0.177279589144,-0.0841282954941,11,2000,0.000447828629612,-0.0294220886534,1341
mesmo dia (D−1→D),2020-09-04,-0.0146397327833,0.0051727047984,-0.127402891899,-0.177279589144,-0.0841282954941,11,2000,0.000447828629612,-0.0294220886534,1341
mesmo dia (D−1→D),2020-09-08,0.104399770127,-0.0117737697793,-0.127402891899,-0.177279589144,-0.0841282954941,11,2000,0.000447828629612,-0.0294220886534,1341
mesmo dia (D−1→D),2020-09-09,-0.0356635322092,0.0124137931034,-0.127402891899,-0.177279589144,-0.0841282954941,11,2000,0.000447828629612,-0.0294220886534,1341
mesmo dia (D−1→D),2020-09-10,0.0772618270458,-0.0242566046677,-0.127402891899,-0.177279589144,-0.0841282954941,11,2000,0.000447828629612,-0.0294220886534,1341
mesmo dia (D−1→D),2020-09-11,-0.0101571345052,-0.00477563616128,-0.127402891899,-0.177279589144,-0.0841282954941,11,2000,0.000447828629612,-0.0294220886534,1341
mesmo dia (D−1→D),2020-09-14,-0.0593303791195,0.0194382033895,-0.127402891899,-0.177279589144,-0.0841282954941,11,2000,0.000447828629612,-0.0294220886534,1341
mesmo dia (D−1→D),2020-09-15,0.0715534958121,0.000229369234605,-0.127402891899,-0.177279589144,-0.0841282954941,11,2000,0.000447828629612,-0.0294220886534,1341
mesmo dia (D−1→D),2020-09-16,-0.00699604401794,-0.00620151947197,-0.127402891899,-0.177279589144,-0.0841282954941,11,2000,0.000447828629612,-0.0294220886534,1341
mesmo dia (D−1→D),2020-09-17,0.0785294783916,0.00423371724387,-0.127402891899,-0.177279589144,-0.0841282954941,11,2000,0.000447828629612,-0.0294220886534,1341
mesmo dia (D−1→D),2020-09-18,0.168557698471,-0.018062298947,-0.127402891899,-0.177279589144,-0.0841282954941,11,2000,0.000447828629612,-0.0294220886534,1341
mesmo dia (D−1→D),2020-09-21,0.0116046753696,-0.0132159934887,-0.127402891899,-0.177279589144,-0.0841282954941,11,2000,0.000447828629612,-0.0294220886534,1341
mesmo dia (D−1→D),2020-09-22,-0.0193704259426,0.00312400119599,-0.127402891899,-0.177279589144,-0.0841282954941,11,2000,0.000447828629612,-0.0294220886534,1341
mesmo dia (D−1→D),2020-09-23,0.0471638274816,-0.0160235985775,-0.127402891899,-0.177279589144,-0.0841282954941,11,2000,0.000447828629612,-0.0294220886534,1341
mesmo dia (D−1→D),2020-09-24,0.0114442942649,0.013338904267,-0.127402891899,-0.177279589144,-0.0841282954941,11,2000,0.000447828629612,-0.0294220886534,1341
mesmo dia (D−1→D),2020-09-25,-0.0251864149652,-0.000134004040737,-0.127402891899,-0.177279589144,-0.0841282954941,11,2000,0.000447828629612,-0.0294220886534,1341
mesmo dia (D−1→D),2020-09-28,-0.00561921100766,-0.0240517943484,-0.127402891899,-0.177279589144,-0.0841282954941,11,2000,0.000447828629612,-0.0294220886534,1341
mesmo dia (D−1→D),2020-09-29,0.0229215566909,-0.011471911774,-0.127402891899,-0.177279589144,-0.0841282954941,11,2000,0.000447828629612,-0.0294220886534,1341
mesmo dia (D−1→D),2020-09-30,0.0498637781444,0.0109318230391,-0.127402891899,-0.177279589144,-0.0841282954941,11,2000,0.000447828629612,-0.0294220886534,1341
mesmo dia (D−1→D),2020-10-01,0.00697683796688,0.00925974863376,-0.127402891899,-0.177279589144,-0.0841282954941,11,2000,0.000447828629612,-0.0294220886534,1341
mesmo dia (D−1→D),2020-10-02,0.0445348939947,-0.0153227411263,-0.127402891899,-0.177279589144,-0.0841282954941,11,2000,0.000447828629612,-0.0294220886534,1341
mesmo dia (D−1→D),2020-10-05,0.00268914948692,0.0220494383935,-0.127402891899,-0.177279589144,-0.0841282954941,11,2000,0.000447828629612,-0.0294220886534,1341
mesmo dia (D−1→D),2020-10-06,0.0625861986138,-0.00493292676581,-0.127402891899,-0.177279589144,-0.0841282954941,11,2000,0.000447828629612,-0.0294220886534,1341
mesmo dia (D−1→D),2020-10-07,-0.0303592385219,-0.000930816294514,-0.127402891899,-0.177279589144,-0.0841282954941,11,2000,0.000447828629612,-0.0294220886534,1341
mesmo dia (D−1→D),2020-10-08,0.0696698715252,0.0250612398719,-0.127402891899,-0.177279589144,-0.0841282954941,11,2000,0.000447828629612,-0.0294220886534,1341
mesmo dia (D−1→D),2020-10-09,-0.0114710542092,-0.00446282679739,-0.127402891899,-0.177279589144,-0.0841282954941,11,2000,0.000447828629612,-0.0294220886534,1341
mesmo dia (D−1→D),2020-10-13,0.0246858618901,0.0104633628428,-0.127402891899,-0.177279589144,-0.0841282954941,11,2000,0.000447828629612,-0.0294220886534,1341
mesmo dia (D−1→D),2020-10-14,0.0330456341584,0.00843629128047,-0.127402891899,-0.177279589144,-0.0841282954941,11,2000,0.000447828629612,-0.0294220886534,1341
mesmo dia (D−1→D),2020-10-15,0.0946418888786,-0.00281877302837,-0.127402891899,-0.177279589144,-0.0841282954941,11,2000,0.000447828629612,-0.0294220886534,1341
mesmo dia (D−1→D),2020-10-19,0.0543352070932,0.00355003102463,-0.127402891899,-0.177279589144,-0.0841282954941,11,2000,0.000447828629612,-0.0294220886534,1341
mesmo dia (D−1→D),2020-10-21,-0.0501901673584,0.000119355480406,-0.127402891899,-0.177279589144,-0.0841282954941,11,2000,0.000447828629612,-0.0294220886534,1341
mesmo dia (D−1→D),2020-10-22,0.0160064192692,0.0135850107407,-0.127402891899,-0.177279589144,-0.0841282954941,11,2000,0.000447828629612,-0.0294220886534,1341
mesmo dia (D−1→D),2020-10-23,0.0195718241111,-0.00645617064699,-0.127402891899,-0.177279589144,-0.0841282954941,11,2000,0.000447828629612,-0.0294220886534,1341
mesmo dia (D−1→D),2020-10-26,0.0308806815121,-0.00239976298637,-0.127402891899,-0.177279589144,-0.0841282954941,11,2000,0.000447828629612,-0.0294220886534,1341
mesmo dia (D−1→D),2020-10-27,0.0388473170174,-0.0139679459893,-0.127402891899,-0.177279589144,-0.0841282954941,11,2000,0.000447828629612,-0.0294220886534,1341
mesmo dia (D−1→D),2020-10-28,0.132456247757,-0.0425375981367,-0.127402891899,-0.177279589144,-0.0841282954941,11,2000,0.000447828629612,-0.0294220886534,1341
mesmo dia (D−1→D),2020-10-29,-0.00302204640168,0.0127190177102,-0.127402891899,-0.177279589144,-0.0841282954941,11,2000,0.000447828629612,-0.0294220886534,1341
mesmo dia (D−1→D),2020-10-30,0.0363379287366,-0.0272307469301,-0.127402891899,-0.177279589144,-0.0841282954941,11,2000,0.000447828629612,-0.0294220886534,1341
mesmo dia (D−1→D),2020-11-03,0.0523917057674,0.017402503406,-0.127402891899,-0.177279589144,-0.0841282954941,11,2000,0.000447828629612,-0.0294220886534,1341
mesmo dia (D−1→D),2020-11-04,-0.033002595884,0.0232667622166,-0.127402891899,-0.177279589144,-0.0841282954941,11,2000,0.000447828629612,-0.0294220886534,1341
mesmo dia (D−1→D),2020-11-05,-0.0888086760031,0.0302931163162,-0.127402891899,-0.177279589144,-0.0841282954941,11,2000,0.000447828629612,-0.0294220886534,1341
mesmo dia (D−1→D),2020-11-06,-0.00249712499601,0.000248079861869,-0.127402891899,-0.177279589144,-0.0841282954941,11,2000,0.000447828629612,-0.0294220886534,1341
mesmo dia (D−1→D),2020-11-09,-0.00854587339523,0.0308931636227,-0.127402891899,-0.177279589144,-0.0841282954941,11,2000,0.000447828629612,-0.0294220886534,1341
mesmo dia (D−1→D),2020-11-10,0.0140319856791,0.013838499514,-0.127402891899,-0.177279589144,-0.0841282954941,11,2000,0.000447828629612,-0.0294220886534,1341
mesmo dia (D−1→D),2020-11-11,0.0504324516524,-0.0077740125865,-0.127402891899,-0.177279589144,-0.0841282954941,11,2000,0.000447828629612,-0.0294220886534,1341
mesmo dia (D−1→D),2020-11-13,-0.0258483372659,0.0228725226327,-0.127402891899,-0.177279589144,-0.0841282954941,11,2000,0.000447828629612,-0.0294220886534,1341
mesmo dia (D−1→D),2020-11-16,-0.0198194372001,0.0183519595836,-0.127402891899,-0.177279589144,-0.0841282954941,11,2000,0.000447828629612,-0.0294220886534,1341
mesmo dia (D−1→D),2020-11-17,0.0369110420569,0.00750728178145,-0.127402891899,-0.177279589144,-0.0841282954941,11,2000,0.000447828629612,-0.0294220886534,1341
mesmo dia (D−1→D),2020-11-18,-0.00110088844985,-0.00695707317983,-0.127402891899,-0.177279589144,-0.0841282954941,11,2000,0.000447828629612,-0.0294220886534,1341
mesmo dia (D−1→D),2020-11-19,0.056279920741,0.000319299794333,-0.127402891899,-0.177279589144,-0.0841282954941,11,2000,0.000447828629612,-0.0294220886534,1341
mesmo dia (D−1→D),2020-11-23,-0.0489031777526,0.0080926049363,-0.127402891899,-0.177279589144,-0.0841282954941,11,2000,0.000447828629612,-0.0294220886534,1341
mesmo dia (D−1→D),2020-11-24,-0.0381587963057,0.0224159286266,-0.127402891899,-0.177279589144,-0.0841282954941,11,2000,0.000447828629612,-0.0294220886534,1341
mesmo dia (D−1→D),2020-11-25,0.076932539887,0.00316069444191,-0.127402891899,-0.177279589144,-0.0841282954941,11,2000,0.000447828629612,-0.0294220886534,1341
mesmo dia (D−1→D),2020-11-26,0.00469448645484,0.000853513479157,-0.127402891899,-0.177279589144,-0.0841282954941,11,2000,0.000447828629612,-0.0294220886534,1341
mesmo dia (D−1→D),2020-11-27,0.0534365770173,0.0031571212135,-0.127402891899,-0.177279589144,-0.0841282954941,11,2000,0.000447828629612,-0.0294220886534,1341
mesmo dia (D−1→D),2020-11-30,0.113291699392,-0.0152566131585,-0.127402891899,-0.177279589144,-0.0841282954941,11,2000,0.000447828629612,-0.0294220886534,1341
mesmo dia (D−1→D),2020-12-01,0.0076606804273,0.0224726324297,-0.127402891899,-0.177279589144,-0.0841282954941,11,2000,0.000447828629612,-0.0294220886534,1341
mesmo dia (D−1→D),2020-12-02,-0.0251019332619,0.00430233080343,-0.127402891899,-0.177279589144,-0.0841282954941,11,2000,0.000447828629612,-0.0294220886534,1341
mesmo dia (D−1→D),2020-12-03,-0.0590949792851,0.00988248340995,-0.127402891899,-0.177279589144,-0.0841282954941,11,2000,0.000447828629612,-0.0294220886534,1341
mesmo dia (D−1→D),2020-12-04,-0.00342018952254,0.00675705594276,-0.127402891899,-0.177279589144,-0.0841282954941,11,2000,0.000447828629612,-0.0294220886534,1341
mesmo dia (D−1→D),2020-12-07,-0.00976305666585,-0.000501398638307,-0.127402891899,-0.177279589144,-0.0841282954941,11,2000,0.000447828629612,-0.0294220886534,1341
mesmo dia (D−1→D),2020-12-08,0.0258103654023,-0.000475247524752,-0.127402891899,-0.177279589144,-0.0841282954941,11,2000,0.000447828629612,-0.0294220886534,1341
mesmo dia (D−1→D),2020-12-09,-0.0847969043784,-0.00747549990755,-0.127402891899,-0.177279589144,-0.0841282954941,11,2000,0.000447828629612,-0.0294220886534,1341
mesmo dia (D−1→D),2020-12-10,0.0424717601779,0.0201380387147,-0.127402891899,-0.177279589144,-0.0841282954941,11,2000,0.000447828629612,-0.0294220886534,1341
mesmo dia (D−1→D),2020-12-11,-0.0183920838003,0.00287846111034,-0.127402891899,-0.177279589144,-0.0841282954941,11,2000,0.000447828629612,-0.0294220886534,1341
mesmo dia (D−1→D),2020-12-14,0.0144206033543,-0.00301761140449,-0.127402891899,-0.177279589144,-0.0841282954941,11,2000,0.000447828629612,-0.0294220886534,1341
mesmo dia (D−1→D),2020-12-15,-0.00169204511513,0.0101848227876,-0.127402891899,-0.177279589144,-0.0841282954941,11,2000,0.000447828629612,-0.0294220886534,1341
mesmo dia (D−1→D),2020-12-16,0.0134016507726,0.0155063454617,-0.127402891899,-0.177279589144,-0.0841282954941,11,2000,0.000447828629612,-0.0294220886534,1341
mesmo dia (D−1→D),2020-12-17,0.0450757940386,0.00178046071541,-0.127402891899,-0.177279589144,-0.0841282954941,11,2000,0.000447828629612,-0.0294220886534,1341
mesmo dia (D−1→D),2020-12-18,0.0481582150026,-0.00404546493225,-0.127402891899,-0.177279589144,-0.0841282954941,11,2000,0.000447828629612,-0.0294220886534,1341
mesmo dia (D−1→D),2020-12-21,0.126398080554,-0.0141316632534,-0.127402891899,-0.177279589144,-0.0841282954941,11,2000,0.000447828629612,-0.0294220886534,1341
mesmo dia (D−1→D),2020-12-22,0.0764812551799,0.00286167425183,-0.127402891899,-0.177279589144,-0.0841282954941,11,2000,0.000447828629612,-0.0294220886534,1341
mesmo dia (D−1→D),2020-12-23,0.0366426246147,0.012969711555,-0.127402891899,-0.177279589144,-0.0841282954941,11,2000,0.000447828629612,-0.0294220886534,1341
mesmo dia (D−1→D),2020-12-28,0.0889039748136,0.0101309213708,-0.127402891899,-0.177279589144,-0.0841282954941,11,2000,0.000447828629612,-0.0294220886534,1341
mesmo dia (D−1→D),2020-12-29,0.0974141282643,0.00356149885343,-0.127402891899,-0.177279589144,-0.0841282954941,11,2000,0.000447828629612,-0.0294220886534,1341
mesmo dia (D−1→D),2020-12-30,0.0918700984768,-0.0014145218665,-0.127402891899,-0.177279589144,-0.0841282954941,11,2000,0.000447828629612,-0.0294220886534,1341
mesmo dia (D−1→D),2021-01-04,0.0756366460193,-0.00626959247649,-0.127402891899,-0.177279589144,-0.0841282954941,11,2000,0.000447828629612,-0.0294220886534,1341
mesmo dia (D−1→D),2021-01-05,0.105269026099,0.0056090689789,-0.127402891899,-0.177279589144,-0.0841282954941,11,2000,0.000447828629612,-0.0294220886534,1341
mesmo dia (D−1→D),2021-01-06,0.0350311806016,0.00526744000738,-0.127402891899,-0.177279589144,-0.0841282954941,11,2000,0.000447828629612,-0.0294220886534,1341
mesmo dia (D−1→D),2021-01-07,0.0916713347,0.0175634746477,-0.127402891899,-0.177279589144,-0.0841282954941,11,2000,0.000447828629612,-0.0294220886534,1341
mesmo dia (D−1→D),2021-01-08,-0.00174312322222,0.0255911968251,-0.127402891899,-0.177279589144,-0.0841282954941,11,2000,0.000447828629612,-0.0294220886534,1341
mesmo dia (D−1→D),2021-01-11,0.00593433867365,-0.0181488203267,-0.127402891899,-0.177279589144,-0.0841282954941,11,2000,0.000447828629612,-0.0294220886534,1341
mesmo dia (D−1→D),2021-01-12,0.0116174330607,0.00969814424259,-0.127402891899,-0.177279589144,-0.0841282954941,11,2000,0.000447828629612,-0.0294220886534,1341
mesmo dia (D−1→D),2021-01-13,0.0014888325851,-0.0157905772674,-0.127402891899,-0.177279589144,-0.0841282954941,11,2000,0.000447828629612,-0.0294220886534,1341
mesmo dia (D−1→D),2021-01-14,-0.0169087890736,0.0118076040642,-0.127402891899,-0.177279589144,-0.0841282954941,11,2000,0.000447828629612,-0.0294220886534,1341
mesmo dia (D−1→D),2021-01-15,-0.00307126009091,-0.0241251690543,-0.127402891899,-0.177279589144,-0.0841282954941,11,2000,0.000447828629612,-0.0294220886534,1341
mesmo dia (D−1→D),2021-01-18,-0.0151872330457,0.00614097691325,-0.127402891899,-0.177279589144,-0.0841282954941,11,2000,0.000447828629612,-0.0294220886534,1341
mesmo dia (D−1→D),2021-01-19,0.0135716659439,-0.00469309315254,-0.127402891899,-0.177279589144,-0.0841282954941,11,2000,0.000447828629612,-0.0294220886534,1341
mesmo dia (D−1→D),2021-01-20,0.0583760192483,-0.00799681784658,-0.127402891899,-0.177279589144,-0.0841282954941,11,2000,0.000447828629612,-0.0294220886534,1341
mesmo dia (D−1→D),2021-01-21,0.0691993057608,-0.0105673806262,-0.127402891899,-0.177279589144,-0.0841282954941,11,2000,0.000447828629612,-0.0294220886534,1341
mesmo dia (D−1→D),2021-01-22,0.0107176634943,-0.0107309000954,-0.127402891899,-0.177279589144,-0.0841282954941,11,2000,0.000447828629612,-0.0294220886534,1341
mesmo dia (D−1→D),2021-01-26,0.0585756662056,-0.006042399208,-0.127402891899,-0.177279589144,-0.0841282954941,11,2000,0.000447828629612,-0.0294220886534,1341
mesmo dia (D−1→D),2021-01-27,0.00557727960386,-0.00499725236983,-0.127402891899,-0.177279589144,-0.0841282954941,11,2000,0.000447828629612,-0.0294220886534,1341
mesmo dia (D−1→D),2021-01-28,0.112504499916,0.0296163338569,-0.127402891899,-0.177279589144,-0.0841282954941,11,2000,0.000447828629612,-0.0294220886534,1341
mesmo dia (D−1→D),2021-01-29,0.0532213694969,-0.027716780931,-0.127402891899,-0.177279589144,-0.0841282954941,11,2000,0.000447828629612,-0.0294220886534,1341
mesmo dia (D−1→D),2021-02-01,-0.0135983999112,0.0117061901437,-0.127402891899,-0.177279589144,-0.0841282954941,11,2000,0.000447828629612,-0.0294220886534,1341
mesmo dia (D−1→D),2021-02-02,0.0919456498963,0.00740425169343,-0.127402891899,-0.177279589144,-0.0841282954941,11,2000,0.000447828629612,-0.0294220886534,1341
mesmo dia (D−1→D),2021-02-03,0.0278974334311,0.0126105857875,-0.127402891899,-0.177279589144,-0.0841282954941,11,2000,0.000447828629612,-0.0294220886534,1341
mesmo dia (D−1→D),2021-02-04,0.113124185149,-0.00387554813113,-0.127402891899,-0.177279589144,-0.0841282954941,11,2000,0.000447828629612,-0.0294220886534,1341
mesmo dia (D−1→D),2021-02-05,0.0435949166449,0.00556762059684,-0.127402891899,-0.177279589144,-0.0841282954941,11,2000,0.000447828629612,-0.0294220886534,1341
mesmo dia (D−1→D),2021-02-08,0.0384122080539,-0.00341046487388,-0.127402891899,-0.177279589144,-0.0841282954941,11,2000,0.000447828629612,-0.0294220886534,1341
mesmo dia (D−1→D),2021-02-09,0.042936960386,-0.000727936008568,-0.127402891899,-0.177279589144,-0.0841282954941,11,2000,0.000447828629612,-0.0294220886534,1341
mesmo dia (D−1→D),2021-02-10,0.0211037845637,-0.00836480251865,-0.127402891899,-0.177279589144,-0.0841282954941,11,2000,0.000447828629612,-0.0294220886534,1341
mesmo dia (D−1→D),2021-02-11,0.0618791270921,0.0067972642067,-0.127402891899,-0.177279589144,-0.0841282954941,11,2000,0.000447828629612,-0.0294220886534,1341
mesmo dia (D−1→D),2021-02-12,0.0846105292435,-0.000998029102193,-0.127402891899,-0.177279589144,-0.0841282954941,11,2000,0.000447828629612,-0.0294220886534,1341
mesmo dia (D−1→D),2021-02-17,0.126668371327,0.0107038517076,-0.127402891899,-0.177279589144,-0.0841282954941,11,2000,0.000447828629612,-0.0294220886534,1341
mesmo dia (D−1→D),2021-02-18,0.00321173501283,-0.010391142195,-0.127402891899,-0.177279589144,-0.0841282954941,11,2000,0.000447828629612,-0.0294220886534,1341
mesmo dia (D−1→D),2021-02-19,-0.0565473638348,-0.00329024676851,-0.127402891899,-0.177279589144,-0.0841282954941,11,2000,0.000447828629612,-0.0294220886534,1341
mesmo dia (D−1→D),2021-02-22,-0.000630785459558,-0.0512008623303,-0.127402891899,-0.177279589144,-0.0841282954941,11,2000,0.000447828629612,-0.0294220886534,1341
mesmo dia (D−1→D),2021-02-23,0.086724558017,0.0227127489616,-0.127402891899,-0.177279589144,-0.0841282954941,11,2000,0.000447828629612,-0.0294220886534,1341
mesmo dia (D−1→D),2021-02-24,-0.0114792540401,0.00382722799344,-0.127402891899,-0.177279589144,-0.0841282954941,11,2000,0.000447828629612,-0.0294220886534,1341
mesmo dia (D−1→D),2021-02-25,-0.014523792682,-0.0294982190407,-0.127402891899,-0.177279589144,-0.0841282954941,11,2000,0.000447828629612,-0.0294220886534,1341
mesmo dia (D−1→D),2021-02-26,0.0482822630998,-0.0197851339795,-0.127402891899,-0.177279589144,-0.0841282954941,11,2000,0.000447828629612,-0.0294220886534,1341
mesmo dia (D−1→D),2021-03-01,0.0209536748388,0.0027264052347,-0.127402891899,-0.177279589144,-0.0841282954941,11,2000,0.000447828629612,-0.0294220886534,1341
mesmo dia (D−1→D),2021-03-02,0.0791055476384,0.010921285177,-0.127402891899,-0.177279589144,-0.0841282954941,11,2000,0.000447828629612,-0.0294220886534,1341
mesmo dia (D−1→D),2021-03-03,0.0546996475114,-0.00319168011476,-0.127402891899,-0.177279589144,-0.0841282954941,11,2000,0.000447828629612,-0.0294220886534,1341
mesmo dia (D−1→D),2021-03-04,0.0505262438716,0.013545114405,-0.127402891899,-0.177279589144,-0.0841282954941,11,2000,0.000447828629612,-0.0294220886534,1341
mesmo dia (D−1→D),2021-03-05,0.087256988814,0.0222912414589,-0.127402891899,-0.177279589144,-0.0841282954941,11,2000,0.000447828629612,-0.0294220886534,1341
mesmo dia (D−1→D),2021-03-08,0.0115933956893,-0.0398430582802,-0.127402891899,-0.177279589144,-0.0841282954941,11,2000,0.000447828629612,-0.0294220886534,1341
mesmo dia (D−1→D),2021-03-09,-0.0199078123463,0.00650019889343,-0.127402891899,-0.177279589144,-0.0841282954941,11,2000,0.000447828629612,-0.0294220886534,1341
mesmo dia (D−1→D),2021-03-10,-0.0199110848349,0.0129793139377,-0.127402891899,-0.177279589144,-0.0841282954941,11,2000,0.000447828629612,-0.0294220886534,1341
mesmo dia (D−1→D),2021-03-11,-0.0547482969607,0.0195786337519,-0.127402891899,-0.177279589144,-0.0841282954941,11,2000,0.000447828629612,-0.0294220886534,1341
mesmo dia (D−1→D),2021-03-12,0.135303553926,-0.00716621442983,-0.127402891899,-0.177279589144,-0.0841282954941,11,2000,0.000447828629612,-0.0294220886534,1341
mesmo dia (D−1→D),2021-03-15,0.0296410603276,0.00605290819902,-0.127402891899,-0.177279589144,-0.0841282954941,11,2000,0.000447828629612,-0.0294220886534,1341
mesmo dia (D−1→D),2021-03-16,0.0162660831046,-0.0072441685314,-0.127402891899,-0.177279589144,-0.0841282954941,11,2000,0.000447828629612,-0.0294220886534,1341
mesmo dia (D−1→D),2021-03-17,-0.0190843927964,0.0221892842421,-0.127402891899,-0.177279589144,-0.0841282954941,11,2000,0.000447828629612,-0.0294220886534,1341
mesmo dia (D−1→D),2021-03-18,0.123044392743,-0.014706260886,-0.127402891899,-0.177279589144,-0.0841282954941,11,2000,0.000447828629612,-0.0294220886534,1341
mesmo dia (D−1→D),2021-03-19,0.034555120724,0.0120781991553,-0.127402891899,-0.177279589144,-0.0841282954941,11,2000,0.000447828629612,-0.0294220886534,1341
mesmo dia (D−1→D),2021-03-22,0.143436438237,-0.0106950491301,-0.127402891899,-0.177279589144,-0.0841282954941,11,2000,0.000447828629612,-0.0294220886534,1341
mesmo dia (D−1→D),2021-03-23,0.108386444479,-0.0149331617078,-0.127402891899,-0.177279589144,-0.0841282954941,11,2000,0.000447828629612,-0.0294220886534,1341
mesmo dia (D−1→D),2021-03-24,0.104287910116,-0.0105772456782,-0.127402891899,-0.177279589144,-0.0841282954941,11,2000,0.000447828629612,-0.0294220886534,1341
mesmo dia (D−1→D),2021-03-25,0.0113185548385,0.0150449743004,-0.127402891899,-0.177279589144,-0.0841282954941,11,2000,0.000447828629612,-0.0294220886534,1341
mesmo dia (D−1→D),2021-03-26,0.0388135251453,0.00906373626374,-0.127402891899,-0.177279589144,-0.0841282954941,11,2000,0.000447828629612,-0.0294220886534,1341
mesmo dia (D−1→D),2021-03-29,0.131489988797,0.00555841123531,-0.127402891899,-0.177279589144,-0.0841282954941,11,2000,0.000447828629612,-0.0294220886534,1341
mesmo dia (D−1→D),2021-03-30,0.0847111786836,0.012398305305,-0.127402891899,-0.177279589144,-0.0841282954941,11,2000,0.000447828629612,-0.0294220886534,1341
mesmo dia (D−1→D),2021-03-31,0.13040913429,-0.0018485237484,-0.127402891899,-0.177279589144,-0.0841282954941,11,2000,0.000447828629612,-0.0294220886534,1341
mesmo dia (D−1→D),2021-04-01,0.00386579740924,-0.0118404581854,-0.127402891899,-0.177279589144,-0.0841282954941,11,2000,0.000447828629612,-0.0294220886534,1341
mesmo dia (D−1→D),2021-04-05,-0.00942626507229,0.0196524168568,-0.127402891899,-0.177279589144,-0.0841282954941,11,2000,0.000447828629612,-0.0294220886534,1341
mesmo dia (D−1→D),2021-04-06,-0.0113760266503,-0.000161677360064,-0.127402891899,-0.177279589144,-0.0841282954941,11,2000,0.000447828629612,-0.0294220886534,1341
mesmo dia (D−1→D),2021-04-07,0.070547846533,0.00106383884118,-0.127402891899,-0.177279589144,-0.0841282954941,11,2000,0.000447828629612,-0.0294220886534,1341
mesmo dia (D−1→D),2021-04-08,0.0135576080998,0.00585764809903,-0.127402891899,-0.177279589144,-0.0841282954941,11,2000,0.000447828629612,-0.0294220886534,1341
mesmo dia (D−1→D),2021-04-09,-0.0303066281722,-0.00543473667306,-0.127402891899,-0.177279589144,-0.0841282954941,11,2000,0.000447828629612,-0.0294220886534,1341
mesmo dia (D−1→D),2021-04-12,-0.0726187014844,0.00970510750404,-0.127402891899,-0.177279589144,-0.0841282954941,11,2000,0.000447828629612,-0.0294220886534,1341
mesmo dia (D−1→D),2021-04-13,0.144377274474,0.00408207925125,-0.127402891899,-0.177279589144,-0.0841282954941,11,2000,0.000447828629612,-0.0294220886534,1341
mesmo dia (D−1→D),2021-04-14,-0.00627253086151,0.00836567558279,-0.127402891899,-0.177279589144,-0.0841282954941,11,2000,0.000447828629612,-0.0294220886534,1341
mesmo dia (D−1→D),2021-04-15,-0.0397849968891,0.00337503636893,-0.127402891899,-0.177279589144,-0.0841282954941,11,2000,0.000447828629612,-0.0294220886534,1341
mesmo dia (D−1→D),2021-04-16,-0.0197920083001,0.00342167836223,-0.127402891899,-0.177279589144,-0.0841282954941,11,2000,0.000447828629612,-0.0294220886534,1341
mesmo dia (D−1→D),2021-04-19,-0.00707014910782,-0.00148620308139,-0.127402891899,-0.177279589144,-0.0841282954941,11,2000,0.000447828629612,-0.0294220886534,1341
mesmo dia (D−1→D),2021-04-20,0.0296379150695,-0.00721054459457,-0.127402891899,-0.177279589144,-0.0841282954941,11,2000,0.000447828629612,-0.0294220886534,1341
mesmo dia (D−1→D),2021-04-22,-0.0513454817719,-0.00575535973081,-0.127402891899,-0.177279589144,-0.0841282954941,11,2000,0.000447828629612,-0.0294220886534,1341
mesmo dia (D−1→D),2021-04-23,-0.0317185605575,0.00970922585888,-0.127402891899,-0.177279589144,-0.0841282954941,11,2000,0.000447828629612,-0.0294220886534,1341
mesmo dia (D−1→D),2021-04-26,-0.116507479471,0.000539284825355,-0.127402891899,-0.177279589144,-0.0841282954941,11,2000,0.000447828629612,-0.0294220886534,1341
mesmo dia (D−1→D),2021-04-27,-0.0435473189125,-0.0100087068286,-0.127402891899,-0.177279589144,-0.0841282954941,11,2000,0.000447828629612,-0.0294220886534,1341
mesmo dia (D−1→D),2021-04-28,0.0317075117947,0.0139461252387,-0.127402891899,-0.177279589144,-0.0841282954941,11,2000,0.000447828629612,-0.0294220886534,1341
mesmo dia (D−1→D),2021-04-29,-0.0354063865867,-0.00815345344601,-0.127402891899,-0.177279589144,-0.0841282954941,11,2000,0.000447828629612,-0.0294220886534,1341
mesmo dia (D−1→D),2021-04-30,0.0352031738984,-0.00976129795279,-0.127402891899,-0.177279589144,-0.0841282954941,11,2000,0.000447828629612,-0.0294220886534,1341
mesmo dia (D−1→D),2021-05-03,-0.0562209791989,0.00264941881003,-0.127402891899,-0.177279589144,-0.0841282954941,11,2000,0.000447828629612,-0.0294220886534,1341
mesmo dia (D−1→D),2021-05-04,0.0179336462933,-0.0125577766779,-0.127402891899,-0.177279589144,-0.0841282954941,11,2000,0.000447828629612,-0.0294220886534,1341
mesmo dia (D−1→D),2021-05-05,0.0102641171369,0.01573331521,-0.127402891899,-0.177279589144,-0.0841282954941,11,2000,0.000447828629612,-0.0294220886534,1341
mesmo dia (D−1→D),2021-05-06,-0.064609615787,0.00298584858319,-0.127402891899,-0.177279589144,-0.0841282954941,11,2000,0.000447828629612,-0.0294220886534,1341
mesmo dia (D−1→D),2021-05-07,-0.0265021980578,0.0176532884149,-0.127402891899,-0.177279589144,-0.0841282954941,11,2000,0.000447828629612,-0.0294220886534,1341
mesmo dia (D−1→D),2021-05-10,0.0455318567119,-0.00105704780478,-0.127402891899,-0.177279589144,-0.0841282954941,11,2000,0.000447828629612,-0.0294220886534,1341
mesmo dia (D−1→D),2021-05-11,-0.0021940072753,0.00865399601342,-0.127402891899,-0.177279589144,-0.0841282954941,11,2000,0.000447828629612,-0.0294220886534,1341
mesmo dia (D−1→D),2021-05-12,-0.0197545312224,-0.0264630298299,-0.127402891899,-0.177279589144,-0.0841282954941,11,2000,0.000447828629612,-0.0294220886534,1341
mesmo dia (D−1→D),2021-05-13,-0.137934560905,0.00832010692507,-0.127402891899,-0.177279589144,-0.0841282954941,11,2000,0.000447828629612,-0.0294220886534,1341
mesmo dia (D−1→D),2021-05-14,-0.0353461442986,0.00973439597037,-0.127402891899,-0.177279589144,-0.0841282954941,11,2000,0.000447828629612,-0.0294220886534,1341
mesmo dia (D−1→D),2021-05-17,-0.00770487760149,0.00867239356421,-0.127402891899,-0.177279589144,-0.0841282954941,11,2000,0.000447828629612,-0.0294220886534,1341
mesmo dia (D−1→D),2021-05-18,-0.0655761911965,0.000341635621207,-0.127402891899,-0.177279589144,-0.0841282954941,11,2000,0.000447828629612,-0.0294220886534,1341
mesmo dia (D−1→D),2021-05-19,-0.0280596149947,-0.0027972027972,-0.127402891899,-0.177279589144,-0.0841282954941,11,2000,0.000447828629612,-0.0294220886534,1341
mesmo dia (D−1→D),2021-05-20,-0.00379849353561,0.0005300238103,-0.127402891899,-0.177279589144,-0.0841282954941,11,2000,0.000447828629612,-0.0294220886534,1341
mesmo dia (D−1→D),2021-05-21,0.0061644805482,-0.000888338318351,-0.127402891899,-0.177279589144,-0.0841282954941,11,2000,0.000447828629612,-0.0294220886534,1341
mesmo dia (D−1→D),2021-05-24,-0.00383174795426,0.0117462803446,-0.127402891899,-0.177279589144,-0.0841282954941,11,2000,0.000447828629612,-0.0294220886534,1341
mesmo dia (D−1→D),2021-05-25,0.0215124595898,-0.00841718266254,-0.127402891899,-0.177279589144,-0.0841282954941,11,2000,0.000447828629612,-0.0294220886534,1341
mesmo dia (D−1→D),2021-05-26,-0.0682520658202,0.00813900543142,-0.127402891899,-0.177279589144,-0.0841282954941,11,2000,0.000447828629612,-0.0294220886534,1341
mesmo dia (D−1→D),2021-05-27,0.0153670368057,0.0030486575422,-0.127402891899,-0.177279589144,-0.0841282954941,11,2000,0.000447828629612,-0.0294220886534,1341
mesmo dia (D−1→D),2021-05-28,0.0221181413235,0.00960061752716,-0.127402891899,-0.177279589144,-0.0841282954941,11,2000,0.000447828629612,-0.0294220886534,1341
mesmo dia (D−1→D),2021-05-31,0.00216682753244,0.00521658795327,-0.127402891899,-0.177279589144,-0.0841282954941,11,2000,0.000447828629612,-0.0294220886534,1341
mesmo dia (D−1→D),2021-06-01,0.125163575619,0.0162499207707,-0.127402891899,-0.177279589144,-0.0841282954941,11,2000,0.000447828629612,-0.0294220886534,1341
mesmo dia (D−1→D),2021-06-02,0.110886778253,0.0104001808727,-0.127402891899,-0.177279589144,-0.0841282954941,11,2000,0.000447828629612,-0.0294220886534,1341
mesmo dia (D−1→D),2021-06-04,-0.0893770008357,0.00405089466902,-0.127402891899,-0.177279589144,-0.0841282954941,11,2000,0.000447828629612,-0.0294220886534,1341
mesmo dia (D−1→D),2021-06-07,0.00224138691352,0.00499515853865,-0.127402891899,-0.177279589144,-0.0841282954941,11,2000,0.000447828629612,-0.0294220886534,1341
mesmo dia (D−1→D),2021-06-08,0.00243970188886,-0.00756254970331,-0.127402891899,-0.177279589144,-0.0841282954941,11,2000,0.000447828629612,-0.0294220886534,1341
mesmo dia (D−1→D),2021-06-09,0.00387107272828,0.000924591831231,-0.127402891899,-0.177279589144,-0.0841282954941,11,2000,0.000447828629612,-0.0294220886534,1341
mesmo dia (D−1→D),2021-06-10,0.0147107689885,0.00130093066578,-0.127402891899,-0.177279589144,-0.0841282954941,11,2000,0.000447828629612,-0.0294220886534,1341
mesmo dia (D−1→D),2021-06-11,-0.0284356711516,-0.00488176143178,-0.127402891899,-0.177279589144,-0.0841282954941,11,2000,0.000447828629612,-0.0294220886534,1341
mesmo dia (D−1→D),2021-06-14,-0.0392112511168,0.00592547956212,-0.127402891899,-0.177279589144,-0.0841282954941,11,2000,0.000447828629612,-0.0294220886534,1341
mesmo dia (D−1→D),2021-06-15,-0.00999830962535,-0.000898562300319,-0.127402891899,-0.177279589144,-0.0841282954941,11,2000,0.000447828629612,-0.0294220886534,1341
mesmo dia (D−1→D),2021-06-16,0.00423853907783,-0.00639552313381,-0.127402891899,-0.177279589144,-0.0841282954941,11,2000,0.000447828629612,-0.0294220886534,1341
mesmo dia (D−1→D),2021-06-17,0.0161311983039,-0.00929915905275,-0.127402891899,-0.177279589144,-0.0841282954941,11,2000,0.000447828629612,-0.0294220886534,1341
mesmo dia (D−1→D),2021-06-18,-0.0758536596182,0.00271753984554,-0.127402891899,-0.177279589144,-0.0841282954941,11,2000,0.000447828629612,-0.0294220886534,1341
mesmo dia (D−1→D),2021-06-21,-0.0202221004764,0.00669755850629,-0.127402891899,-0.177279589144,-0.0841282954941,11,2000,0.000447828629612,-0.0294220886534,1341
mesmo dia (D−1→D),2021-06-22,0.044279095161,-0.0038525509612,-0.127402891899,-0.177279589144,-0.0841282954941,11,2000,0.000447828629612,-0.0294220886534,1341
mesmo dia (D−1→D),2021-06-23,0.0158175398634,-0.0026326620951,-0.127402891899,-0.177279589144,-0.0841282954941,11,2000,0.000447828629612,-0.0294220886534,1341
mesmo dia (D−1→D),2021-06-24,-0.0459564889886,0.00845609991591,-0.127402891899,-0.177279589144,-0.0841282954941,11,2000,0.000447828629612,-0.0294220886534,1341
mesmo dia (D−1→D),2021-06-25,0.00998182866933,-0.0174344086354,-0.127402891899,-0.177279589144,-0.0841282954941,11,2000,0.000447828629612,-0.0294220886534,1341
mesmo dia (D−1→D),2021-06-28,-0.00701891449973,0.00135946438675,-0.127402891899,-0.177279589144,-0.0841282954941,11,2000,0.000447828629612,-0.0294220886534,1341
mesmo dia (D−1→D),2021-06-29,-0.0367144907754,-0.000800445738411,-0.127402891899,-0.177279589144,-0.0841282954941,11,2000,0.000447828629612,-0.0294220886534,1341
mesmo dia (D−1→D),2021-06-30,0.00869008286283,-0.00412324173192,-0.127402891899,-0.177279589144,-0.0841282954941,11,2000,0.000447828629612,-0.0294220886534,1341
mesmo dia (D−1→D),2021-07-01,0.0713623063229,-0.00895884922951,-0.127402891899,-0.177279589144,-0.0841282954941,11,2000,0.000447828629612,-0.0294220886534,1341
mesmo dia (D−1→D),2021-07-02,0.0196915793099,0.0155650693107,-0.127402891899,-0.177279589144,-0.0841282954941,11,2000,0.000447828629612,-0.0294220886534,1341
mesmo dia (D−1→D),2021-07-05,0.0334132551133,-0.00550061901553,-0.127402891899,-0.177279589144,-0.0841282954941,11,2000,0.000447828629612,-0.0294220886534,1341
mesmo dia (D−1→D),2021-07-06,0.0465314696022,-0.0143791364639,-0.127402891899,-0.177279589144,-0.0841282954941,11,2000,0.000447828629612,-0.0294220886534,1341
mesmo dia (D−1→D),2021-07-07,0.0102211349929,0.0153803109637,-0.127402891899,-0.177279589144,-0.0841282954941,11,2000,0.000447828629612,-0.0294220886534,1341
mesmo dia (D−1→D),2021-07-08,0.22176816504,-0.0125256851337,-0.127402891899,-0.177279589144,-0.0841282954941,11,2000,0.000447828629612,-0.0294220886534,1341
mesmo dia (D−1→D),2021-07-12,0.0130126682438,0.0172688713844,-0.127402891899,-0.177279589144,-0.0841282954941,11,2000,0.000447828629612,-0.0294220886534,1341
mesmo dia (D−1→D),2021-07-13,-0.0903520831056,0.00449864413687,-0.127402891899,-0.177279589144,-0.0841282954941,11,2000,0.000447828629612,-0.0294220886534,1341
mesmo dia (D−1→D),2021-07-14,-0.00660768695716,0.00186474002871,-0.127402891899,-0.177279589144,-0.0841282954941,11,2000,0.000447828629612,-0.0294220886534,1341
mesmo dia (D−1→D),2021-07-15,-0.0574766187591,-0.0073126854455,-0.127402891899,-0.177279589144,-0.0841282954941,11,2000,0.000447828629612,-0.0294220886534,1341
mesmo dia (D−1→D),2021-07-16,-0.0285134333756,-0.0118304201839,-0.127402891899,-0.177279589144,-0.0841282954941,11,2000,0.000447828629612,-0.0294220886534,1341
mesmo dia (D−1→D),2021-07-19,0.11439074488,-0.0124245792315,-0.127402891899,-0.177279589144,-0.0841282954941,11,2000,0.000447828629612,-0.0294220886534,1341
mesmo dia (D−1→D),2021-07-20,-0.0518670000868,0.00808714176615,-0.127402891899,-0.177279589144,-0.0841282954941,11,2000,0.000447828629612,-0.0294220886534,1341
mesmo dia (D−1→D),2021-07-21,-0.0418771168315,0.00421049273929,-0.127402891899,-0.177279589144,-0.0841282954941,11,2000,0.000447828629612,-0.0294220886534,1341
mesmo dia (D−1→D),2021-07-22,-0.0319129932262,0.00173113421055,-0.127402891899,-0.177279589144,-0.0841282954941,11,2000,0.000447828629612,-0.0294220886534,1341
mesmo dia (D−1→D),2021-07-23,0.0567372019985,-0.00867242185704,-0.127402891899,-0.177279589144,-0.0841282954941,11,2000,0.000447828629612,-0.0294220886534,1341
mesmo dia (D−1→D),2021-07-26,0.0320065935605,0.00760477557516,-0.127402891899,-0.177279589144,-0.0841282954941,11,2000,0.000447828629612,-0.0294220886534,1341
mesmo dia (D−1→D),2021-07-27,0.010873362224,-0.0110472683407,-0.127402891899,-0.177279589144,-0.0841282954941,11,2000,0.000447828629612,-0.0294220886534,1341
mesmo dia (D−1→D),2021-07-28,-0.0617976781994,0.0134336981992,-0.127402891899,-0.177279589144,-0.0841282954941,11,2000,0.000447828629612,-0.0294220886534,1341
mesmo dia (D−1→D),2021-07-29,-0.0285211720135,-0.00483822434791,-0.127402891899,-0.177279589144,-0.0841282954941,11,2000,0.000447828629612,-0.0294220886534,1341
mesmo dia (D−1→D),2021-07-30,0.0348072286133,-0.0308255420728,-0.127402891899,-0.177279589144,-0.0841282954941,11,2000,0.000447828629612,-0.0294220886534,1341
mesmo dia (D−1→D),2021-08-02,-0.0332068210372,0.00587023095048,-0.127402891899,-0.177279589144,-0.0841282954941,11,2000,0.000447828629612,-0.0294220886534,1341
mesmo dia (D−1→D),2021-08-03,0.0971357195448,0.00866009337556,-0.127402891899,-0.177279589144,-0.0841282954941,11,2000,0.000447828629612,-0.0294220886534,1341
mesmo dia (D−1→D),2021-08-04,-0.00362284115579,-0.0143716063669,-0.127402891899,-0.177279589144,-0.0841282954941,11,2000,0.000447828629612,-0.0294220886534,1341
mesmo dia (D−1→D),2021-08-05,-0.00106290729488,-0.00137929902053,-0.127402891899,-0.177279589144,-0.0841282954941,11,2000,0.000447828629612,-0.0294220886534,1341
mesmo dia (D−1→D),2021-08-06,0.0158705376263,0.00967665025117,-0.127402891899,-0.177279589144,-0.0841282954941,11,2000,0.000447828629612,-0.0294220886534,1341
mesmo dia (D−1→D),2021-08-09,0.0831123958873,0.00170181581304,-0.127402891899,-0.177279589144,-0.0841282954941,11,2000,0.000447828629612,-0.0294220886534,1341
mesmo dia (D−1→D),2021-08-10,0.0199848090397,-0.00664125053853,-0.127402891899,-0.177279589144,-0.0841282954941,11,2000,0.000447828629612,-0.0294220886534,1341
mesmo dia (D−1→D),2021-08-11,0.0204504540583,-0.00119474313023,-0.127402891899,-0.177279589144,-0.0841282954941,11,2000,0.000447828629612,-0.0294220886534,1341
mesmo dia (D−1→D),2021-08-12,0.0324901553117,-0.0111014616242,-0.127402891899,-0.177279589144,-0.0841282954941,11,2000,0.000447828629612,-0.0294220886534,1341
mesmo dia (D−1→D),2021-08-13,0.0614186887583,0.00408447320238,-0.127402891899,-0.177279589144,-0.0841282954941,11,2000,0.000447828629612,-0.0294220886534,1341
mesmo dia (D−1→D),2021-08-16,0.162328449735,-0.0166179843887,-0.127402891899,-0.177279589144,-0.0841282954941,11,2000,0.000447828629612,-0.0294220886534,1341
mesmo dia (D−1→D),2021-08-17,0.116226129396,-0.0107064943783,-0.127402891899,-0.177279589144,-0.0841282954941,11,2000,0.000447828629612,-0.0294220886534,1341
mesmo dia (D−1→D),2021-08-18,0.0432874026561,-0.0106951418103,-0.127402891899,-0.177279589144,-0.0841282954941,11,2000,0.000447828629612,-0.0294220886534,1341
mesmo dia (D−1→D),2021-08-19,0.00045059446804,0.00447519353926,-0.127402891899,-0.177279589144,-0.0841282954941,11,2000,0.000447828629612,-0.0294220886534,1341
mesmo dia (D−1→D),2021-08-20,-0.0318390204484,0.00757905517859,-0.127402891899,-0.177279589144,-0.0841282954941,11,2000,0.000447828629612,-0.0294220886534,1341
mesmo dia (D−1→D),2021-08-23,-0.000970953158347,-0.0049215183011,-0.127402891899,-0.177279589144,-0.0841282954941,11,2000,0.000447828629612,-0.0294220886534,1341
mesmo dia (D−1→D),2021-08-24,0.00747607255993,0.0233161944974,-0.127402891899,-0.177279589144,-0.0841282954941,11,2000,0.000447828629612,-0.0294220886534,1341
mesmo dia (D−1→D),2021-08-25,-0.030905473694,0.0050494547088,-0.127402891899,-0.177279589144,-0.0841282954941,11,2000,0.000447828629612,-0.0294220886534,1341
mesmo dia (D−1→D),2021-08-26,0.00644373069137,-0.017331854525,-0.127402891899,-0.177279589144,-0.0841282954941,11,2000,0.000447828629612,-0.0294220886534,1341
mesmo dia (D−1→D),2021-08-27,-0.0289134110463,0.0164583403524,-0.127402891899,-0.177279589144,-0.0841282954941,11,2000,0.000447828629612,-0.0294220886534,1341
mesmo dia (D−1→D),2021-08-30,0.0300202221357,-0.00777275062563,-0.127402891899,-0.177279589144,-0.0841282954941,11,2000,0.000447828629612,-0.0294220886534,1341
mesmo dia (D−1→D),2021-08-31,0.0399751710102,-0.00800901954234,-0.127402891899,-0.177279589144,-0.0841282954941,11,2000,0.000447828629612,-0.0294220886534,1341
mesmo dia (D−1→D),2021-09-01,0.00911276962236,0.00517759574343,-0.127402891899,-0.177279589144,-0.0841282954941,11,2000,0.000447828629612,-0.0294220886534,1341
mesmo dia (D−1→D),2021-09-02,-0.0322097512429,-0.022772957218,-0.127402891899,-0.177279589144,-0.0841282954941,11,2000,0.000447828629612,-0.0294220886534,1341
mesmo dia (D−1→D),2021-09-03,-0.0259890606088,0.00219409138048,-0.127402891899,-0.177279589144,-0.0841282954941,11,2000,0.000447828629612,-0.0294220886534,1341
mesmo dia (D−1→D),2021-09-06,0.0291082554102,0.0080045838215,-0.127402891899,-0.177279589144,-0.0841282954941,11,2000,0.000447828629612,-0.0294220886534,1341
mesmo dia (D−1→D),2021-09-08,0.0620904783224,-0.0378046814684,-0.127402891899,-0.177279589144,-0.0841282954941,11,2000,0.000447828629612,-0.0294220886534,1341
mesmo dia (D−1→D),2021-09-09,0.0735773657944,0.017176161463,-0.127402891899,-0.177279589144,-0.0841282954941,11,2000,0.000447828629612,-0.0294220886534,1341
mesmo dia (D−1→D),2021-09-10,0.0135741121361,-0.00931857386812,-0.127402891899,-0.177279589144,-0.0841282954941,11,2000,0.000447828629612,-0.0294220886534,1341
mesmo dia (D−1→D),2021-09-13,0.0180739106483,0.0185324536689,-0.127402891899,-0.177279589144,-0.0841282954941,11,2000,0.000447828629612,-0.0294220886534,1341
mesmo dia (D−1→D),2021-09-14,-0.0410866070009,-0.00191574172709,-0.127402891899,-0.177279589144,-0.0841282954941,11,2000,0.000447828629612,-0.0294220886534,1341
mesmo dia (D−1→D),2021-09-15,0.0580850485754,-0.00962291596733,-0.127402891899,-0.177279589144,-0.0841282954941,11,2000,0.000447828629612,-0.0294220886534,1341
mesmo dia (D−1→D),2021-09-16,0.0590813472669,-0.0110287407768,-0.127402891899,-0.177279589144,-0.0841282954941,11,2000,0.000447828629612,-0.0294220886534,1341
mesmo dia (D−1→D),2021-09-17,0.0471824689865,-0.0206952914916,-0.127402891899,-0.177279589144,-0.0841282954941,11,2000,0.000447828629612,-0.0294220886534,1341
mesmo dia (D−1→D),2021-09-20,0.0216180227589,-0.0232862821813,-0.127402891899,-0.177279589144,-0.0841282954941,11,2000,0.000447828629612,-0.0294220886534,1341
mesmo dia (D−1→D),2021-09-21,0.0107141390906,0.0129175701003,-0.127402891899,-0.177279589144,-0.0841282954941,11,2000,0.000447828629612,-0.0294220886534,1341
mesmo dia (D−1→D),2021-09-22,-0.0775957678525,0.0184308390023,-0.127402891899,-0.177279589144,-0.0841282954941,11,2000,0.000447828629612,-0.0294220886534,1341
mesmo dia (D−1→D),2021-09-23,-0.0397068085447,0.0158707539944,-0.127402891899,-0.177279589144,-0.0841282954941,11,2000,0.000447828629612,-0.0294220886534,1341
mesmo dia (D−1→D),2021-09-24,0.000959099696916,-0.00684703324449,-0.127402891899,-0.177279589144,-0.0841282954941,11,2000,0.000447828629612,-0.0294220886534,1341
mesmo dia (D−1→D),2021-09-27,0.0833581565356,0.0026482349514,-0.127402891899,-0.177279589144,-0.0841282954941,11,2000,0.000447828629612,-0.0294220886534,1341
mesmo dia (D−1→D),2021-09-28,0.0345054034076,-0.0304535009641,-0.127402891899,-0.177279589144,-0.0841282954941,11,2000,0.000447828629612,-0.0294220886534,1341
mesmo dia (D−1→D),2021-09-29,0.00230636597685,0.0089263012604,-0.127402891899,-0.177279589144,-0.0841282954941,11,2000,0.000447828629612,-0.0294220886534,1341
mesmo dia (D−1→D),2021-09-30,0.0439640602456,-0.00115204262558,-0.127402891899,-0.177279589144,-0.0841282954941,11,2000,0.000447828629612,-0.0294220886534,1341
mesmo dia (D−1→D),2021-10-01,0.0517896588613,0.0173095810919,-0.127402891899,-0.177279589144,-0.0841282954941,11,2000,0.000447828629612,-0.0294220886534,1341
mesmo dia (D−1→D),2021-10-04,0.0241491166779,-0.0222054915855,-0.127402891899,-0.177279589144,-0.0841282954941,11,2000,0.000447828629612,-0.0294220886534,1341
mesmo dia (D−1→D),2021-10-05,-0.0685367224826,0.000588805449621,-0.127402891899,-0.177279589144,-0.0841282954941,11,2000,0.000447828629612,-0.0294220886534,1341
mesmo dia (D−1→D),2021-10-06,0.0103233671606,0.00092342790925,-0.127402891899,-0.177279589144,-0.0841282954941,11,2000,0.000447828629612,-0.0294220886534,1341
mesmo dia (D−1→D),2021-10-07,-0.0812607748292,0.000226121562952,-0.127402891899,-0.177279589144,-0.0841282954941,11,2000,0.000447828629612,-0.0294220886534,1341
mesmo dia (D−1→D),2021-10-08,-0.0742282195659,0.020328254284,-0.127402891899,-0.177279589144,-0.0841282954941,11,2000,0.000447828629612,-0.0294220886534,1341
mesmo dia (D−1→D),2021-10-11,-0.00910252051448,-0.00578731399502,-0.127402891899,-0.177279589144,-0.0841282954941,11,2000,0.000447828629612,-0.0294220886534,1341
mesmo dia (D−1→D),2021-10-13,0.0696135542601,0.0113745765734,-0.127402891899,-0.177279589144,-0.0841282954941,11,2000,0.000447828629612,-0.0294220886534,1341
mesmo dia (D−1→D),2021-10-14,0.165424227576,-0.00238859117191,-0.127402891899,-0.177279589144,-0.0841282954941,11,2000,0.000447828629612,-0.0294220886534,1341
mesmo dia (D−1→D),2021-10-15,-0.0348723159267,0.0129257410434,-0.127402891899,-0.177279589144,-0.0841282954941,11,2000,0.000447828629612,-0.0294220886534,1341
mesmo dia (D−1→D),2021-10-18,0.0192259004261,-0.00191891703301,-0.127402891899,-0.177279589144,-0.0841282954941,11,2000,0.000447828629612,-0.0294220886534,1341
mesmo dia (D−1→D),2021-10-19,-0.0319906324181,-0.0328153948334,-0.127402891899,-0.177279589144,-0.0841282954941,11,2000,0.000447828629612,-0.0294220886534,1341
mesmo dia (D−1→D),2021-10-20,-0.0431894327278,0.00102102590514,-0.127402891899,-0.177279589144,-0.0841282954941,11,2000,0.000447828629612,-0.0294220886534,1341
mesmo dia (D−1→D),2021-10-21,0.00492792543534,-0.0275395808135,-0.127402891899,-0.177279589144,-0.0841282954941,11,2000,0.000447828629612,-0.0294220886534,1341
mesmo dia (D−1→D),2021-10-22,-0.0577132280497,-0.013356847821,-0.127402891899,-0.177279589144,-0.0841282954941,11,2000,0.000447828629612,-0.0294220886534,1341
mesmo dia (D−1→D),2021-10-25,-0.0667304596217,0.0227572062919,-0.127402891899,-0.177279589144,-0.0841282954941,11,2000,0.000447828629612,-0.0294220886534,1341
mesmo dia (D−1→D),2021-10-26,-0.0693794663445,-0.0211102423769,-0.127402891899,-0.177279589144,-0.0841282954941,11,2000,0.000447828629612,-0.0294220886534,1341
mesmo dia (D−1→D),2021-10-27,0.0414434651475,-0.000535613606465,-0.127402891899,-0.177279589144,-0.0841282954941,11,2000,0.000447828629612,-0.0294220886534,1341
mesmo dia (D−1→D),2021-10-28,0.0901252650204,-0.00618636179875,-0.127402891899,-0.177279589144,-0.0841282954941,11,2000,0.000447828629612,-0.0294220886534,1341
mesmo dia (D−1→D),2021-10-29,0.0658247305514,-0.0208504801097,-0.127402891899,-0.177279589144,-0.0841282954941,11,2000,0.000447828629612,-0.0294220886534,1341
mesmo dia (D−1→D),2021-11-01,0.0731420151502,0.0198065719172,-0.127402891899,-0.177279589144,-0.0841282954941,11,2000,0.000447828629612,-0.0294220886534,1341
mesmo dia (D−1→D),2021-11-03,0.0145550318986,0.000625290144101,-0.127402891899,-0.177279589144,-0.0841282954941,11,2000,0.000447828629612,-0.0294220886534,1341
mesmo dia (D−1→D),2021-11-04,0.0826358195322,-0.0208773208858,-0.127402891899,-0.177279589144,-0.0841282954941,11,2000,0.000447828629612,-0.0294220886534,1341
mesmo dia (D−1→D),2021-11-05,-0.00242946383499,0.0136541213786,-0.127402891899,-0.177279589144,-0.0841282954941,11,2000,0.000447828629612,-0.0294220886534,1341
mesmo dia (D−1→D),2021-11-08,0.0851724676499,-0.000410211401969,-0.127402891899,-0.177279589144,-0.0841282954941,11,2000,0.000447828629612,-0.0294220886534,1341
mesmo dia (D−1→D),2021-11-09,0.00958313072058,0.00719596109982,-0.127402891899,-0.177279589144,-0.0841282954941,11,2000,0.000447828629612,-0.0294220886534,1341
mesmo dia (D−1→D),2021-11-10,0.058875976669,0.00410290424977,-0.127402891899,-0.177279589144,-0.0841282954941,11,2000,0.000447828629612,-0.0294220886534,1341
mesmo dia (D−1→D),2021-11-11,0.0256873949578,0.0165804771252,-0.127402891899,-0.177279589144,-0.0841282954941,11,2000,0.000447828629612,-0.0294220886534,1341
mesmo dia (D−1→D),2021-11-12,0.0317913242259,-0.0131167324205,-0.127402891899,-0.177279589144,-0.0841282954941,11,2000,0.000447828629612,-0.0294220886534,1341
mesmo dia (D−1→D),2021-11-16,0.0477530593343,-0.0169689216645,-0.127402891899,-0.177279589144,-0.0841282954941,11,2000,0.000447828629612,-0.0294220886534,1341
mesmo dia (D−1→D),2021-11-17,0.0312107332545,-0.014955792858,-0.127402891899,-0.177279589144,-0.0841282954941,11,2000,0.000447828629612,-0.0294220886534,1341
mesmo dia (D−1→D),2021-11-18,0.0527352527508,-0.00408956238768,-0.127402891899,-0.177279589144,-0.0841282954941,11,2000,0.000447828629612,-0.0294220886534,1341
mesmo dia (D−1→D),2021-11-19,-0.0310207039893,0.00498419882174,-0.127402891899,-0.177279589144,-0.0841282954941,11,2000,0.000447828629612,-0.0294220886534,1341
mesmo dia (D−1→D),2021-11-22,-0.00796777850169,-0.00886106662784,-0.127402891899,-0.177279589144,-0.0841282954941,11,2000,0.000447828629612,-0.0294220886534,1341
mesmo dia (D−1→D),2021-11-23,0.0453716360953,0.0150897945594,-0.127402891899,-0.177279589144,-0.0841282954941,11,2000,0.000447828629612,-0.0294220886534,1341
mesmo dia (D−1→D),2021-11-24,-0.00983821103813,0.0082092935763,-0.127402891899,-0.177279589144,-0.0841282954941,11,2000,0.000447828629612,-0.0294220886534,1341
mesmo dia (D−1→D),2021-11-25,-0.0640292734408,0.0124098206939,-0.127402891899,-0.177279589144,-0.0841282954941,11,2000,0.000447828629612,-0.0294220886534,1341
mesmo dia (D−1→D),2021-11-26,0.124541476843,-0.0339000671008,-0.127402891899,-0.177279589144,-0.0841282954941,11,2000,0.000447828629612,-0.0294220886534,1341
mesmo dia (D−1→D),2021-11-29,0.0444997253179,0.00577163875411,-0.127402891899,-0.177279589144,-0.0841282954941,11,2000,0.000447828629612,-0.0294220886534,1341
mesmo dia (D−1→D),2021-11-30,0.0607298736915,-0.00874394537709,-0.127402891899,-0.177279589144,-0.0841282954941,11,2000,0.000447828629612,-0.0294220886534,1341
mesmo dia (D−1→D),2021-12-01,0.0548528992455,-0.0111857920816,-0.127402891899,-0.177279589144,-0.0841282954941,11,2000,0.000447828629612,-0.0294220886534,1341
mesmo dia (D−1→D),2021-12-02,0.0202673458778,0.036626147358,-0.127402891899,-0.177279589144,-0.0841282954941,11,2000,0.000447828629612,-0.0294220886534,1341
mesmo dia (D−1→D),2021-12-03,0.0193252307949,0.0057817854613,-0.127402891899,-0.177279589144,-0.0841282954941,11,2000,0.000447828629612,-0.0294220886534,1341
mesmo dia (D−1→D),2021-12-06,-0.0251496015306,0.0170267440754,-0.127402891899,-0.177279589144,-0.0841282954941,11,2000,0.000447828629612,-0.0294220886534,1341
mesmo dia (D−1→D),2021-12-07,-0.00749645963918,0.00654133016405,-0.127402891899,-0.177279589144,-0.0841282954941,11,2000,0.000447828629612,-0.0294220886534,1341
mesmo dia (D−1→D),2021-12-08,0.00412274098634,0.00500195243497,-0.127402891899,-0.177279589144,-0.0841282954941,11,2000,0.000447828629612,-0.0294220886534,1341
mesmo dia (D−1→D),2021-12-09,0.00948934255227,-0.0166981201895,-0.127402891899,-0.177279589144,-0.0841282954941,11,2000,0.000447828629612,-0.0294220886534,1341
mesmo dia (D−1→D),2021-12-10,0.0358718527867,0.0138017329783,-0.127402891899,-0.177279589144,-0.0841282954941,11,2000,0.000447828629612,-0.0294220886534,1341
mesmo dia (D−1→D),2021-12-13,0.0550090924773,-0.00348002004492,-0.127402891899,-0.177279589144,-0.0841282954941,11,2000,0.000447828629612,-0.0294220886534,1341
mesmo dia (D−1→D),2021-12-14,0.0586404814053,-0.00580166320554,-0.127402891899,-0.177279589144,-0.0841282954941,11,2000,0.000447828629612,-0.0294220886534,1341
mesmo dia (D−1→D),2021-12-15,-0.0812234856573,0.00571375046834,-0.127402891899,-0.177279589144,-0.0841282954941,11,2000,0.000447828629612,-0.0294220886534,1341
mesmo dia (D−1→D),2021-12-16,0.0879739639201,0.0078420415386,-0.127402891899,-0.177279589144,-0.0841282954941,11,2000,0.000447828629612,-0.0294220886534,1341
mesmo dia (D−1→D),2021-12-17,0.0129298411341,-0.0093427715965,-0.127402891899,-0.177279589144,-0.0841282954941,11,2000,0.000447828629612,-0.0294220886534,1341
mesmo dia (D−1→D),2021-12-20,0.0730254252285,-0.0203449594687,-0.127402891899,-0.177279589144,-0.0841282954941,11,2000,0.000447828629612,-0.0294220886534,1341
mesmo dia (D−1→D),2021-12-21,0.0128047181201,0.00457055798895,-0.127402891899,-0.177279589144,-0.0841282954941,11,2000,0.000447828629612,-0.0294220886534,1341
mesmo dia (D−1→D),2021-12-22,-0.0140196557349,-0.00242654028436,-0.127402891899,-0.177279589144,-0.0841282954941,11,2000,0.000447828629612,-0.0294220886534,1341
mesmo dia (D−1→D),2021-12-23,0.0307762885062,-0.0033541104481,-0.127402891899,-0.177279589144,-0.0841282954941,11,2000,0.000447828629612,-0.0294220886534,1341
mesmo dia (D−1→D),2021-12-27,-0.00199325878802,0.00610157210819,-0.127402891899,-0.177279589144,-0.0841282954941,11,2000,0.000447828629612,-0.0294220886534,1341
mesmo dia (D−1→D),2021-12-28,0.0409071088559,-0.00632041769717,-0.127402891899,-0.177279589144,-0.0841282954941,11,2000,0.000447828629612,-0.0294220886534,1341
mesmo dia (D−1→D),2021-12-29,-0.00971107465566,-0.00721887397009,-0.127402891899,-0.177279589144,-0.0841282954941,11,2000,0.000447828629612,-0.0294220886534,1341
mesmo dia (D−1→D),2021-12-30,0.0814673892638,0.00686793395257,-0.127402891899,-0.177279589144,-0.0841282954941,11,2000,0.000447828629612,-0.0294220886534,1341
mesmo dia (D−1→D),2022-01-03,0.0410974772329,-0.00858598385835,-0.127402891899,-0.177279589144,-0.0841282954941,11,2000,0.000447828629612,-0.0294220886534,1341
mesmo dia (D−1→D),2022-01-04,-0.0343364896132,-0.00392602143916,-0.127402891899,-0.177279589144,-0.0841282954941,11,2000,0.000447828629612,-0.0294220886534,1341
mesmo dia (D−1→D),2022-01-05,0.0281841837056,-0.0242286067585,-0.127402891899,-0.177279589144,-0.0841282954941,11,2000,0.000447828629612,-0.0294220886534,1341
mesmo dia (D−1→D),2022-01-06,0.0358097849185,0.00549472308576,-0.127402891899,-0.177279589144,-0.0841282954941,11,2000,0.000447828629612,-0.0294220886534,1341
mesmo dia (D−1→D),2022-01-07,0.0199854366451,0.0114020145528,-0.127402891899,-0.177279589144,-0.0841282954941,11,2000,0.000447828629612,-0.0294220886534,1341
mesmo dia (D−1→D),2022-01-10,0.0856902331996,-0.00753512008489,-0.127402891899,-0.177279589144,-0.0841282954941,11,2000,0.000447828629612,-0.0294220886534,1341
mesmo dia (D−1→D),2022-01-11,-0.0257896767855,0.017990092697,-0.127402891899,-0.177279589144,-0.0841282954941,11,2000,0.000447828629612,-0.0294220886534,1341
mesmo dia (D−1→D),2022-01-12,-0.0226467372614,0.018375586583,-0.127402891899,-0.177279589144,-0.0841282954941,11,2000,0.000447828629612,-0.0294220886534,1341
mesmo dia (D−1→D),2022-01-13,-0.00280166955667,-0.0014760706243,-0.127402891899,-0.177279589144,-0.0841282954941,11,2000,0.000447828629612,-0.0294220886534,1341
mesmo dia (D−1→D),2022-01-14,-0.0941602258419,0.0132474177959,-0.127402891899,-0.177279589144,-0.0841282954941,11,2000,0.000447828629612,-0.0294220886534,1341
mesmo dia (D−1→D),2022-01-17,0.00999515453763,-0.00220709262307,-0.127402891899,-0.177279589144,-0.0841282954941,11,2000,0.000447828629612,-0.0294220886534,1341
mesmo dia (D−1→D),2022-01-18,0.114569475591,-0.00159337157425,-0.127402891899,-0.177279589144,-0.0841282954941,11,2000,0.000447828629612,-0.0294220886534,1341
mesmo dia (D−1→D),2022-01-19,-0.00788297622554,0.0139971085785,-0.127402891899,-0.177279589144,-0.0841282954941,11,2000,0.000447828629612,-0.0294220886534,1341
mesmo dia (D−1→D),2022-01-20,-0.0637265380792,0.0100821197448,-0.127402891899,-0.177279589144,-0.0841282954941,11,2000,0.000447828629612,-0.0294220886534,1341
mesmo dia (D−1→D),2022-01-21,0.0259801368369,-0.00146651757071,-0.127402891899,-0.177279589144,-0.0841282954941,11,2000,0.000447828629612,-0.0294220886534,1341
mesmo dia (D−1→D),2022-01-24,0.0892531402575,-0.0109232435608,-0.127402891899,-0.177279589144,-0.0841282954941,11,2000,0.000447828629612,-0.0294220886534,1341
mesmo dia (D−1→D),2022-01-25,-0.0713344340655,0.0194242334249,-0.127402891899,-0.177279589144,-0.0841282954941,11,2000,0.000447828629612,-0.0294220886534,1341
mesmo dia (D−1→D),2022-01-26,-0.00645383362217,0.0157312576813,-0.127402891899,-0.177279589144,-0.0841282954941,11,2000,0.000447828629612,-0.0294220886534,1341
mesmo dia (D−1→D),2022-01-27,-0.0465690720188,0.00665035447644,-0.127402891899,-0.177279589144,-0.0841282954941,11,2000,0.000447828629612,-0.0294220886534,1341
mesmo dia (D−1→D),2022-01-28,-0.0870367353421,-0.00745225481904,-0.127402891899,-0.177279589144,-0.0841282954941,11,2000,0.000447828629612,-0.0294220886534,1341
mesmo dia (D−1→D),2022-01-31,0.0387979103749,0.00816304562335,-0.127402891899,-0.177279589144,-0.0841282954941,11,2000,0.000447828629612,-0.0294220886534,1341
mesmo dia (D−1→D),2022-02-01,0.0461355859269,0.00675339004164,-0.127402891899,-0.177279589144,-0.0841282954941,11,2000,0.000447828629612,-0.0294220886534,1341
mesmo dia (D−1→D),2022-02-02,-0.000311057392732,-0.00871432737943,-0.127402891899,-0.177279589144,-0.0841282954941,11,2000,0.000447828629612,-0.0294220886534,1341
mesmo dia (D−1→D),2022-02-03,0.0631259750787,-0.00414582608928,-0.127402891899,-0.177279589144,-0.0841282954941,11,2000,0.000447828629612,-0.0294220886534,1341
mesmo dia (D−1→D),2022-02-04,0.0297114433898,0.00491512677267,-0.127402891899,-0.177279589144,-0.0841282954941,11,2000,0.000447828629612,-0.0294220886534,1341
mesmo dia (D−1→D),2022-02-07,-0.0159823454976,-0.00221836161967,-0.127402891899,-0.177279589144,-0.0841282954941,11,2000,0.000447828629612,-0.0294220886534,1341
mesmo dia (D−1→D),2022-02-08,-0.000432662521308,0.00212507589557,-0.127402891899,-0.177279589144,-0.0841282954941,11,2000,0.000447828629612,-0.0294220886534,1341
mesmo dia (D−1→D),2022-02-09,0.0622792567574,0.00202256000855,-0.127402891899,-0.177279589144,-0.0841282954941,11,2000,0.000447828629612,-0.0294220886534,1341
mesmo dia (D−1→D),2022-02-10,-0.0057439555832,0.00798499035221,-0.127402891899,-0.177279589144,-0.0841282954941,11,2000,0.000447828629612,-0.0294220886534,1341
mesmo dia (D−1→D),2022-02-11,-0.044264357677,0.00187898622959,-0.127402891899,-0.177279589144,-0.0841282954941,11,2000,0.000447828629612,-0.0294220886534,1341
mesmo dia (D−1→D),2022-02-14,-0.00447585158463,0.00206917197901,-0.127402891899,-0.177279589144,-0.0841282954941,11,2000,0.000447828629612,-0.0294220886534,1341
mesmo dia (D−1→D),2022-02-15,-0.116890511034,0.00749514528983,-0.127402891899,-0.177279589144,-0.0841282954941,11,2000,0.000447828629612,-0.0294220886534,1341
mesmo dia (D−1→D),2022-02-16,-0.0701437594961,0.00454386882958,-0.127402891899,-0.177279589144,-0.0841282954941,11,2000,0.000447828629612,-0.0294220886534,1341
mesmo dia (D−1→D),2022-02-17,0.0644024903019,-0.0143513253054,-0.127402891899,-0.177279589144,-0.0841282954941,11,2000,0.000447828629612,-0.0294220886534,1341
mesmo dia (D−1→D),2022-02-18,0.0223022726137,-0.00669438376436,-0.127402891899,-0.177279589144,-0.0841282954941,11,2000,0.000447828629612,-0.0294220886534,1341
mesmo dia (D−1→D),2022-02-21,-0.0193310352572,-0.00924907775255,-0.127402891899,-0.177279589144,-0.0841282954941,11,2000,0.000447828629612,-0.0294220886534,1341
mesmo dia (D−1→D),2022-02-22,-0.0650443917908,0.010445289774,-0.127402891899,-0.177279589144,-0.0841282954941,11,2000,0.000447828629612,-0.0294220886534,1341
mesmo dia (D−1→D),2022-02-23,-0.0040655419827,-0.00783049286043,-0.127402891899,-0.177279589144,-0.0841282954941,11,2000,0.000447828629612,-0.0294220886534,1341
mesmo dia (D−1→D),2022-02-24,0.0401658838392,-0.00371402042711,-0.127402891899,-0.177279589144,-0.0841282954941,11,2000,0.000447828629612,-0.0294220886534,1341
mesmo dia (D−1→D),2022-02-25,0.099485360308,0.0138898845795,-0.127402891899,-0.177279589144,-0.0841282954941,11,2000,0.000447828629612,-0.0294220886534,1341
mesmo dia (D−1→D),2022-03-02,0.0238786482474,0.0179597320182,-0.127402891899,-0.177279589144,-0.0841282954941,11,2000,0.000447828629612,-0.0294220886534,1341
mesmo dia (D−1→D),2022-03-03,0.0427109367931,-6.94601212079e-05,-0.127402891899,-0.177279589144,-0.0841282954941,11,2000,0.000447828629612,-0.0294220886534,1341
mesmo dia (D−1→D),2022-03-04,0.067673980909,-0.00600871785075,-0.127402891899,-0.177279589144,-0.0841282954941,11,2000,0.000447828629612,-0.0294220886534,1341
mesmo dia (D−1→D),2022-03-07,-0.0335748843024,-0.0251672868948,-0.127402891899,-0.177279589144,-0.0841282954941,11,2000,0.000447828629612,-0.0294220886534,1341
mesmo dia (D−1→D),2022-03-08,0.0403421840442,-0.00349484286649,-0.127402891899,-0.177279589144,-0.0841282954941,11,2000,0.000447828629612,-0.0294220886534,1341
mesmo dia (D−1→D),2022-03-09,0.0712303574368,0.0242529428163,-0.127402891899,-0.177279589144,-0.0841282954941,11,2000,0.000447828629612,-0.0294220886534,1341
mesmo dia (D−1→D),2022-03-10,-0.00577408715077,-0.00208077260755,-0.127402891899,-0.177279589144,-0.0841282954941,11,2000,0.000447828629612,-0.0294220886534,1341
mesmo dia (D−1→D),2022-03-11,0.0340537616063,-0.0171559786386,-0.127402891899,-0.177279589144,-0.0841282954941,11,2000,0.000447828629612,-0.0294220886534,1341
mesmo dia (D−1→D),2022-03-14,0.0795602462061,-0.0159784447647,-0.127402891899,-0.177279589144,-0.0841282954941,11,2000,0.000447828629612,-0.0294220886534,1341
mesmo dia (D−1→D),2022-03-15,0.0629325627935,-0.00881486063605,-0.127402891899,-0.177279589144,-0.0841282954941,11,2000,0.000447828629612,-0.0294220886534,1341
mesmo dia (D−1→D),2022-03-16,-0.127076772145,0.0197597261355,-0.127402891899,-0.177279589144,-0.0841282954941,11,2000,0.000447828629612,-0.0294220886534,1341
mesmo dia (D−1→D),2022-03-17,-0.0127428241841,0.0176758585931,-0.127402891899,-0.177279589144,-0.0841282954941,11,2000,0.000447828629612,-0.0294220886534,1341
mesmo dia (D−1→D),2022-03-18,-0.0971728634624,0.0197654674732,-0.127402891899,-0.177279589144,-0.0841282954941,11,2000,0.000447828629612,-0.0294220886534,1341
mesmo dia (D−1→D),2022-03-21,0.0183531160278,0.00731933640329,-0.127402891899,-0.177279589144,-0.0841282954941,11,2000,0.000447828629612,-0.0294220886534,1341
mesmo dia (D−1→D),2022-03-22,0.0781971827542,0.00961646076363,-0.127402891899,-0.177279589144,-0.0841282954941,11,2000,0.000447828629612,-0.0294220886534,1341
mesmo dia (D−1→D),2022-03-23,-0.0396697985145,0.00157752916297,-0.127402891899,-0.177279589144,-0.0841282954941,11,2000,0.000447828629612,-0.0294220886534,1341
mesmo dia (D−1→D),2022-03-24,-0.111580285909,0.0135879513354,-0.127402891899,-0.177279589144,-0.0841282954941,11,2000,0.000447828629612,-0.0294220886534,1341
mesmo dia (D−1→D),2022-03-25,-0.038722178511,0.000235189369441,-0.127402891899,-0.177279589144,-0.0841282954941,11,2000,0.000447828629612,-0.0294220886534,1341
mesmo dia (D−1→D),2022-03-28,0.002047165341,-0.00288039233799,-0.127402891899,-0.177279589144,-0.0841282954941,11,2000,0.000447828629612,-0.0294220886534,1341
mesmo dia (D−1→D),2022-03-29,-0.0274759105365,0.0107463491048,-0.127402891899,-0.177279589144,-0.0841282954941,11,2000,0.000447828629612,-0.0294220886534,1341
mesmo dia (D−1→D),2022-03-30,0.0319051754345,0.00204976086123,-0.127402891899,-0.177279589144,-0.0841282954941,11,2000,0.000447828629612,-0.0294220886534,1341
mesmo dia (D−1→D),2022-03-31,0.0230670100034,-0.00217029768834,-0.127402891899,-0.177279589144,-0.0841282954941,11,2000,0.000447828629612,-0.0294220886534,1341
mesmo dia (D−1→D),2022-04-01,0.00537180288814,0.0130917757648,-0.127402891899,-0.177279589144,-0.0841282954941,11,2000,0.000447828629612,-0.0294220886534,1341
mesmo dia (D−1→D),2022-04-04,-0.0104210983106,-0.00238545693839,-0.127402891899,-0.177279589144,-0.0841282954941,11,2000,0.000447828629612,-0.0294220886534,1341
mesmo dia (D−1→D),2022-04-05,0.015086369835,-0.0197476912929,-0.127402891899,-0.177279589144,-0.0841282954941,11,2000,0.000447828629612,-0.0294220886534,1341
mesmo dia (D−1→D),2022-04-06,0.101436511092,-0.00552634899272,-0.127402891899,-0.177279589144,-0.0841282954941,11,2000,0.000447828629612,-0.0294220886534,1341
mesmo dia (D−1→D),2022-04-07,-0.028265522967,0.00536251987685,-0.127402891899,-0.177279589144,-0.0841282954941,11,2000,0.000447828629612,-0.0294220886534,1341
mesmo dia (D−1→D),2022-04-08,-0.00956490748245,-0.00454308357591,-0.127402891899,-0.177279589144,-0.0841282954941,11,2000,0.000447828629612,-0.0294220886534,1341
mesmo dia (D−1→D),2022-04-11,0.0499671227286,-0.0115701222089,-0.127402891899,-0.177279589144,-0.0841282954941,11,2000,0.000447828629612,-0.0294220886534,1341
mesmo dia (D−1→D),2022-04-12,-0.00463957126624,-0.00689165733243,-0.127402891899,-0.177279589144,-0.0841282954941,11,2000,0.000447828629612,-0.0294220886534,1341
mesmo dia (D−1→D),2022-04-13,-0.0185555499964,0.00546720965673,-0.127402891899,-0.177279589144,-0.0841282954941,11,2000,0.000447828629612,-0.0294220886534,1341
mesmo dia (D−1→D),2022-04-14,-0.000647875574736,-0.00513777808224,-0.127402891899,-0.177279589144,-0.0841282954941,11,2000,0.000447828629612,-0.0294220886534,1341
mesmo dia (D−1→D),2022-04-18,0.0643100155557,-0.00426055671274,-0.127402891899,-0.177279589144,-0.0841282954941,11,2000,0.000447828629612,-0.0294220886534,1341
mesmo dia (D−1→D),2022-04-19,0.0404568066462,-0.00544572856069,-0.127402891899,-0.177279589144,-0.0841282954941,11,2000,0.000447828629612,-0.0294220886534,1341
mesmo dia (D−1→D),2022-04-20,0.0218365051292,-0.00619692847893,-0.127402891899,-0.177279589144,-0.0841282954941,11,2000,0.000447828629612,-0.0294220886534,1341
mesmo dia (D−1→D),2022-04-22,0.0586000049018,-0.0285629329042,-0.127402891899,-0.177279589144,-0.0841282954941,11,2000,0.000447828629612,-0.0294220886534,1341
mesmo dia (D−1→D),2022-04-25,0.0453908004923,-0.00353805434019,-0.127402891899,-0.177279589144,-0.0841282954941,11,2000,0.000447828629612,-0.0294220886534,1341
mesmo dia (D−1→D),2022-04-26,0.0426859773206,-0.022333649546,-0.127402891899,-0.177279589144,-0.0841282954941,11,2000,0.000447828629612,-0.0294220886534,1341
mesmo dia (D−1→D),2022-04-27,-0.0280624015639,0.0104978144955,-0.127402891899,-0.177279589144,-0.0841282954941,11,2000,0.000447828629612,-0.0294220886534,1341
mesmo dia (D−1→D),2022-04-28,0.0130479898437,0.00521266769701,-0.127402891899,-0.177279589144,-0.0841282954941,11,2000,0.000447828629612,-0.0294220886534,1341
mesmo dia (D−1→D),2022-04-29,-0.0112354415231,-0.0185864136319,-0.127402891899,-0.177279589144,-0.0841282954941,11,2000,0.000447828629612,-0.0294220886534,1341
mesmo dia (D−1→D),2022-05-02,0.029475661278,-0.0114668693685,-0.127402891899,-0.177279589144,-0.0841282954941,11,2000,0.000447828629612,-0.0294220886534,1341
mesmo dia (D−1→D),2022-05-03,-0.0616415202534,-0.00104089498214,-0.127402891899,-0.177279589144,-0.0841282954941,11,2000,0.000447828629612,-0.0294220886534,1341
mesmo dia (D−1→D),2022-05-04,-0.00258859227207,0.0170471613097,-0.127402891899,-0.177279589144,-0.0841282954941,11,2000,0.000447828629612,-0.0294220886534,1341
mesmo dia (D−1→D),2022-05-05,-0.0488856290722,-0.0280587757513,-0.127402891899,-0.177279589144,-0.0841282954941,11,2000,0.000447828629612,-0.0294220886534,1341
mesmo dia (D−1→D),2022-05-06,-0.0889494295683,-0.0016048773076,-0.127402891899,-0.177279589144,-0.0841282954941,11,2000,0.000447828629612,-0.0294220886534,1341
mesmo dia (D−1→D),2022-05-09,0.0462853185621,-0.017929328958,-0.127402891899,-0.177279589144,-0.0841282954941,11,2000,0.000447828629612,-0.0294220886534,1341
mesmo dia (D−1→D),2022-05-10,0.0466767071604,-0.00135593220339,-0.127402891899,-0.177279589144,-0.0841282954941,11,2000,0.000447828629612,-0.0294220886534,1341
mesmo dia (D−1→D),2022-05-11,0.024791327362,0.0124818155368,-0.127402891899,-0.177279589144,-0.0841282954941,11,2000,0.000447828629612,-0.0294220886534,1341
mesmo dia (D−1→D),2022-05-12,-0.0147708999888,0.0123662557353,-0.127402891899,-0.177279589144,-0.0841282954941,11,2000,0.000447828629612,-0.0294220886534,1341
mesmo dia (D−1→D),2022-05-13,-0.0931005353225,0.0116947997881,-0.127402891899,-0.177279589144,-0.0841282954941,11,2000,0.000447828629612,-0.0294220886534,1341
mesmo dia (D−1→D),2022-05-16,-0.00700205260895,0.0122423403539,-0.127402891899,-0.177279589144,-0.0841282954941,11,2000,0.000447828629612,-0.0294220886534,1341
mesmo dia (D−1→D),2022-05-17,-0.0394390674938,0.00513706540519,-0.127402891899,-0.177279589144,-0.0841282954941,11,2000,0.000447828629612,-0.0294220886534,1341
mesmo dia (D−1→D),2022-05-18,0.113166668385,-0.0233663329932,-0.127402891899,-0.177279589144,-0.0841282954941,11,2000,0.000447828629612,-0.0294220886534,1341
mesmo dia (D−1→D),2022-05-19,-0.0467643512058,0.00713431908666,-0.127402891899,-0.177279589144,-0.0841282954941,11,2000,0.000447828629612,-0.0294220886534,1341
mesmo dia (D−1→D),2022-05-20,-0.0400060178063,0.0138591654596,-0.127402891899,-0.177279589144,-0.0841282954941,11,2000,0.000447828629612,-0.0294220886534,1341
mesmo dia (D−1→D),2022-05-23,-0.0147891490626,0.0171263181181,-0.127402891899,-0.177279589144,-0.0841282954941,11,2000,0.000447828629612,-0.0294220886534,1341
mesmo dia (D−1→D),2022-05-24,-0.0365351555076,0.00212966487231,-0.127402891899,-0.177279589144,-0.0841282954941,11,2000,0.000447828629612,-0.0294220886534,1341
mesmo dia (D−1→D),2022-05-25,-0.00373001007779,-9.04314484407e-06,-0.127402891899,-0.177279589144,-0.0841282954941,11,2000,0.000447828629612,-0.0294220886534,1341
mesmo dia (D−1→D),2022-05-26,-0.0317942505566,0.0118466268765,-0.127402891899,-0.177279589144,-0.0841282954941,11,2000,0.000447828629612,-0.0294220886534,1341
mesmo dia (D−1→D),2022-05-27,-0.0881965888294,0.000464742157476,-0.127402891899,-0.177279589144,-0.0841282954941,11,2000,0.000447828629612,-0.0294220886534,1341
mesmo dia (D−1→D),2022-05-30,-0.0478499869998,-0.00812920976934,-0.127402891899,-0.177279589144,-0.0841282954941,11,2000,0.000447828629612,-0.0294220886534,1341
mesmo dia (D−1→D),2022-05-31,-0.0232272486661,0.00287304560847,-0.127402891899,-0.177279589144,-0.0841282954941,11,2000,0.000447828629612,-0.0294220886534,1341
mesmo dia (D−1→D),2022-06-01,0.0667347098556,8.08254977505e-05,-0.127402891899,-0.177279589144,-0.0841282954941,11,2000,0.000447828629612,-0.0294220886534,1341
mesmo dia (D−1→D),2022-06-02,-0.00141152144808,0.00927622126437,-0.127402891899,-0.177279589144,-0.0841282954941,11,2000,0.000447828629612,-0.0294220886534,1341
mesmo dia (D−1→D),2022-06-03,0.0012200242127,-0.0114864804748,-0.127402891899,-0.177279589144,-0.0841282954941,11,2000,0.000447828629612,-0.0294220886534,1341
mesmo dia (D−1→D),2022-06-06,0.0285656324543,-0.00824467606344,-0.127402891899,-0.177279589144,-0.0841282954941,11,2000,0.000447828629612,-0.0294220886534,1341
mesmo dia (D−1→D),2022-06-07,-0.0223657108562,-0.00105276532409,-0.127402891899,-0.177279589144,-0.0841282954941,11,2000,0.000447828629612,-0.0294220886534,1341
mesmo dia (D−1→D),2022-06-08,0.0186127458186,-0.0154628872536,-0.127402891899,-0.177279589144,-0.0841282954941,11,2000,0.000447828629612,-0.0294220886534,1341
mesmo dia (D−1→D),2022-06-09,0.0401938046229,-0.0117562380038,-0.127402891899,-0.177279589144,-0.0841282954941,11,2000,0.000447828629612,-0.0294220886534,1341
mesmo dia (D−1→D),2022-06-10,-0.0330827600772,-0.0150615347265,-0.127402891899,-0.177279589144,-0.0841282954941,11,2000,0.000447828629612,-0.0294220886534,1341
mesmo dia (D−1→D),2022-06-13,0.00345251613161,-0.0273319365573,-0.127402891899,-0.177279589144,-0.0841282954941,11,2000,0.000447828629612,-0.0294220886534,1341
mesmo dia (D−1→D),2022-06-14,-0.0410548488859,-0.00521452659896,-0.127402891899,-0.177279589144,-0.0841282954941,11,2000,0.000447828629612,-0.0294220886534,1341
mesmo dia (D−1→D),2022-06-15,-0.0226795499888,0.00728961523765,-0.127402891899,-0.177279589144,-0.0841282954941,11,2000,0.000447828629612,-0.0294220886534,1341
mesmo dia (D−1→D),2022-06-17,0.112586778746,-0.0290058069976,-0.127402891899,-0.177279589144,-0.0841282954941,11,2000,0.000447828629612,-0.0294220886534,1341
mesmo dia (D−1→D),2022-06-20,-0.0397049555555,0.000280490859003,-0.127402891899,-0.177279589144,-0.0841282954941,11,2000,0.000447828629612,-0.0294220886534,1341
mesmo dia (D−1→D),2022-06-21,-0.0486909950753,-0.00168247323566,-0.127402891899,-0.177279589144,-0.0841282954941,11,2000,0.000447828629612,-0.0294220886534,1341
mesmo dia (D−1→D),2022-06-22,-0.0282385415546,-0.00163515072478,-0.127402891899,-0.177279589144,-0.0841282954941,11,2000,0.000447828629612,-0.0294220886534,1341
mesmo dia (D−1→D),2022-06-23,0.0675960765474,-0.0144892586564,-0.127402891899,-0.177279589144,-0.0841282954941,11,2000,0.000447828629612,-0.0294220886534,1341
mesmo dia (D−1→D),2022-06-24,0.0131765870587,0.00603588907015,-0.127402891899,-0.177279589144,-0.0841282954941,11,2000,0.000447828629612,-0.0294220886534,1341
mesmo dia (D−1→D),2022-06-27,-0.0803229638967,0.0212015566726,-0.127402891899,-0.177279589144,-0.0841282954941,11,2000,0.000447828629612,-0.0294220886534,1341
mesmo dia (D−1→D),2022-06-28,0.0142538905378,-0.00171688301377,-0.127402891899,-0.177279589144,-0.0841282954941,11,2000,0.000447828629612,-0.0294220886534,1341
mesmo dia (D−1→D),2022-06-29,0.0119632932256,-0.00963306856478,-0.127402891899,-0.177279589144,-0.0841282954941,11,2000,0.000447828629612,-0.0294220886534,1341
mesmo dia (D−1→D),2022-06-30,0.0371441885962,-0.0108409789002,-0.127402891899,-0.177279589144,-0.0841282954941,11,2000,0.000447828629612,-0.0294220886534,1341
mesmo dia (D−1→D),2022-07-01,0.0813517989438,0.00418095837308,-0.127402891899,-0.177279589144,-0.0841282954941,11,2000,0.000447828629612,-0.0294220886534,1341
mesmo dia (D−1→D),2022-07-04,-0.0304021426843,-0.00348646846009,-0.127402891899,-0.177279589144,-0.0841282954941,11,2000,0.000447828629612,-0.0294220886534,1341
mesmo dia (D−1→D),2022-07-05,0.0493576248019,-0.0031842935229,-0.127402891899,-0.177279589144,-0.0841282954941,11,2000,0.000447828629612,-0.0294220886534,1341
mesmo dia (D−1→D),2022-07-06,0.0666706216217,0.00431354595859,-0.127402891899,-0.177279589144,-0.0841282954941,11,2000,0.000447828629612,-0.0294220886534,1341
mesmo dia (D−1→D),2022-07-07,0.0457998375772,0.0203709518938,-0.127402891899,-0.177279589144,-0.0841282954941,11,2000,0.000447828629612,-0.0294220886534,1341
mesmo dia (D−1→D),2022-07-08,-0.0689292354731,-0.00437804030577,-0.127402891899,-0.177279589144,-0.0841282954941,11,2000,0.000447828629612,-0.0294220886534,1341
mesmo dia (D−1→D),2022-07-11,0.0539187767256,-0.0207101476732,-0.127402891899,-0.177279589144,-0.0841282954941,11,2000,0.000447828629612,-0.0294220886534,1341
mesmo dia (D−1→D),2022-07-12,0.0961816722633,0.000600741253615,-0.127402891899,-0.177279589144,-0.0841282954941,11,2000,0.000447828629612,-0.0294220886534,1341
mesmo dia (D−1→D),2022-07-13,0.0398717276736,-0.00396861739476,-0.127402891899,-0.177279589144,-0.0841282954941,11,2000,0.000447828629612,-0.0294220886534,1341
mesmo dia (D−1→D),2022-07-14,0.0495246844978,-0.0179810177665,-0.127402891899,-0.177279589144,-0.0841282954941,11,2000,0.000447828629612,-0.0294220886534,1341
mesmo dia (D−1→D),2022-07-15,0.00901499150473,0.00447352815722,-0.127402891899,-0.177279589144,-0.0841282954941,11,2000,0.000447828629612,-0.0294220886534,1341
mesmo dia (D−1→D),2022-07-18,-0.146064132492,0.00378038549575,-0.127402891899,-0.177279589144,-0.0841282954941,11,2000,0.000447828629612,-0.0294220886534,1341
mesmo dia (D−1→D),2022-07-19,0.00137675366097,0.0137129060217,-0.127402891899,-0.177279589144,-0.0841282954941,11,2000,0.000447828629612,-0.0294220886534,1341
mesmo dia (D−1→D),2022-07-20,0.0418454422943,0.000427502671892,-0.127402891899,-0.177279589144,-0.0841282954941,11,2000,0.000447828629612,-0.0294220886534,1341
mesmo dia (D−1→D),2022-07-21,0.000532579522441,0.00759001699106,-0.127402891899,-0.177279589144,-0.0841282954941,11,2000,0.000447828629612,-0.0294220886534,1341
mesmo dia (D−1→D),2022-07-22,-0.122076691702,-0.00109054557572,-0.127402891899,-0.177279589144,-0.0841282954941,11,2000,0.000447828629612,-0.0294220886534,1341
mesmo dia (D−1→D),2022-07-25,-0.0376178992608,0.0135961587061,-0.127402891899,-0.177279589144,-0.0841282954941,11,2000,0.000447828629612,-0.0294220886534,1341
mesmo dia (D−1→D),2022-07-26,-0.030321046576,-0.00496659020644,-0.127402891899,-0.177279589144,-0.0841282954941,11,2000,0.000447828629612,-0.0294220886534,1341
mesmo dia (D−1→D),2022-07-27,-0.0145522443938,0.0166980716033,-0.127402891899,-0.177279589144,-0.0841282954941,11,2000,0.000447828629612,-0.0294220886534,1341
mesmo dia (D−1→D),2022-07-28,-0.146166482603,0.0114256984562,-0.127402891899,-0.177279589144,-0.0841282954941,11,2000,0.000447828629612,-0.0294220886534,1341
mesmo dia (D−1→D),2022-07-29,0.008326488532,0.00553622425607,-0.127402891899,-0.177279589144,-0.0841282954941,11,2000,0.000447828629612,-0.0294220886534,1341
mesmo dia (D−1→D),2022-08-01,-0.0669932778567,-0.00911161731207,-0.127402891899,-0.177279589144,-0.0841282954941,11,2000,0.000447828629612,-0.0294220886534,1341
mesmo dia (D−1→D),2022-08-02,0.0873518789151,0.0111225238445,-0.127402891899,-0.177279589144,-0.0841282954941,11,2000,0.000447828629612,-0.0294220886534,1341
mesmo dia (D−1→D),2022-08-03,0.0369416647032,0.00399566571854,-0.127402891899,-0.177279589144,-0.0841282954941,11,2000,0.000447828629612,-0.0294220886534,1341
mesmo dia (D−1→D),2022-08-04,-0.0566922335061,0.0203999036377,-0.127402891899,-0.177279589144,-0.0841282954941,11,2000,0.000447828629612,-0.0294220886534,1341
mesmo dia (D−1→D),2022-08-05,-0.0397818503604,0.00547727873683,-0.127402891899,-0.177279589144,-0.0841282954941,11,2000,0.000447828629612,-0.0294220886534,1341
mesmo dia (D−1→D),2022-08-08,-0.0555375009457,0.0181268314674,-0.127402891899,-0.177279589144,-0.0841282954941,11,2000,0.000447828629612,-0.0294220886534,1341
mesmo dia (D−1→D),2022-08-09,-0.0434127587288,0.0022970055903,-0.127402891899,-0.177279589144,-0.0841282954941,11,2000,0.000447828629612,-0.0294220886534,1341
mesmo dia (D−1→D),2022-08-10,-0.0738416089623,0.0145879927474,-0.127402891899,-0.177279589144,-0.0841282954941,11,2000,0.000447828629612,-0.0294220886534,1341
mesmo dia (D−1→D),2022-08-11,-0.0442741948407,-0.00469900939802,-0.127402891899,-0.177279589144,-0.0841282954941,11,2000,0.000447828629612,-0.0294220886534,1341
mesmo dia (D−1→D),2022-08-12,-0.0663015614228,0.0277620809712,-0.127402891899,-0.177279589144,-0.0841282954941,11,2000,0.000447828629612,-0.0294220886534,1341
mesmo dia (D−1→D),2022-08-15,0.070321494815,0.00237664502856,-0.127402891899,-0.177279589144,-0.0841282954941,11,2000,0.000447828629612,-0.0294220886534,1341
mesmo dia (D−1→D),2022-08-16,0.101682507451,0.00424658503787,-0.127402891899,-0.177279589144,-0.0841282954941,11,2000,0.000447828629612,-0.0294220886534,1341
mesmo dia (D−1→D),2022-08-17,0.0051786949821,0.0017266896892,-0.127402891899,-0.177279589144,-0.0841282954941,11,2000,0.000447828629612,-0.0294220886534,1341
mesmo dia (D−1→D),2022-08-18,-0.00476334014174,0.00092341787737,-0.127402891899,-0.177279589144,-0.0841282954941,11,2000,0.000447828629612,-0.0294220886534,1341
mesmo dia (D−1→D),2022-08-19,0.0137690082116,-0.0203579555938,-0.127402891899,-0.177279589144,-0.0841282954941,11,2000,0.000447828629612,-0.0294220886534,1341
mesmo dia (D−1→D),2022-08-22,0.0489458973587,-0.00892408696276,-0.127402891899,-0.177279589144,-0.0841282954941,11,2000,0.000447828629612,-0.0294220886534,1341
mesmo dia (D−1→D),2022-08-23,0.000830657726114,0.0213210740174,-0.127402891899,-0.177279589144,-0.0841282954941,11,2000,0.000447828629612,-0.0294220886534,1341
mesmo dia (D−1→D),2022-08-24,-0.029131040897,0.000363291599103,-0.127402891899,-0.177279589144,-0.0841282954941,11,2000,0.000447828629612,-0.0294220886534,1341
mesmo dia (D−1→D),2022-08-25,0.0129632461525,0.00561568849758,-0.127402891899,-0.177279589144,-0.0841282954941,11,2000,0.000447828629612,-0.0294220886534,1341
mesmo dia (D−1→D),2022-08-26,-0.000533665152372,-0.0108603741676,-0.127402891899,-0.177279589144,-0.0841282954941,11,2000,0.000447828629612,-0.0294220886534,1341
mesmo dia (D−1→D),2022-08-29,0.0746970045773,0.000213715171106,-0.127402891899,-0.177279589144,-0.0841282954941,11,2000,0.000447828629612,-0.0294220886534,1341
mesmo dia (D−1→D),2022-08-30,-0.017873455297,-0.0168442794441,-0.127402891899,-0.177279589144,-0.0841282954941,11,2000,0.000447828629612,-0.0294220886534,1341
mesmo dia (D−1→D),2022-08-31,0.00952101621566,-0.00822232887504,-0.127402891899,-0.177279589144,-0.0841282954941,11,2000,0.000447828629612,-0.0294220886534,1341
mesmo dia (D−1→D),2022-09-01,0.0346749529831,0.0080531030012,-0.127402891899,-0.177279589144,-0.0841282954941,11,2000,0.000447828629612,-0.0294220886534,1341
mesmo dia (D−1→D),2022-09-02,-0.0214849490693,0.00415742040668,-0.127402891899,-0.177279589144,-0.0841282954941,11,2000,0.000447828629612,-0.0294220886534,1341
mesmo dia (D−1→D),2022-09-05,-0.0342151099288,0.0120778611632,-0.127402891899,-0.177279589144,-0.0841282954941,11,2000,0.000447828629612,-0.0294220886534,1341
mesmo dia (D−1→D),2022-09-06,0.00286762159682,-0.0217373867009,-0.127402891899,-0.177279589144,-0.0841282954941,11,2000,0.000447828629612,-0.0294220886534,1341
mesmo dia (D−1→D),2022-09-08,-0.0351659268305,0.00138478918407,-0.127402891899,-0.177279589144,-0.0841282954941,11,2000,0.000447828629612,-0.0294220886534,1341
mesmo dia (D−1→D),2022-09-09,-0.00733967493562,0.0216892900033,-0.127402891899,-0.177279589144,-0.0841282954941,11,2000,0.000447828629612,-0.0294220886534,1341
mesmo dia (D−1→D),2022-09-12,-0.0554258814281,0.00985752448798,-0.127402891899,-0.177279589144,-0.0841282954941,11,2000,0.000447828629612,-0.0294220886534,1341
mesmo dia (D−1→D),2022-09-13,-0.0403288544162,-0.0230409057642,-0.127402891899,-0.177279589144,-0.0841282954941,11,2000,0.000447828629612,-0.0294220886534,1341
mesmo dia (D−1→D),2022-09-14,0.0396835311793,-0.00222936260086,-0.127402891899,-0.177279589144,-0.0841282954941,11,2000,0.000447828629612,-0.0294220886534,1341
mesmo dia (D−1→D),2022-09-15,0.0416875778502,-0.00536423421712,-0.127402891899,-0.177279589144,-0.0841282954941,11,2000,0.000447828629612,-0.0294220886534,1341
mesmo dia (D−1→D),2022-09-16,-0.04392170348,-0.00612983611328,-0.127402891899,-0.177279589144,-0.0841282954941,11,2000,0.000447828629612,-0.0294220886534,1341
mesmo dia (D−1→D),2022-09-19,-0.0364151659853,0.0232796486091,-0.127402891899,-0.177279589144,-0.0841282954941,11,2000,0.000447828629612,-0.0294220886534,1341
mesmo dia (D−1→D),2022-09-20,0.00991634821621,0.00619723851767,-0.127402891899,-0.177279589144,-0.0841282954941,11,2000,0.000447828629612,-0.0294220886534,1341
mesmo dia (D−1→D),2022-09-21,-0.0100760369159,-0.00516366415742,-0.127402891899,-0.177279589144,-0.0841282954941,11,2000,0.000447828629612,-0.0294220886534,1341
mesmo dia (D−1→D),2022-09-22,0.0944045597364,0.0190644654088,-0.127402891899,-0.177279589144,-0.0841282954941,11,2000,0.000447828629612,-0.0294220886534,1341
mesmo dia (D−1→D),2022-09-23,0.102247066819,-0.0206364513018,-0.127402891899,-0.177279589144,-0.0841282954941,11,2000,0.000447828629612,-0.0294220886534,1341
mesmo dia (D−1→D),2022-09-26,0.0227413760228,-0.0232912026925,-0.127402891899,-0.177279589144,-0.0841282954941,11,2000,0.000447828629612,-0.0294220886534,1341
mesmo dia (D−1→D),2022-09-27,-0.00797994183558,-0.00676356837803,-0.127402891899,-0.177279589144,-0.0841282954941,11,2000,0.000447828629612,-0.0294220886534,1341
mesmo dia (D−1→D),2022-09-28,0.153654976353,0.000692035136931,-0.127402891899,-0.177279589144,-0.0841282954941,11,2000,0.000447828629612,-0.0294220886534,1341
mesmo dia (D−1→D),2022-09-29,-0.00439597884827,-0.00725673345566,-0.127402891899,-0.177279589144,-0.0841282954941,11,2000,0.000447828629612,-0.0294220886534,1341
mesmo dia (D−1→D),2022-09-30,0.122432004447,0.02204079358,-0.127402891899,-0.177279589144,-0.0841282954941,11,2000,0.000447828629612,-0.0294220886534,1341
mesmo dia (D−1→D),2022-10-03,0.0548998133676,0.0554086352772,-0.127402891899,-0.177279589144,-0.0841282954941,11,2000,0.000447828629612,-0.0294220886534,1341
mesmo dia (D−1→D),2022-10-04,0.125287752037,0.000826631305216,-0.127402891899,-0.177279589144,-0.0841282954941,11,2000,0.000447828629612,-0.0294220886534,1341
mesmo dia (D−1→D),2022-10-05,0.0209632237201,0.00832831454874,-0.127402891899,-0.177279589144,-0.0841282954941,11,2000,0.000447828629612,-0.0294220886534,1341
mesmo dia (D−1→D),2022-10-06,-0.069751917145,0.00309732247991,-0.127402891899,-0.177279589144,-0.0841282954941,11,2000,0.000447828629612,-0.0294220886534,1341
mesmo dia (D−1→D),2022-10-07,-0.118081356133,-0.0100883796497,-0.127402891899,-0.177279589144,-0.0841282954941,11,2000,0.000447828629612,-0.0294220886534,1341
mesmo dia (D−1→D),2022-10-10,0.044468726301,-0.00372932330827,-0.127402891899,-0.177279589144,-0.0841282954941,11,2000,0.000447828629612,-0.0294220886534,1341
mesmo dia (D−1→D),2022-10-11,0.0122861575177,-0.00960833527398,-0.127402891899,-0.177279589144,-0.0841282954941,11,2000,0.000447828629612,-0.0294220886534,1341
mesmo dia (D−1→D),2022-10-13,-0.0536933406299,-0.00458951291944,-0.127402891899,-0.177279589144,-0.0841282954941,11,2000,0.000447828629612,-0.0294220886534,1341
mesmo dia (D−1→D),2022-10-14,-0.0294663106837,-0.0194925634296,-0.127402891899,-0.177279589144,-0.0841282954941,11,2000,0.000447828629612,-0.0294220886534,1341
mesmo dia (D−1→D),2022-10-17,0.0205719991207,0.0138482404169,-0.127402891899,-0.177279589144,-0.0841282954941,11,2000,0.000447828629612,-0.0294220886534,1341
mesmo dia (D−1→D),2022-10-18,-0.131875176025,0.0186492290361,-0.127402891899,-0.177279589144,-0.0841282954941,11,2000,0.000447828629612,-0.0294220886534,1341
mesmo dia (D−1→D),2022-10-19,0.0656258212263,0.00458775044711,-0.127402891899,-0.177279589144,-0.0841282954941,11,2000,0.000447828629612,-0.0294220886534,1341
mesmo dia (D−1→D),2022-10-20,0.0782519285565,0.00771453635378,-0.127402891899,-0.177279589144,-0.0841282954941,11,2000,0.000447828629612,-0.0294220886534,1341
mesmo dia (D−1→D),2022-10-21,0.0525379430428,0.0235382475186,-0.127402891899,-0.177279589144,-0.0841282954941,11,2000,0.000447828629612,-0.0294220886534,1341
mesmo dia (D−1→D),2022-10-24,-0.00627969212414,-0.0326526528196,-0.127402891899,-0.177279589144,-0.0841282954941,11,2000,0.000447828629612,-0.0294220886534,1341
mesmo dia (D−1→D),2022-10-25,-0.0153174671509,-0.0119555567049,-0.127402891899,-0.177279589144,-0.0841282954941,11,2000,0.000447828629612,-0.0294220886534,1341
mesmo dia (D−1→D),2022-10-26,-0.0170477976393,-0.0162441330937,-0.127402891899,-0.177279589144,-0.0841282954941,11,2000,0.000447828629612,-0.0294220886534,1341
mesmo dia (D−1→D),2022-10-27,0.0098121992625,0.0166453832784,-0.127402891899,-0.177279589144,-0.0841282954941,11,2000,0.000447828629612,-0.0294220886534,1341
mesmo dia (D−1→D),2022-10-28,0.0969192475793,-0.000889734039305,-0.127402891899,-0.177279589144,-0.0841282954941,11,2000,0.000447828629612,-0.0294220886534,1341
mesmo dia (D−1→D),2022-10-31,0.0813376411456,0.0130785147417,-0.127402891899,-0.177279589144,-0.0841282954941,11,2000,0.000447828629612,-0.0294220886534,1341
mesmo dia (D−1→D),2022-11-01,0.0108500827378,0.00768720321966,-0.127402891899,-0.177279589144,-0.0841282954941,11,2000,0.000447828629612,-0.0294220886534,1341
mesmo dia (D−1→D),2022-11-03,0.103735316453,-0.000282222545305,-0.127402891899,-0.177279589144,-0.0841282954941,11,2000,0.000447828629612,-0.0294220886534,1341
mesmo dia (D−1→D),2022-11-04,-0.0344788269104,0.0107702573227,-0.127402891899,-0.177279589144,-0.0841282954941,11,2000,0.000447828629612,-0.0294220886534,1341
mesmo dia (D−1→D),2022-11-07,0.0176513101566,-0.0238077102112,-0.127402891899,-0.177279589144,-0.0841282954941,11,2000,0.000447828629612,-0.0294220886534,1341
mesmo dia (D−1→D),2022-11-08,0.0200734809049,0.00709195262784,-0.127402891899,-0.177279589144,-0.0841282954941,11,2000,0.000447828629612,-0.0294220886534,1341
mesmo dia (D−1→D),2022-11-09,0.0417072288204,-0.0222107438017,-0.127402891899,-0.177279589144,-0.0841282954941,11,2000,0.000447828629612,-0.0294220886534,1341
mesmo dia (D−1→D),2022-11-10,0.0112087548701,-0.0335006163057,-0.127402891899,-0.177279589144,-0.0841282954941,11,2000,0.000447828629612,-0.0294220886534,1341
mesmo dia (D−1→D),2022-11-11,-0.0501921924443,0.0225734456844,-0.127402891899,-0.177279589144,-0.0841282954941,11,2000,0.000447828629612,-0.0294220886534,1341
mesmo dia (D−1→D),2022-11-14,0.0238300536305,0.00808887067606,-0.127402891899,-0.177279589144,-0.0841282954941,11,2000,0.000447828629612,-0.0294220886534,1341
mesmo dia (D−1→D),2022-11-16,0.0505584473875,-0.025786269121,-0.127402891899,-0.177279589144,-0.0841282954941,11,2000,0.000447828629612,-0.0294220886534,1341
mesmo dia (D−1→D),2022-11-17,-0.0187780472208,-0.00489827018496,-0.127402891899,-0.177279589144,-0.0841282954941,11,2000,0.000447828629612,-0.0294220886534,1341
mesmo dia (D−1→D),2022-11-18,-0.0744561001036,-0.00750207378103,-0.127402891899,-0.177279589144,-0.0841282954941,11,2000,0.000447828629612,-0.0294220886534,1341
mesmo dia (D−1→D),2022-11-21,-0.00688944618114,0.00797207935342,-0.127402891899,-0.177279589144,-0.0841282954941,11,2000,0.000447828629612,-0.0294220886534,1341
mesmo dia (D−1→D),2022-11-22,-0.0418936069008,-0.00647847796771,-0.127402891899,-0.177279589144,-0.0841282954941,11,2000,0.000447828629612,-0.0294220886534,1341
mesmo dia (D−1→D),2022-11-23,0.0379134492193,-0.00324660436366,-0.127402891899,-0.177279589144,-0.0841282954941,11,2000,0.000447828629612,-0.0294220886534,1341
mesmo dia (D−1→D),2022-11-24,-0.0864570892808,0.0289649715227,-0.127402891899,-0.177279589144,-0.0841282954941,11,2000,0.000447828629612,-0.0294220886534,1341
mesmo dia (D−1→D),2022-11-25,-0.0820414585615,-0.0255206516977,-0.127402891899,-0.177279589144,-0.0841282954941,11,2000,0.000447828629612,-0.0294220886534,1341
mesmo dia (D−1→D),2022-11-28,0.0189377290453,-0.00178936839884,-0.127402891899,-0.177279589144,-0.0841282954941,11,2000,0.000447828629612,-0.0294220886534,1341
mesmo dia (D−1→D),2022-11-29,0.0718134199193,0.0195620598996,-0.127402891899,-0.177279589144,-0.0841282954941,11,2000,0.000447828629612,-0.0294220886534,1341
mesmo dia (D−1→D),2022-11-30,0.00337913098616,0.0142097195925,-0.127402891899,-0.177279589144,-0.0841282954941,11,2000,0.000447828629612,-0.0294220886534,1341
mesmo dia (D−1→D),2022-12-01,0.0170786362042,-0.0138683925111,-0.127402891899,-0.177279589144,-0.0841282954941,11,2000,0.000447828629612,-0.0294220886534,1341
mesmo dia (D−1→D),2022-12-02,-0.022546301654,0.00899698898365,-0.127402891899,-0.177279589144,-0.0841282954941,11,2000,0.000447828629612,-0.0294220886534,1341
mesmo dia (D−1→D),2022-12-05,-0.00100466512701,-0.0225420821272,-0.127402891899,-0.177279589144,-0.0841282954941,11,2000,0.000447828629612,-0.0294220886534,1341
mesmo dia (D−1→D),2022-12-06,0.0494188771102,0.00120657032385,-0.127402891899,-0.177279589144,-0.0841282954941,11,2000,0.000447828629612,-0.0294220886534,1341
mesmo dia (D−1→D),2022-12-07,-0.00309654180828,-0.0015703030137,-0.127402891899,-0.177279589144,-0.0841282954941,11,2000,0.000447828629612,-0.0294220886534,1341
mesmo dia (D−1→D),2022-12-08,0.0422006120924,-0.0193487623559,-0.127402891899,-0.177279589144,-0.0841282954941,11,2000,0.000447828629612,-0.0294220886534,1341
mesmo dia (D−1→D),2022-12-09,0.023826595814,0.00414005314933,-0.127402891899,-0.177279589144,-0.0841282954941,11,2000,0.000447828629612,-0.0294220886534,1341
mesmo dia (D−1→D),2022-12-12,0.085264377584,-0.022518548784,-0.127402891899,-0.177279589144,-0.0841282954941,11,2000,0.000447828629612,-0.0294220886534,1341
mesmo dia (D−1→D),2022-12-13,0.0242915286806,-0.0130338957288,-0.127402891899,-0.177279589144,-0.0841282954941,11,2000,0.000447828629612,-0.0294220886534,1341
mesmo dia (D−1→D),2022-12-14,0.000976880668482,-0.000856658838024,-0.127402891899,-0.177279589144,-0.0841282954941,11,2000,0.000447828629612,-0.0294220886534,1341
mesmo dia (D−1→D),2022-12-15,-0.0327974164997,-0.000626186141056,-0.127402891899,-0.177279589144,-0.0841282954941,11,2000,0.000447828629612,-0.0294220886534,1341
mesmo dia (D−1→D),2022-12-16,0.0527665443173,-0.00880101794906,-0.127402891899,-0.177279589144,-0.0841282954941,11,2000,0.000447828629612,-0.0294220886534,1341
mesmo dia (D−1→D),2022-12-19,-0.0144104727698,0.0165815706297,-0.127402891899,-0.177279589144,-0.0841282954941,11,2000,0.000447828629612,-0.0294220886534,1341
mesmo dia (D−1→D),2022-12-20,-0.0617923993536,0.0234286807615,-0.127402891899,-0.177279589144,-0.0841282954941,11,2000,0.000447828629612,-0.0294220886534,1341
mesmo dia (D−1→D),2022-12-21,-0.0114831973632,0.00312210807729,-0.127402891899,-0.177279589144,-0.0841282954941,11,2000,0.000447828629612,-0.0294220886534,1341
mesmo dia (D−1→D),2022-12-22,-0.0740761813078,3.72741419958e-05,-0.127402891899,-0.177279589144,-0.0841282954941,11,2000,0.000447828629612,-0.0294220886534,1341
mesmo dia (D−1→D),2022-12-23,-0.136149157778,0.0221866060363,-0.127402891899,-0.177279589144,-0.0841282954941,11,2000,0.000447828629612,-0.0294220886534,1341
mesmo dia (D−1→D),2022-12-26,-0.0295053561552,-0.00875129902095,-0.127402891899,-0.177279589144,-0.0841282954941,11,2000,0.000447828629612,-0.0294220886534,1341
mesmo dia (D−1→D),2022-12-27,-0.0391059153534,-0.00359579907668,-0.127402891899,-0.177279589144,-0.0841282954941,11,2000,0.000447828629612,-0.0294220886534,1341
mesmo dia (D−1→D),2022-12-28,-0.042593562711,0.0174439532244,-0.127402891899,-0.177279589144,-0.0841282954941,11,2000,0.000447828629612,-0.0294220886534,1341
mesmo dia (D−1→D),2022-12-29,-0.00213010469425,-0.00186870107133,-0.127402891899,-0.177279589144,-0.0841282954941,11,2000,0.000447828629612,-0.0294220886534,1341
mesmo dia (D−1→D),2023-01-02,0.0768352639614,-0.0332179113159,-0.127402891899,-0.177279589144,-0.0841282954941,11,2000,0.000447828629612,-0.0294220886534,1341
mesmo dia (D−1→D),2023-01-03,0.0293689919001,-0.0207753628638,-0.127402891899,-0.177279589144,-0.0841282954941,11,2000,0.000447828629612,-0.0294220886534,1341
mesmo dia (D−1→D),2023-01-04,0.00728361356894,0.0112128717624,-0.127402891899,-0.177279589144,-0.0841282954941,11,2000,0.000447828629612,-0.0294220886534,1341
mesmo dia (D−1→D),2023-01-05,-0.071935365683,0.0207340459871,-0.127402891899,-0.177279589144,-0.0841282954941,11,2000,0.000447828629612,-0.0294220886534,1341
mesmo dia (D−1→D),2023-01-06,-0.100607972126,0.0122584125449,-0.127402891899,-0.177279589144,-0.0841282954941,11,2000,0.000447828629612,-0.0294220886534,1341
mesmo dia (D−1→D),2023-01-09,0.0559545721813,0.00359256128487,-0.127402891899,-0.177279589144,-0.0841282954941,11,2000,0.000447828629612,-0.0294220886534,1341
mesmo dia (D−1→D),2023-01-10,0.00145552324358,0.015426588664,-0.127402891899,-0.177279589144,-0.0841282954941,11,2000,0.000447828629612,-0.0294220886534,1341
mesmo dia (D−1→D),2023-01-11,-0.0218315478509,0.00767274956722,-0.127402891899,-0.177279589144,-0.0841282954941,11,2000,0.000447828629612,-0.0294220886534,1341
mesmo dia (D−1→D),2023-01-12,-0.0308565744179,0.00102001556866,-0.127402891899,-0.177279589144,-0.0841282954941,11,2000,0.000447828629612,-0.0294220886534,1341
mesmo dia (D−1→D),2023-01-13,-0.104027538427,-0.00858979057358,-0.127402891899,-0.177279589144,-0.0841282954941,11,2000,0.000447828629612,-0.0294220886534,1341
mesmo dia (D−1→D),2023-01-16,-0.141229778448,-0.0153539615565,-0.127402891899,-0.177279589144,-0.0841282954941,11,2000,0.000447828629612,-0.0294220886534,1341
mesmo dia (D−1→D),2023-01-17,-0.0714392011769,0.0203821889336,-0.127402891899,-0.177279589144,-0.0841282954941,11,2000,0.000447828629612,-0.0294220886534,1341
mesmo dia (D−1→D),2023-01-18,-0.0611756542054,0.00909017489389,-0.127402891899,-0.177279589144,-0.0841282954941,11,2000,0.000447828629612,-0.0294220886534,1341
mesmo dia (D−1→D),2023-01-19,-0.0595167325013,0.00492654643759,-0.127402891899,-0.177279589144,-0.0841282954941,11,2000,0.000447828629612,-0.0294220886534,1341
mesmo dia (D−1→D),2023-01-20,-0.0970355548158,-0.00623860679964,-0.127402891899,-0.177279589144,-0.0841282954941,11,2000,0.000447828629612,-0.0294220886534,1341
mesmo dia (D−1→D),2023-01-23,-0.0229647515039,-0.00527154700314,-0.127402891899,-0.177279589144,-0.0841282954941,11,2000,0.000447828629612,-0.0294220886534,1341
mesmo dia (D−1→D),2023-01-24,-0.0495356303588,0.011807464036,-0.127402891899,-0.177279589144,-0.0841282954941,11,2000,0.000447828629612,-0.0294220886534,1341
mesmo dia (D−1→D),2023-01-25,0.0864521425534,0.0103248752521,-0.127402891899,-0.177279589144,-0.0841282954941,11,2000,0.000447828629612,-0.0294220886534,1341
mesmo dia (D−1→D),2023-01-26,0.0293395353439,-0.000753097771356,-0.127402891899,-0.177279589144,-0.0841282954941,11,2000,0.000447828629612,-0.0294220886534,1341
mesmo dia (D−1→D),2023-01-27,-0.0997129782451,-0.0140830258788,-0.127402891899,-0.177279589144,-0.0841282954941,11,2000,0.000447828629612,-0.0294220886534,1341
mesmo dia (D−1→D),2023-01-30,-0.0939099444239,-0.00545768075234,-0.127402891899,-0.177279589144,-0.0841282954941,11,2000,0.000447828629612,-0.0294220886534,1341
mesmo dia (D−1→D),2023-01-31,-0.0828648234074,0.0146932646933,-0.127402891899,-0.177279589144,-0.0841282954941,11,2000,0.000447828629612,-0.0294220886534,1341
mesmo dia (D−1→D),2023-02-01,-0.144089378488,-0.0108251418102,-0.127402891899,-0.177279589144,-0.0841282954941,11,2000,0.000447828629612,-0.0294220886534,1341
mesmo dia (D−1→D),2023-02-02,-0.0316370824463,-0.0210858124894,-0.127402891899,-0.177279589144,-0.0841282954941,11,2000,0.000447828629612,-0.0294220886534,1341
mesmo dia (D−1→D),2023-02-03,-0.101021120987,-0.0131441306226,-0.127402891899,-0.177279589144,-0.0841282954941,11,2000,0.000447828629612,-0.0294220886534,1341
mesmo dia (D−1→D),2023-02-06,-0.0336132884822,-0.000313392939441,-0.127402891899,-0.177279589144,-0.0841282954941,11,2000,0.000447828629612,-0.0294220886534,1341
mesmo dia (D−1→D),2023-02-07,0.0240905050212,-0.004942096334,-0.127402891899,-0.177279589144,-0.0841282954941,11,2000,0.000447828629612,-0.0294220886534,1341
mesmo dia (D−1→D),2023-02-08,-0.0900300545769,0.0181801334322,-0.127402891899,-0.177279589144,-0.0841282954941,11,2000,0.000447828629612,-0.0294220886534,1341
mesmo dia (D−1→D),2023-02-09,-0.0446251857126,-0.0191023097505,-0.127402891899,-0.177279589144,-0.0841282954941,11,2000,0.000447828629612,-0.0294220886534,1341
mesmo dia (D−1→D),2023-02-10,-0.103927527787,0.00340498965514,-0.127402891899,-0.177279589144,-0.0841282954941,11,2000,0.000447828629612,-0.0294220886534,1341
mesmo dia (D−1→D),2023-02-13,-0.0222682476649,0.00643550624133,-0.127402891899,-0.177279589144,-0.0841282954941,11,2000,0.000447828629612,-0.0294220886534,1341
mesmo dia (D−1→D),2023-02-14,0.0239312995801,-0.0109053157672,-0.127402891899,-0.177279589144,-0.0841282954941,11,2000,0.000447828629612,-0.0294220886534,1341
mesmo dia (D−1→D),2023-02-15,-0.0416630629414,0.0165615508225,-0.127402891899,-0.177279589144,-0.0841282954941,11,2000,0.000447828629612,-0.0294220886534,1341
mesmo dia (D−1→D),2023-02-16,-0.0117368692663,0.00423055134226,-0.127402891899,-0.177279589144,-0.0841282954941,11,2000,0.000447828629612,-0.0294220886534,1341
mesmo dia (D−1→D),2023-02-17,0.0116251472534,-0.00547745780447,-0.127402891899,-0.177279589144,-0.0841282954941,11,2000,0.000447828629612,-0.0294220886534,1341
mesmo dia (D−1→D),2023-02-22,0.132125807664,-0.019679240277,-0.127402891899,-0.177279589144,-0.0841282954941,11,2000,0.000447828629612,-0.0294220886534,1341
mesmo dia (D−1→D),2023-02-23,0.0121147465491,0.00530088099149,-0.127402891899,-0.177279589144,-0.0841282954941,11,2000,0.000447828629612,-0.0294220886534,1341
mesmo dia (D−1→D),2023-02-24,-0.0781676482411,-0.0171463052358,-0.127402891899,-0.177279589144,-0.0841282954941,11,2000,0.000447828629612,-0.0294220886534,1341
mesmo dia (D−1→D),2023-02-27,-0.190551603941,-0.00153013516194,-0.127402891899,-0.177279589144,-0.0841282954941,11,2000,0.000447828629612,-0.0294220886534,1341
mesmo dia (D−1→D),2023-02-28,-0.0602047812343,-0.00736914796,-0.127402891899,-0.177279589144,-0.0841282954941,11,2000,0.000447828629612,-0.0294220886534,1341
mesmo dia (D−1→D),2023-03-01,-0.128569694174,-0.00521289978272,-0.127402891899,-0.177279589144,-0.0841282954941,11,2000,0.000447828629612,-0.0294220886534,1341
mesmo dia (D−1→D),2023-03-02,-0.145328993264,-0.0101451357954,-0.127402891899,-0.177279589144,-0.0841282954941,11,2000,0.000447828629612,-0.0294220886534,1341
mesmo dia (D−1→D),2023-03-03,-0.17937452619,0.00522617734162,-0.127402891899,-0.177279589144,-0.0841282954941,11,2000,0.000447828629612,-0.0294220886534,1341
mesmo dia (D−1→D),2023-03-06,0.0026598833638,0.00802957656981,-0.127402891899,-0.177279589144,-0.0841282954941,11,2000,0.000447828629612,-0.0294220886534,1341
mesmo dia (D−1→D),2023-03-07,-0.0301746279211,-0.00450811843362,-0.127402891899,-0.177279589144,-0.0841282954941,11,2000,0.000447828629612,-0.0294220886534,1341
mesmo dia (D−1→D),2023-03-08,0.0394246123282,0.0221821391565,-0.127402891899,-0.177279589144,-0.0841282954941,11,2000,0.000447828629612,-0.0294220886534,1341
mesmo dia (D−1→D),2023-03-09,0.0258519830531,-0.0137882485451,-0.127402891899,-0.177279589144,-0.0841282954941,11,2000,0.000447828629612,-0.0294220886534,1341
mesmo dia (D−1→D),2023-03-10,-0.0753050136437,-0.0138287443729,-0.127402891899,-0.177279589144,-0.0841282954941,11,2000,0.000447828629612,-0.0294220886534,1341
mesmo dia (D−1→D),2023-03-13,0.0349079047876,-0.00479646393484,-0.127402891899,-0.177279589144,-0.0841282954941,11,2000,0.000447828629612,-0.0294220886534,1341
mesmo dia (D−1→D),2023-03-14,-0.152745506548,-0.00183279836309,-0.127402891899,-0.177279589144,-0.0841282954941,11,2000,0.000447828629612,-0.0294220886534,1341
mesmo dia (D−1→D),2023-03-15,0.0110530870479,-0.00249679399992,-0.127402891899,-0.177279589144,-0.0841282954941,11,2000,0.000447828629612,-0.0294220886534,1341
mesmo dia (D−1→D),2023-03-16,-0.0663250855223,0.00740199659119,-0.127402891899,-0.177279589144,-0.0841282954941,11,2000,0.000447828629612,-0.0294220886534,1341
mesmo dia (D−1→D),2023-03-17,-0.0187712213891,-0.0140474694252,-0.127402891899,-0.177279589144,-0.0841282954941,11,2000,0.000447828629612,-0.0294220886534,1341
mesmo dia (D−1→D),2023-03-20,-0.100307855708,-0.0103841854445,-0.127402891899,-0.177279589144,-0.0841282954941,11,2000,0.000447828629612,-0.0294220886534,1341
mesmo dia (D−1→D),2023-03-21,-0.0536924726133,0.000743140810321,-0.127402891899,-0.177279589144,-0.0841282954941,11,2000,0.000447828629612,-0.0294220886534,1341
mesmo dia (D−1→D),2023-03-24,-0.0801633213364,0.009221248698,-0.127402891899,-0.177279589144,-0.0841282954941,11,2000,0.000447828629612,-0.0294220886534,1341
mesmo dia (D−1→D),2023-03-27,-0.00738572959062,0.00850964797782,-0.127402891899,-0.177279589144,-0.0841282954941,11,2000,0.000447828629612,-0.0294220886534,1341
mesmo dia (D−1→D),2023-03-28,-0.0369027119776,0.0152001605297,-0.127402891899,-0.177279589144,-0.0841282954941,11,2000,0.000447828629612,-0.0294220886534,1341
mesmo dia (D−1→D),2023-03-29,-0.111903004133,0.00600879577012,-0.127402891899,-0.177279589144,-0.0841282954941,11,2000,0.000447828629612,-0.0294220886534,1341
mesmo dia (D−1→D),2023-03-30,-0.0674956217152,0.0188618077864,-0.127402891899,-0.177279589144,-0.0841282954941,11,2000,0.000447828629612,-0.0294220886534,1341
mesmo dia (D−1→D),2023-03-31,0.0469403549679,-0.0176544888298,-0.127402891899,-0.177279589144,-0.0841282954941,11,2000,0.000447828629612,-0.0294220886534,1341
mesmo dia (D−1→D),2023-04-03,0.0181603765408,-0.00369054396262,-0.127402891899,-0.177279589144,-0.0841282954941,11,2000,0.000447828629612,-0.0294220886534,1341
mesmo dia (D−1→D),2023-04-04,0.00203722212839,0.00357614328217,-0.127402891899,-0.177279589144,-0.0841282954941,11,2000,0.000447828629612,-0.0294220886534,1341
mesmo dia (D−1→D),2023-04-05,-0.0191394809222,-0.00874652740284,-0.127402891899,-0.177279589144,-0.0841282954941,11,2000,0.000447828629612,-0.0294220886534,1341
mesmo dia (D−1→D),2023-04-06,-0.159342257787,-0.00154489096635,-0.127402891899,-0.177279589144,-0.0841282954941,11,2000,0.000447828629612,-0.0294220886534,1341
mesmo dia (D−1→D),2023-04-10,-0.0787468289425,0.0101664319295,-0.127402891899,-0.177279589144,-0.0841282954941,11,2000,0.000447828629612,-0.0294220886534,1341
mesmo dia (D−1→D),2023-04-11,-0.110599180114,0.042878042554,-0.127402891899,-0.177279589144,-0.0841282954941,11,2000,0.000447828629612,-0.0294220886534,1341
mesmo dia (D−1→D),2023-04-12,-0.118345327211,0.00636450938671,-0.127402891899,-0.177279589144,-0.0841282954941,11,2000,0.000447828629612,-0.0294220886534,1341
mesmo dia (D−1→D),2023-04-13,0.0743212805657,-0.00404153802975,-0.127402891899,-0.177279589144,-0.0841282954941,11,2000,0.000447828629612,-0.0294220886534,1341
mesmo dia (D−1→D),2023-04-14,-0.0554385547643,-0.00168141426666,-0.127402891899,-0.177279589144,-0.0841282954941,11,2000,0.000447828629612,-0.0294220886534,1341
mesmo dia (D−1→D),2023-04-17,-0.0533823901032,-0.00247461869231,-0.127402891899,-0.177279589144,-0.0841282954941,11,2000,0.000447828629612,-0.0294220886534,1341
mesmo dia (D−1→D),2023-04-18,-0.0418528843797,0.00138658315726,-0.127402891899,-0.177279589144,-0.0841282954941,11,2000,0.000447828629612,-0.0294220886534,1341
mesmo dia (D−1→D),2023-04-19,0.0162090339514,-0.0211938245905,-0.127402891899,-0.177279589144,-0.0841282954941,11,2000,0.000447828629612,-0.0294220886534,1341
mesmo dia (D−1→D),2023-04-20,-0.05392770194,0.00436903948495,-0.127402891899,-0.177279589144,-0.0841282954941,11,2000,0.000447828629612,-0.0294220886534,1341
mesmo dia (D−1→D),2023-04-24,-0.123735422868,-0.00402426054213,-0.127402891899,-0.177279589144,-0.0841282954941,11,2000,0.000447828629612,-0.0294220886534,1341
mesmo dia (D−1→D),2023-04-25,-0.0281160326176,-0.00699394883931,-0.127402891899,-0.177279589144,-0.0841282954941,11,2000,0.000447828629612,-0.0294220886534,1341
mesmo dia (D−1→D),2023-04-26,-0.0623306530775,-0.0087967448169,-0.127402891899,-0.177279589144,-0.0841282954941,11,2000,0.000447828629612,-0.0294220886534,1341
mesmo dia (D−1→D),2023-04-27,-0.0139162592592,0.00597192900149,-0.127402891899,-0.177279589144,-0.0841282954941,11,2000,0.000447828629612,-0.0294220886534,1341
mesmo dia (D−1→D),2023-04-28,0.00656900105007,0.0146614459353,-0.127402891899,-0.177279589144,-0.0841282954941,11,2000,0.000447828629612,-0.0294220886534,1341
mesmo dia (D−1→D),2023-05-02,0.0649467678299,-0.0239869005669,-0.127402891899,-0.177279589144,-0.0841282954941,11,2000,0.000447828629612,-0.0294220886534,1341
mesmo dia (D−1→D),2023-05-03,0.158966914197,-0.00127542260638,-0.127402891899,-0.177279589144,-0.0841282954941,11,2000,0.000447828629612,-0.0294220886534,1341
mesmo dia (D−1→D),2023-05-04,0.0264836502018,0.00370344902109,-0.127402891899,-0.177279589144,-0.0841282954941,11,2000,0.000447828629612,-0.0294220886534,1341
mesmo dia (D−1→D),2023-05-05,-0.00831314720891,0.0291072092705,-0.127402891899,-0.177279589144,-0.0841282954941,11,2000,0.000447828629612,-0.0294220886534,1341
mesmo dia (D−1→D),2023-05-08,-0.0885585589902,0.00850230151786,-0.127402891899,-0.177279589144,-0.0841282954941,11,2000,0.000447828629612,-0.0294220886534,1341
mesmo dia (D−1→D),2023-05-09,-0.255991599925,0.0101092020143,-0.127402891899,-0.177279589144,-0.0841282954941,11,2000,0.000447828629612,-0.0294220886534,1341
mesmo dia (D−1→D),2023-05-10,-0.0372014747306,0.0031181731613,-0.127402891899,-0.177279589144,-0.0841282954941,11,2000,0.000447828629612,-0.0294220886534,1341
mesmo dia (D−1→D),2023-05-11,-0.196202345918,0.00751991661083,-0.127402891899,-0.177279589144,-0.0841282954941,11,2000,0.000447828629612,-0.0294220886534,1341
mesmo dia (D−1→D),2023-05-12,-0.0879417010057,0.0019213715637,-0.127402891899,-0.177279589144,-0.0841282954941,11,2000,0.000447828629612,-0.0294220886534,1341
mesmo dia (D−1→D),2023-05-15,0.0730313893356,0.00520910163741,-0.127402891899,-0.177279589144,-0.0841282954941,11,2000,0.000447828629612,-0.0294220886534,1341
mesmo dia (D−1→D),2023-05-16,-0.0528949030124,-0.00765851287272,-0.127402891899,-0.177279589144,-0.0841282954941,11,2000,0.000447828629612,-0.0294220886534,1341
mesmo dia (D−1→D),2023-05-17,0.0339475873039,0.0117012033939,-0.127402891899,-0.177279589144,-0.0841282954941,11,2000,0.000447828629612,-0.0294220886534,1341
mesmo dia (D−1→D),2023-05-18,0.0350718328893,0.00591997076558,-0.127402891899,-0.177279589144,-0.0841282954941,11,2000,0.000447828629612,-0.0294220886534,1341
mesmo dia (D−1→D),2023-05-19,-0.0212441133253,0.00578522904784,-0.127402891899,-0.177279589144,-0.0841282954941,11,2000,0.000447828629612,-0.0294220886534,1341
mesmo dia (D−1→D),2023-05-22,0.0114572894008,-0.00480382861529,-0.127402891899,-0.177279589144,-0.0841282954941,11,2000,0.000447828629612,-0.0294220886534,1341
mesmo dia (D−1→D),2023-05-23,0.0285998041568,-0.0025768285048,-0.127402891899,-0.177279589144,-0.0841282954941,11,2000,0.000447828629612,-0.0294220886534,1341
mesmo dia (D−1→D),2023-05-24,0.0691528753311,-0.0102702653531,-0.127402891899,-0.177279589144,-0.0841282954941,11,2000,0.000447828629612,-0.0294220886534,1341
mesmo dia (D−1→D),2023-05-25,-0.0864263393455,0.0115257352941,-0.127402891899,-0.177279589144,-0.0841282954941,11,2000,0.000447828629612,-0.0294220886534,1341
mesmo dia (D−1→D),2023-05-26,-0.038876210761,0.00774165409708,-0.127402891899,-0.177279589144,-0.0841282954941,11,2000,0.000447828629612,-0.0294220886534,1341
mesmo dia (D−1→D),2023-05-29,0.0219138418484,-0.00516653742809,-0.127402891899,-0.177279589144,-0.0841282954941,11,2000,0.000447828629612,-0.0294220886534,1341
mesmo dia (D−1→D),2023-05-30,-0.021812938918,-0.0123807020565,-0.127402891899,-0.177279589144,-0.0841282954941,11,2000,0.000447828629612,-0.0294220886534,1341
mesmo dia (D−1→D),2023-05-31,-0.0842790178654,-0.00579992107702,-0.127402891899,-0.177279589144,-0.0841282954941,11,2000,0.000447828629612,-0.0294220886534,1341
mesmo dia (D−1→D),2023-06-01,0.000961108656257,0.0205842987031,-0.127402891899,-0.177279589144,-0.0841282954941,11,2000,0.000447828629612,-0.0294220886534,1341
mesmo dia (D−1→D),2023-06-02,-0.100930536045,0.0180255958034,-0.127402891899,-0.177279589144,-0.0841282954941,11,2000,0.000447828629612,-0.0294220886534,1341
mesmo dia (D−1→D),2023-06-05,-0.0130824164599,0.00122603457773,-0.127402891899,-0.177279589144,-0.0841282954941,11,2000,0.000447828629612,-0.0294220886534,1341
mesmo dia (D−1→D),2023-06-06,0.0957907086825,0.0169837438773,-0.127402891899,-0.177279589144,-0.0841282954941,11,2000,0.000447828629612,-0.0294220886534,1341
mesmo dia (D−1→D),2023-06-07,0.0365601224109,0.00766076258616,-0.127402891899,-0.177279589144,-0.0841282954941,11,2000,0.000447828629612,-0.0294220886534,1341
mesmo dia (D−1→D),2023-06-09,-0.058435592767,0.0132567885841,-0.127402891899,-0.177279589144,-0.0841282954941,11,2000,0.000447828629612,-0.0294220886534,1341
mesmo dia (D−1→D),2023-06-12,-0.00802185806042,0.00270896179253,-0.127402891899,-0.177279589144,-0.0841282954941,11,2000,0.000447828629612,-0.0294220886534,1341
mesmo dia (D−1→D),2023-06-13,-0.0637874393333,-0.00505386241222,-0.127402891899,-0.177279589144,-0.0841282954941,11,2000,0.000447828629612,-0.0294220886534,1341
mesmo dia (D−1→D),2023-06-14,-0.00411884461703,0.0199241067987,-0.127402891899,-0.177279589144,-0.0841282954941,11,2000,0.000447828629612,-0.0294220886534,1341
mesmo dia (D−1→D),2023-06-15,-0.0571621632444,0.0012765707279,-0.127402891899,-0.177279589144,-0.0841282954941,11,2000,0.000447828629612,-0.0294220886534,1341
mesmo dia (D−1→D),2023-06-16,-0.0801409230922,-0.00388354400651,-0.127402891899,-0.177279589144,-0.0841282954941,11,2000,0.000447828629612,-0.0294220886534,1341
mesmo dia (D−1→D),2023-06-19,-0.0236051915779,0.00926253389245,-0.127402891899,-0.177279589144,-0.0841282954941,11,2000,0.000447828629612,-0.0294220886534,1341
mesmo dia (D−1→D),2023-06-20,0.0561435044573,-0.00196899664603,-0.127402891899,-0.177279589144,-0.0841282954941,11,2000,0.000447828629612,-0.0294220886534,1341
mesmo dia (D−1→D),2023-06-21,0.0956541631823,0.00667101369313,-0.127402891899,-0.177279589144,-0.0841282954941,11,2000,0.000447828629612,-0.0294220886534,1341
mesmo dia (D−1→D),2023-06-22,0.013737763957,-0.0123401428334,-0.127402891899,-0.177279589144,-0.0841282954941,11,2000,0.000447828629612,-0.0294220886534,1341
mesmo dia (D−1→D),2023-06-23,0.0145419794414,0.000361545058604,-0.127402891899,-0.177279589144,-0.0841282954941,11,2000,0.000447828629612,-0.0294220886534,1341
mesmo dia (D−1→D),2023-06-26,0.0304278906609,-0.0061692596048,-0.127402891899,-0.177279589144,-0.0841282954941,11,2000,0.000447828629612,-0.0294220886534,1341
mesmo dia (D−1→D),2023-06-27,0.0481770612961,-0.00608915538341,-0.127402891899,-0.177279589144,-0.0841282954941,11,2000,0.000447828629612,-0.0294220886534,1341
mesmo dia (D−1→D),2023-06-28,-0.0407429891004,-0.00716455502327,-0.127402891899,-0.177279589144,-0.0841282954941,11,2000,0.000447828629612,-0.0294220886534,1341
mesmo dia (D−1→D),2023-06-29,0.0964235983042,0.0145867793385,-0.127402891899,-0.177279589144,-0.0841282954941,11,2000,0.000447828629612,-0.0294220886534,1341
mesmo dia (D−1→D),2023-06-30,0.0669760196463,-0.00250035900425,-0.127402891899,-0.177279589144,-0.0841282954941,11,2000,0.000447828629612,-0.0294220886534,1341
mesmo dia (D−1→D),2023-07-03,0.00515678606422,0.0134307756146,-0.127402891899,-0.177279589144,-0.0841282954941,11,2000,0.000447828629612,-0.0294220886534,1341
mesmo dia (D−1→D),2023-07-04,-0.0208941777128,-0.00498859391843,-0.127402891899,-0.177279589144,-0.0841282954941,11,2000,0.000447828629612,-0.0294220886534,1341
mesmo dia (D−1→D),2023-07-05,-0.0442160860728,0.00397225301488,-0.127402891899,-0.177279589144,-0.0841282954941,11,2000,0.000447828629612,-0.0294220886534,1341
mesmo dia (D−1→D),2023-07-06,-0.10240615638,-0.017758408686,-0.127402891899,-0.177279589144,-0.0841282954941,11,2000,0.000447828629612,-0.0294220886534,1341
mesmo dia (D−1→D),2023-07-07,-0.231703572521,0.0125355543065,-0.127402891899,-0.177279589144,-0.0841282954941,11,2000,0.000447828629612,-0.0294220886534,1341
mesmo dia (D−1→D),2023-07-10,-0.000882266512864,-0.00804050530707,-0.127402891899,-0.177279589144,-0.0841282954941,11,2000,0.000447828629612,-0.0294220886534,1341
mesmo dia (D−1→D),2023-07-11,0.0238165031814,-0.00612165301589,-0.127402891899,-0.177279589144,-0.0841282954941,11,2000,0.000447828629612,-0.0294220886534,1341
mesmo dia (D−1→D),2023-07-12,0.0550494495242,0.00380481146562,-0.127402891899,-0.177279589144,-0.0841282954941,11,2000,0.000447828629612,-0.0294220886534,1341
mesmo dia (D−1→D),2023-07-13,-0.00911000278017,0.013580813489,-0.127402891899,-0.177279589144,-0.0841282954941,11,2000,0.000447828629612,-0.0294220886534,1341
mesmo dia (D−1→D),2023-07-14,0.146828366148,-0.0130215320633,-0.127402891899,-0.177279589144,-0.0841282954941,11,2000,0.000447828629612,-0.0294220886534,1341
mesmo dia (D−1→D),2023-07-17,0.0267515497086,0.00431565444181,-0.127402891899,-0.177279589144,-0.0841282954941,11,2000,0.000447828629612,-0.0294220886534,1341
mesmo dia (D−1→D),2023-07-18,0.0234453148195,-0.00319745556975,-0.127402891899,-0.177279589144,-0.0841282954941,11,2000,0.000447828629612,-0.0294220886534,1341
mesmo dia (D−1→D),2023-07-19,-0.047557917636,-0.00245245712443,-0.127402891899,-0.177279589144,-0.0841282954941,11,2000,0.000447828629612,-0.0294220886534,1341
mesmo dia (D−1→D),2023-07-20,-0.0666498361088,0.00451714985708,-0.127402891899,-0.177279589144,-0.0841282954941,11,2000,0.000447828629612,-0.0294220886534,1341
mesmo dia (D−1→D),2023-07-21,-0.0530264149376,0.0180720340777,-0.127402891899,-0.177279589144,-0.0841282954941,11,2000,0.000447828629612,-0.0294220886534,1341
mesmo dia (D−1→D),2023-07-24,-0.173915781355,0.00935807747656,-0.127402891899,-0.177279589144,-0.0841282954941,11,2000,0.000447828629612,-0.0294220886534,1341
mesmo dia (D−1→D),2023-07-25,-0.116284932366,0.0054886189448,-0.127402891899,-0.177279589144,-0.0841282954941,11,2000,0.000447828629612,-0.0294220886534,1341
mesmo dia (D−1→D),2023-07-26,0.0147269069731,0.00452429348895,-0.127402891899,-0.177279589144,-0.0841282954941,11,2000,0.000447828629612,-0.0294220886534,1341
mesmo dia (D−1→D),2023-07-27,0.0285979569828,-0.0209693211488,-0.127402891899,-0.177279589144,-0.0841282954941,11,2000,0.000447828629612,-0.0294220886534,1341
mesmo dia (D−1→D),2023-07-28,0.020168613141,0.00164180348362,-0.127402891899,-0.177279589144,-0.0841282954941,11,2000,0.000447828629612,-0.0294220886534,1341
mesmo dia (D−1→D),2023-07-31,0.010169264589,0.0146105652026,-0.127402891899,-0.177279589144,-0.0841282954941,11,2000,0.000447828629612,-0.0294220886534,1341
mesmo dia (D−1→D),2023-08-01,-0.000545672839503,-0.00569938413849,-0.127402891899,-0.177279589144,-0.0841282954941,11,2000,0.000447828629612,-0.0294220886534,1341
mesmo dia (D−1→D),2023-08-02,0.0909740229573,-0.0032083003431,-0.127402891899,-0.177279589144,-0.0841282954941,11,2000,0.000447828629612,-0.0294220886534,1341
mesmo dia (D−1→D),2023-08-03,0.134128183836,-0.00225883053806,-0.127402891899,-0.177279589144,-0.0841282954941,11,2000,0.000447828629612,-0.0294220886534,1341
mesmo dia (D−1→D),2023-08-04,0.0795931808044,-0.00893967790622,-0.127402891899,-0.177279589144,-0.0841282954941,11,2000,0.000447828629612,-0.0294220886534,1341
mesmo dia (D−1→D),2023-08-07,-0.00316690541355,-0.00107105800449,-0.127402891899,-0.177279589144,-0.0841282954941,11,2000,0.000447828629612,-0.0294220886534,1341
mesmo dia (D−1→D),2023-08-08,-0.0207792503299,-0.00242921762439,-0.127402891899,-0.177279589144,-0.0841282954941,11,2000,0.000447828629612,-0.0294220886534,1341
mesmo dia (D−1→D),2023-08-09,0.0023832971589,-0.00571836426232,-0.127402891899,-0.177279589144,-0.0841282954941,11,2000,0.000447828629612,-0.0294220886534,1341
mesmo dia (D−1→D),2023-08-10,-0.0167305024826,-0.000498272935334,-0.127402891899,-0.177279589144,-0.0841282954941,11,2000,0.000447828629612,-0.0294220886534,1341
mesmo dia (D−1→D),2023-08-11,0.0825936010179,-0.00240811153359,-0.127402891899,-0.177279589144,-0.0841282954941,11,2000,0.000447828629612,-0.0294220886534,1341
mesmo dia (D−1→D),2023-08-14,-0.0218895322633,-0.0106297378563,-0.127402891899,-0.177279589144,-0.0841282954941,11,2000,0.000447828629612,-0.0294220886534,1341
mesmo dia (D−1→D),2023-08-15,0.0408837910779,-0.00547042205291,-0.127402891899,-0.177279589144,-0.0841282954941,11,2000,0.000447828629612,-0.0294220886534,1341
mesmo dia (D−1→D),2023-08-16,0.08867385041,-0.00498403215949,-0.127402891899,-0.177279589144,-0.0841282954941,11,2000,0.000447828629612,-0.0294220886534,1341
mesmo dia (D−1→D),2023-08-17,0.146747717136,-0.00527718181189,-0.127402891899,-0.177279589144,-0.0841282954941,11,2000,0.000447828629612,-0.0294220886534,1341
mesmo dia (D−1→D),2023-08-18,-0.0500749019611,0.00371362474126,-0.127402891899,-0.177279589144,-0.0841282954941,11,2000,0.000447828629612,-0.0294220886534,1341
mesmo dia (D−1→D),2023-08-21,0.00268798297273,-0.00849153878814,-0.127402891899,-0.177279589144,-0.0841282954941,11,2000,0.000447828629612,-0.0294220886534,1341
mesmo dia (D−1→D),2023-08-22,0.0124873151556,0.0150923279938,-0.127402891899,-0.177279589144,-0.0841282954941,11,2000,0.000447828629612,-0.0294220886534,1341
mesmo dia (D−1→D),2023-08-23,-0.0397046690518,0.0170374324185,-0.127402891899,-0.177279589144,-0.0841282954941,11,2000,0.000447828629612,-0.0294220886534,1341
mesmo dia (D−1→D),2023-08-24,-0.0316706830177,-0.00938756507386,-0.127402891899,-0.177279589144,-0.0841282954941,11,2000,0.000447828629612,-0.0294220886534,1341
mesmo dia (D−1→D),2023-08-25,-0.119503988763,-0.0101601353545,-0.127402891899,-0.177279589144,-0.0841282954941,11,2000,0.000447828629612,-0.0294220886534,1341
mesmo dia (D−1→D),2023-08-28,0.00317080114229,0.0110845412088,-0.127402891899,-0.177279589144,-0.0841282954941,11,2000,0.000447828629612,-0.0294220886534,1341
mesmo dia (D−1→D),2023-08-29,0.0481117567634,0.0109544829706,-0.127402891899,-0.177279589144,-0.0841282954941,11,2000,0.000447828629612,-0.0294220886534,1341
mesmo dia (D−1→D),2023-08-30,-0.0172817064879,-0.00733927907841,-0.127402891899,-0.177279589144,-0.0841282954941,11,2000,0.000447828629612,-0.0294220886534,1341
mesmo dia (D−1→D),2023-08-31,0.0184185852333,-0.0152550304165,-0.127402891899,-0.177279589144,-0.0841282954941,11,2000,0.000447828629612,-0.0294220886534,1341
mesmo dia (D−1→D),2023-09-01,-0.111273631516,0.0185844378013,-0.127402891899,-0.177279589144,-0.0841282954941,11,2000,0.000447828629612,-0.0294220886534,1341
mesmo dia (D−1→D),2023-09-04,-0.0322369450962,-0.000983943067018,-0.127402891899,-0.177279589144,-0.0841282954941,11,2000,0.000447828629612,-0.0294220886534,1341
mesmo dia (D−1→D),2023-09-05,0.0985894478284,-0.00378681746012,-0.127402891899,-0.177279589144,-0.0841282954941,11,2000,0.000447828629612,-0.0294220886534,1341
mesmo dia (D−1→D),2023-09-06,0.0756186438722,-0.0114718190419,-0.127402891899,-0.177279589144,-0.0841282954941,11,2000,0.000447828629612,-0.0294220886534,1341
mesmo dia (D−1→D),2023-09-08,0.111092641371,-0.00579385265336,-0.127402891899,-0.177279589144,-0.0841282954941,11,2000,0.000447828629612,-0.0294220886534,1341
mesmo dia (D−1→D),2023-09-11,0.00585124139031,0.013615117116,-0.127402891899,-0.177279589144,-0.0841282954941,11,2000,0.000447828629612,-0.0294220886534,1341
mesmo dia (D−1→D),2023-09-12,-0.047537641254,0.00928278706056,-0.127402891899,-0.177279589144,-0.0841282954941,11,2000,0.000447828629612,-0.0294220886534,1341
mesmo dia (D−1→D),2023-09-13,-0.0457134913949,0.00176319001763,-0.127402891899,-0.177279589144,-0.0841282954941,11,2000,0.000447828629612,-0.0294220886534,1341
mesmo dia (D−1→D),2023-09-14,-0.0348950153607,0.0102897373409,-0.127402891899,-0.177279589144,-0.0841282954941,11,2000,0.000447828629612,-0.0294220886534,1341
mesmo dia (D−1→D),2023-09-15,-0.0884568025602,-0.00531023854195,-0.127402891899,-0.177279589144,-0.0841282954941,11,2000,0.000447828629612,-0.0294220886534,1341
mesmo dia (D−1→D),2023-09-18,-0.0128019480419,-0.00395762811768,-0.127402891899,-0.177279589144,-0.0841282954941,11,2000,0.000447828629612,-0.0294220886534,1341
mesmo dia (D−1→D),2023-09-19,-0.0407106706713,-0.00373664277019,-0.127402891899,-0.177279589144,-0.0841282954941,11,2000,0.000447828629612,-0.0294220886534,1341
mesmo dia (D−1→D),2023-09-20,-0.0265838442793,0.00720431749911,-0.127402891899,-0.177279589144,-0.0841282954941,11,2000,0.000447828629612,-0.0294220886534,1341
mesmo dia (D−1→D),2023-09-21,0.0857727619529,-0.0214836345255,-0.127402891899,-0.177279589144,-0.0841282954941,11,2000,0.000447828629612,-0.0294220886534,1341
mesmo dia (D−1→D),2023-09-22,-0.0228921195464,-0.00117095010547,-0.127402891899,-0.177279589144,-0.0841282954941,11,2000,0.000447828629612,-0.0294220886534,1341
mesmo dia (D−1→D),2023-09-25,0.11005359708,-0.000724081752278,-0.127402891899,-0.177279589144,-0.0841282954941,11,2000,0.000447828629612,-0.0294220886534,1341
mesmo dia (D−1→D),2023-09-26,0.17724823783,-0.0149406944145,-0.127402891899,-0.177279589144,-0.0841282954941,11,2000,0.000447828629612,-0.0294220886534,1341
mesmo dia (D−1→D),2023-09-27,0.204863320161,0.0011734519629,-0.127402891899,-0.177279589144,-0.0841282954941,11,2000,0.000447828629612,-0.0294220886534,1341
mesmo dia (D−1→D),2023-09-28,0.091052837984,0.0122805636464,-0.127402891899,-0.177279589144,-0.0841282954941,11,2000,0.000447828629612,-0.0294220886534,1341
mesmo dia (D−1→D),2023-09-29,-0.0171557099936,0.0072063664878,-0.127402891899,-0.177279589144,-0.0841282954941,11,2000,0.000447828629612,-0.0294220886534,1341
mesmo dia (D−1→D),2023-10-02,0.123788119795,-0.0129369879466,-0.127402891899,-0.177279589144,-0.0841282954941,11,2000,0.000447828629612,-0.0294220886534,1341
mesmo dia (D−1→D),2023-10-03,0.0373384490307,-0.0142364219474,-0.127402891899,-0.177279589144,-0.0841282954941,11,2000,0.000447828629612,-0.0294220886534,1341
mesmo dia (D−1→D),2023-10-04,-0.141358450541,0.00165757060105,-0.127402891899,-0.177279589144,-0.0841282954941,11,2000,0.000447828629612,-0.0294220886534,1341
mesmo dia (D−1→D),2023-10-05,0.0349771877142,-0.002843134666,-0.127402891899,-0.177279589144,-0.0841282954941,11,2000,0.000447828629612,-0.0294220886534,1341
mesmo dia (D−1→D),2023-10-06,-0.00354214080244,0.00782105151654,-0.127402891899,-0.177279589144,-0.0841282954941,11,2000,0.000447828629612,-0.0294220886534,1341
mesmo dia (D−1→D),2023-10-09,0.0232200935721,0.00863624419725,-0.127402891899,-0.177279589144,-0.0841282954941,11,2000,0.000447828629612,-0.0294220886534,1341
mesmo dia (D−1→D),2023-10-10,0.0190215152487,0.0137292021258,-0.127402891899,-0.177279589144,-0.0841282954941,11,2000,0.000447828629612,-0.0294220886534,1341
mesmo dia (D−1→D),2023-10-11,-0.268470538835,0.00268980700206,-0.127402891899,-0.177279589144,-0.0841282954941,11,2000,0.000447828629612,-0.0294220886534,1341
mesmo dia (D−1→D),2023-10-13,0.0156140064431,-0.0110806400629,-0.127402891899,-0.177279589144,-0.0841282954941,11,2000,0.000447828629612,-0.0294220886534,1341
mesmo dia (D−1→D),2023-10-16,-0.0788504206644,0.00673842804568,-0.127402891899,-0.177279589144,-0.0841282954941,11,2000,0.000447828629612,-0.0294220886534,1341
mesmo dia (D−1→D),2023-10-17,-0.125754635791,-0.00537182281566,-0.127402891899,-0.177279589144,-0.0841282954941,11,2000,0.000447828629612,-0.0294220886534,1341
mesmo dia (D−1→D),2023-10-18,-0.0266158990959,-0.0159436794699,-0.127402891899,-0.177279589144,-0.0841282954941,11,2000,0.000447828629612,-0.0294220886534,1341
mesmo dia (D−1→D),2023-10-19,0.00433188024699,-0.000490969665089,-0.127402891899,-0.177279589144,-0.0841282954941,11,2000,0.000447828629612,-0.0294220886534,1341
mesmo dia (D−1→D),2023-10-20,0.0559587752725,-0.00744710711905,-0.127402891899,-0.177279589144,-0.0841282954941,11,2000,0.000447828629612,-0.0294220886534,1341
mesmo dia (D−1→D),2023-10-23,-0.142666894081,-0.00326985108921,-0.127402891899,-0.177279589144,-0.0841282954941,11,2000,0.000447828629612,-0.0294220886534,1341
mesmo dia (D−1→D),2023-10-24,-0.113787316526,0.00866249944585,-0.127402891899,-0.177279589144,-0.0841282954941,11,2000,0.000447828629612,-0.0294220886534,1341
mesmo dia (D−1→D),2023-10-25,0.134407405985,-0.00819254232521,-0.127402891899,-0.177279589144,-0.0841282954941,11,2000,0.000447828629612,-0.0294220886534,1341
mesmo dia (D−1→D),2023-10-26,-0.115576842474,0.0172560489232,-0.127402891899,-0.177279589144,-0.0841282954941,11,2000,0.000447828629612,-0.0294220886534,1341
mesmo dia (D−1→D),2023-10-27,-0.058931773786,-0.0128597192817,-0.127402891899,-0.177279589144,-0.0841282954941,11,2000,0.000447828629612,-0.0294220886534,1341
mesmo dia (D−1→D),2023-10-30,0.11079614612,-0.00678723047458,-0.127402891899,-0.177279589144,-0.0841282954941,11,2000,0.000447828629612,-0.0294220886534,1341
mesmo dia (D−1→D),2023-10-31,0.11852833945,0.00543845306224,-0.127402891899,-0.177279589144,-0.0841282954941,11,2000,0.000447828629612,-0.0294220886534,1341
mesmo dia (D−1→D),2023-11-01,0.0407865354902,0.0168723043202,-0.127402891899,-0.177279589144,-0.0841282954941,11,2000,0.000447828629612,-0.0294220886534,1341
mesmo dia (D−1→D),2023-11-03,5.52030812049e-05,0.0270049455468,-0.127402891899,-0.177279589144,-0.0841282954941,11,2000,0.000447828629612,-0.0294220886534,1341
mesmo dia (D−1→D),2023-11-06,0.0576264698158,0.00276743398781,-0.127402891899,-0.177279589144,-0.0841282954941,11,2000,0.000447828629612,-0.0294220886534,1341
mesmo dia (D−1→D),2023-11-07,-0.0621052777742,0.00659144041118,-0.127402891899,-0.177279589144,-0.0841282954941,11,2000,0.000447828629612,-0.0294220886534,1341
mesmo dia (D−1→D),2023-11-08,-0.0229943187791,-0.00141697689238,-0.127402891899,-0.177279589144,-0.0841282954941,11,2000,0.000447828629612,-0.0294220886534,1341
mesmo dia (D−1→D),2023-11-09,0.0299486931854,-0.000730484722794,-0.127402891899,-0.177279589144,-0.0841282954941,11,2000,0.000447828629612,-0.0294220886534,1341
mesmo dia (D−1→D),2023-11-10,-0.0291613714478,0.0136456827883,-0.127402891899,-0.177279589144,-0.0841282954941,11,2000,0.000447828629612,-0.0294220886534,1341
mesmo dia (D−1→D),2023-11-13,0.0104539380664,-0.00215524387413,-0.127402891899,-0.177279589144,-0.0841282954941,11,2000,0.000447828629612,-0.0294220886534,1341
mesmo dia (D−1→D),2023-11-14,-0.131041014661,0.0245231607629,-0.127402891899,-0.177279589144,-0.0841282954941,11,2000,0.000447828629612,-0.0294220886534,1341
mesmo dia (D−1→D),2023-11-16,-0.072872057383,0.0101193565127,-0.127402891899,-0.177279589144,-0.0841282954941,11,2000,0.000447828629612,-0.0294220886534,1341
mesmo dia (D−1→D),2023-11-17,0.0342503673422,0.00390123298228,-0.127402891899,-0.177279589144,-0.0841282954941,11,2000,0.000447828629612,-0.0294220886534,1341
mesmo dia (D−1→D),2023-11-20,-0.0273811332901,0.00825990308807,-0.127402891899,-0.177279589144,-0.0841282954941,11,2000,0.000447828629612,-0.0294220886534,1341
mesmo dia (D−1→D),2023-11-21,-0.0153754796892,-0.00387009794203,-0.127402891899,-0.177279589144,-0.0841282954941,11,2000,0.000447828629612,-0.0294220886534,1341
mesmo dia (D−1→D),2023-11-22,-0.046467126903,0.00340745340626,-0.127402891899,-0.177279589144,-0.0841282954941,11,2000,0.000447828629612,-0.0294220886534,1341
mesmo dia (D−1→D),2023-11-23,0.00971953512047,0.00429245844408,-0.127402891899,-0.177279589144,-0.0841282954941,11,2000,0.000447828629612,-0.0294220886534,1341
mesmo dia (D−1→D),2023-11-24,-0.078147130542,-0.00816900518266,-0.127402891899,-0.177279589144,-0.0841282954941,11,2000,0.000447828629612,-0.0294220886534,1341
mesmo dia (D−1→D),2023-11-27,-0.079217118389,0.00112313010785,-0.127402891899,-0.177279589144,-0.0841282954941,11,2000,0.000447828629612,-0.0294220886534,1341
mesmo dia (D−1→D),2023-11-28,-0.0805232651411,0.00680282934048,-0.127402891899,-0.177279589144,-0.0841282954941,11,2000,0.000447828629612,-0.0294220886534,1341
mesmo dia (D−1→D),2023-11-29,-0.0423819021904,-0.00345350803711,-0.127402891899,-0.177279589144,-0.0841282954941,11,2000,0.000447828629612,-0.0294220886534,1341
mesmo dia (D−1→D),2023-11-30,0.152664415157,0.00975408601042,-0.127402891899,-0.177279589144,-0.0841282954941,11,2000,0.000447828629612,-0.0294220886534,1341
mesmo dia (D−1→D),2023-12-01,0.0389791061236,0.0060629383261,-0.127402891899,-0.177279589144,-0.0841282954941,11,2000,0.000447828629612,-0.0294220886534,1341
mesmo dia (D−1→D),2023-12-04,0.0446623160245,-0.0101480839637,-0.127402891899,-0.177279589144,-0.0841282954941,11,2000,0.000447828629612,-0.0294220886534,1341
mesmo dia (D−1→D),2023-12-05,0.0130542760414,0.000788624874806,-0.127402891899,-0.177279589144,-0.0841282954941,11,2000,0.000447828629612,-0.0294220886534,1341
mesmo dia (D−1→D),2023-12-06,0.0367444840719,-0.0100864439769,-0.127402891899,-0.177279589144,-0.0841282954941,11,2000,0.000447828629612,-0.0294220886534,1341
mesmo dia (D−1→D),2023-12-07,-0.0768712541994,0.00308064606004,-0.127402891899,-0.177279589144,-0.0841282954941,11,2000,0.000447828629612,-0.0294220886534,1341
mesmo dia (D−1→D),2023-12-08,-0.115642211827,0.00860249186573,-0.127402891899,-0.177279589144,-0.0841282954941,11,2000,0.000447828629612,-0.0294220886534,1341
mesmo dia (D−1→D),2023-12-11,-0.162701475923,-0.00140053818434,-0.127402891899,-0.177279589144,-0.0841282954941,11,2000,0.000447828629612,-0.0294220886534,1341
mesmo dia (D−1→D),2023-12-12,0.120058222437,-0.00404204355637,-0.127402891899,-0.177279589144,-0.0841282954941,11,2000,0.000447828629612,-0.0294220886534,1341
mesmo dia (D−1→D),2023-12-13,-0.0191802024776,0.024224108605,-0.127402891899,-0.177279589144,-0.0841282954941,11,2000,0.000447828629612,-0.0294220886534,1341
mesmo dia (D−1→D),2023-12-14,0.0866878910459,0.0106360792492,-0.127402891899,-0.177279589144,-0.0841282954941,11,2000,0.000447828629612,-0.0294220886534,1341
mesmo dia (D−1→D),2023-12-15,0.055208616112,-0.00492960975833,-0.127402891899,-0.177279589144,-0.0841282954941,11,2000,0.000447828629612,-0.0294220886534,1341
mesmo dia (D−1→D),2023-12-18,-0.0180789142724,0.00681275298202,-0.127402891899,-0.177279589144,-0.0841282954941,11,2000,0.000447828629612,-0.0294220886534,1341
mesmo dia (D−1→D),2023-12-19,-0.0466948653437,0.0058512099112,-0.127402891899,-0.177279589144,-0.0841282954941,11,2000,0.000447828629612,-0.0294220886534,1341
mesmo dia (D−1→D),2023-12-20,0.118578179524,-0.00794078163988,-0.127402891899,-0.177279589144,-0.0841282954941,11,2000,0.000447828629612,-0.0294220886534,1341
mesmo dia (D−1→D),2023-12-21,0.00444234095912,0.0105348460292,-0.127402891899,-0.177279589144,-0.0841282954941,11,2000,0.000447828629612,-0.0294220886534,1341
mesmo dia (D−1→D),2023-12-22,-0.0475769719793,0.00431980148583,-0.127402891899,-0.177279589144,-0.0841282954941,11,2000,0.000447828629612,-0.0294220886534,1341
mesmo dia (D−1→D),2023-12-26,0.0394845719655,0.00587557343337,-0.127402891899,-0.177279589144,-0.0841282954941,11,2000,0.000447828629612,-0.0294220886534,1341
mesmo dia (D−1→D),2023-12-27,-0.0243790034695,0.00495008724435,-0.127402891899,-0.177279589144,-0.0841282954941,11,2000,0.000447828629612,-0.0294220886534,1341
mesmo dia (D−1→D),2023-12-28,-0.00503698178267,-6.70670819858e-05,-0.127402891899,-0.177279589144,-0.0841282954941,11,2000,0.000447828629612,-0.0294220886534,1341
mesmo dia (D−1→D),2024-01-02,0.0718206314552,-0.0110891679398,-0.127402891899,-0.177279589144,-0.0841282954941,11,2000,0.000447828629612,-0.0294220886534,1341
mesmo dia (D−1→D),2024-01-03,0.146256743769,0.00103242725909,-0.127402891899,-0.177279589144,-0.0841282954941,11,2000,0.000447828629612,-0.0294220886534,1341
mesmo dia (D−1→D),2024-01-04,0.0198463557505,-0.0121053344776,-0.127402891899,-0.177279589144,-0.0841282954941,11,2000,0.000447828629612,-0.0294220886534,1341
mesmo dia (D−1→D),2024-01-05,-0.0903966154454,0.00607349153369,-0.127402891899,-0.177279589144,-0.0841282954941,11,2000,0.000447828629612,-0.0294220886534,1341
mesmo dia (D−1→D),2024-01-08,-0.0136018521263,0.00306007286609,-0.127402891899,-0.177279589144,-0.0841282954941,11,2000,0.000447828629612,-0.0294220886534,1341
mesmo dia (D−1→D),2024-01-09,0.0995257515187,-0.00740030356347,-0.127402891899,-0.177279589144,-0.0841282954941,11,2000,0.000447828629612,-0.0294220886534,1341
mesmo dia (D−1→D),2024-01-10,-0.0201906569175,-0.00461022313176,-0.127402891899,-0.177279589144,-0.0841282954941,11,2000,0.000447828629612,-0.0294220886534,1341
mesmo dia (D−1→D),2024-01-11,-0.00236590189915,-0.00146742993404,-0.127402891899,-0.177279589144,-0.0841282954941,11,2000,0.000447828629612,-0.0294220886534,1341
mesmo dia (D−1→D),2024-01-12,-0.054596667566,0.00259473857435,-0.127402891899,-0.177279589144,-0.0841282954941,11,2000,0.000447828629612,-0.0294220886534,1341
mesmo dia (D−1→D),2024-01-15,-0.0985164817964,0.00406907502977,-0.127402891899,-0.177279589144,-0.0841282954941,11,2000,0.000447828629612,-0.0294220886534,1341
mesmo dia (D−1→D),2024-01-16,-0.124081112035,-0.0169326571422,-0.127402891899,-0.177279589144,-0.0841282954941,11,2000,0.000447828629612,-0.0294220886534,1341
mesmo dia (D−1→D),2024-01-17,0.0415204572185,-0.00595541943168,-0.127402891899,-0.177279589144,-0.0841282954941,11,2000,0.000447828629612,-0.0294220886534,1341
mesmo dia (D−1→D),2024-01-18,-0.0664348755178,-0.00939902275061,-0.127402891899,-0.177279589144,-0.0841282954941,11,2000,0.000447828629612,-0.0294220886534,1341
mesmo dia (D−1→D),2024-01-19,-0.185230062534,0.0025134311477,-0.127402891899,-0.177279589144,-0.0841282954941,11,2000,0.000447828629612,-0.0294220886534,1341
mesmo dia (D−1→D),2024-01-22,0.0882817693071,-0.00810116268138,-0.127402891899,-0.177279589144,-0.0841282954941,11,2000,0.000447828629612,-0.0294220886534,1341
mesmo dia (D−1→D),2024-01-23,0.109115233525,0.0131198559264,-0.127402891899,-0.177279589144,-0.0841282954941,11,2000,0.000447828629612,-0.0294220886534,1341
mesmo dia (D−1→D),2024-01-24,-0.0115923213629,-0.00348502685888,-0.127402891899,-0.177279589144,-0.0841282954941,11,2000,0.000447828629612,-0.0294220886534,1341
mesmo dia (D−1→D),2024-01-25,-0.0683379482426,0.00276178256243,-0.127402891899,-0.177279589144,-0.0841282954941,11,2000,0.000447828629612,-0.0294220886534,1341
mesmo dia (D−1→D),2024-01-26,-0.0357922708641,0.00622615453035,-0.127402891899,-0.177279589144,-0.0841282954941,11,2000,0.000447828629612,-0.0294220886534,1341
mesmo dia (D−1→D),2024-01-29,-0.0280053069947,-0.00359781959726,-0.127402891899,-0.177279589144,-0.0841282954941,11,2000,0.000447828629612,-0.0294220886534,1341
mesmo dia (D−1→D),2024-01-30,0.0382959971602,-0.00856789335658,-0.127402891899,-0.177279589144,-0.0841282954941,11,2000,0.000447828629612,-0.0294220886534,1341
mesmo dia (D−1→D),2024-01-31,0.0603315801794,0.00274720961994,-0.127402891899,-0.177279589144,-0.0841282954941,11,2000,0.000447828629612,-0.0294220886534,1341
mesmo dia (D−1→D),2024-02-01,0.10540336931,0.00570636858914,-0.127402891899,-0.177279589144,-0.0841282954941,11,2000,0.000447828629612,-0.0294220886534,1341
mesmo dia (D−1→D),2024-02-02,0.00960739683705,-0.0101104443459,-0.127402891899,-0.177279589144,-0.0841282954941,11,2000,0.000447828629612,-0.0294220886534,1341
mesmo dia (D−1→D),2024-02-05,-0.0940620517754,0.00323158937585,-0.127402891899,-0.177279589144,-0.0841282954941,11,2000,0.000447828629612,-0.0294220886534,1341
mesmo dia (D−1→D),2024-02-06,-0.155471147439,0.0221250382074,-0.127402891899,-0.177279589144,-0.0841282954941,11,2000,0.000447828629612,-0.0294220886534,1341
mesmo dia (D−1→D),2024-02-07,0.0705717193152,-0.00619555882714,-0.127402891899,-0.177279589144,-0.0841282954941,11,2000,0.000447828629612,-0.0294220886534,1341
mesmo dia (D−1→D),2024-02-08,-0.021451946421,-0.0107323621999,-0.127402891899,-0.177279589144,-0.0841282954941,11,2000,0.000447828629612,-0.0294220886534,1341
mesmo dia (D−1→D),2024-02-09,-0.216758075002,-0.00148966205729,-0.127402891899,-0.177279589144,-0.0841282954941,11,2000,0.000447828629612,-0.0294220886534,1341
mesmo dia (D−1→D),2024-02-14,-0.00947887944162,-0.00787340071548,-0.127402891899,-0.177279589144,-0.0841282954941,11,2000,0.000447828629612,-0.0294220886534,1341
mesmo dia (D−1→D),2024-02-15,-0.0172811175155,0.00618809932451,-0.127402891899,-0.177279589144,-0.0841282954941,11,2000,0.000447828629612,-0.0294220886534,1341
mesmo dia (D−1→D),2024-02-16,-0.0398829630614,0.00721417170042,-0.127402891899,-0.177279589144,-0.0841282954941,11,2000,0.000447828629612,-0.0294220886534,1341
mesmo dia (D−1→D),2024-02-19,-0.00925762239349,0.00240821590044,-0.127402891899,-0.177279589144,-0.0841282954941,11,2000,0.000447828629612,-0.0294220886534,1341
mesmo dia (D−1→D),2024-02-20,-0.0814712369121,0.00681980222574,-0.127402891899,-0.177279589144,-0.0841282954941,11,2000,0.000447828629612,-0.0294220886534,1341
mesmo dia (D−1→D),2024-02-21,0.0447441876835,0.000892884633148,-0.127402891899,-0.177279589144,-0.0841282954941,11,2000,0.000447828629612,-0.0294220886534,1341
mesmo dia (D−1→D),2024-02-22,0.128243423488,0.00160729666544,-0.127402891899,-0.177279589144,-0.0841282954941,11,2000,0.000447828629612,-0.0294220886534,1341
mesmo dia (D−1→D),2024-02-23,0.0750437329635,-0.00631137660184,-0.127402891899,-0.177279589144,-0.0841282954941,11,2000,0.000447828629612,-0.0294220886534,1341
mesmo dia (D−1→D),2024-02-26,-0.153969046791,0.00146809973806,-0.127402891899,-0.177279589144,-0.0841282954941,11,2000,0.000447828629612,-0.0294220886534,1341
mesmo dia (D−1→D),2024-02-27,-0.0794162646584,0.016048268253,-0.127402891899,-0.177279589144,-0.0841282954941,11,2000,0.000447828629612,-0.0294220886534,1341
mesmo dia (D−1→D),2024-02-28,0.0433938136206,-0.0116486570632,-0.127402891899,-0.177279589144,-0.0841282954941,11,2000,0.000447828629612,-0.0294220886534,1341
mesmo dia (D−1→D),2024-02-29,-0.00423229859857,-0.00872037186432,-0.127402891899,-0.177279589144,-0.0841282954941,11,2000,0.000447828629612,-0.0294220886534,1341
mesmo dia (D−1→D),2024-03-01,-0.00796188061314,0.00124011781119,-0.127402891899,-0.177279589144,-0.0841282954941,11,2000,0.000447828629612,-0.0294220886534,1341
mesmo dia (D−1→D),2024-03-04,-0.0916910018822,-0.00649481343861,-0.127402891899,-0.177279589144,-0.0841282954941,11,2000,0.000447828629612,-0.0294220886534,1341
mesmo dia (D−1→D),2024-03-05,-0.0251654374735,-0.00189339338169,-0.127402891899,-0.177279589144,-0.0841282954941,11,2000,0.000447828629612,-0.0294220886534,1341
mesmo dia (D−1→D),2024-03-06,-0.14590545309,0.00618276631954,-0.127402891899,-0.177279589144,-0.0841282954941,11,2000,0.000447828629612,-0.0294220886534,1341
mesmo dia (D−1→D),2024-03-07,0.00452603456811,-0.00426720459306,-0.127402891899,-0.177279589144,-0.0841282954941,11,2000,0.000447828629612,-0.0294220886534,1341
mesmo dia (D−1→D),2024-03-08,-0.153980252646,-0.00988779803647,-0.127402891899,-0.177279589144,-0.0841282954941,11,2000,0.000447828629612,-0.0294220886534,1341
mesmo dia (D−1→D),2024-03-11,0.0208464130864,-0.00745252654028,-0.127402891899,-0.177279589144,-0.0841282954941,11,2000,0.000447828629612,-0.0294220886534,1341
mesmo dia (D−1→D),2024-03-12,-0.135306636107,0.0122419206495,-0.127402891899,-0.177279589144,-0.0841282954941,11,2000,0.000447828629612,-0.0294220886534,1341
mesmo dia (D−1→D),2024-03-13,-0.139929746718,0.0026474919322,-0.127402891899,-0.177279589144,-0.0841282954941,11,2000,0.000447828629612,-0.0294220886534,1341
mesmo dia (D−1→D),2024-03-14,0.00580516398086,-0.00246863428277,-0.127402891899,-0.177279589144,-0.0841282954941,11,2000,0.000447828629612,-0.0294220886534,1341
mesmo dia (D−1→D),2024-03-15,-0.103893775338,-0.00742423055838,-0.127402891899,-0.177279589144,-0.0841282954941,11,2000,0.000447828629612,-0.0294220886534,1341
mesmo dia (D−1→D),2024-03-18,0.0167985131528,0.00167268940051,-0.127402891899,-0.177279589144,-0.0841282954941,11,2000,0.000447828629612,-0.0294220886534,1341
mesmo dia (D−1→D),2024-03-19,0.0508250187141,0.00452919955259,-0.127402891899,-0.177279589144,-0.0841282954941,11,2000,0.000447828629612,-0.0294220886534,1341
mesmo dia (D−1→D),2024-03-20,-0.0743779022506,0.0125148005552,-0.127402891899,-0.177279589144,-0.0841282954941,11,2000,0.000447828629612,-0.0294220886534,1341
mesmo dia (D−1→D),2024-03-21,-0.10449605242,-0.00748112294288,-0.127402891899,-0.177279589144,-0.0841282954941,11,2000,0.000447828629612,-0.0294220886534,1341
mesmo dia (D−1→D),2024-03-22,-0.0404950913642,-0.00883277803354,-0.127402891899,-0.177279589144,-0.0841282954941,11,2000,0.000447828629612,-0.0294220886534,1341
mesmo dia (D−1→D),2024-03-25,0.0976380697648,-0.000755744841648,-0.127402891899,-0.177279589144,-0.0841282954941,11,2000,0.000447828629612,-0.0294220886534,1341
mesmo dia (D−1→D),2024-03-26,0.00762439894844,-0.000535724133584,-0.127402891899,-0.177279589144,-0.0841282954941,11,2000,0.000447828629612,-0.0294220886534,1341
mesmo dia (D−1→D),2024-03-27,0.0486359570378,0.00652672568046,-0.127402891899,-0.177279589144,-0.0841282954941,11,2000,0.000447828629612,-0.0294220886534,1341
mesmo dia (D−1→D),2024-03-28,0.0739509914819,0.00325003328347,-0.127402891899,-0.177279589144,-0.0841282954941,11,2000,0.000447828629612,-0.0294220886534,1341
mesmo dia (D−1→D),2024-04-01,0.0230892268343,-0.00871153575945,-0.127402891899,-0.177279589144,-0.0841282954941,11,2000,0.000447828629612,-0.0294220886534,1341
mesmo dia (D−1→D),2024-04-02,0.133325704464,0.00440192141113,-0.127402891899,-0.177279589144,-0.0841282954941,11,2000,0.000447828629612,-0.0294220886534,1341
mesmo dia (D−1→D),2024-04-03,-0.0362391278186,-0.00181106868733,-0.127402891899,-0.177279589144,-0.0841282954941,11,2000,0.000447828629612,-0.0294220886534,1341
mesmo dia (D−1→D),2024-04-04,-0.0718878374119,0.000863978384832,-0.127402891899,-0.177279589144,-0.0841282954941,11,2000,0.000447828629612,-0.0294220886534,1341
mesmo dia (D−1→D),2024-04-05,-0.184924844344,-0.00496751106507,-0.127402891899,-0.177279589144,-0.0841282954941,11,2000,0.000447828629612,-0.0294220886534,1341
mesmo dia (D−1→D),2024-04-08,-0.0447267056088,0.0162624709176,-0.127402891899,-0.177279589144,-0.0841282954941,11,2000,0.000447828629612,-0.0294220886534,1341
mesmo dia (D−1→D),2024-04-09,0.0257227819464,0.00801663859938,-0.127402891899,-0.177279589144,-0.0841282954941,11,2000,0.000447828629612,-0.0294220886534,1341
mesmo dia (D−1→D),2024-04-10,-0.0235096587575,-0.0141350373393,-0.127402891899,-0.177279589144,-0.0841282954941,11,2000,0.000447828629612,-0.0294220886534,1341
mesmo dia (D−1→D),2024-04-11,-0.00798132191288,-0.00513845721336,-0.127402891899,-0.177279589144,-0.0841282954941,11,2000,0.000447828629612,-0.0294220886534,1341
mesmo dia (D−1→D),2024-04-12,-0.0637620287162,-0.0113818330246,-0.127402891899,-0.177279589144,-0.0841282954941,11,2000,0.000447828629612,-0.0294220886534,1341
mesmo dia (D−1→D),2024-04-15,0.0524641142799,-0.00485922538231,-0.127402891899,-0.177279589144,-0.0841282954941,11,2000,0.000447828629612,-0.0294220886534,1341
mesmo dia (D−1→D),2024-04-16,-0.0179663941688,-0.00753985351142,-0.127402891899,-0.177279589144,-0.0841282954941,11,2000,0.000447828629612,-0.0294220886534,1341
mesmo dia (D−1→D),2024-04-17,-0.0268743766776,-0.00175256654527,-0.127402891899,-0.177279589144,-0.0841282954941,11,2000,0.000447828629612,-0.0294220886534,1341
mesmo dia (D−1→D),2024-04-18,-0.0963084487411,0.000201335255414,-0.127402891899,-0.177279589144,-0.0841282954941,11,2000,0.000447828629612,-0.0294220886534,1341
mesmo dia (D−1→D),2024-04-19,-0.0540271361642,0.0074720602918,-0.127402891899,-0.177279589144,-0.0841282954941,11,2000,0.000447828629612,-0.0294220886534,1341
mesmo dia (D−1→D),2024-04-22,0.0508256765212,0.00358844026725,-0.127402891899,-0.177279589144,-0.0841282954941,11,2000,0.000447828629612,-0.0294220886534,1341
mesmo dia (D−1→D),2024-04-23,-0.165391176144,-0.00338448551838,-0.127402891899,-0.177279589144,-0.0841282954941,11,2000,0.000447828629612,-0.0294220886534,1341
mesmo dia (D−1→D),2024-04-24,-0.0644571382069,-0.00325214945505,-0.127402891899,-0.177279589144,-0.0841282954941,11,2000,0.000447828629612,-0.0294220886534,1341
mesmo dia (D−1→D),2024-04-25,0.132436736452,-0.000761577989594,-0.127402891899,-0.177279589144,-0.0841282954941,11,2000,0.000447828629612,-0.0294220886534,1341
mesmo dia (D−1→D),2024-04-26,-0.143618929959,0.0150827142467,-0.127402891899,-0.177279589144,-0.0841282954941,11,2000,0.000447828629612,-0.0294220886534,1341
mesmo dia (D−1→D),2024-04-29,-0.208526925406,0.00652830248328,-0.127402891899,-0.177279589144,-0.0841282954941,11,2000,0.000447828629612,-0.0294220886534,1341
mesmo dia (D−1→D),2024-04-30,-0.0922946104205,-0.011213015893,-0.127402891899,-0.177279589144,-0.0841282954941,11,2000,0.000447828629612,-0.0294220886534,1341
mesmo dia (D−1→D),2024-05-02,-0.0173824216469,0.00951367491503,-0.127402891899,-0.177279589144,-0.0841282954941,11,2000,0.000447828629612,-0.0294220886534,1341
mesmo dia (D−1→D),2024-05-03,-0.119331024166,0.0109107786221,-0.127402891899,-0.177279589144,-0.0841282954941,11,2000,0.000447828629612,-0.0294220886534,1341
mesmo dia (D−1→D),2024-05-06,-0.0857881111147,-0.000334606914691,-0.127402891899,-0.177279589144,-0.0841282954941,11,2000,0.000447828629612,-0.0294220886534,1341
mesmo dia (D−1→D),2024-05-07,-0.156315451218,0.00579141562748,-0.127402891899,-0.177279589144,-0.0841282954941,11,2000,0.000447828629612,-0.0294220886534,1341
mesmo dia (D−1→D),2024-05-08,-0.0830257688339,0.00209736088538,-0.127402891899,-0.177279589144,-0.0841282954941,11,2000,0.000447828629612,-0.0294220886534,1341
mesmo dia (D−1→D),2024-05-09,-0.141700746311,-0.00998602111507,-0.127402891899,-0.177279589144,-0.0841282954941,11,2000,0.000447828629612,-0.0294220886534,1341
mesmo dia (D−1→D),2024-05-10,-0.167224133392,-0.00458701282491,-0.127402891899,-0.177279589144,-0.0841282954941,11,2000,0.000447828629612,-0.0294220886534,1341
mesmo dia (D−1→D),2024-05-13,0.116768136194,0.00434952978056,-0.127402891899,-0.177279589144,-0.0841282954941,11,2000,0.000447828629612,-0.0294220886534,1341
mesmo dia (D−1→D),2024-05-14,-0.0591284480732,0.00280909835746,-0.127402891899,-0.177279589144,-0.0841282954941,11,2000,0.000447828629612,-0.0294220886534,1341
mesmo dia (D−1→D),2024-05-15,0.0825764772942,-0.00378944092129,-0.127402891899,-0.177279589144,-0.0841282954941,11,2000,0.000447828629612,-0.0294220886534,1341
mesmo dia (D−1→D),2024-05-16,-0.0413357947168,0.00199956259568,-0.127402891899,-0.177279589144,-0.0841282954941,11,2000,0.000447828629612,-0.0294220886534,1341
mesmo dia (D−1→D),2024-05-17,-0.162475127998,-0.0010367621839,-0.127402891899,-0.177279589144,-0.0841282954941,11,2000,0.000447828629612,-0.0294220886534,1341
mesmo dia (D−1→D),2024-05-20,-0.0230839811563,-0.00312131782038,-0.127402891899,-0.177279589144,-0.0841282954941,11,2000,0.000447828629612,-0.0294220886534,1341
mesmo dia (D−1→D),2024-05-21,-0.138142998975,-0.00265359958043,-0.127402891899,-0.177279589144,-0.0841282954941,11,2000,0.000447828629612,-0.0294220886534,1341
mesmo dia (D−1→D),2024-05-22,-0.0411555434226,-0.0138291526701,-0.127402891899,-0.177279589144,-0.0841282954941,11,2000,0.000447828629612,-0.0294220886534,1341
mesmo dia (D−1→D),2024-05-23,-0.0545976478053,-0.00732988460008,-0.127402891899,-0.177279589144,-0.0841282954941,11,2000,0.000447828629612,-0.0294220886534,1341
mesmo dia (D−1→D),2024-05-24,-0.0255730932261,-0.00339135245212,-0.127402891899,-0.177279589144,-0.0841282954941,11,2000,0.000447828629612,-0.0294220886534,1341
mesmo dia (D−1→D),2024-05-27,0.0606155297277,0.00152848615513,-0.127402891899,-0.177279589144,-0.0841282954941,11,2000,0.000447828629612,-0.0294220886534,1341
mesmo dia (D−1→D),2024-05-28,0.132007282669,-0.00575118879321,-0.127402891899,-0.177279589144,-0.0841282954941,11,2000,0.000447828629612,-0.0294220886534,1341
mesmo dia (D−1→D),2024-05-29,0.115355727019,-0.00866860559056,-0.127402891899,-0.177279589144,-0.0841282954941,11,2000,0.000447828629612,-0.0294220886534,1341
mesmo dia (D−1→D),2024-05-31,0.105161470498,-0.00496304204324,-0.127402891899,-0.177279589144,-0.0841282954941,11,2000,0.000447828629612,-0.0294220886534,1341
mesmo dia (D−1→D),2024-06-03,-0.0876678498204,-0.000540549394748,-0.127402891899,-0.177279589144,-0.0841282954941,11,2000,0.000447828629612,-0.0294220886534,1341
mesmo dia (D−1→D),2024-06-04,0.0678701637008,-0.00188475154058,-0.127402891899,-0.177279589144,-0.0841282954941,11,2000,0.000447828629612,-0.0294220886534,1341
mesmo dia (D−1→D),2024-06-05,0.0275242227348,-0.00324296809576,-0.127402891899,-0.177279589144,-0.0841282954941,11,2000,0.000447828629612,-0.0294220886534,1341
mesmo dia (D−1→D),2024-06-06,-0.00494087950937,0.0122892419712,-0.127402891899,-0.177279589144,-0.0841282954941,11,2000,0.000447828629612,-0.0294220886534,1341
mesmo dia (D−1→D),2024-06-07,-0.0565630738735,-0.0173475780926,-0.127402891899,-0.177279589144,-0.0841282954941,11,2000,0.000447828629612,-0.0294220886534,1341
mesmo dia (D−1→D),2024-06-10,0.00411860137845,-5.7962854091e-05,-0.127402891899,-0.177279589144,-0.0841282954941,11,2000,0.000447828629612,-0.0294220886534,1341
mesmo dia (D−1→D),2024-06-11,-0.0736602929638,0.00724577674727,-0.127402891899,-0.177279589144,-0.0841282954941,11,2000,0.000447828629612,-0.0294220886534,1341
mesmo dia (D−1→D),2024-06-12,0.0414869370168,-0.0139680190735,-0.127402891899,-0.177279589144,-0.0841282954941,11,2000,0.000447828629612,-0.0294220886534,1341
mesmo dia (D−1→D),2024-06-13,-0.0232066460096,-0.00306830309498,-0.127402891899,-0.177279589144,-0.0841282954941,11,2000,0.000447828629612,-0.0294220886534,1341
mesmo dia (D−1→D),2024-06-14,-0.0725917012408,0.000786163522013,-0.127402891899,-0.177279589144,-0.0841282954941,11,2000,0.000447828629612,-0.0294220886534,1341
mesmo dia (D−1→D),2024-06-17,0.0451256810047,-0.0043790008524,-0.127402891899,-0.177279589144,-0.0841282954941,11,2000,0.000447828629612,-0.0294220886534,1341
mesmo dia (D−1→D),2024-06-18,-0.0278372226653,0.00412966475852,-0.127402891899,-0.177279589144,-0.0841282954941,11,2000,0.000447828629612,-0.0294220886534,1341
mesmo dia (D−1→D),2024-06-19,-0.0512160014751,0.00527459667308,-0.127402891899,-0.177279589144,-0.0841282954941,11,2000,0.000447828629612,-0.0294220886534,1341
mesmo dia (D−1→D),2024-06-20,-0.0597528295571,0.00153832081889,-0.127402891899,-0.177279589144,-0.0841282954941,11,2000,0.000447828629612,-0.0294220886534,1341
mesmo dia (D−1→D),2024-06-21,0.162022448171,0.00743071583946,-0.127402891899,-0.177279589144,-0.0841282954941,11,2000,0.000447828629612,-0.0294220886534,1341
mesmo dia (D−1→D),2024-06-24,-0.01151482081,0.0106806438055,-0.127402891899,-0.177279589144,-0.0841282954941,11,2000,0.000447828629612,-0.0294220886534,1341
mesmo dia (D−1→D),2024-06-25,0.0278052779368,-0.00249516866851,-0.127402891899,-0.177279589144,-0.0841282954941,11,2000,0.000447828629612,-0.0294220886534,1341
mesmo dia (D−1→D),2024-06-26,0.212747922469,0.00253410827999,-0.127402891899,-0.177279589144,-0.0841282954941,11,2000,0.000447828629612,-0.0294220886534,1341
mesmo dia (D−1→D),2024-06-27,-0.00939561478112,0.0135925179997,-0.127402891899,-0.177279589144,-0.0841282954941,11,2000,0.000447828629612,-0.0294220886534,1341
mesmo dia (D−1→D),2024-06-28,0.0960830780882,-0.00322585835184,-0.127402891899,-0.177279589144,-0.0841282954941,11,2000,0.000447828629612,-0.0294220886534,1341
mesmo dia (D−1→D),2024-07-01,0.0454873600639,0.00654523150427,-0.127402891899,-0.177279589144,-0.0841282954941,11,2000,0.000447828629612,-0.0294220886534,1341
mesmo dia (D−1→D),2024-07-02,0.0519224456255,0.000553248127776,-0.127402891899,-0.177279589144,-0.0841282954941,11,2000,0.000447828629612,-0.0294220886534,1341
mesmo dia (D−1→D),2024-07-03,-0.0826206998352,0.00701194836001,-0.127402891899,-0.177279589144,-0.0841282954941,11,2000,0.000447828629612,-0.0294220886534,1341
mesmo dia (D−1→D),2024-07-04,-0.0486178583672,0.00399484330983,-0.127402891899,-0.177279589144,-0.0841282954941,11,2000,0.000447828629612,-0.0294220886534,1341
mesmo dia (D−1→D),2024-07-05,-0.207274952387,0.000816397704575,-0.127402891899,-0.177279589144,-0.0841282954941,11,2000,0.000447828629612,-0.0294220886534,1341
mesmo dia (D−1→D),2024-07-08,0.0190596637277,0.00222544291066,-0.127402891899,-0.177279589144,-0.0841282954941,11,2000,0.000447828629612,-0.0294220886534,1341
mesmo dia (D−1→D),2024-07-09,0.0682181181037,0.00442519834371,-0.127402891899,-0.177279589144,-0.0841282954941,11,2000,0.000447828629612,-0.0294220886534,1341
mesmo dia (D−1→D),2024-07-10,0.159156984986,0.000865405796645,-0.127402891899,-0.177279589144,-0.0841282954941,11,2000,0.000447828629612,-0.0294220886534,1341
mesmo dia (D−1→D),2024-07-11,-0.0760767142061,0.00845792262101,-0.127402891899,-0.177279589144,-0.0841282954941,11,2000,0.000447828629612,-0.0294220886534,1341
mesmo dia (D−1→D),2024-07-12,-0.167614945878,0.00470014186166,-0.127402891899,-0.177279589144,-0.0841282954941,11,2000,0.000447828629612,-0.0294220886534,1341
mesmo dia (D−1→D),2024-07-15,0.0353585058055,0.00328944816404,-0.127402891899,-0.177279589144,-0.0841282954941,11,2000,0.000447828629612,-0.0294220886534,1341
mesmo dia (D−1→D),2024-07-16,-0.00508554978827,-0.00163159888958,-0.127402891899,-0.177279589144,-0.0841282954941,11,2000,0.000447828629612,-0.0294220886534,1341
mesmo dia (D−1→D),2024-07-17,0.15261024739,0.00263341336845,-0.127402891899,-0.177279589144,-0.0841282954941,11,2000,0.000447828629612,-0.0294220886534,1341
mesmo dia (D−1→D),2024-07-18,0.104869058385,-0.0138895326381,-0.127402891899,-0.177279589144,-0.0841282954941,11,2000,0.000447828629612,-0.0294220886534,1341
mesmo dia (D−1→D),2024-07-19,-0.0871715471305,-0.000282016732993,-0.127402891899,-0.177279589144,-0.0841282954941,11,2000,0.000447828629612,-0.0294220886534,1341
mesmo dia (D−1→D),2024-07-22,-0.0176237992352,0.00191198595787,-0.127402891899,-0.177279589144,-0.0841282954941,11,2000,0.000447828629612,-0.0294220886534,1341
mesmo dia (D−1→D),2024-07-23,0.0757031331278,-0.00993273893321,-0.127402891899,-0.177279589144,-0.0841282954941,11,2000,0.000447828629612,-0.0294220886534,1341
mesmo dia (D−1→D),2024-07-24,0.0545338803225,-0.00131921952761,-0.127402891899,-0.177279589144,-0.0841282954941,11,2000,0.000447828629612,-0.0294220886534,1341
mesmo dia (D−1→D),2024-07-25,0.0437405143126,-0.00370976800108,-0.127402891899,-0.177279589144,-0.0841282954941,11,2000,0.000447828629612,-0.0294220886534,1341
mesmo dia (D−1→D),2024-07-26,0.0660102283718,0.0122108071201,-0.127402891899,-0.177279589144,-0.0841282954941,11,2000,0.000447828629612,-0.0294220886534,1341
mesmo dia (D−1→D),2024-07-29,-0.142100710784,-0.00421987261946,-0.127402891899,-0.177279589144,-0.0841282954941,11,2000,0.000447828629612,-0.0294220886534,1341
mesmo dia (D−1→D),2024-07-30,-0.208265148779,-0.0064196480615,-0.127402891899,-0.177279589144,-0.0841282954941,11,2000,0.000447828629612,-0.0294220886534,1341
mesmo dia (D−1→D),2024-07-31,0.0917075444962,0.0119947042548,-0.127402891899,-0.177279589144,-0.0841282954941,11,2000,0.000447828629612,-0.0294220886534,1341
mesmo dia (D−1→D),2024-08-01,-0.111993436446,-0.00201328612164,-0.127402891899,-0.177279589144,-0.0841282954941,11,2000,0.000447828629612,-0.0294220886534,1341
mesmo dia (D−1→D),2024-08-02,-0.0211326006619,-0.012096236116,-0.127402891899,-0.177279589144,-0.0841282954941,11,2000,0.000447828629612,-0.0294220886534,1341
mesmo dia (D−1→D),2024-08-05,-0.0814338862653,-0.00464029748757,-0.127402891899,-0.177279589144,-0.0841282954941,11,2000,0.000447828629612,-0.0294220886534,1341
mesmo dia (D−1→D),2024-08-06,0.00556117192855,0.00795880897262,-0.127402891899,-0.177279589144,-0.0841282954941,11,2000,0.000447828629612,-0.0294220886534,1341
mesmo dia (D−1→D),2024-08-07,0.0637687107927,0.0098758978989,-0.127402891899,-0.177279589144,-0.0841282954941,11,2000,0.000447828629612,-0.0294220886534,1341
mesmo dia (D−1→D),2024-08-08,-0.0784752336352,0.00899509073514,-0.127402891899,-0.177279589144,-0.0841282954941,11,2000,0.000447828629612,-0.0294220886534,1341
mesmo dia (D−1→D),2024-08-09,-0.0790093528773,0.0151871973636,-0.127402891899,-0.177279589144,-0.0841282954941,11,2000,0.000447828629612,-0.0294220886534,1341
mesmo dia (D−1→D),2024-08-12,-0.0197085729099,0.0038357003407,-0.127402891899,-0.177279589144,-0.0841282954941,11,2000,0.000447828629612,-0.0294220886534,1341
mesmo dia (D−1→D),2024-08-13,0.0172108170622,0.00977760151316,-0.127402891899,-0.177279589144,-0.0841282954941,11,2000,0.000447828629612,-0.0294220886534,1341
mesmo dia (D−1→D),2024-08-14,0.0495656768723,0.00694874544933,-0.127402891899,-0.177279589144,-0.0841282954941,11,2000,0.000447828629612,-0.0294220886534,1341
mesmo dia (D−1→D),2024-08-15,-0.00138601612287,0.00626322027033,-0.127402891899,-0.177279589144,-0.0841282954941,11,2000,0.000447828629612,-0.0294220886534,1341
mesmo dia (D−1→D),2024-08-16,-0.0233591517158,-0.00149083509128,-0.127402891899,-0.177279589144,-0.0841282954941,11,2000,0.000447828629612,-0.0294220886534,1341
mesmo dia (D−1→D),2024-08-19,-0.0494018557367,0.0136241816159,-0.127402891899,-0.177279589144,-0.0841282954941,11,2000,0.000447828629612,-0.0294220886534,1341
mesmo dia (D−1→D),2024-08-20,0.0972326473492,0.0022757736894,-0.127402891899,-0.177279589144,-0.0841282954941,11,2000,0.000447828629612,-0.0294220886534,1341
mesmo dia (D−1→D),2024-08-21,0.0695966890094,0.00277028665486,-0.127402891899,-0.177279589144,-0.0841282954941,11,2000,0.000447828629612,-0.0294220886534,1341
mesmo dia (D−1→D),2024-08-22,0.150736300406,-0.00946037050064,-0.127402891899,-0.177279589144,-0.0841282954941,11,2000,0.000447828629612,-0.0294220886534,1341
mesmo dia (D−1→D),2024-08-23,-0.0424898326379,0.00321809828886,-0.127402891899,-0.177279589144,-0.0841282954941,11,2000,0.000447828629612,-0.0294220886534,1341
mesmo dia (D−1→D),2024-08-26,-0.0504843850219,0.00944634534836,-0.127402891899,-0.177279589144,-0.0841282954941,11,2000,0.000447828629612,-0.0294220886534,1341
mesmo dia (D−1→D),2024-08-27,-0.0168526860876,-0.000825486342949,-0.127402891899,-0.177279589144,-0.0841282954941,11,2000,0.000447828629612,-0.0294220886534,1341
mesmo dia (D−1→D),2024-08-28,-0.0239221942356,0.0041527753407,-0.127402891899,-0.177279589144,-0.0841282954941,11,2000,0.000447828629612,-0.0294220886534,1341
mesmo dia (D−1→D),2024-08-29,0.090868688841,-0.00948712721342,-0.127402891899,-0.177279589144,-0.0841282954941,11,2000,0.000447828629612,-0.0294220886534,1341
mesmo dia (D−1→D),2024-08-30,0.0595684107734,-0.000271976830514,-0.127402891899,-0.177279589144,-0.0841282954941,11,2000,0.000447828629612,-0.0294220886534,1341
mesmo dia (D−1→D),2024-09-02,-0.0257071162072,-0.00752183759301,-0.127402891899,-0.177279589144,-0.0841282954941,11,2000,0.000447828629612,-0.0294220886534,1341
mesmo dia (D−1→D),2024-09-03,0.131578160878,-0.00465250664908,-0.127402891899,-0.177279589144,-0.0841282954941,11,2000,0.000447828629612,-0.0294220886534,1341
mesmo dia (D−1→D),2024-09-04,-0.00928897164948,0.0130849329751,-0.127402891899,-0.177279589144,-0.0841282954941,11,2000,0.000447828629612,-0.0294220886534,1341
mesmo dia (D−1→D),2024-09-05,0.0416940474455,0.00287265540625,-0.127402891899,-0.177279589144,-0.0841282954941,11,2000,0.000447828629612,-0.0294220886534,1341
mesmo dia (D−1→D),2024-09-06,-0.0773344900014,-0.0141389869745,-0.127402891899,-0.177279589144,-0.0841282954941,11,2000,0.000447828629612,-0.0294220886534,1341
mesmo dia (D−1→D),2024-09-09,-0.0182605392517,0.00122610944327,-0.127402891899,-0.177279589144,-0.0841282954941,11,2000,0.000447828629612,-0.0294220886534,1341
mesmo dia (D−1→D),2024-09-10,0.00147327816342,-0.00309491824814,-0.127402891899,-0.177279589144,-0.0841282954941,11,2000,0.000447828629612,-0.0294220886534,1341
mesmo dia (D−1→D),2024-09-11,0.0125337696098,0.00265783204288,-0.127402891899,-0.177279589144,-0.0841282954941,11,2000,0.000447828629612,-0.0294220886534,1341
mesmo dia (D−1→D),2024-09-12,-0.00331480992211,-0.00481151198794,-0.127402891899,-0.177279589144,-0.0841282954941,11,2000,0.000447828629612,-0.0294220886534,1341
mesmo dia (D−1→D),2024-09-13,-0.00394479579567,0.00636429429452,-0.127402891899,-0.177279589144,-0.0841282954941,11,2000,0.000447828629612,-0.0294220886534,1341
mesmo dia (D−1→D),2024-09-16,-0.0762260824667,0.00174967749589,-0.127402891899,-0.177279589144,-0.0841282954941,11,2000,0.000447828629612,-0.0294220886534,1341
mesmo dia (D−1→D),2024-09-17,-0.280712478918,-0.00116934827336,-0.127402891899,-0.177279589144,-0.0841282954941,11,2000,0.000447828629612,-0.0294220886534,1341
mesmo dia (D−1→D),2024-09-18,-0.190119538871,-0.00898043864849,-0.127402891899,-0.177279589144,-0.0841282954941,11,2000,0.000447828629612,-0.0294220886534,1341
mesmo dia (D−1→D),2024-09-19,-0.201718623905,-0.0046729670724,-0.127402891899,-0.177279589144,-0.0841282954941,11,2000,0.000447828629612,-0.0294220886534,1341
mesmo dia (D−1→D),2024-09-20,-0.0042306435751,-0.0154593871833,-0.127402891899,-0.177279589144,-0.0841282954941,11,2000,0.000447828629612,-0.0294220886534,1341
mesmo dia (D−1→D),2024-09-23,0.0398970315754,-0.0037920115973,-0.127402891899,-0.177279589144,-0.0841282954941,11,2000,0.000447828629612,-0.0294220886534,1341
mesmo dia (D−1→D),2024-09-24,-0.0336854794858,0.0121622449605,-0.127402891899,-0.177279589144,-0.0841282954941,11,2000,0.000447828629612,-0.0294220886534,1341
mesmo dia (D−1→D),2024-09-25,-0.108631943385,-0.00431308453646,-0.127402891899,-0.177279589144,-0.0841282954941,11,2000,0.000447828629612,-0.0294220886534,1341
mesmo dia (D−1→D),2024-09-26,0.0266146611698,0.0108218199505,-0.127402891899,-0.177279589144,-0.0841282954941,11,2000,0.000447828629612,-0.0294220886534,1341
mesmo dia (D−1→D),2024-09-27,-0.0630309841267,-0.00210510487933,-0.127402891899,-0.177279589144,-0.0841282954941,11,2000,0.000447828629612,-0.0294220886534,1341
mesmo dia (D−1→D),2024-09-30,-0.0804224801274,-0.00688615987343,-0.127402891899,-0.177279589144,-0.0841282954941,11,2000,0.000447828629612,-0.0294220886534,1341
mesmo dia (D−1→D),2024-10-01,-0.0633420368027,0.00515111974267,-0.127402891899,-0.177279589144,-0.0841282954941,11,2000,0.000447828629612,-0.0294220886534,1341
mesmo dia (D−1→D),2024-10-02,0.00730469372729,0.00769840371335,-0.127402891899,-0.177279589144,-0.0841282954941,11,2000,0.000447828629612,-0.0294220886534,1341
mesmo dia (D−1→D),2024-10-03,0.0789660260832,-0.013803692469,-0.127402891899,-0.177279589144,-0.0841282954941,11,2000,0.000447828629612,-0.0294220886534,1341
mesmo dia (D−1→D),2024-10-04,-0.0714092396408,0.000911355489398,-0.127402891899,-0.177279589144,-0.0841282954941,11,2000,0.000447828629612,-0.0294220886534,1341
mesmo dia (D−1→D),2024-10-07,0.0773605760179,0.00171482335802,-0.127402891899,-0.177279589144,-0.0841282954941,11,2000,0.000447828629612,-0.0294220886534,1341
mesmo dia (D−1→D),2024-10-08,-0.0321096992237,-0.00383281067733,-0.127402891899,-0.177279589144,-0.0841282954941,11,2000,0.000447828629612,-0.0294220886534,1341
mesmo dia (D−1→D),2024-10-09,0.0449448260164,-0.0117859967151,-0.127402891899,-0.177279589144,-0.0841282954941,11,2000,0.000447828629612,-0.0294220886534,1341
mesmo dia (D−1→D),2024-10-10,0.0551720613708,0.00300857173635,-0.127402891899,-0.177279589144,-0.0841282954941,11,2000,0.000447828629612,-0.0294220886534,1341
mesmo dia (D−1→D),2024-10-11,-0.0245137888369,-0.0027694030824,-0.127402891899,-0.177279589144,-0.0841282954941,11,2000,0.000447828629612,-0.0294220886534,1341
mesmo dia (D−1→D),2024-10-14,0.0896922752753,0.00779278724845,-0.127402891899,-0.177279589144,-0.0841282954941,11,2000,0.000447828629612,-0.0294220886534,1341
mesmo dia (D−1→D),2024-10-15,0.0497949880389,0.000290065264684,-0.127402891899,-0.177279589144,-0.0841282954941,11,2000,0.000447828629612,-0.0294220886534,1341
mesmo dia (D−1→D),2024-10-16,0.156354195352,0.00539517562937,-0.127402891899,-0.177279589144,-0.0841282954941,11,2000,0.000447828629612,-0.0294220886534,1341
mesmo dia (D−1→D),2024-10-17,0.0723248769528,-0.00726375711575,-0.127402891899,-0.177279589144,-0.0841282954941,11,2000,0.000447828629612,-0.0294220886534,1341
mesmo dia (D−1→D),2024-10-18,0.0992859044699,-0.00224782671856,-0.127402891899,-0.177279589144,-0.0841282954941,11,2000,0.000447828629612,-0.0294220886534,1341
mesmo dia (D−1→D),2024-10-21,-0.0930779613407,-0.00104981647369,-0.127402891899,-0.177279589144,-0.0841282954941,11,2000,0.000447828629612,-0.0294220886534,1341
mesmo dia (D−1→D),2024-10-22,0.062861686646,-0.00491707706233,-0.127402891899,-0.177279589144,-0.0841282954941,11,2000,0.000447828629612,-0.0294220886534,1341
mesmo dia (D−1→D),2024-10-23,0.04545735894,-0.00376191981252,-0.127402891899,-0.177279589144,-0.0841282954941,11,2000,0.000447828629612,-0.0294220886534,1341
mesmo dia (D−1→D),2024-10-24,0.058270180561,0.00645346002956,-0.127402891899,-0.177279589144,-0.0841282954941,11,2000,0.000447828629612,-0.0294220886534,1341
mesmo dia (D−1→D),2024-10-25,0.0905517407917,-0.00133777207132,-0.127402891899,-0.177279589144,-0.0841282954941,11,2000,0.000447828629612,-0.0294220886534,1341
mesmo dia (D−1→D),2024-10-28,0.00761064863532,0.0101622104347,-0.127402891899,-0.177279589144,-0.0841282954941,11,2000,0.000447828629612,-0.0294220886534,1341
mesmo dia (D−1→D),2024-10-29,0.0543924300059,-0.00368103770206,-0.127402891899,-0.177279589144,-0.0841282954941,11,2000,0.000447828629612,-0.0294220886534,1341
mesmo dia (D−1→D),2024-10-30,0.0685278159273,-0.000696091180295,-0.127402891899,-0.177279589144,-0.0841282954941,11,2000,0.000447828629612,-0.0294220886534,1341
mesmo dia (D−1→D),2024-10-31,-0.0190750000084,-0.00708823551926,-0.127402891899,-0.177279589144,-0.0841282954941,11,2000,0.000447828629612,-0.0294220886534,1341
mesmo dia (D−1→D),2024-11-01,-0.063722833493,-0.0122732494045,-0.127402891899,-0.177279589144,-0.0841282954941,11,2000,0.000447828629612,-0.0294220886534,1341
mesmo dia (D−1→D),2024-11-04,-0.0571902872872,0.0186854613998,-0.127402891899,-0.177279589144,-0.0841282954941,11,2000,0.000447828629612,-0.0294220886534,1341
mesmo dia (D−1→D),2024-11-05,-0.266367008468,0.00111864536643,-0.127402891899,-0.177279589144,-0.0841282954941,11,2000,0.000447828629612,-0.0294220886534,1341
mesmo dia (D−1→D),2024-11-06,-0.00476218230893,-0.00244908580219,-0.127402891899,-0.177279589144,-0.0841282954941,11,2000,0.000447828629612,-0.0294220886534,1341
mesmo dia (D−1→D),2024-11-07,-0.00604171630099,-0.00505596857474,-0.127402891899,-0.177279589144,-0.0841282954941,11,2000,0.000447828629612,-0.0294220886534,1341
mesmo dia (D−1→D),2024-11-08,0.0197360882074,-0.0142810875835,-0.127402891899,-0.177279589144,-0.0841282954941,11,2000,0.000447828629612,-0.0294220886534,1341
mesmo dia (D−1→D),2024-11-11,0.011193597594,0.000344207150121,-0.127402891899,-0.177279589144,-0.0841282954941,11,2000,0.000447828629612,-0.0294220886534,1341
mesmo dia (D−1→D),2024-11-12,-0.00953916591495,-0.0013763548493,-0.127402891899,-0.177279589144,-0.0841282954941,11,2000,0.000447828629612,-0.0294220886534,1341
mesmo dia (D−1→D),2024-11-13,-0.107914858673,0.000281915143542,-0.127402891899,-0.177279589144,-0.0841282954941,11,2000,0.000447828629612,-0.0294220886534,1341
mesmo dia (D−1→D),2024-11-14,0.0119813423835,0.000454068611333,-0.127402891899,-0.177279589144,-0.0841282954941,11,2000,0.000447828629612,-0.0294220886534,1341
mesmo dia (D−1→D),2024-11-18,-0.0754009188767,-0.000187805183423,-0.127402891899,-0.177279589144,-0.0841282954941,11,2000,0.000447828629612,-0.0294220886534,1341
mesmo dia (D−1→D),2024-11-19,0.0334889546757,0.00335764823743,-0.127402891899,-0.177279589144,-0.0841282954941,11,2000,0.000447828629612,-0.0294220886534,1341
mesmo dia (D−1→D),2024-11-21,0.170633614256,-0.00994563055298,-0.127402891899,-0.177279589144,-0.0841282954941,11,2000,0.000447828629612,-0.0294220886534,1341
mesmo dia (D−1→D),2024-11-22,-0.100256563594,0.0173649958242,-0.127402891899,-0.177279589144,-0.0841282954941,11,2000,0.000447828629612,-0.0294220886534,1341
mesmo dia (D−1→D),2024-11-25,-0.0793684946413,-0.000696993634125,-0.127402891899,-0.177279589144,-0.0841282954941,11,2000,0.000447828629612,-0.0294220886534,1341
mesmo dia (D−1→D),2024-11-26,-0.00103583685457,0.00686630087727,-0.127402891899,-0.177279589144,-0.0841282954941,11,2000,0.000447828629612,-0.0294220886534,1341
mesmo dia (D−1→D),2024-11-27,0.0317005627536,-0.0173411739351,-0.127402891899,-0.177279589144,-0.0841282954941,11,2000,0.000447828629612,-0.0294220886534,1341
mesmo dia (D−1→D),2024-11-28,-0.0682038385929,-0.0239603975906,-0.127402891899,-0.177279589144,-0.0841282954941,11,2000,0.000447828629612,-0.0294220886534,1341
mesmo dia (D−1→D),2024-11-29,0.0543530793307,0.00849049032983,-0.127402891899,-0.177279589144,-0.0841282954941,11,2000,0.000447828629612,-0.0294220886534,1341
mesmo dia (D−1→D),2024-12-02,-0.0455692147041,-0.00343762930897,-0.127402891899,-0.177279589144,-0.0841282954941,11,2000,0.000447828629612,-0.0294220886534,1341
mesmo dia (D−1→D),2024-12-03,0.0457741854799,0.00721038678974,-0.127402891899,-0.177279589144,-0.0841282954941,11,2000,0.000447828629612,-0.0294220886534,1341
mesmo dia (D−1→D),2024-12-04,0.0190747497959,-0.000412243635989,-0.127402891899,-0.177279589144,-0.0841282954941,11,2000,0.000447828629612,-0.0294220886534,1341
mesmo dia (D−1→D),2024-12-05,0.0689819184922,0.0140458572256,-0.127402891899,-0.177279589144,-0.0841282954941,11,2000,0.000447828629612,-0.0294220886534,1341
mesmo dia (D−1→D),2024-12-06,-0.0648665475391,-0.0149540896933,-0.127402891899,-0.177279589144,-0.0841282954941,11,2000,0.000447828629612,-0.0294220886534,1341
mesmo dia (D−1→D),2024-12-09,-0.0924293182616,0.0100360471948,-0.127402891899,-0.177279589144,-0.0841282954941,11,2000,0.000447828629612,-0.0294220886534,1341
mesmo dia (D−1→D),2024-12-10,-0.0467871421012,0.00800251552551,-0.127402891899,-0.177279589144,-0.0841282954941,11,2000,0.000447828629612,-0.0294220886534,1341
mesmo dia (D−1→D),2024-12-11,0.0430145353706,0.010645100914,-0.127402891899,-0.177279589144,-0.0841282954941,11,2000,0.000447828629612,-0.0294220886534,1341
mesmo dia (D−1→D),2024-12-12,0.166657287541,-0.0274011713596,-0.127402891899,-0.177279589144,-0.0841282954941,11,2000,0.000447828629612,-0.0294220886534,1341
mesmo dia (D−1→D),2024-12-13,-0.0779980549265,-0.011345424541,-0.127402891899,-0.177279589144,-0.0841282954941,11,2000,0.000447828629612,-0.0294220886534,1341
mesmo dia (D−1→D),2024-12-16,0.04553289355,-0.00844220460309,-0.127402891899,-0.177279589144,-0.0841282954941,11,2000,0.000447828629612,-0.0294220886534,1341
mesmo dia (D−1→D),2024-12-17,0.121372788254,0.0092101003561,-0.127402891899,-0.177279589144,-0.0841282954941,11,2000,0.000447828629612,-0.0294220886534,1341
mesmo dia (D−1→D),2024-12-18,0.0880926190429,-0.0314840655023,-0.127402891899,-0.177279589144,-0.0841282954941,11,2000,0.000447828629612,-0.0294220886534,1341
mesmo dia (D−1→D),2024-12-19,0.0909946452367,0.00344450700493,-0.127402891899,-0.177279589144,-0.0841282954941,11,2000,0.000447828629612,-0.0294220886534,1341
mesmo dia (D−1→D),2024-12-20,0.113517519466,0.00754200085817,-0.127402891899,-0.177279589144,-0.0841282954941,11,2000,0.000447828629612,-0.0294220886534,1341
mesmo dia (D−1→D),2024-12-23,0.0249171823081,-0.010933481843,-0.127402891899,-0.177279589144,-0.0841282954941,11,2000,0.000447828629612,-0.0294220886534,1341
mesmo dia (D−1→D),2024-12-26,0.132010727071,0.00257520680318,-0.127402891899,-0.177279589144,-0.0841282954941,11,2000,0.000447828629612,-0.0294220886534,1341
mesmo dia (D−1→D),2024-12-27,-0.102307651905,-0.00668164323824,-0.127402891899,-0.177279589144,-0.0841282954941,11,2000,0.000447828629612,-0.0294220886534,1341
mesmo dia (D−1→D),2024-12-30,-0.0126925721164,0.000116405723836,-0.127402891899,-0.177279589144,-0.0841282954941,11,2000,0.000447828629612,-0.0294220886534,1341
dia seguinte (D→D+1),2019-08-05,-0.00755062022144,0.0206397730224,0.0201949005524,-0.0313503379766,0.078108684678,11,2000,0.000227459580046,0.00466207207084,1341
dia seguinte (D→D+1),2019-08-06,-0.025277696349,0.00604909752946,0.0201949005524,-0.0313503379766,0.078108684678,11,2000,0.000227459580046,0.00466207207084,1341
dia seguinte (D→D+1),2019-08-07,0.0206649902457,0.0129691969411,0.0201949005524,-0.0313503379766,0.078108684678,11,2000,0.000227459580046,0.00466207207084,1341
dia seguinte (D→D+1),2019-08-08,-0.0711428352616,-0.00114296691159,0.0201949005524,-0.0313503379766,0.078108684678,11,2000,0.000227459580046,0.00466207207084,1341
dia seguinte (D→D+1),2019-08-09,-0.0426969895902,-0.0200103850148,0.0201949005524,-0.0313503379766,0.078108684678,11,2000,0.000227459580046,0.00466207207084,1341
dia seguinte (D→D+1),2019-08-12,0.0930441328566,0.013579944071,0.0201949005524,-0.0313503379766,0.078108684678,11,2000,0.000227459580046,0.00466207207084,1341
dia seguinte (D→D+1),2019-08-13,0.00407927628554,-0.0294388135413,0.0201949005524,-0.0313503379766,0.078108684678,11,2000,0.000227459580046,0.00466207207084,1341
dia seguinte (D→D+1),2019-08-14,-0.000528577297172,-0.0119790939376,0.0201949005524,-0.0313503379766,0.078108684678,11,2000,0.000227459580046,0.00466207207084,1341
dia seguinte (D→D+1),2019-08-15,0.0234534814916,0.00756130308812,0.0201949005524,-0.0313503379766,0.078108684678,11,2000,0.000227459580046,0.00466207207084,1341
dia seguinte (D→D+1),2019-08-16,-0.00769482013899,-0.00337655050799,0.0201949005524,-0.0313503379766,0.078108684678,11,2000,0.000227459580046,0.00466207207084,1341
dia seguinte (D→D+1),2019-08-19,-0.010721159033,-0.00248318571615,0.0201949005524,-0.0313503379766,0.078108684678,11,2000,0.000227459580046,0.00466207207084,1341
dia seguinte (D→D+1),2019-08-20,-0.0224654362102,0.0199552518595,0.0201949005524,-0.0313503379766,0.078108684678,11,2000,0.000227459580046,0.00466207207084,1341
dia seguinte (D→D+1),2019-08-21,-0.00291114442503,-0.0117685421237,0.0201949005524,-0.0313503379766,0.078108684678,11,2000,0.000227459580046,0.00466207207084,1341
dia seguinte (D→D+1),2019-08-22,-0.00982370053619,-0.0234374218836,0.0201949005524,-0.0313503379766,0.078108684678,11,2000,0.000227459580046,0.00466207207084,1341
dia seguinte (D→D+1),2019-08-23,0.0398518791276,-0.0126654857833,0.0201949005524,-0.0313503379766,0.078108684678,11,2000,0.000227459580046,0.00466207207084,1341
dia seguinte (D→D+1),2019-08-26,0.0811002229605,0.00877320335995,0.0201949005524,-0.0313503379766,0.078108684678,11,2000,0.000227459580046,0.00466207207084,1341
dia seguinte (D→D+1),2019-08-27,0.0752687884923,0.00943706566882,0.0201949005524,-0.0313503379766,0.078108684678,11,2000,0.000227459580046,0.00466207207084,1341
dia seguinte (D→D+1),2019-08-28,0.0287023914093,0.0237285373852,0.0201949005524,-0.0313503379766,0.078108684678,11,2000,0.000227459580046,0.00466207207084,1341
dia seguinte (D→D+1),2019-08-29,-0.0131124113663,0.00607815049142,0.0201949005524,-0.0313503379766,0.078108684678,11,2000,0.000227459580046,0.00466207207084,1341
dia seguinte (D→D+1),2019-08-30,-0.0468489672137,-0.00503287684778,0.0201949005524,-0.0313503379766,0.078108684678,11,2000,0.000227459580046,0.00466207207084,1341
dia seguinte (D→D+1),2019-09-02,0.0123307257969,-0.00939121101902,0.0201949005524,-0.0313503379766,0.078108684678,11,2000,0.000227459580046,0.00466207207084,1341
dia seguinte (D→D+1),2019-09-03,-0.0390259017739,0.0152486431717,0.0201949005524,-0.0313503379766,0.078108684678,11,2000,0.000227459580046,0.00466207207084,1341
dia seguinte (D→D+1),2019-09-04,-0.0181085659603,0.0102963409452,0.0201949005524,-0.0313503379766,0.078108684678,11,2000,0.000227459580046,0.00466207207084,1341
dia seguinte (D→D+1),2019-09-05,-0.079312492095,0.00676818950931,0.0201949005524,-0.0313503379766,0.078108684678,11,2000,0.000227459580046,0.00466207207084,1341
dia seguinte (D→D+1),2019-09-06,-0.0403988868602,0.00238985767717,0.0201949005524,-0.0313503379766,0.078108684678,11,2000,0.000227459580046,0.00466207207084,1341
dia seguinte (D→D+1),2019-09-09,-0.0526354515503,-0.00144406431417,0.0201949005524,-0.0313503379766,0.078108684678,11,2000,0.000227459580046,0.00466207207084,1341
dia seguinte (D→D+1),2019-09-10,-0.0173461421054,0.00401816911251,0.0201949005524,-0.0313503379766,0.078108684678,11,2000,0.000227459580046,0.00466207207084,1341
dia seguinte (D→D+1),2019-09-11,0.0201924974697,0.00894186338766,0.0201949005524,-0.0313503379766,0.078108684678,11,2000,0.000227459580046,0.00466207207084,1341
dia seguinte (D→D+1),2019-09-12,-0.132456702989,-0.00833564879133,0.0201949005524,-0.0313503379766,0.078108684678,11,2000,0.000227459580046,0.00466207207084,1341
dia seguinte (D→D+1),2019-09-13,-0.0227048473104,0.00172945188935,0.0201949005524,-0.0313503379766,0.078108684678,11,2000,0.000227459580046,0.00466207207084,1341
dia seguinte (D→D+1),2019-09-16,0.0351769019639,0.00903742283951,0.0201949005524,-0.0313503379766,0.078108684678,11,2000,0.000227459580046,0.00466207207084,1341
dia seguinte (D→D+1),2019-09-17,0.00237337395107,-0.000812487454238,0.0201949005524,-0.0313503379766,0.078108684678,11,2000,0.000227459580046,0.00466207207084,1341
dia seguinte (D→D+1),2019-09-18,0.0208466863134,-0.00184632457047,0.0201949005524,-0.0313503379766,0.078108684678,11,2000,0.000227459580046,0.00466207207084,1341
dia seguinte (D→D+1),2019-09-19,-0.0490906033023,0.00458122082826,0.0201949005524,-0.0313503379766,0.078108684678,11,2000,0.000227459580046,0.00466207207084,1341
dia seguinte (D→D+1),2019-09-20,-0.0301589306012,-0.00170773824857,0.0201949005524,-0.0313503379766,0.078108684678,11,2000,0.000227459580046,0.00466207207084,1341
dia seguinte (D→D+1),2019-09-23,0.0539844693344,-0.00728224927846,0.0201949005524,-0.0313503379766,0.078108684678,11,2000,0.000227459580046,0.00466207207084,1341
dia seguinte (D→D+1),2019-09-24,0.0352866867885,0.00582425199276,0.0201949005524,-0.0313503379766,0.078108684678,11,2000,0.000227459580046,0.00466207207084,1341
dia seguinte (D→D+1),2019-09-25,0.0119140400256,0.00802059704635,0.0201949005524,-0.0313503379766,0.078108684678,11,2000,0.000227459580046,0.00466207207084,1341
dia seguinte (D→D+1),2019-09-26,-0.00965085202939,-0.00228828606424,0.0201949005524,-0.0313503379766,0.078108684678,11,2000,0.000227459580046,0.00466207207084,1341
dia seguinte (D→D+1),2019-09-27,0.0726272329988,-0.00316907440187,0.0201949005524,-0.0313503379766,0.078108684678,11,2000,0.000227459580046,0.00466207207084,1341
dia seguinte (D→D+1),2019-09-30,0.0190518681195,-0.00660652059764,0.0201949005524,-0.0313503379766,0.078108684678,11,2000,0.000227459580046,0.00466207207084,1341
dia seguinte (D→D+1),2019-10-01,-0.0931967173839,-0.0290428916033,0.0201949005524,-0.0313503379766,0.078108684678,11,2000,0.000227459580046,0.00466207207084,1341
dia seguinte (D→D+1),2019-10-02,0.0387512225272,0.00480050677515,0.0201949005524,-0.0313503379766,0.078108684678,11,2000,0.000227459580046,0.00466207207084,1341
dia seguinte (D→D+1),2019-10-03,-0.0670625940634,0.0101954371725,0.0201949005524,-0.0313503379766,0.078108684678,11,2000,0.000227459580046,0.00466207207084,1341
dia seguinte (D→D+1),2019-10-04,-0.0286067646393,-0.0192879640374,0.0201949005524,-0.0313503379766,0.078108684678,11,2000,0.000227459580046,0.00466207207084,1341
dia seguinte (D→D+1),2019-10-07,0.00292399485416,-0.00588627166337,0.0201949005524,-0.0313503379766,0.078108684678,11,2000,0.000227459580046,0.00466207207084,1341
dia seguinte (D→D+1),2019-10-08,-0.0490789330862,0.0126824096578,0.0201949005524,-0.0313503379766,0.078108684678,11,2000,0.000227459580046,0.00466207207084,1341
dia seguinte (D→D+1),2019-10-09,-0.0675379498523,0.00560993194995,0.0201949005524,-0.0313503379766,0.078108684678,11,2000,0.000227459580046,0.00466207207084,1341
dia seguinte (D→D+1),2019-10-10,-0.0768782917612,0.0197904082815,0.0201949005524,-0.0313503379766,0.078108684678,11,2000,0.000227459580046,0.00466207207084,1341
dia seguinte (D→D+1),2019-10-11,-0.0902014821723,0.00452654287695,0.0201949005524,-0.0313503379766,0.078108684678,11,2000,0.000227459580046,0.00466207207084,1341
dia seguinte (D→D+1),2019-10-14,-0.0281094263203,0.00180245824625,0.0201949005524,-0.0313503379766,0.078108684678,11,2000,0.000227459580046,0.00466207207084,1341
dia seguinte (D→D+1),2019-10-15,-0.0650162550103,0.00892908412288,0.0201949005524,-0.0313503379766,0.078108684678,11,2000,0.000227459580046,0.00466207207084,1341
dia seguinte (D→D+1),2019-10-16,0.0039006130669,-0.00386063762177,0.0201949005524,-0.0313503379766,0.078108684678,11,2000,0.000227459580046,0.00466207207084,1341
dia seguinte (D→D+1),2019-10-17,0.0744348734477,-0.00273291688886,0.0201949005524,-0.0313503379766,0.078108684678,11,2000,0.000227459580046,0.00466207207084,1341
dia seguinte (D→D+1),2019-10-18,0.0127567460343,0.0123461505409,0.0201949005524,-0.0313503379766,0.078108684678,11,2000,0.000227459580046,0.00466207207084,1341
dia seguinte (D→D+1),2019-10-21,0.0478311510785,0.0128180943578,0.0201949005524,-0.0313503379766,0.078108684678,11,2000,0.000227459580046,0.00466207207084,1341
dia seguinte (D→D+1),2019-10-22,0.0918800038336,0.00151795941554,0.0201949005524,-0.0313503379766,0.078108684678,11,2000,0.000227459580046,0.00466207207084,1341
dia seguinte (D→D+1),2019-10-23,-0.0304411053108,-0.00518857397902,0.0201949005524,-0.0313503379766,0.078108684678,11,2000,0.000227459580046,0.00466207207084,1341
dia seguinte (D→D+1),2019-10-24,-0.068119674313,0.00353317256463,0.0201949005524,-0.0313503379766,0.078108684678,11,2000,0.000227459580046,0.00466207207084,1341
dia seguinte (D→D+1),2019-10-25,0.0608567646901,0.00766551171715,0.0201949005524,-0.0313503379766,0.078108684678,11,2000,0.000227459580046,0.00466207207084,1341
dia seguinte (D→D+1),2019-10-28,0.0436206447313,-0.00583249373769,0.0201949005524,-0.0313503379766,0.078108684678,11,2000,0.000227459580046,0.00466207207084,1341
dia seguinte (D→D+1),2019-10-29,-0.0269940833701,0.00792145487002,0.0201949005524,-0.0313503379766,0.078108684678,11,2000,0.000227459580046,0.00466207207084,1341
dia seguinte (D→D+1),2019-10-30,0.0213254243049,-0.0109586008413,0.0201949005524,-0.0313503379766,0.078108684678,11,2000,0.000227459580046,0.00466207207084,1341
dia seguinte (D→D+1),2019-10-31,0.103528624857,0.00910277933221,0.0201949005524,-0.0313503379766,0.078108684678,11,2000,0.000227459580046,0.00466207207084,1341
dia seguinte (D→D+1),2019-11-01,0.0596207086566,0.00374320677289,0.0201949005524,-0.0313503379766,0.078108684678,11,2000,0.000227459580046,0.00466207207084,1341
dia seguinte (D→D+1),2019-11-04,-0.00350619257844,-0.00138120275136,0.0201949005524,-0.0313503379766,0.078108684678,11,2000,0.000227459580046,0.00466207207084,1341
dia seguinte (D→D+1),2019-11-05,0.070022015106,-0.00106038671843,0.0201949005524,-0.0313503379766,0.078108684678,11,2000,0.000227459580046,0.00466207207084,1341
dia seguinte (D→D+1),2019-11-06,0.0683904709537,0.0114920248117,0.0201949005524,-0.0313503379766,0.078108684678,11,2000,0.000227459580046,0.00466207207084,1341
dia seguinte (D→D+1),2019-11-07,0.0197837093354,-0.0178133070514,0.0201949005524,-0.0313503379766,0.078108684678,11,2000,0.000227459580046,0.00466207207084,1341
dia seguinte (D→D+1),2019-11-08,-6.68680544773e-05,0.00544462923561,0.0201949005524,-0.0313503379766,0.078108684678,11,2000,0.000227459580046,0.00466207207084,1341
dia seguinte (D→D+1),2019-11-11,0.074085496658,-0.0132144342282,0.0201949005524,-0.0313503379766,0.078108684678,11,2000,0.000227459580046,0.00466207207084,1341
dia seguinte (D→D+1),2019-11-12,0.0178764627827,-0.00815657629817,0.0201949005524,-0.0313503379766,0.078108684678,11,2000,0.000227459580046,0.00466207207084,1341
dia seguinte (D→D+1),2019-11-13,0.0460852892167,0.00607096323432,0.0201949005524,-0.0313503379766,0.078108684678,11,2000,0.000227459580046,0.00466207207084,1341
dia seguinte (D→D+1),2019-11-14,0.0794272514578,-0.00197077620428,0.0201949005524,-0.0313503379766,0.078108684678,11,2000,0.000227459580046,0.00466207207084,1341
dia seguinte (D→D+1),2019-11-18,0.0332737729077,-0.00685491833338,0.0201949005524,-0.0313503379766,0.078108684678,11,2000,0.000227459580046,0.00466207207084,1341
dia seguinte (D→D+1),2019-11-19,0.186180389733,0.0177905281297,0.0201949005524,-0.0313503379766,0.078108684678,11,2000,0.000227459580046,0.00466207207084,1341
dia seguinte (D→D+1),2019-11-21,-0.0231498980351,0.0111165893002,0.0201949005524,-0.0313503379766,0.078108684678,11,2000,0.000227459580046,0.00466207207084,1341
dia seguinte (D→D+1),2019-11-22,0.0863564945802,-0.00246568284694,0.0201949005524,-0.0313503379766,0.078108684678,11,2000,0.000227459580046,0.00466207207084,1341
dia seguinte (D→D+1),2019-11-25,0.0432546566007,-0.0125894635874,0.0201949005524,-0.0313503379766,0.078108684678,11,2000,0.000227459580046,0.00466207207084,1341
dia seguinte (D→D+1),2019-11-26,0.0934781032633,0.00606207791965,0.0201949005524,-0.0313503379766,0.078108684678,11,2000,0.000227459580046,0.00466207207084,1341
dia seguinte (D→D+1),2019-11-27,0.00367255211963,0.00540349834738,0.0201949005524,-0.0313503379766,0.078108684678,11,2000,0.000227459580046,0.00466207207084,1341
dia seguinte (D→D+1),2019-11-28,-0.0372248110521,-0.000526364391911,0.0201949005524,-0.0313503379766,0.078108684678,11,2000,0.000227459580046,0.00466207207084,1341
dia seguinte (D→D+1),2019-11-29,0.0756206470762,0.00765016215018,0.0201949005524,-0.0313503379766,0.078108684678,11,2000,0.000227459580046,0.00466207207084,1341
dia seguinte (D→D+1),2019-12-02,-0.00721630677317,-0.000962763957785,0.0201949005524,-0.0313503379766,0.078108684678,11,2000,0.000227459580046,0.00466207207084,1341
dia seguinte (D→D+1),2019-12-03,0.106004720249,0.012344432615,0.0201949005524,-0.0313503379766,0.078108684678,11,2000,0.000227459580046,0.00466207207084,1341
dia seguinte (D→D+1),2019-12-04,0.058739739105,0.00291021840237,0.0201949005524,-0.0313503379766,0.078108684678,11,2000,0.000227459580046,0.00466207207084,1341
dia seguinte (D→D+1),2019-12-05,0.0263041235886,0.00455605575744,0.0201949005524,-0.0313503379766,0.078108684678,11,2000,0.000227459580046,0.00466207207084,1341
dia seguinte (D→D+1),2019-12-06,0.0232671874099,-0.00134082033008,0.0201949005524,-0.0313503379766,0.078108684678,11,2000,0.000227459580046,0.00466207207084,1341
dia seguinte (D→D+1),2019-12-09,0.00906801305959,-0.00274831721888,0.0201949005524,-0.0313503379766,0.078108684678,11,2000,0.000227459580046,0.00466207207084,1341
dia seguinte (D→D+1),2019-12-10,-0.121967005208,0.00263842706376,0.0201949005524,-0.0313503379766,0.078108684678,11,2000,0.000227459580046,0.00466207207084,1341
dia seguinte (D→D+1),2019-12-11,-0.0437196913008,0.011138747702,0.0201949005524,-0.0313503379766,0.078108684678,11,2000,0.000227459580046,0.00466207207084,1341
dia seguinte (D→D+1),2019-12-12,0.0206078868007,0.00325311942959,0.0201949005524,-0.0313503379766,0.078108684678,11,2000,0.000227459580046,0.00466207207084,1341
dia seguinte (D→D+1),2019-12-13,-0.083995492516,-0.00594323279883,0.0201949005524,-0.0313503379766,0.078108684678,11,2000,0.000227459580046,0.00466207207084,1341
dia seguinte (D→D+1),2019-12-16,-0.0108646357696,0.00643454636448,0.0201949005524,-0.0313503379766,0.078108684678,11,2000,0.000227459580046,0.00466207207084,1341
dia seguinte (D→D+1),2019-12-17,-0.00341730988584,0.0150866661931,0.0201949005524,-0.0313503379766,0.078108684678,11,2000,0.000227459580046,0.00466207207084,1341
dia seguinte (D→D+1),2019-12-18,0.0278499289091,0.00713817084372,0.0201949005524,-0.0313503379766,0.078108684678,11,2000,0.000227459580046,0.00466207207084,1341
dia seguinte (D→D+1),2019-12-19,0.015178204733,-8.68575796267e-05,0.0201949005524,-0.0313503379766,0.078108684678,11,2000,0.000227459580046,0.00466207207084,1341
dia seguinte (D→D+1),2019-12-20,-0.0244676838571,0.00644539223947,0.0201949005524,-0.0313503379766,0.078108684678,11,2000,0.000227459580046,0.00466207207084,1341
dia seguinte (D→D+1),2019-12-23,0.062686697923,0.0115653832544,0.0201949005524,-0.0313503379766,0.078108684678,11,2000,0.000227459580046,0.00466207207084,1341
dia seguinte (D→D+1),2019-12-26,0.0565857935853,-0.00570804501591,0.0201949005524,-0.0313503379766,0.078108684678,11,2000,0.000227459580046,0.00466207207084,1341
dia seguinte (D→D+1),2019-12-27,0.115443761726,-0.0048912763657,0.0201949005524,-0.0313503379766,0.078108684678,11,2000,0.000227459580046,0.00466207207084,1341
dia seguinte (D→D+1),2019-12-30,0.0685576287602,0.0224983615605,0.0201949005524,-0.0313503379766,0.078108684678,11,2000,0.000227459580046,0.00466207207084,1341
dia seguinte (D→D+1),2020-01-02,0.146346405158,-0.00730351766422,0.0201949005524,-0.0313503379766,0.078108684678,11,2000,0.000227459580046,0.00466207207084,1341
dia seguinte (D→D+1),2020-01-03,-0.0195114846913,-0.00704291163652,0.0201949005524,-0.0313503379766,0.078108684678,11,2000,0.000227459580046,0.00466207207084,1341
dia seguinte (D→D+1),2020-01-06,-0.0128808387261,-0.00184808090488,0.0201949005524,-0.0313503379766,0.078108684678,11,2000,0.000227459580046,0.00466207207084,1341
dia seguinte (D→D+1),2020-01-07,0.0239536786241,-0.00355728514855,0.0201949005524,-0.0313503379766,0.078108684678,11,2000,0.000227459580046,0.00466207207084,1341
dia seguinte (D→D+1),2020-01-08,-0.0248982815353,-0.0025807117603,0.0201949005524,-0.0313503379766,0.078108684678,11,2000,0.000227459580046,0.00466207207084,1341
dia seguinte (D→D+1),2020-01-09,0.044437421489,-0.00382933581723,0.0201949005524,-0.0313503379766,0.078108684678,11,2000,0.000227459580046,0.00466207207084,1341
dia seguinte (D→D+1),2020-01-10,0.0386101124897,0.0157744820481,0.0201949005524,-0.0313503379766,0.078108684678,11,2000,0.000227459580046,0.00466207207084,1341
dia seguinte (D→D+1),2020-01-13,0.0375895946303,0.00261666311528,0.0201949005524,-0.0313503379766,0.078108684678,11,2000,0.000227459580046,0.00466207207084,1341
dia seguinte (D→D+1),2020-01-14,0.0384163068381,-0.0103543253536,0.0201949005524,-0.0313503379766,0.078108684678,11,2000,0.000227459580046,0.00466207207084,1341
dia seguinte (D→D+1),2020-01-15,-0.00577702570546,0.00249110931675,0.0201949005524,-0.0313503379766,0.078108684678,11,2000,0.000227459580046,0.00466207207084,1341
dia seguinte (D→D+1),2020-01-16,0.0240920083207,0.0152008500137,0.0201949005524,-0.0313503379766,0.078108684678,11,2000,0.000227459580046,0.00466207207084,1341
dia seguinte (D→D+1),2020-01-17,0.0306457249687,0.00324110805382,0.0201949005524,-0.0313503379766,0.078108684678,11,2000,0.000227459580046,0.00466207207084,1341
dia seguinte (D→D+1),2020-01-20,0.0422332573592,-0.0154464841581,0.0201949005524,-0.0313503379766,0.078108684678,11,2000,0.000227459580046,0.00466207207084,1341
dia seguinte (D→D+1),2020-01-21,0.060334203618,0.0116640746501,0.0201949005524,-0.0313503379766,0.078108684678,11,2000,0.000227459580046,0.00466207207084,1341
dia seguinte (D→D+1),2020-01-22,0.00171691334178,0.00960377055688,0.0201949005524,-0.0313503379766,0.078108684678,11,2000,0.000227459580046,0.00466207207084,1341
dia seguinte (D→D+1),2020-01-23,-0.00858048250815,-0.00963790910916,0.0201949005524,-0.0313503379766,0.078108684678,11,2000,0.000227459580046,0.00466207207084,1341
dia seguinte (D→D+1),2020-01-24,0.00329295900212,-0.0328951814557,0.0201949005524,-0.0313503379766,0.078108684678,11,2000,0.000227459580046,0.00466207207084,1341
dia seguinte (D→D+1),2020-01-27,0.0614913402968,0.0174437902902,0.0201949005524,-0.0313503379766,0.078108684678,11,2000,0.000227459580046,0.00466207207084,1341
dia seguinte (D→D+1),2020-01-28,-0.0261655059057,-0.00939225096369,0.0201949005524,-0.0313503379766,0.078108684678,11,2000,0.000227459580046,0.00466207207084,1341
dia seguinte (D→D+1),2020-01-29,0.0254608248858,0.00123932920224,0.0201949005524,-0.0313503379766,0.078108684678,11,2000,0.000227459580046,0.00466207207084,1341
dia seguinte (D→D+1),2020-01-30,-0.0357019633697,-0.0152949934215,0.0201949005524,-0.0313503379766,0.078108684678,11,2000,0.000227459580046,0.00466207207084,1341
dia seguinte (D→D+1),2020-01-31,0.0618947743134,0.00763003138158,0.0201949005524,-0.0313503379766,0.078108684678,11,2000,0.000227459580046,0.00466207207084,1341
dia seguinte (D→D+1),2020-02-03,-0.0182176335987,0.00809568259341,0.0201949005524,-0.0313503379766,0.078108684678,11,2000,0.000227459580046,0.00466207207084,1341
dia seguinte (D→D+1),2020-02-04,0.00134224276142,0.00407591058958,0.0201949005524,-0.0313503379766,0.078108684678,11,2000,0.000227459580046,0.00466207207084,1341
dia seguinte (D→D+1),2020-02-05,-0.0347272814654,-0.00722239459441,0.0201949005524,-0.0313503379766,0.078108684678,11,2000,0.000227459580046,0.00466207207084,1341
dia seguinte (D→D+1),2020-02-06,0.0215466732433,-0.0123274589808,0.0201949005524,-0.0313503379766,0.078108684678,11,2000,0.000227459580046,0.00466207207084,1341
dia seguinte (D→D+1),2020-02-07,0.138019362397,-0.0105475960271,0.0201949005524,-0.0313503379766,0.078108684678,11,2000,0.000227459580046,0.00466207207084,1341
dia seguinte (D→D+1),2020-02-10,0.0533161938934,0.0248822954606,0.0201949005524,-0.0313503379766,0.078108684678,11,2000,0.000227459580046,0.00466207207084,1341
dia seguinte (D→D+1),2020-02-11,0.0885917192945,0.0112939993586,0.0201949005524,-0.0313503379766,0.078108684678,11,2000,0.000227459580046,0.00466207207084,1341
dia seguinte (D→D+1),2020-02-12,0.157173041317,-0.00867374050774,0.0201949005524,-0.0313503379766,0.078108684678,11,2000,0.000227459580046,0.00466207207084,1341
dia seguinte (D→D+1),2020-02-13,0.110793367078,-0.011075374799,0.0201949005524,-0.0313503379766,0.078108684678,11,2000,0.000227459580046,0.00466207207084,1341
dia seguinte (D→D+1),2020-02-14,0.0407545345227,0.00811323558983,0.0201949005524,-0.0313503379766,0.078108684678,11,2000,0.000227459580046,0.00466207207084,1341
dia seguinte (D→D+1),2020-02-17,0.0340965450546,-0.00287922018229,0.0201949005524,-0.0313503379766,0.078108684678,11,2000,0.000227459580046,0.00466207207084,1341
dia seguinte (D→D+1),2020-02-18,0.0600294541188,0.0134026805361,0.0201949005524,-0.0313503379766,0.078108684678,11,2000,0.000227459580046,0.00466207207084,1341
dia seguinte (D→D+1),2020-02-19,0.0864617252096,-0.0165811290959,0.0201949005524,-0.0313503379766,0.078108684678,11,2000,0.000227459580046,0.00466207207084,1341
dia seguinte (D→D+1),2020-02-20,0.0526144555044,-0.00789799801023,0.0201949005524,-0.0313503379766,0.078108684678,11,2000,0.000227459580046,0.00466207207084,1341
dia seguinte (D→D+1),2020-02-21,0.162313967629,-0.0700468855833,0.0201949005524,-0.0313503379766,0.078108684678,11,2000,0.000227459580046,0.00466207207084,1341
dia seguinte (D→D+1),2020-02-26,0.106824408684,-0.0258612535235,0.0201949005524,-0.0313503379766,0.078108684678,11,2000,0.000227459580046,0.00466207207084,1341
dia seguinte (D→D+1),2020-02-27,0.0812793556139,0.0115357725472,0.0201949005524,-0.0313503379766,0.078108684678,11,2000,0.000227459580046,0.00466207207084,1341
dia seguinte (D→D+1),2020-02-28,0.0943398438371,0.0235475943632,0.0201949005524,-0.0313503379766,0.078108684678,11,2000,0.000227459580046,0.00466207207084,1341
dia seguinte (D→D+1),2020-03-02,0.121203397353,-0.010203985932,0.0201949005524,-0.0313503379766,0.078108684678,11,2000,0.000227459580046,0.00466207207084,1341
dia seguinte (D→D+1),2020-03-03,0.0559049035618,0.015984915243,0.0201949005524,-0.0313503379766,0.078108684678,11,2000,0.000227459580046,0.00466207207084,1341
dia seguinte (D→D+1),2020-03-04,0.147992052506,-0.0465474147579,0.0201949005524,-0.0313503379766,0.078108684678,11,2000,0.000227459580046,0.00466207207084,1341
dia seguinte (D→D+1),2020-03-05,0.0938566681842,-0.0414347617697,0.0201949005524,-0.0313503379766,0.078108684678,11,2000,0.000227459580046,0.00466207207084,1341
dia seguinte (D→D+1),2020-03-06,0.0486200705321,-0.121738420564,0.0201949005524,-0.0313503379766,0.078108684678,11,2000,0.000227459580046,0.00466207207084,1341
dia seguinte (D→D+1),2020-03-09,0.11647085121,0.0714211021646,0.0201949005524,-0.0313503379766,0.078108684678,11,2000,0.000227459580046,0.00466207207084,1341
dia seguinte (D→D+1),2020-03-10,0.1123510869,-0.076376689006,0.0201949005524,-0.0313503379766,0.078108684678,11,2000,0.000227459580046,0.00466207207084,1341
dia seguinte (D→D+1),2020-03-11,0.029145660441,-0.147796785291,0.0201949005524,-0.0313503379766,0.078108684678,11,2000,0.000227459580046,0.00466207207084,1341
dia seguinte (D→D+1),2020-03-12,0.0814015663767,0.139082154223,0.0201949005524,-0.0313503379766,0.078108684678,11,2000,0.000227459580046,0.00466207207084,1341
dia seguinte (D→D+1),2020-03-13,0.0649029320698,-0.13921478507,0.0201949005524,-0.0313503379766,0.078108684678,11,2000,0.000227459580046,0.00466207207084,1341
dia seguinte (D→D+1),2020-03-16,0.075167994947,0.0484627922662,0.0201949005524,-0.0313503379766,0.078108684678,11,2000,0.000227459580046,0.00466207207084,1341
dia seguinte (D→D+1),2020-03-17,0.0530837061427,-0.103488481177,0.0201949005524,-0.0313503379766,0.078108684678,11,2000,0.000227459580046,0.00466207207084,1341
dia seguinte (D→D+1),2020-03-18,0.108982623354,0.0214814261156,0.0201949005524,-0.0313503379766,0.078108684678,11,2000,0.000227459580046,0.00466207207084,1341
dia seguinte (D→D+1),2020-03-19,0.0428160231924,-0.0184832874788,0.0201949005524,-0.0313503379766,0.078108684678,11,2000,0.000227459580046,0.00466207207084,1341
dia seguinte (D→D+1),2020-03-20,0.113689059094,-0.0521701531259,0.0201949005524,-0.0313503379766,0.078108684678,11,2000,0.000227459580046,0.00466207207084,1341
dia seguinte (D→D+1),2020-03-23,0.0558288980917,0.0968853232657,0.0201949005524,-0.0313503379766,0.078108684678,11,2000,0.000227459580046,0.00466207207084,1341
dia seguinte (D→D+1),2020-03-24,0.0715599925724,0.0749616371954,0.0201949005524,-0.0313503379766,0.078108684678,11,2000,0.000227459580046,0.00466207207084,1341
dia seguinte (D→D+1),2020-03-25,0.0955185484029,0.0367415550456,0.0201949005524,-0.0313503379766,0.078108684678,11,2000,0.000227459580046,0.00466207207084,1341
dia seguinte (D→D+1),2020-03-26,0.0191792327386,-0.0550894350791,0.0201949005524,-0.0313503379766,0.078108684678,11,2000,0.000227459580046,0.00466207207084,1341
dia seguinte (D→D+1),2020-03-27,0.0490237266074,0.0164921216413,0.0201949005524,-0.0313503379766,0.078108684678,11,2000,0.000227459580046,0.00466207207084,1341
dia seguinte (D→D+1),2020-03-30,0.012862346179,-0.0217041800643,0.0201949005524,-0.0313503379766,0.078108684678,11,2000,0.000227459580046,0.00466207207084,1341
dia seguinte (D→D+1),2020-03-31,0.0487725467183,-0.0281155847713,0.0201949005524,-0.0313503379766,0.078108684678,11,2000,0.000227459580046,0.00466207207084,1341
dia seguinte (D→D+1),2020-04-01,0.0994914622152,0.0181210985388,0.0201949005524,-0.0313503379766,0.078108684678,11,2000,0.000227459580046,0.00466207207084,1341
dia seguinte (D→D+1),2020-04-02,0.00942110773192,-0.0375762944099,0.0201949005524,-0.0313503379766,0.078108684678,11,2000,0.000227459580046,0.00466207207084,1341
dia seguinte (D→D+1),2020-04-03,0.132760749842,0.0652161408151,0.0201949005524,-0.0313503379766,0.078108684678,11,2000,0.000227459580046,0.00466207207084,1341
dia seguinte (D→D+1),2020-04-06,0.059593664722,0.0308479472952,0.0201949005524,-0.0313503379766,0.078108684678,11,2000,0.000227459580046,0.00466207207084,1341
dia seguinte (D→D+1),2020-04-07,0.0217063093494,0.0296890961,0.0201949005524,-0.0313503379766,0.078108684678,11,2000,0.000227459580046,0.00466207207084,1341
dia seguinte (D→D+1),2020-04-08,0.00691890451197,-0.0119936406995,0.0201949005524,-0.0313503379766,0.078108684678,11,2000,0.000227459580046,0.00466207207084,1341
dia seguinte (D→D+1),2020-04-09,0.0148083181202,0.0148554362658,0.0201949005524,-0.0313503379766,0.078108684678,11,2000,0.000227459580046,0.00466207207084,1341
dia seguinte (D→D+1),2020-04-13,-0.0451059014678,0.0137246943021,0.0201949005524,-0.0313503379766,0.078108684678,11,2000,0.000227459580046,0.00466207207084,1341
dia seguinte (D→D+1),2020-04-14,-0.0115251515043,-0.0136014414775,0.0201949005524,-0.0313503379766,0.078108684678,11,2000,0.000227459580046,0.00466207207084,1341
dia seguinte (D→D+1),2020-04-15,0.0280276955905,-0.0129263868275,0.0201949005524,-0.0313503379766,0.078108684678,11,2000,0.000227459580046,0.00466207207084,1341
dia seguinte (D→D+1),2020-04-16,-0.0701898441716,0.0151390531023,0.0201949005524,-0.0313503379766,0.078108684678,11,2000,0.000227459580046,0.00466207207084,1341
dia seguinte (D→D+1),2020-04-17,0.0555254096473,-0.000215217116091,0.0201949005524,-0.0313503379766,0.078108684678,11,2000,0.000227459580046,0.00466207207084,1341
dia seguinte (D→D+1),2020-04-20,0.136400573439,0.0217036202246,0.0201949005524,-0.0313503379766,0.078108684678,11,2000,0.000227459580046,0.00466207207084,1341
dia seguinte (D→D+1),2020-04-22,0.134331802568,-0.0125670801988,0.0201949005524,-0.0313503379766,0.078108684678,11,2000,0.000227459580046,0.00466207207084,1341
dia seguinte (D→D+1),2020-04-23,0.141966639124,-0.0544977595923,0.0201949005524,-0.0313503379766,0.078108684678,11,2000,0.000227459580046,0.00466207207084,1341
dia seguinte (D→D+1),2020-04-24,0.159486640473,0.0386029655786,0.0201949005524,-0.0313503379766,0.078108684678,11,2000,0.000227459580046,0.00466207207084,1341
dia seguinte (D→D+1),2020-04-27,0.0817630858375,0.0392770868748,0.0201949005524,-0.0313503379766,0.078108684678,11,2000,0.000227459580046,0.00466207207084,1341
dia seguinte (D→D+1),2020-04-28,0.0282532744129,0.0228625541126,0.0201949005524,-0.0313503379766,0.078108684678,11,2000,0.000227459580046,0.00466207207084,1341
dia seguinte (D→D+1),2020-04-29,0.00196514029904,-0.0320424186315,0.0201949005524,-0.0313503379766,0.078108684678,11,2000,0.000227459580046,0.00466207207084,1341
dia seguinte (D→D+1),2020-04-30,0.0663419802435,-0.0202469381164,0.0201949005524,-0.0313503379766,0.078108684678,11,2000,0.000227459580046,0.00466207207084,1341
dia seguinte (D→D+1),2020-05-04,-0.0281683680805,0.00754348597799,0.0201949005524,-0.0313503379766,0.078108684678,11,2000,0.000227459580046,0.00466207207084,1341
dia seguinte (D→D+1),2020-05-05,0.026390290648,-0.00512136502624,0.0201949005524,-0.0313503379766,0.078108684678,11,2000,0.000227459580046,0.00466207207084,1341
dia seguinte (D→D+1),2020-05-06,0.0486749278356,-0.0119523424062,0.0201949005524,-0.0313503379766,0.078108684678,11,2000,0.000227459580046,0.00466207207084,1341
dia seguinte (D→D+1),2020-05-07,0.111814616164,0.0274453077996,0.0201949005524,-0.0313503379766,0.078108684678,11,2000,0.000227459580046,0.00466207207084,1341
dia seguinte (D→D+1),2020-05-08,0.0409212146496,-0.0149259310018,0.0201949005524,-0.0313503379766,0.078108684678,11,2000,0.000227459580046,0.00466207207084,1341
dia seguinte (D→D+1),2020-05-11,0.0337768895673,-0.0150888509454,0.0201949005524,-0.0313503379766,0.078108684678,11,2000,0.000227459580046,0.00466207207084,1341
dia seguinte (D→D+1),2020-05-12,0.0601505078488,-0.00128415861927,0.0201949005524,-0.0313503379766,0.078108684678,11,2000,0.000227459580046,0.00466207207084,1341
dia seguinte (D→D+1),2020-05-13,0.114001649293,0.0159311834593,0.0201949005524,-0.0313503379766,0.078108684678,11,2000,0.000227459580046,0.00466207207084,1341
dia seguinte (D→D+1),2020-05-14,0.078818824035,-0.0184025009176,0.0201949005524,-0.0313503379766,0.078108684678,11,2000,0.000227459580046,0.00466207207084,1341
dia seguinte (D→D+1),2020-05-15,0.0924436915249,0.0468945420787,0.0201949005524,-0.0313503379766,0.078108684678,11,2000,0.000227459580046,0.00466207207084,1341
dia seguinte (D→D+1),2020-05-18,0.071770440309,-0.00556691381137,0.0201949005524,-0.0313503379766,0.078108684678,11,2000,0.000227459580046,0.00466207207084,1341
dia seguinte (D→D+1),2020-05-19,0.0415601006555,0.00714621882044,0.0201949005524,-0.0313503379766,0.078108684678,11,2000,0.000227459580046,0.00466207207084,1341
dia seguinte (D→D+1),2020-05-20,0.103512989513,0.021003701472,0.0201949005524,-0.0313503379766,0.078108684678,11,2000,0.000227459580046,0.00466207207084,1341
dia seguinte (D→D+1),2020-05-21,0.129332907489,-0.0102858106399,0.0201949005524,-0.0313503379766,0.078108684678,11,2000,0.000227459580046,0.00466207207084,1341
dia seguinte (D→D+1),2020-05-22,0.0768570547553,0.042471371375,0.0201949005524,-0.0313503379766,0.078108684678,11,2000,0.000227459580046,0.00466207207084,1341
dia seguinte (D→D+1),2020-05-25,-0.0227682237028,-0.00226468837188,0.0201949005524,-0.0313503379766,0.078108684678,11,2000,0.000227459580046,0.00466207207084,1341
dia seguinte (D→D+1),2020-05-26,0.0500250722499,0.0289812680621,0.0201949005524,-0.0313503379766,0.078108684678,11,2000,0.000227459580046,0.00466207207084,1341
dia seguinte (D→D+1),2020-05-27,-0.0481287654635,-0.0113365019444,0.0201949005524,-0.0313503379766,0.078108684678,11,2000,0.000227459580046,0.00466207207084,1341
dia seguinte (D→D+1),2020-05-28,-0.0414803815655,0.00522145165557,0.0201949005524,-0.0313503379766,0.078108684678,11,2000,0.000227459580046,0.00466207207084,1341
dia seguinte (D→D+1),2020-05-29,0.00058334407026,0.0139240071851,0.0201949005524,-0.0313503379766,0.078108684678,11,2000,0.000227459580046,0.00466207207084,1341
dia seguinte (D→D+1),2020-06-01,0.0291505792791,0.0273753103137,0.0201949005524,-0.0313503379766,0.078108684678,11,2000,0.000227459580046,0.00466207207084,1341
dia seguinte (D→D+1),2020-06-02,-0.0292048182597,0.0214836456297,0.0201949005524,-0.0313503379766,0.078108684678,11,2000,0.000227459580046,0.00466207207084,1341
dia seguinte (D→D+1),2020-06-03,-0.0519494109553,0.00889228188641,0.0201949005524,-0.0313503379766,0.078108684678,11,2000,0.000227459580046,0.00466207207084,1341
dia seguinte (D→D+1),2020-06-04,0.0256182990841,0.00861141011841,0.0201949005524,-0.0313503379766,0.078108684678,11,2000,0.000227459580046,0.00466207207084,1341
dia seguinte (D→D+1),2020-06-05,-0.0117772056048,0.0317846085569,0.0201949005524,-0.0313503379766,0.078108684678,11,2000,0.000227459580046,0.00466207207084,1341
dia seguinte (D→D+1),2020-06-08,0.0317569859587,-0.00919657944595,0.0201949005524,-0.0313503379766,0.078108684678,11,2000,0.000227459580046,0.00466207207084,1341
dia seguinte (D→D+1),2020-06-09,-0.028818582908,-0.0213029861391,0.0201949005524,-0.0313503379766,0.078108684678,11,2000,0.000227459580046,0.00466207207084,1341
dia seguinte (D→D+1),2020-06-10,-0.0208836377663,-0.0199712734723,0.0201949005524,-0.0313503379766,0.078108684678,11,2000,0.000227459580046,0.00466207207084,1341
dia seguinte (D→D+1),2020-06-12,0.0318568266228,-0.00451532948974,0.0201949005524,-0.0313503379766,0.078108684678,11,2000,0.000227459580046,0.00466207207084,1341
dia seguinte (D→D+1),2020-06-15,-0.0155947723065,0.0125032475968,0.0201949005524,-0.0313503379766,0.078108684678,11,2000,0.000227459580046,0.00466207207084,1341
dia seguinte (D→D+1),2020-06-16,0.0331225517257,0.0215543509639,0.0201949005524,-0.0313503379766,0.078108684678,11,2000,0.000227459580046,0.00466207207084,1341
dia seguinte (D→D+1),2020-06-17,0.0315581757133,0.00604937883973,0.0201949005524,-0.0313503379766,0.078108684678,11,2000,0.000227459580046,0.00466207207084,1341
dia seguinte (D→D+1),2020-06-18,-0.0135999911228,0.00465019505852,0.0201949005524,-0.0313503379766,0.078108684678,11,2000,0.000227459580046,0.00466207207084,1341
dia seguinte (D→D+1),2020-06-19,-0.0399795002701,-0.0127987408359,0.0201949005524,-0.0313503379766,0.078108684678,11,2000,0.000227459580046,0.00466207207084,1341
dia seguinte (D→D+1),2020-06-22,0.0213775787071,0.00670260971721,0.0201949005524,-0.0313503379766,0.078108684678,11,2000,0.000227459580046,0.00466207207084,1341
dia seguinte (D→D+1),2020-06-23,0.0183650810604,-0.0166501693149,0.0201949005524,-0.0313503379766,0.078108684678,11,2000,0.000227459580046,0.00466207207084,1341
dia seguinte (D→D+1),2020-06-24,0.0548510630889,0.0170168579209,0.0201949005524,-0.0313503379766,0.078108684678,11,2000,0.000227459580046,0.00466207207084,1341
dia seguinte (D→D+1),2020-06-25,0.0396201117221,-0.022389381453,0.0201949005524,-0.0313503379766,0.078108684678,11,2000,0.000227459580046,0.00466207207084,1341
dia seguinte (D→D+1),2020-06-26,0.061535220869,0.0202591811071,0.0201949005524,-0.0313503379766,0.078108684678,11,2000,0.000227459580046,0.00466207207084,1341
dia seguinte (D→D+1),2020-06-29,0.0502109358331,-0.00709249490782,0.0201949005524,-0.0313503379766,0.078108684678,11,2000,0.000227459580046,0.00466207207084,1341
dia seguinte (D→D+1),2020-06-30,0.0877443689038,0.0120665712843,0.0201949005524,-0.0313503379766,0.078108684678,11,2000,0.000227459580046,0.00466207207084,1341
dia seguinte (D→D+1),2020-07-01,0.129399160997,0.000332629959565,0.0201949005524,-0.0313503379766,0.078108684678,11,2000,0.000227459580046,0.00466207207084,1341
dia seguinte (D→D+1),2020-07-02,0.0447959719189,0.00550735179508,0.0201949005524,-0.0313503379766,0.078108684678,11,2000,0.000227459580046,0.00466207207084,1341
dia seguinte (D→D+1),2020-07-03,0.0311689588566,0.0224461323826,0.0201949005524,-0.0313503379766,0.078108684678,11,2000,0.000227459580046,0.00466207207084,1341
dia seguinte (D→D+1),2020-07-06,-0.0151257949432,-0.0118863519209,0.0201949005524,-0.0313503379766,0.078108684678,11,2000,0.000227459580046,0.00466207207084,1341
dia seguinte (D→D+1),2020-07-07,0.0962273575827,0.0205501171224,0.0201949005524,-0.0313503379766,0.078108684678,11,2000,0.000227459580046,0.00466207207084,1341
dia seguinte (D→D+1),2020-07-08,0.0847085871401,-0.00611406234339,0.0201949005524,-0.0313503379766,0.078108684678,11,2000,0.000227459580046,0.00466207207084,1341
dia seguinte (D→D+1),2020-07-09,0.0623362556225,0.00879386849536,0.0201949005524,-0.0313503379766,0.078108684678,11,2000,0.000227459580046,0.00466207207084,1341
dia seguinte (D→D+1),2020-07-10,0.0993541545839,-0.0133457293666,0.0201949005524,-0.0313503379766,0.078108684678,11,2000,0.000227459580046,0.00466207207084,1341
dia seguinte (D→D+1),2020-07-13,0.0218051714103,0.0176601112496,0.0201949005524,-0.0313503379766,0.078108684678,11,2000,0.000227459580046,0.00466207207084,1341
dia seguinte (D→D+1),2020-07-14,0.06908687292,0.0134508164078,0.0201949005524,-0.0313503379766,0.078108684678,11,2000,0.000227459580046,0.00466207207084,1341
dia seguinte (D→D+1),2020-07-15,0.00693816789574,-0.0121621754379,0.0201949005524,-0.0313503379766,0.078108684678,11,2000,0.000227459580046,0.00466207207084,1341
dia seguinte (D→D+1),2020-07-16,0.0259608546484,0.023221584637,0.0201949005524,-0.0313503379766,0.078108684678,11,2000,0.000227459580046,0.00466207207084,1341
dia seguinte (D→D+1),2020-07-17,0.0570363004837,0.0149482932898,0.0201949005524,-0.0313503379766,0.078108684678,11,2000,0.000227459580046,0.00466207207084,1341
dia seguinte (D→D+1),2020-07-20,0.0940019361234,-0.00111083446651,0.0201949005524,-0.0313503379766,0.078108684678,11,2000,0.000227459580046,0.00466207207084,1341
dia seguinte (D→D+1),2020-07-21,0.0898644220499,-0.000191736171029,0.0201949005524,-0.0313503379766,0.078108684678,11,2000,0.000227459580046,0.00466207207084,1341
dia seguinte (D→D+1),2020-07-22,0.0228167040258,-0.0191485281427,0.0201949005524,-0.0313503379766,0.078108684678,11,2000,0.000227459580046,0.00466207207084,1341
dia seguinte (D→D+1),2020-07-23,5.42828762247e-05,0.000870049759025,0.0201949005524,-0.0313503379766,0.078108684678,11,2000,0.000227459580046,0.00466207207084,1341
dia seguinte (D→D+1),2020-07-24,-0.109589303747,0.0204625813131,0.0201949005524,-0.0313503379766,0.078108684678,11,2000,0.000227459580046,0.00466207207084,1341
dia seguinte (D→D+1),2020-07-27,-0.0509014615167,-0.00352230634494,0.0201949005524,-0.0313503379766,0.078108684678,11,2000,0.000227459580046,0.00466207207084,1341
dia seguinte (D→D+1),2020-07-28,-0.02058067124,0.0143695549856,0.0201949005524,-0.0313503379766,0.078108684678,11,2000,0.000227459580046,0.00466207207084,1341
dia seguinte (D→D+1),2020-07-29,-0.0168752872465,-0.00564367217461,0.0201949005524,-0.0313503379766,0.078108684678,11,2000,0.000227459580046,0.00466207207084,1341
dia seguinte (D→D+1),2020-07-30,0.0401593198168,-0.0199697168814,0.0201949005524,-0.0313503379766,0.078108684678,11,2000,0.000227459580046,0.00466207207084,1341
dia seguinte (D→D+1),2020-07-31,0.0359774632515,-0.000796797263682,0.0201949005524,-0.0313503379766,0.078108684678,11,2000,0.000227459580046,0.00466207207084,1341
dia seguinte (D→D+1),2020-08-03,0.0220617250622,-0.0156958086162,0.0201949005524,-0.0313503379766,0.078108684678,11,2000,0.000227459580046,0.00466207207084,1341
dia seguinte (D→D+1),2020-08-04,0.0368768012155,0.015669459374,0.0201949005524,-0.0313503379766,0.078108684678,11,2000,0.000227459580046,0.00466207207084,1341
dia seguinte (D→D+1),2020-08-05,0.0621468646351,0.0128791268652,0.0201949005524,-0.0313503379766,0.078108684678,11,2000,0.000227459580046,0.00466207207084,1341
dia seguinte (D→D+1),2020-08-06,-0.0567378055727,-0.01296506156,0.0201949005524,-0.0313503379766,0.078108684678,11,2000,0.000227459580046,0.00466207207084,1341
dia seguinte (D→D+1),2020-08-07,0.00820481928591,0.00649957188449,0.0201949005524,-0.0313503379766,0.078108684678,11,2000,0.000227459580046,0.00466207207084,1341
dia seguinte (D→D+1),2020-08-10,-0.00461805094701,-0.0122771741232,0.0201949005524,-0.0313503379766,0.078108684678,11,2000,0.000227459580046,0.00466207207084,1341
dia seguinte (D→D+1),2020-08-11,-0.044129395043,-0.000548084639928,0.0201949005524,-0.0313503379766,0.078108684678,11,2000,0.000227459580046,0.00466207207084,1341
dia seguinte (D→D+1),2020-08-12,0.0551098226768,-0.0162263264067,0.0201949005524,-0.0313503379766,0.078108684678,11,2000,0.000227459580046,0.00466207207084,1341
dia seguinte (D→D+1),2020-08-13,-0.0312782948711,0.00887906749883,0.0201949005524,-0.0313503379766,0.078108684678,11,2000,0.000227459580046,0.00466207207084,1341
dia seguinte (D→D+1),2020-08-14,-0.0264515586069,-0.0173453178495,0.0201949005524,-0.0313503379766,0.078108684678,11,2000,0.000227459580046,0.00466207207084,1341
dia seguinte (D→D+1),2020-08-17,0.100845161897,0.0248004417892,0.0201949005524,-0.0313503379766,0.078108684678,11,2000,0.000227459580046,0.00466207207084,1341
dia seguinte (D→D+1),2020-08-18,0.0630745218966,-0.0118649879978,0.0201949005524,-0.0313503379766,0.078108684678,11,2000,0.000227459580046,0.00466207207084,1341
dia seguinte (D→D+1),2020-08-19,0.0796367340251,0.00608800840819,0.0201949005524,-0.0313503379766,0.078108684678,11,2000,0.000227459580046,0.00466207207084,1341
dia seguinte (D→D+1),2020-08-20,0.0694119840504,0.000522332163835,0.0201949005524,-0.0313503379766,0.078108684678,11,2000,0.000227459580046,0.00466207207084,1341
dia seguinte (D→D+1),2020-08-21,-0.0122282882494,0.00765358891264,0.0201949005524,-0.0313503379766,0.078108684678,11,2000,0.000227459580046,0.00466207207084,1341
dia seguinte (D→D+1),2020-08-24,-0.0243532564241,-0.00175956519189,0.0201949005524,-0.0313503379766,0.078108684678,11,2000,0.000227459580046,0.00466207207084,1341
dia seguinte (D→D+1),2020-08-25,0.0880128447009,-0.0146007559882,0.0201949005524,-0.0313503379766,0.078108684678,11,2000,0.000227459580046,0.00466207207084,1341
dia seguinte (D→D+1),2020-08-26,0.0817009288214,-2.98130720383e-05,0.0201949005524,-0.0313503379766,0.078108684678,11,2000,0.000227459580046,0.00466207207084,1341
dia seguinte (D→D+1),2020-08-27,0.0573322939582,0.0150958021943,0.0201949005524,-0.0313503379766,0.078108684678,11,2000,0.000227459580046,0.00466207207084,1341
dia seguinte (D→D+1),2020-08-28,-0.0099398433909,-0.0271580039748,0.0201949005524,-0.0313503379766,0.078108684678,11,2000,0.000227459580046,0.00466207207084,1341
dia seguinte (D→D+1),2020-08-31,-0.0322769272927,0.0281677384295,0.0201949005524,-0.0313503379766,0.078108684678,11,2000,0.000227459580046,0.00466207207084,1341
dia seguinte (D→D+1),2020-09-01,0.0539645496692,-0.00251546472477,0.0201949005524,-0.0313503379766,0.078108684678,11,2000,0.000227459580046,0.00466207207084,1341
dia seguinte (D→D+1),2020-09-02,0.0265746707827,-0.0116768552953,0.0201949005524,-0.0313503379766,0.078108684678,11,2000,0.000227459580046,0.00466207207084,1341
dia seguinte (D→D+1),2020-09-03,0.0191392182043,0.0051727047984,0.0201949005524,-0.0313503379766,0.078108684678,11,2000,0.000227459580046,0.00466207207084,1341
dia seguinte (D→D+1),2020-09-04,-0.0146397327833,-0.0117737697793,0.0201949005524,-0.0313503379766,0.078108684678,11,2000,0.000227459580046,0.00466207207084,1341
dia seguinte (D→D+1),2020-09-08,0.104399770127,0.0124137931034,0.0201949005524,-0.0313503379766,0.078108684678,11,2000,0.000227459580046,0.00466207207084,1341
dia seguinte (D→D+1),2020-09-09,-0.0356635322092,-0.0242566046677,0.0201949005524,-0.0313503379766,0.078108684678,11,2000,0.000227459580046,0.00466207207084,1341
dia seguinte (D→D+1),2020-09-10,0.0772618270458,-0.00477563616128,0.0201949005524,-0.0313503379766,0.078108684678,11,2000,0.000227459580046,0.00466207207084,1341
dia seguinte (D→D+1),2020-09-11,-0.0101571345052,0.0194382033895,0.0201949005524,-0.0313503379766,0.078108684678,11,2000,0.000227459580046,0.00466207207084,1341
dia seguinte (D→D+1),2020-09-14,-0.0593303791195,0.000229369234605,0.0201949005524,-0.0313503379766,0.078108684678,11,2000,0.000227459580046,0.00466207207084,1341
dia seguinte (D→D+1),2020-09-15,0.0715534958121,-0.00620151947197,0.0201949005524,-0.0313503379766,0.078108684678,11,2000,0.000227459580046,0.00466207207084,1341
dia seguinte (D→D+1),2020-09-16,-0.00699604401794,0.00423371724387,0.0201949005524,-0.0313503379766,0.078108684678,11,2000,0.000227459580046,0.00466207207084,1341
dia seguinte (D→D+1),2020-09-17,0.0785294783916,-0.018062298947,0.0201949005524,-0.0313503379766,0.078108684678,11,2000,0.000227459580046,0.00466207207084,1341
dia seguinte (D→D+1),2020-09-18,0.168557698471,-0.0132159934887,0.0201949005524,-0.0313503379766,0.078108684678,11,2000,0.000227459580046,0.00466207207084,1341
dia seguinte (D→D+1),2020-09-21,0.0116046753696,0.00312400119599,0.0201949005524,-0.0313503379766,0.078108684678,11,2000,0.000227459580046,0.00466207207084,1341
dia seguinte (D→D+1),2020-09-22,-0.0193704259426,-0.0160235985775,0.0201949005524,-0.0313503379766,0.078108684678,11,2000,0.000227459580046,0.00466207207084,1341
dia seguinte (D→D+1),2020-09-23,0.0471638274816,0.013338904267,0.0201949005524,-0.0313503379766,0.078108684678,11,2000,0.000227459580046,0.00466207207084,1341
dia seguinte (D→D+1),2020-09-24,0.0114442942649,-0.000134004040737,0.0201949005524,-0.0313503379766,0.078108684678,11,2000,0.000227459580046,0.00466207207084,1341
dia seguinte (D→D+1),2020-09-25,-0.0251864149652,-0.0240517943484,0.0201949005524,-0.0313503379766,0.078108684678,11,2000,0.000227459580046,0.00466207207084,1341
dia seguinte (D→D+1),2020-09-28,-0.00561921100766,-0.011471911774,0.0201949005524,-0.0313503379766,0.078108684678,11,2000,0.000227459580046,0.00466207207084,1341
dia seguinte (D→D+1),2020-09-29,0.0229215566909,0.0109318230391,0.0201949005524,-0.0313503379766,0.078108684678,11,2000,0.000227459580046,0.00466207207084,1341
dia seguinte (D→D+1),2020-09-30,0.0498637781444,0.00925974863376,0.0201949005524,-0.0313503379766,0.078108684678,11,2000,0.000227459580046,0.00466207207084,1341
dia seguinte (D→D+1),2020-10-01,0.00697683796688,-0.0153227411263,0.0201949005524,-0.0313503379766,0.078108684678,11,2000,0.000227459580046,0.00466207207084,1341
dia seguinte (D→D+1),2020-10-02,0.0445348939947,0.0220494383935,0.0201949005524,-0.0313503379766,0.078108684678,11,2000,0.000227459580046,0.00466207207084,1341
dia seguinte (D→D+1),2020-10-05,0.00268914948692,-0.00493292676581,0.0201949005524,-0.0313503379766,0.078108684678,11,2000,0.000227459580046,0.00466207207084,1341
dia seguinte (D→D+1),2020-10-06,0.0625861986138,-0.000930816294514,0.0201949005524,-0.0313503379766,0.078108684678,11,2000,0.000227459580046,0.00466207207084,1341
dia seguinte (D→D+1),2020-10-07,-0.0303592385219,0.0250612398719,0.0201949005524,-0.0313503379766,0.078108684678,11,2000,0.000227459580046,0.00466207207084,1341
dia seguinte (D→D+1),2020-10-08,0.0696698715252,-0.00446282679739,0.0201949005524,-0.0313503379766,0.078108684678,11,2000,0.000227459580046,0.00466207207084,1341
dia seguinte (D→D+1),2020-10-09,-0.0114710542092,0.0104633628428,0.0201949005524,-0.0313503379766,0.078108684678,11,2000,0.000227459580046,0.00466207207084,1341
dia seguinte (D→D+1),2020-10-13,0.0246858618901,0.00843629128047,0.0201949005524,-0.0313503379766,0.078108684678,11,2000,0.000227459580046,0.00466207207084,1341
dia seguinte (D→D+1),2020-10-14,0.0330456341584,-0.00281877302837,0.0201949005524,-0.0313503379766,0.078108684678,11,2000,0.000227459580046,0.00466207207084,1341
dia seguinte (D→D+1),2020-10-15,0.0946418888786,-0.00752115007975,0.0201949005524,-0.0313503379766,0.078108684678,11,2000,0.000227459580046,0.00466207207084,1341
dia seguinte (D→D+1),2020-10-19,0.0543352070932,0.0190759999189,0.0201949005524,-0.0313503379766,0.078108684678,11,2000,0.000227459580046,0.00466207207084,1341
dia seguinte (D→D+1),2020-10-21,-0.0501901673584,0.0135850107407,0.0201949005524,-0.0313503379766,0.078108684678,11,2000,0.000227459580046,0.00466207207084,1341
dia seguinte (D→D+1),2020-10-22,0.0160064192692,-0.00645617064699,0.0201949005524,-0.0313503379766,0.078108684678,11,2000,0.000227459580046,0.00466207207084,1341
dia seguinte (D→D+1),2020-10-23,0.0195718241111,-0.00239976298637,0.0201949005524,-0.0313503379766,0.078108684678,11,2000,0.000227459580046,0.00466207207084,1341
dia seguinte (D→D+1),2020-10-26,0.0308806815121,-0.0139679459893,0.0201949005524,-0.0313503379766,0.078108684678,11,2000,0.000227459580046,0.00466207207084,1341
dia seguinte (D→D+1),2020-10-27,0.0388473170174,-0.0425375981367,0.0201949005524,-0.0313503379766,0.078108684678,11,2000,0.000227459580046,0.00466207207084,1341
dia seguinte (D→D+1),2020-10-28,0.132456247757,0.0127190177102,0.0201949005524,-0.0313503379766,0.078108684678,11,2000,0.000227459580046,0.00466207207084,1341
dia seguinte (D→D+1),2020-10-29,-0.00302204640168,-0.0272307469301,0.0201949005524,-0.0313503379766,0.078108684678,11,2000,0.000227459580046,0.00466207207084,1341
dia seguinte (D→D+1),2020-10-30,0.0363379287366,0.017402503406,0.0201949005524,-0.0313503379766,0.078108684678,11,2000,0.000227459580046,0.00466207207084,1341
dia seguinte (D→D+1),2020-11-03,0.0523917057674,0.0232667622166,0.0201949005524,-0.0313503379766,0.078108684678,11,2000,0.000227459580046,0.00466207207084,1341
dia seguinte (D→D+1),2020-11-04,-0.033002595884,0.0302931163162,0.0201949005524,-0.0313503379766,0.078108684678,11,2000,0.000227459580046,0.00466207207084,1341
dia seguinte (D→D+1),2020-11-05,-0.0888086760031,0.000248079861869,0.0201949005524,-0.0313503379766,0.078108684678,11,2000,0.000227459580046,0.00466207207084,1341
dia seguinte (D→D+1),2020-11-06,-0.00249712499601,0.0308931636227,0.0201949005524,-0.0313503379766,0.078108684678,11,2000,0.000227459580046,0.00466207207084,1341
dia seguinte (D→D+1),2020-11-09,-0.00854587339523,0.013838499514,0.0201949005524,-0.0313503379766,0.078108684678,11,2000,0.000227459580046,0.00466207207084,1341
dia seguinte (D→D+1),2020-11-10,0.0140319856791,-0.0077740125865,0.0201949005524,-0.0313503379766,0.078108684678,11,2000,0.000227459580046,0.00466207207084,1341
dia seguinte (D→D+1),2020-11-11,0.0504324516524,-0.0225481192362,0.0201949005524,-0.0313503379766,0.078108684678,11,2000,0.000227459580046,0.00466207207084,1341
dia seguinte (D→D+1),2020-11-13,-0.0258483372659,0.0183519595836,0.0201949005524,-0.0313503379766,0.078108684678,11,2000,0.000227459580046,0.00466207207084,1341
dia seguinte (D→D+1),2020-11-16,-0.0198194372001,0.00750728178145,0.0201949005524,-0.0313503379766,0.078108684678,11,2000,0.000227459580046,0.00466207207084,1341
dia seguinte (D→D+1),2020-11-17,0.0369110420569,-0.00695707317983,0.0201949005524,-0.0313503379766,0.078108684678,11,2000,0.000227459580046,0.00466207207084,1341
dia seguinte (D→D+1),2020-11-18,-0.00110088844985,0.000319299794333,0.0201949005524,-0.0313503379766,0.078108684678,11,2000,0.000227459580046,0.00466207207084,1341
dia seguinte (D→D+1),2020-11-19,0.056279920741,0.0080926049363,0.0201949005524,-0.0313503379766,0.078108684678,11,2000,0.000227459580046,0.00466207207084,1341
dia seguinte (D→D+1),2020-11-23,-0.0489031777526,0.0224159286266,0.0201949005524,-0.0313503379766,0.078108684678,11,2000,0.000227459580046,0.00466207207084,1341
dia seguinte (D→D+1),2020-11-24,-0.0381587963057,0.00316069444191,0.0201949005524,-0.0313503379766,0.078108684678,11,2000,0.000227459580046,0.00466207207084,1341
dia seguinte (D→D+1),2020-11-25,0.076932539887,0.000853513479157,0.0201949005524,-0.0313503379766,0.078108684678,11,2000,0.000227459580046,0.00466207207084,1341
dia seguinte (D→D+1),2020-11-26,0.00469448645484,0.0031571212135,0.0201949005524,-0.0313503379766,0.078108684678,11,2000,0.000227459580046,0.00466207207084,1341
dia seguinte (D→D+1),2020-11-27,0.0534365770173,-0.0152566131585,0.0201949005524,-0.0313503379766,0.078108684678,11,2000,0.000227459580046,0.00466207207084,1341
dia seguinte (D→D+1),2020-11-30,0.113291699392,0.0224726324297,0.0201949005524,-0.0313503379766,0.078108684678,11,2000,0.000227459580046,0.00466207207084,1341
dia seguinte (D→D+1),2020-12-01,0.0076606804273,0.00430233080343,0.0201949005524,-0.0313503379766,0.078108684678,11,2000,0.000227459580046,0.00466207207084,1341
dia seguinte (D→D+1),2020-12-02,-0.0251019332619,0.00988248340995,0.0201949005524,-0.0313503379766,0.078108684678,11,2000,0.000227459580046,0.00466207207084,1341
dia seguinte (D→D+1),2020-12-03,-0.0590949792851,0.00675705594276,0.0201949005524,-0.0313503379766,0.078108684678,11,2000,0.000227459580046,0.00466207207084,1341
dia seguinte (D→D+1),2020-12-04,-0.00342018952254,-0.000501398638307,0.0201949005524,-0.0313503379766,0.078108684678,11,2000,0.000227459580046,0.00466207207084,1341
dia seguinte (D→D+1),2020-12-07,-0.00976305666585,-0.000475247524752,0.0201949005524,-0.0313503379766,0.078108684678,11,2000,0.000227459580046,0.00466207207084,1341
dia seguinte (D→D+1),2020-12-08,0.0258103654023,-0.00747549990755,0.0201949005524,-0.0313503379766,0.078108684678,11,2000,0.000227459580046,0.00466207207084,1341
dia seguinte (D→D+1),2020-12-09,-0.0847969043784,0.0201380387147,0.0201949005524,-0.0313503379766,0.078108684678,11,2000,0.000227459580046,0.00466207207084,1341
dia seguinte (D→D+1),2020-12-10,0.0424717601779,0.00287846111034,0.0201949005524,-0.0313503379766,0.078108684678,11,2000,0.000227459580046,0.00466207207084,1341
dia seguinte (D→D+1),2020-12-11,-0.0183920838003,-0.00301761140449,0.0201949005524,-0.0313503379766,0.078108684678,11,2000,0.000227459580046,0.00466207207084,1341
dia seguinte (D→D+1),2020-12-14,0.0144206033543,0.0101848227876,0.0201949005524,-0.0313503379766,0.078108684678,11,2000,0.000227459580046,0.00466207207084,1341
dia seguinte (D→D+1),2020-12-15,-0.00169204511513,0.0155063454617,0.0201949005524,-0.0313503379766,0.078108684678,11,2000,0.000227459580046,0.00466207207084,1341
dia seguinte (D→D+1),2020-12-16,0.0134016507726,0.00178046071541,0.0201949005524,-0.0313503379766,0.078108684678,11,2000,0.000227459580046,0.00466207207084,1341
dia seguinte (D→D+1),2020-12-17,0.0450757940386,-0.00404546493225,0.0201949005524,-0.0313503379766,0.078108684678,11,2000,0.000227459580046,0.00466207207084,1341
dia seguinte (D→D+1),2020-12-18,0.0481582150026,-0.0141316632534,0.0201949005524,-0.0313503379766,0.078108684678,11,2000,0.000227459580046,0.00466207207084,1341
dia seguinte (D→D+1),2020-12-21,0.126398080554,0.00286167425183,0.0201949005524,-0.0313503379766,0.078108684678,11,2000,0.000227459580046,0.00466207207084,1341
dia seguinte (D→D+1),2020-12-22,0.0764812551799,0.012969711555,0.0201949005524,-0.0313503379766,0.078108684678,11,2000,0.000227459580046,0.00466207207084,1341
dia seguinte (D→D+1),2020-12-23,0.0366426246147,0.0101309213708,0.0201949005524,-0.0313503379766,0.078108684678,11,2000,0.000227459580046,0.00466207207084,1341
dia seguinte (D→D+1),2020-12-28,0.0889039748136,0.00356149885343,0.0201949005524,-0.0313503379766,0.078108684678,11,2000,0.000227459580046,0.00466207207084,1341
dia seguinte (D→D+1),2020-12-29,0.0974141282643,-0.0014145218665,0.0201949005524,-0.0313503379766,0.078108684678,11,2000,0.000227459580046,0.00466207207084,1341
dia seguinte (D→D+1),2020-12-30,0.0918700984768,-0.00626959247649,0.0201949005524,-0.0313503379766,0.078108684678,11,2000,0.000227459580046,0.00466207207084,1341
dia seguinte (D→D+1),2021-01-04,0.0756366460193,0.0056090689789,0.0201949005524,-0.0313503379766,0.078108684678,11,2000,0.000227459580046,0.00466207207084,1341
dia seguinte (D→D+1),2021-01-05,0.105269026099,0.00526744000738,0.0201949005524,-0.0313503379766,0.078108684678,11,2000,0.000227459580046,0.00466207207084,1341
dia seguinte (D→D+1),2021-01-06,0.0350311806016,0.0175634746477,0.0201949005524,-0.0313503379766,0.078108684678,11,2000,0.000227459580046,0.00466207207084,1341
dia seguinte (D→D+1),2021-01-07,0.0916713347,0.0255911968251,0.0201949005524,-0.0313503379766,0.078108684678,11,2000,0.000227459580046,0.00466207207084,1341
dia seguinte (D→D+1),2021-01-08,-0.00174312322222,-0.0181488203267,0.0201949005524,-0.0313503379766,0.078108684678,11,2000,0.000227459580046,0.00466207207084,1341
dia seguinte (D→D+1),2021-01-11,0.00593433867365,0.00969814424259,0.0201949005524,-0.0313503379766,0.078108684678,11,2000,0.000227459580046,0.00466207207084,1341
dia seguinte (D→D+1),2021-01-12,0.0116174330607,-0.0157905772674,0.0201949005524,-0.0313503379766,0.078108684678,11,2000,0.000227459580046,0.00466207207084,1341
dia seguinte (D→D+1),2021-01-13,0.0014888325851,0.0118076040642,0.0201949005524,-0.0313503379766,0.078108684678,11,2000,0.000227459580046,0.00466207207084,1341
dia seguinte (D→D+1),2021-01-14,-0.0169087890736,-0.0241251690543,0.0201949005524,-0.0313503379766,0.078108684678,11,2000,0.000227459580046,0.00466207207084,1341
dia seguinte (D→D+1),2021-01-15,-0.00307126009091,0.00614097691325,0.0201949005524,-0.0313503379766,0.078108684678,11,2000,0.000227459580046,0.00466207207084,1341
dia seguinte (D→D+1),2021-01-18,-0.0151872330457,-0.00469309315254,0.0201949005524,-0.0313503379766,0.078108684678,11,2000,0.000227459580046,0.00466207207084,1341
dia seguinte (D→D+1),2021-01-19,0.0135716659439,-0.00799681784658,0.0201949005524,-0.0313503379766,0.078108684678,11,2000,0.000227459580046,0.00466207207084,1341
dia seguinte (D→D+1),2021-01-20,0.0583760192483,-0.0105673806262,0.0201949005524,-0.0313503379766,0.078108684678,11,2000,0.000227459580046,0.00466207207084,1341
dia seguinte (D→D+1),2021-01-21,0.0691993057608,-0.0107309000954,0.0201949005524,-0.0313503379766,0.078108684678,11,2000,0.000227459580046,0.00466207207084,1341
dia seguinte (D→D+1),2021-01-22,0.0107176634943,-0.006042399208,0.0201949005524,-0.0313503379766,0.078108684678,11,2000,0.000227459580046,0.00466207207084,1341
dia seguinte (D→D+1),2021-01-26,0.0585756662056,-0.00499725236983,0.0201949005524,-0.0313503379766,0.078108684678,11,2000,0.000227459580046,0.00466207207084,1341
dia seguinte (D→D+1),2021-01-27,0.00557727960386,0.0296163338569,0.0201949005524,-0.0313503379766,0.078108684678,11,2000,0.000227459580046,0.00466207207084,1341
dia seguinte (D→D+1),2021-01-28,0.112504499916,-0.027716780931,0.0201949005524,-0.0313503379766,0.078108684678,11,2000,0.000227459580046,0.00466207207084,1341
dia seguinte (D→D+1),2021-01-29,0.0532213694969,0.0117061901437,0.0201949005524,-0.0313503379766,0.078108684678,11,2000,0.000227459580046,0.00466207207084,1341
dia seguinte (D→D+1),2021-02-01,-0.0135983999112,0.00740425169343,0.0201949005524,-0.0313503379766,0.078108684678,11,2000,0.000227459580046,0.00466207207084,1341
dia seguinte (D→D+1),2021-02-02,0.0919456498963,0.0126105857875,0.0201949005524,-0.0313503379766,0.078108684678,11,2000,0.000227459580046,0.00466207207084,1341
dia seguinte (D→D+1),2021-02-03,0.0278974334311,-0.00387554813113,0.0201949005524,-0.0313503379766,0.078108684678,11,2000,0.000227459580046,0.00466207207084,1341
dia seguinte (D→D+1),2021-02-04,0.113124185149,0.00556762059684,0.0201949005524,-0.0313503379766,0.078108684678,11,2000,0.000227459580046,0.00466207207084,1341
dia seguinte (D→D+1),2021-02-05,0.0435949166449,-0.00341046487388,0.0201949005524,-0.0313503379766,0.078108684678,11,2000,0.000227459580046,0.00466207207084,1341
dia seguinte (D→D+1),2021-02-08,0.0384122080539,-0.000727936008568,0.0201949005524,-0.0313503379766,0.078108684678,11,2000,0.000227459580046,0.00466207207084,1341
dia seguinte (D→D+1),2021-02-09,0.042936960386,-0.00836480251865,0.0201949005524,-0.0313503379766,0.078108684678,11,2000,0.000227459580046,0.00466207207084,1341
dia seguinte (D→D+1),2021-02-10,0.0211037845637,0.0067972642067,0.0201949005524,-0.0313503379766,0.078108684678,11,2000,0.000227459580046,0.00466207207084,1341
dia seguinte (D→D+1),2021-02-11,0.0618791270921,-0.000998029102193,0.0201949005524,-0.0313503379766,0.078108684678,11,2000,0.000227459580046,0.00466207207084,1341
dia seguinte (D→D+1),2021-02-12,0.0846105292435,0.0107038517076,0.0201949005524,-0.0313503379766,0.078108684678,11,2000,0.000227459580046,0.00466207207084,1341
dia seguinte (D→D+1),2021-02-17,0.126668371327,-0.010391142195,0.0201949005524,-0.0313503379766,0.078108684678,11,2000,0.000227459580046,0.00466207207084,1341
dia seguinte (D→D+1),2021-02-18,0.00321173501283,-0.00329024676851,0.0201949005524,-0.0313503379766,0.078108684678,11,2000,0.000227459580046,0.00466207207084,1341
dia seguinte (D→D+1),2021-02-19,-0.0565473638348,-0.0512008623303,0.0201949005524,-0.0313503379766,0.078108684678,11,2000,0.000227459580046,0.00466207207084,1341
dia seguinte (D→D+1),2021-02-22,-0.000630785459558,0.0227127489616,0.0201949005524,-0.0313503379766,0.078108684678,11,2000,0.000227459580046,0.00466207207084,1341
dia seguinte (D→D+1),2021-02-23,0.086724558017,0.00382722799344,0.0201949005524,-0.0313503379766,0.078108684678,11,2000,0.000227459580046,0.00466207207084,1341
dia seguinte (D→D+1),2021-02-24,-0.0114792540401,-0.0294982190407,0.0201949005524,-0.0313503379766,0.078108684678,11,2000,0.000227459580046,0.00466207207084,1341
dia seguinte (D→D+1),2021-02-25,-0.014523792682,-0.0197851339795,0.0201949005524,-0.0313503379766,0.078108684678,11,2000,0.000227459580046,0.00466207207084,1341
dia seguinte (D→D+1),2021-02-26,0.0482822630998,0.0027264052347,0.0201949005524,-0.0313503379766,0.078108684678,11,2000,0.000227459580046,0.00466207207084,1341
dia seguinte (D→D+1),2021-03-01,0.0209536748388,0.010921285177,0.0201949005524,-0.0313503379766,0.078108684678,11,2000,0.000227459580046,0.00466207207084,1341
dia seguinte (D→D+1),2021-03-02,0.0791055476384,-0.00319168011476,0.0201949005524,-0.0313503379766,0.078108684678,11,2000,0.000227459580046,0.00466207207084,1341
dia seguinte (D→D+1),2021-03-03,0.0546996475114,0.013545114405,0.0201949005524,-0.0313503379766,0.078108684678,11,2000,0.000227459580046,0.00466207207084,1341
dia seguinte (D→D+1),2021-03-04,0.0505262438716,0.0222912414589,0.0201949005524,-0.0313503379766,0.078108684678,11,2000,0.000227459580046,0.00466207207084,1341
dia seguinte (D→D+1),2021-03-05,0.087256988814,-0.0398430582802,0.0201949005524,-0.0313503379766,0.078108684678,11,2000,0.000227459580046,0.00466207207084,1341
dia seguinte (D→D+1),2021-03-08,0.0115933956893,0.00650019889343,0.0201949005524,-0.0313503379766,0.078108684678,11,2000,0.000227459580046,0.00466207207084,1341
dia seguinte (D→D+1),2021-03-09,-0.0199078123463,0.0129793139377,0.0201949005524,-0.0313503379766,0.078108684678,11,2000,0.000227459580046,0.00466207207084,1341
dia seguinte (D→D+1),2021-03-10,-0.0199110848349,0.0195786337519,0.0201949005524,-0.0313503379766,0.078108684678,11,2000,0.000227459580046,0.00466207207084,1341
dia seguinte (D→D+1),2021-03-11,-0.0547482969607,-0.00716621442983,0.0201949005524,-0.0313503379766,0.078108684678,11,2000,0.000227459580046,0.00466207207084,1341
dia seguinte (D→D+1),2021-03-12,0.135303553926,0.00605290819902,0.0201949005524,-0.0313503379766,0.078108684678,11,2000,0.000227459580046,0.00466207207084,1341
dia seguinte (D→D+1),2021-03-15,0.0296410603276,-0.0072441685314,0.0201949005524,-0.0313503379766,0.078108684678,11,2000,0.000227459580046,0.00466207207084,1341
dia seguinte (D→D+1),2021-03-16,0.0162660831046,0.0221892842421,0.0201949005524,-0.0313503379766,0.078108684678,11,2000,0.000227459580046,0.00466207207084,1341
dia seguinte (D→D+1),2021-03-17,-0.0190843927964,-0.014706260886,0.0201949005524,-0.0313503379766,0.078108684678,11,2000,0.000227459580046,0.00466207207084,1341
dia seguinte (D→D+1),2021-03-18,0.123044392743,0.0120781991553,0.0201949005524,-0.0313503379766,0.078108684678,11,2000,0.000227459580046,0.00466207207084,1341
dia seguinte (D→D+1),2021-03-19,0.034555120724,-0.0106950491301,0.0201949005524,-0.0313503379766,0.078108684678,11,2000,0.000227459580046,0.00466207207084,1341
dia seguinte (D→D+1),2021-03-22,0.143436438237,-0.0149331617078,0.0201949005524,-0.0313503379766,0.078108684678,11,2000,0.000227459580046,0.00466207207084,1341
dia seguinte (D→D+1),2021-03-23,0.108386444479,-0.0105772456782,0.0201949005524,-0.0313503379766,0.078108684678,11,2000,0.000227459580046,0.00466207207084,1341
dia seguinte (D→D+1),2021-03-24,0.104287910116,0.0150449743004,0.0201949005524,-0.0313503379766,0.078108684678,11,2000,0.000227459580046,0.00466207207084,1341
dia seguinte (D→D+1),2021-03-25,0.0113185548385,0.00906373626374,0.0201949005524,-0.0313503379766,0.078108684678,11,2000,0.000227459580046,0.00466207207084,1341
dia seguinte (D→D+1),2021-03-26,0.0388135251453,0.00555841123531,0.0201949005524,-0.0313503379766,0.078108684678,11,2000,0.000227459580046,0.00466207207084,1341
dia seguinte (D→D+1),2021-03-29,0.131489988797,0.012398305305,0.0201949005524,-0.0313503379766,0.078108684678,11,2000,0.000227459580046,0.00466207207084,1341
dia seguinte (D→D+1),2021-03-30,0.0847111786836,-0.0018485237484,0.0201949005524,-0.0313503379766,0.078108684678,11,2000,0.000227459580046,0.00466207207084,1341
dia seguinte (D→D+1),2021-03-31,0.13040913429,-0.0118404581854,0.0201949005524,-0.0313503379766,0.078108684678,11,2000,0.000227459580046,0.00466207207084,1341
dia seguinte (D→D+1),2021-04-01,0.00386579740924,0.0196524168568,0.0201949005524,-0.0313503379766,0.078108684678,11,2000,0.000227459580046,0.00466207207084,1341
dia seguinte (D→D+1),2021-04-05,-0.00942626507229,-0.000161677360064,0.0201949005524,-0.0313503379766,0.078108684678,11,2000,0.000227459580046,0.00466207207084,1341
dia seguinte (D→D+1),2021-04-06,-0.0113760266503,0.00106383884118,0.0201949005524,-0.0313503379766,0.078108684678,11,2000,0.000227459580046,0.00466207207084,1341
dia seguinte (D→D+1),2021-04-07,0.070547846533,0.00585764809903,0.0201949005524,-0.0313503379766,0.078108684678,11,2000,0.000227459580046,0.00466207207084,1341
dia seguinte (D→D+1),2021-04-08,0.0135576080998,-0.00543473667306,0.0201949005524,-0.0313503379766,0.078108684678,11,2000,0.000227459580046,0.00466207207084,1341
dia seguinte (D→D+1),2021-04-09,-0.0303066281722,0.00970510750404,0.0201949005524,-0.0313503379766,0.078108684678,11,2000,0.000227459580046,0.00466207207084,1341
dia seguinte (D→D+1),2021-04-12,-0.0726187014844,0.00408207925125,0.0201949005524,-0.0313503379766,0.078108684678,11,2000,0.000227459580046,0.00466207207084,1341
dia seguinte (D→D+1),2021-04-13,0.144377274474,0.00836567558279,0.0201949005524,-0.0313503379766,0.078108684678,11,2000,0.000227459580046,0.00466207207084,1341
dia seguinte (D→D+1),2021-04-14,-0.00627253086151,0.00337503636893,0.0201949005524,-0.0313503379766,0.078108684678,11,2000,0.000227459580046,0.00466207207084,1341
dia seguinte (D→D+1),2021-04-15,-0.0397849968891,0.00342167836223,0.0201949005524,-0.0313503379766,0.078108684678,11,2000,0.000227459580046,0.00466207207084,1341
dia seguinte (D→D+1),2021-04-16,-0.0197920083001,-0.00148620308139,0.0201949005524,-0.0313503379766,0.078108684678,11,2000,0.000227459580046,0.00466207207084,1341
dia seguinte (D→D+1),2021-04-19,-0.00707014910782,-0.00721054459457,0.0201949005524,-0.0313503379766,0.078108684678,11,2000,0.000227459580046,0.00466207207084,1341
dia seguinte (D→D+1),2021-04-20,0.0296379150695,-0.00575535973081,0.0201949005524,-0.0313503379766,0.078108684678,11,2000,0.000227459580046,0.00466207207084,1341
dia seguinte (D→D+1),2021-04-22,-0.0513454817719,0.00970922585888,0.0201949005524,-0.0313503379766,0.078108684678,11,2000,0.000227459580046,0.00466207207084,1341
dia seguinte (D→D+1),2021-04-23,-0.0317185605575,0.000539284825355,0.0201949005524,-0.0313503379766,0.078108684678,11,2000,0.000227459580046,0.00466207207084,1341
dia seguinte (D→D+1),2021-04-26,-0.116507479471,-0.0100087068286,0.0201949005524,-0.0313503379766,0.078108684678,11,2000,0.000227459580046,0.00466207207084,1341
dia seguinte (D→D+1),2021-04-27,-0.0435473189125,0.0139461252387,0.0201949005524,-0.0313503379766,0.078108684678,11,2000,0.000227459580046,0.00466207207084,1341
dia seguinte (D→D+1),2021-04-28,0.0317075117947,-0.00815345344601,0.0201949005524,-0.0313503379766,0.078108684678,11,2000,0.000227459580046,0.00466207207084,1341
dia seguinte (D→D+1),2021-04-29,-0.0354063865867,-0.00976129795279,0.0201949005524,-0.0313503379766,0.078108684678,11,2000,0.000227459580046,0.00466207207084,1341
dia seguinte (D→D+1),2021-04-30,0.0352031738984,0.00264941881003,0.0201949005524,-0.0313503379766,0.078108684678,11,2000,0.000227459580046,0.00466207207084,1341
dia seguinte (D→D+1),2021-05-03,-0.0562209791989,-0.0125577766779,0.0201949005524,-0.0313503379766,0.078108684678,11,2000,0.000227459580046,0.00466207207084,1341
dia seguinte (D→D+1),2021-05-04,0.0179336462933,0.01573331521,0.0201949005524,-0.0313503379766,0.078108684678,11,2000,0.000227459580046,0.00466207207084,1341
dia seguinte (D→D+1),2021-05-05,0.0102641171369,0.00298584858319,0.0201949005524,-0.0313503379766,0.078108684678,11,2000,0.000227459580046,0.00466207207084,1341
dia seguinte (D→D+1),2021-05-06,-0.064609615787,0.0176532884149,0.0201949005524,-0.0313503379766,0.078108684678,11,2000,0.000227459580046,0.00466207207084,1341
dia seguinte (D→D+1),2021-05-07,-0.0265021980578,-0.00105704780478,0.0201949005524,-0.0313503379766,0.078108684678,11,2000,0.000227459580046,0.00466207207084,1341
dia seguinte (D→D+1),2021-05-10,0.0455318567119,0.00865399601342,0.0201949005524,-0.0313503379766,0.078108684678,11,2000,0.000227459580046,0.00466207207084,1341
dia seguinte (D→D+1),2021-05-11,-0.0021940072753,-0.0264630298299,0.0201949005524,-0.0313503379766,0.078108684678,11,2000,0.000227459580046,0.00466207207084,1341
dia seguinte (D→D+1),2021-05-12,-0.0197545312224,0.00832010692507,0.0201949005524,-0.0313503379766,0.078108684678,11,2000,0.000227459580046,0.00466207207084,1341
dia seguinte (D→D+1),2021-05-13,-0.137934560905,0.00973439597037,0.0201949005524,-0.0313503379766,0.078108684678,11,2000,0.000227459580046,0.00466207207084,1341
dia seguinte (D→D+1),2021-05-14,-0.0353461442986,0.00867239356421,0.0201949005524,-0.0313503379766,0.078108684678,11,2000,0.000227459580046,0.00466207207084,1341
dia seguinte (D→D+1),2021-05-17,-0.00770487760149,0.000341635621207,0.0201949005524,-0.0313503379766,0.078108684678,11,2000,0.000227459580046,0.00466207207084,1341
dia seguinte (D→D+1),2021-05-18,-0.0655761911965,-0.0027972027972,0.0201949005524,-0.0313503379766,0.078108684678,11,2000,0.000227459580046,0.00466207207084,1341
dia seguinte (D→D+1),2021-05-19,-0.0280596149947,0.0005300238103,0.0201949005524,-0.0313503379766,0.078108684678,11,2000,0.000227459580046,0.00466207207084,1341
dia seguinte (D→D+1),2021-05-20,-0.00379849353561,-0.000888338318351,0.0201949005524,-0.0313503379766,0.078108684678,11,2000,0.000227459580046,0.00466207207084,1341
dia seguinte (D→D+1),2021-05-21,0.0061644805482,0.0117462803446,0.0201949005524,-0.0313503379766,0.078108684678,11,2000,0.000227459580046,0.00466207207084,1341
dia seguinte (D→D+1),2021-05-24,-0.00383174795426,-0.00841718266254,0.0201949005524,-0.0313503379766,0.078108684678,11,2000,0.000227459580046,0.00466207207084,1341
dia seguinte (D→D+1),2021-05-25,0.0215124595898,0.00813900543142,0.0201949005524,-0.0313503379766,0.078108684678,11,2000,0.000227459580046,0.00466207207084,1341
dia seguinte (D→D+1),2021-05-26,-0.0682520658202,0.0030486575422,0.0201949005524,-0.0313503379766,0.078108684678,11,2000,0.000227459580046,0.00466207207084,1341
dia seguinte (D→D+1),2021-05-27,0.0153670368057,0.00960061752716,0.0201949005524,-0.0313503379766,0.078108684678,11,2000,0.000227459580046,0.00466207207084,1341
dia seguinte (D→D+1),2021-05-28,0.0221181413235,0.00521658795327,0.0201949005524,-0.0313503379766,0.078108684678,11,2000,0.000227459580046,0.00466207207084,1341
dia seguinte (D→D+1),2021-05-31,0.00216682753244,0.0162499207707,0.0201949005524,-0.0313503379766,0.078108684678,11,2000,0.000227459580046,0.00466207207084,1341
dia seguinte (D→D+1),2021-06-01,0.125163575619,0.0104001808727,0.0201949005524,-0.0313503379766,0.078108684678,11,2000,0.000227459580046,0.00466207207084,1341
dia seguinte (D→D+1),2021-06-02,0.110886778253,0.00405089466902,0.0201949005524,-0.0313503379766,0.078108684678,11,2000,0.000227459580046,0.00466207207084,1341
dia seguinte (D→D+1),2021-06-04,-0.0893770008357,0.00499515853865,0.0201949005524,-0.0313503379766,0.078108684678,11,2000,0.000227459580046,0.00466207207084,1341
dia seguinte (D→D+1),2021-06-07,0.00224138691352,-0.00756254970331,0.0201949005524,-0.0313503379766,0.078108684678,11,2000,0.000227459580046,0.00466207207084,1341
dia seguinte (D→D+1),2021-06-08,0.00243970188886,0.000924591831231,0.0201949005524,-0.0313503379766,0.078108684678,11,2000,0.000227459580046,0.00466207207084,1341
dia seguinte (D→D+1),2021-06-09,0.00387107272828,0.00130093066578,0.0201949005524,-0.0313503379766,0.078108684678,11,2000,0.000227459580046,0.00466207207084,1341
dia seguinte (D→D+1),2021-06-10,0.0147107689885,-0.00488176143178,0.0201949005524,-0.0313503379766,0.078108684678,11,2000,0.000227459580046,0.00466207207084,1341
dia seguinte (D→D+1),2021-06-11,-0.0284356711516,0.00592547956212,0.0201949005524,-0.0313503379766,0.078108684678,11,2000,0.000227459580046,0.00466207207084,1341
dia seguinte (D→D+1),2021-06-14,-0.0392112511168,-0.000898562300319,0.0201949005524,-0.0313503379766,0.078108684678,11,2000,0.000227459580046,0.00466207207084,1341
dia seguinte (D→D+1),2021-06-15,-0.00999830962535,-0.00639552313381,0.0201949005524,-0.0313503379766,0.078108684678,11,2000,0.000227459580046,0.00466207207084,1341
dia seguinte (D→D+1),2021-06-16,0.00423853907783,-0.00929915905275,0.0201949005524,-0.0313503379766,0.078108684678,11,2000,0.000227459580046,0.00466207207084,1341
dia seguinte (D→D+1),2021-06-17,0.0161311983039,0.00271753984554,0.0201949005524,-0.0313503379766,0.078108684678,11,2000,0.000227459580046,0.00466207207084,1341
dia seguinte (D→D+1),2021-06-18,-0.0758536596182,0.00669755850629,0.0201949005524,-0.0313503379766,0.078108684678,11,2000,0.000227459580046,0.00466207207084,1341
dia seguinte (D→D+1),2021-06-21,-0.0202221004764,-0.0038525509612,0.0201949005524,-0.0313503379766,0.078108684678,11,2000,0.000227459580046,0.00466207207084,1341
dia seguinte (D→D+1),2021-06-22,0.044279095161,-0.0026326620951,0.0201949005524,-0.0313503379766,0.078108684678,11,2000,0.000227459580046,0.00466207207084,1341
dia seguinte (D→D+1),2021-06-23,0.0158175398634,0.00845609991591,0.0201949005524,-0.0313503379766,0.078108684678,11,2000,0.000227459580046,0.00466207207084,1341
dia seguinte (D→D+1),2021-06-24,-0.0459564889886,-0.0174344086354,0.0201949005524,-0.0313503379766,0.078108684678,11,2000,0.000227459580046,0.00466207207084,1341
dia seguinte (D→D+1),2021-06-25,0.00998182866933,0.00135946438675,0.0201949005524,-0.0313503379766,0.078108684678,11,2000,0.000227459580046,0.00466207207084,1341
dia seguinte (D→D+1),2021-06-28,-0.00701891449973,-0.000800445738411,0.0201949005524,-0.0313503379766,0.078108684678,11,2000,0.000227459580046,0.00466207207084,1341
dia seguinte (D→D+1),2021-06-29,-0.0367144907754,-0.00412324173192,0.0201949005524,-0.0313503379766,0.078108684678,11,2000,0.000227459580046,0.00466207207084,1341
dia seguinte (D→D+1),2021-06-30,0.00869008286283,-0.00895884922951,0.0201949005524,-0.0313503379766,0.078108684678,11,2000,0.000227459580046,0.00466207207084,1341
dia seguinte (D→D+1),2021-07-01,0.0713623063229,0.0155650693107,0.0201949005524,-0.0313503379766,0.078108684678,11,2000,0.000227459580046,0.00466207207084,1341
dia seguinte (D→D+1),2021-07-02,0.0196915793099,-0.00550061901553,0.0201949005524,-0.0313503379766,0.078108684678,11,2000,0.000227459580046,0.00466207207084,1341
dia seguinte (D→D+1),2021-07-05,0.0334132551133,-0.0143791364639,0.0201949005524,-0.0313503379766,0.078108684678,11,2000,0.000227459580046,0.00466207207084,1341
dia seguinte (D→D+1),2021-07-06,0.0465314696022,0.0153803109637,0.0201949005524,-0.0313503379766,0.078108684678,11,2000,0.000227459580046,0.00466207207084,1341
dia seguinte (D→D+1),2021-07-07,0.0102211349929,-0.0125256851337,0.0201949005524,-0.0313503379766,0.078108684678,11,2000,0.000227459580046,0.00466207207084,1341
dia seguinte (D→D+1),2021-07-08,0.22176816504,0.0172688713844,0.0201949005524,-0.0313503379766,0.078108684678,11,2000,0.000227459580046,0.00466207207084,1341
dia seguinte (D→D+1),2021-07-12,0.0130126682438,0.00449864413687,0.0201949005524,-0.0313503379766,0.078108684678,11,2000,0.000227459580046,0.00466207207084,1341
dia seguinte (D→D+1),2021-07-13,-0.0903520831056,0.00186474002871,0.0201949005524,-0.0313503379766,0.078108684678,11,2000,0.000227459580046,0.00466207207084,1341
dia seguinte (D→D+1),2021-07-14,-0.00660768695716,-0.0073126854455,0.0201949005524,-0.0313503379766,0.078108684678,11,2000,0.000227459580046,0.00466207207084,1341
dia seguinte (D→D+1),2021-07-15,-0.0574766187591,-0.0118304201839,0.0201949005524,-0.0313503379766,0.078108684678,11,2000,0.000227459580046,0.00466207207084,1341
dia seguinte (D→D+1),2021-07-16,-0.0285134333756,-0.0124245792315,0.0201949005524,-0.0313503379766,0.078108684678,11,2000,0.000227459580046,0.00466207207084,1341
dia seguinte (D→D+1),2021-07-19,0.11439074488,0.00808714176615,0.0201949005524,-0.0313503379766,0.078108684678,11,2000,0.000227459580046,0.00466207207084,1341
dia seguinte (D→D+1),2021-07-20,-0.0518670000868,0.00421049273929,0.0201949005524,-0.0313503379766,0.078108684678,11,2000,0.000227459580046,0.00466207207084,1341
dia seguinte (D→D+1),2021-07-21,-0.0418771168315,0.00173113421055,0.0201949005524,-0.0313503379766,0.078108684678,11,2000,0.000227459580046,0.00466207207084,1341
dia seguinte (D→D+1),2021-07-22,-0.0319129932262,-0.00867242185704,0.0201949005524,-0.0313503379766,0.078108684678,11,2000,0.000227459580046,0.00466207207084,1341
dia seguinte (D→D+1),2021-07-23,0.0567372019985,0.00760477557516,0.0201949005524,-0.0313503379766,0.078108684678,11,2000,0.000227459580046,0.00466207207084,1341
dia seguinte (D→D+1),2021-07-26,0.0320065935605,-0.0110472683407,0.0201949005524,-0.0313503379766,0.078108684678,11,2000,0.000227459580046,0.00466207207084,1341
dia seguinte (D→D+1),2021-07-27,0.010873362224,0.0134336981992,0.0201949005524,-0.0313503379766,0.078108684678,11,2000,0.000227459580046,0.00466207207084,1341
dia seguinte (D→D+1),2021-07-28,-0.0617976781994,-0.00483822434791,0.0201949005524,-0.0313503379766,0.078108684678,11,2000,0.000227459580046,0.00466207207084,1341
dia seguinte (D→D+1),2021-07-29,-0.0285211720135,-0.0308255420728,0.0201949005524,-0.0313503379766,0.078108684678,11,2000,0.000227459580046,0.00466207207084,1341
dia seguinte (D→D+1),2021-07-30,0.0348072286133,0.00587023095048,0.0201949005524,-0.0313503379766,0.078108684678,11,2000,0.000227459580046,0.00466207207084,1341
dia seguinte (D→D+1),2021-08-02,-0.0332068210372,0.00866009337556,0.0201949005524,-0.0313503379766,0.078108684678,11,2000,0.000227459580046,0.00466207207084,1341
dia seguinte (D→D+1),2021-08-03,0.0971357195448,-0.0143716063669,0.0201949005524,-0.0313503379766,0.078108684678,11,2000,0.000227459580046,0.00466207207084,1341
dia seguinte (D→D+1),2021-08-04,-0.00362284115579,-0.00137929902053,0.0201949005524,-0.0313503379766,0.078108684678,11,2000,0.000227459580046,0.00466207207084,1341
dia seguinte (D→D+1),2021-08-05,-0.00106290729488,0.00967665025117,0.0201949005524,-0.0313503379766,0.078108684678,11,2000,0.000227459580046,0.00466207207084,1341
dia seguinte (D→D+1),2021-08-06,0.0158705376263,0.00170181581304,0.0201949005524,-0.0313503379766,0.078108684678,11,2000,0.000227459580046,0.00466207207084,1341
dia seguinte (D→D+1),2021-08-09,0.0831123958873,-0.00664125053853,0.0201949005524,-0.0313503379766,0.078108684678,11,2000,0.000227459580046,0.00466207207084,1341
dia seguinte (D→D+1),2021-08-10,0.0199848090397,-0.00119474313023,0.0201949005524,-0.0313503379766,0.078108684678,11,2000,0.000227459580046,0.00466207207084,1341
dia seguinte (D→D+1),2021-08-11,0.0204504540583,-0.0111014616242,0.0201949005524,-0.0313503379766,0.078108684678,11,2000,0.000227459580046,0.00466207207084,1341
dia seguinte (D→D+1),2021-08-12,0.0324901553117,0.00408447320238,0.0201949005524,-0.0313503379766,0.078108684678,11,2000,0.000227459580046,0.00466207207084,1341
dia seguinte (D→D+1),2021-08-13,0.0614186887583,-0.0166179843887,0.0201949005524,-0.0313503379766,0.078108684678,11,2000,0.000227459580046,0.00466207207084,1341
dia seguinte (D→D+1),2021-08-16,0.162328449735,-0.0107064943783,0.0201949005524,-0.0313503379766,0.078108684678,11,2000,0.000227459580046,0.00466207207084,1341
dia seguinte (D→D+1),2021-08-17,0.116226129396,-0.0106951418103,0.0201949005524,-0.0313503379766,0.078108684678,11,2000,0.000227459580046,0.00466207207084,1341
dia seguinte (D→D+1),2021-08-18,0.0432874026561,0.00447519353926,0.0201949005524,-0.0313503379766,0.078108684678,11,2000,0.000227459580046,0.00466207207084,1341
dia seguinte (D→D+1),2021-08-19,0.00045059446804,0.00757905517859,0.0201949005524,-0.0313503379766,0.078108684678,11,2000,0.000227459580046,0.00466207207084,1341
dia seguinte (D→D+1),2021-08-20,-0.0318390204484,-0.0049215183011,0.0201949005524,-0.0313503379766,0.078108684678,11,2000,0.000227459580046,0.00466207207084,1341
dia seguinte (D→D+1),2021-08-23,-0.000970953158347,0.0233161944974,0.0201949005524,-0.0313503379766,0.078108684678,11,2000,0.000227459580046,0.00466207207084,1341
dia seguinte (D→D+1),2021-08-24,0.00747607255993,0.0050494547088,0.0201949005524,-0.0313503379766,0.078108684678,11,2000,0.000227459580046,0.00466207207084,1341
dia seguinte (D→D+1),2021-08-25,-0.030905473694,-0.017331854525,0.0201949005524,-0.0313503379766,0.078108684678,11,2000,0.000227459580046,0.00466207207084,1341
dia seguinte (D→D+1),2021-08-26,0.00644373069137,0.0164583403524,0.0201949005524,-0.0313503379766,0.078108684678,11,2000,0.000227459580046,0.00466207207084,1341
dia seguinte (D→D+1),2021-08-27,-0.0289134110463,-0.00777275062563,0.0201949005524,-0.0313503379766,0.078108684678,11,2000,0.000227459580046,0.00466207207084,1341
dia seguinte (D→D+1),2021-08-30,0.0300202221357,-0.00800901954234,0.0201949005524,-0.0313503379766,0.078108684678,11,2000,0.000227459580046,0.00466207207084,1341
dia seguinte (D→D+1),2021-08-31,0.0399751710102,0.00517759574343,0.0201949005524,-0.0313503379766,0.078108684678,11,2000,0.000227459580046,0.00466207207084,1341
dia seguinte (D→D+1),2021-09-01,0.00911276962236,-0.022772957218,0.0201949005524,-0.0313503379766,0.078108684678,11,2000,0.000227459580046,0.00466207207084,1341
dia seguinte (D→D+1),2021-09-02,-0.0322097512429,0.00219409138048,0.0201949005524,-0.0313503379766,0.078108684678,11,2000,0.000227459580046,0.00466207207084,1341
dia seguinte (D→D+1),2021-09-03,-0.0259890606088,0.0080045838215,0.0201949005524,-0.0313503379766,0.078108684678,11,2000,0.000227459580046,0.00466207207084,1341
dia seguinte (D→D+1),2021-09-06,0.0291082554102,-0.0378046814684,0.0201949005524,-0.0313503379766,0.078108684678,11,2000,0.000227459580046,0.00466207207084,1341
dia seguinte (D→D+1),2021-09-08,0.0620904783224,0.017176161463,0.0201949005524,-0.0313503379766,0.078108684678,11,2000,0.000227459580046,0.00466207207084,1341
dia seguinte (D→D+1),2021-09-09,0.0735773657944,-0.00931857386812,0.0201949005524,-0.0313503379766,0.078108684678,11,2000,0.000227459580046,0.00466207207084,1341
dia seguinte (D→D+1),2021-09-10,0.0135741121361,0.0185324536689,0.0201949005524,-0.0313503379766,0.078108684678,11,2000,0.000227459580046,0.00466207207084,1341
dia seguinte (D→D+1),2021-09-13,0.0180739106483,-0.00191574172709,0.0201949005524,-0.0313503379766,0.078108684678,11,2000,0.000227459580046,0.00466207207084,1341
dia seguinte (D→D+1),2021-09-14,-0.0410866070009,-0.00962291596733,0.0201949005524,-0.0313503379766,0.078108684678,11,2000,0.000227459580046,0.00466207207084,1341
dia seguinte (D→D+1),2021-09-15,0.0580850485754,-0.0110287407768,0.0201949005524,-0.0313503379766,0.078108684678,11,2000,0.000227459580046,0.00466207207084,1341
dia seguinte (D→D+1),2021-09-16,0.0590813472669,-0.0206952914916,0.0201949005524,-0.0313503379766,0.078108684678,11,2000,0.000227459580046,0.00466207207084,1341
dia seguinte (D→D+1),2021-09-17,0.0471824689865,-0.0232862821813,0.0201949005524,-0.0313503379766,0.078108684678,11,2000,0.000227459580046,0.00466207207084,1341
dia seguinte (D→D+1),2021-09-20,0.0216180227589,0.0129175701003,0.0201949005524,-0.0313503379766,0.078108684678,11,2000,0.000227459580046,0.00466207207084,1341
dia seguinte (D→D+1),2021-09-21,0.0107141390906,0.0184308390023,0.0201949005524,-0.0313503379766,0.078108684678,11,2000,0.000227459580046,0.00466207207084,1341
dia seguinte (D→D+1),2021-09-22,-0.0775957678525,0.0158707539944,0.0201949005524,-0.0313503379766,0.078108684678,11,2000,0.000227459580046,0.00466207207084,1341
dia seguinte (D→D+1),2021-09-23,-0.0397068085447,-0.00684703324449,0.0201949005524,-0.0313503379766,0.078108684678,11,2000,0.000227459580046,0.00466207207084,1341
dia seguinte (D→D+1),2021-09-24,0.000959099696916,0.0026482349514,0.0201949005524,-0.0313503379766,0.078108684678,11,2000,0.000227459580046,0.00466207207084,1341
dia seguinte (D→D+1),2021-09-27,0.0833581565356,-0.0304535009641,0.0201949005524,-0.0313503379766,0.078108684678,11,2000,0.000227459580046,0.00466207207084,1341
dia seguinte (D→D+1),2021-09-28,0.0345054034076,0.0089263012604,0.0201949005524,-0.0313503379766,0.078108684678,11,2000,0.000227459580046,0.00466207207084,1341
dia seguinte (D→D+1),2021-09-29,0.00230636597685,-0.00115204262558,0.0201949005524,-0.0313503379766,0.078108684678,11,2000,0.000227459580046,0.00466207207084,1341
dia seguinte (D→D+1),2021-09-30,0.0439640602456,0.0173095810919,0.0201949005524,-0.0313503379766,0.078108684678,11,2000,0.000227459580046,0.00466207207084,1341
dia seguinte (D→D+1),2021-10-01,0.0517896588613,-0.0222054915855,0.0201949005524,-0.0313503379766,0.078108684678,11,2000,0.000227459580046,0.00466207207084,1341
dia seguinte (D→D+1),2021-10-04,0.0241491166779,0.000588805449621,0.0201949005524,-0.0313503379766,0.078108684678,11,2000,0.000227459580046,0.00466207207084,1341
dia seguinte (D→D+1),2021-10-05,-0.0685367224826,0.00092342790925,0.0201949005524,-0.0313503379766,0.078108684678,11,2000,0.000227459580046,0.00466207207084,1341
dia seguinte (D→D+1),2021-10-06,0.0103233671606,0.000226121562952,0.0201949005524,-0.0313503379766,0.078108684678,11,2000,0.000227459580046,0.00466207207084,1341
dia seguinte (D→D+1),2021-10-07,-0.0812607748292,0.020328254284,0.0201949005524,-0.0313503379766,0.078108684678,11,2000,0.000227459580046,0.00466207207084,1341
dia seguinte (D→D+1),2021-10-08,-0.0742282195659,-0.00578731399502,0.0201949005524,-0.0313503379766,0.078108684678,11,2000,0.000227459580046,0.00466207207084,1341
dia seguinte (D→D+1),2021-10-11,-0.00910252051448,0.0113745765734,0.0201949005524,-0.0313503379766,0.078108684678,11,2000,0.000227459580046,0.00466207207084,1341
dia seguinte (D→D+1),2021-10-13,0.0696135542601,-0.00238859117191,0.0201949005524,-0.0313503379766,0.078108684678,11,2000,0.000227459580046,0.00466207207084,1341
dia seguinte (D→D+1),2021-10-14,0.165424227576,0.0129257410434,0.0201949005524,-0.0313503379766,0.078108684678,11,2000,0.000227459580046,0.00466207207084,1341
dia seguinte (D→D+1),2021-10-15,-0.0348723159267,-0.00191891703301,0.0201949005524,-0.0313503379766,0.078108684678,11,2000,0.000227459580046,0.00466207207084,1341
dia seguinte (D→D+1),2021-10-18,0.0192259004261,-0.0328153948334,0.0201949005524,-0.0313503379766,0.078108684678,11,2000,0.000227459580046,0.00466207207084,1341
dia seguinte (D→D+1),2021-10-19,-0.0319906324181,0.00102102590514,0.0201949005524,-0.0313503379766,0.078108684678,11,2000,0.000227459580046,0.00466207207084,1341
dia seguinte (D→D+1),2021-10-20,-0.0431894327278,-0.0275395808135,0.0201949005524,-0.0313503379766,0.078108684678,11,2000,0.000227459580046,0.00466207207084,1341
dia seguinte (D→D+1),2021-10-21,0.00492792543534,-0.013356847821,0.0201949005524,-0.0313503379766,0.078108684678,11,2000,0.000227459580046,0.00466207207084,1341
dia seguinte (D→D+1),2021-10-22,-0.0577132280497,0.0227572062919,0.0201949005524,-0.0313503379766,0.078108684678,11,2000,0.000227459580046,0.00466207207084,1341
dia seguinte (D→D+1),2021-10-25,-0.0667304596217,-0.0211102423769,0.0201949005524,-0.0313503379766,0.078108684678,11,2000,0.000227459580046,0.00466207207084,1341
dia seguinte (D→D+1),2021-10-26,-0.0693794663445,-0.000535613606465,0.0201949005524,-0.0313503379766,0.078108684678,11,2000,0.000227459580046,0.00466207207084,1341
dia seguinte (D→D+1),2021-10-27,0.0414434651475,-0.00618636179875,0.0201949005524,-0.0313503379766,0.078108684678,11,2000,0.000227459580046,0.00466207207084,1341
dia seguinte (D→D+1),2021-10-28,0.0901252650204,-0.0208504801097,0.0201949005524,-0.0313503379766,0.078108684678,11,2000,0.000227459580046,0.00466207207084,1341
dia seguinte (D→D+1),2021-10-29,0.0658247305514,0.0198065719172,0.0201949005524,-0.0313503379766,0.078108684678,11,2000,0.000227459580046,0.00466207207084,1341
dia seguinte (D→D+1),2021-11-01,0.0731420151502,0.000625290144101,0.0201949005524,-0.0313503379766,0.078108684678,11,2000,0.000227459580046,0.00466207207084,1341
dia seguinte (D→D+1),2021-11-03,0.0145550318986,-0.0208773208858,0.0201949005524,-0.0313503379766,0.078108684678,11,2000,0.000227459580046,0.00466207207084,1341
dia seguinte (D→D+1),2021-11-04,0.0826358195322,0.0136541213786,0.0201949005524,-0.0313503379766,0.078108684678,11,2000,0.000227459580046,0.00466207207084,1341
dia seguinte (D→D+1),2021-11-05,-0.00242946383499,-0.000410211401969,0.0201949005524,-0.0313503379766,0.078108684678,11,2000,0.000227459580046,0.00466207207084,1341
dia seguinte (D→D+1),2021-11-08,0.0851724676499,0.00719596109982,0.0201949005524,-0.0313503379766,0.078108684678,11,2000,0.000227459580046,0.00466207207084,1341
dia seguinte (D→D+1),2021-11-09,0.00958313072058,0.00410290424977,0.0201949005524,-0.0313503379766,0.078108684678,11,2000,0.000227459580046,0.00466207207084,1341
dia seguinte (D→D+1),2021-11-10,0.058875976669,0.0165804771252,0.0201949005524,-0.0313503379766,0.078108684678,11,2000,0.000227459580046,0.00466207207084,1341
dia seguinte (D→D+1),2021-11-11,0.0256873949578,-0.0131167324205,0.0201949005524,-0.0313503379766,0.078108684678,11,2000,0.000227459580046,0.00466207207084,1341
dia seguinte (D→D+1),2021-11-12,0.0317913242259,-0.0169689216645,0.0201949005524,-0.0313503379766,0.078108684678,11,2000,0.000227459580046,0.00466207207084,1341
dia seguinte (D→D+1),2021-11-16,0.0477530593343,-0.014955792858,0.0201949005524,-0.0313503379766,0.078108684678,11,2000,0.000227459580046,0.00466207207084,1341
dia seguinte (D→D+1),2021-11-17,0.0312107332545,-0.00408956238768,0.0201949005524,-0.0313503379766,0.078108684678,11,2000,0.000227459580046,0.00466207207084,1341
dia seguinte (D→D+1),2021-11-18,0.0527352527508,0.00498419882174,0.0201949005524,-0.0313503379766,0.078108684678,11,2000,0.000227459580046,0.00466207207084,1341
dia seguinte (D→D+1),2021-11-19,-0.0310207039893,-0.00886106662784,0.0201949005524,-0.0313503379766,0.078108684678,11,2000,0.000227459580046,0.00466207207084,1341
dia seguinte (D→D+1),2021-11-22,-0.00796777850169,0.0150897945594,0.0201949005524,-0.0313503379766,0.078108684678,11,2000,0.000227459580046,0.00466207207084,1341
dia seguinte (D→D+1),2021-11-23,0.0453716360953,0.0082092935763,0.0201949005524,-0.0313503379766,0.078108684678,11,2000,0.000227459580046,0.00466207207084,1341
dia seguinte (D→D+1),2021-11-24,-0.00983821103813,0.0124098206939,0.0201949005524,-0.0313503379766,0.078108684678,11,2000,0.000227459580046,0.00466207207084,1341
dia seguinte (D→D+1),2021-11-25,-0.0640292734408,-0.0339000671008,0.0201949005524,-0.0313503379766,0.078108684678,11,2000,0.000227459580046,0.00466207207084,1341
dia seguinte (D→D+1),2021-11-26,0.124541476843,0.00577163875411,0.0201949005524,-0.0313503379766,0.078108684678,11,2000,0.000227459580046,0.00466207207084,1341
dia seguinte (D→D+1),2021-11-29,0.0444997253179,-0.00874394537709,0.0201949005524,-0.0313503379766,0.078108684678,11,2000,0.000227459580046,0.00466207207084,1341
dia seguinte (D→D+1),2021-11-30,0.0607298736915,-0.0111857920816,0.0201949005524,-0.0313503379766,0.078108684678,11,2000,0.000227459580046,0.00466207207084,1341
dia seguinte (D→D+1),2021-12-01,0.0548528992455,0.036626147358,0.0201949005524,-0.0313503379766,0.078108684678,11,2000,0.000227459580046,0.00466207207084,1341
dia seguinte (D→D+1),2021-12-02,0.0202673458778,0.0057817854613,0.0201949005524,-0.0313503379766,0.078108684678,11,2000,0.000227459580046,0.00466207207084,1341
dia seguinte (D→D+1),2021-12-03,0.0193252307949,0.0170267440754,0.0201949005524,-0.0313503379766,0.078108684678,11,2000,0.000227459580046,0.00466207207084,1341
dia seguinte (D→D+1),2021-12-06,-0.0251496015306,0.00654133016405,0.0201949005524,-0.0313503379766,0.078108684678,11,2000,0.000227459580046,0.00466207207084,1341
dia seguinte (D→D+1),2021-12-07,-0.00749645963918,0.00500195243497,0.0201949005524,-0.0313503379766,0.078108684678,11,2000,0.000227459580046,0.00466207207084,1341
dia seguinte (D→D+1),2021-12-08,0.00412274098634,-0.0166981201895,0.0201949005524,-0.0313503379766,0.078108684678,11,2000,0.000227459580046,0.00466207207084,1341
dia seguinte (D→D+1),2021-12-09,0.00948934255227,0.0138017329783,0.0201949005524,-0.0313503379766,0.078108684678,11,2000,0.000227459580046,0.00466207207084,1341
dia seguinte (D→D+1),2021-12-10,0.0358718527867,-0.00348002004492,0.0201949005524,-0.0313503379766,0.078108684678,11,2000,0.000227459580046,0.00466207207084,1341
dia seguinte (D→D+1),2021-12-13,0.0550090924773,-0.00580166320554,0.0201949005524,-0.0313503379766,0.078108684678,11,2000,0.000227459580046,0.00466207207084,1341
dia seguinte (D→D+1),2021-12-14,0.0586404814053,0.00571375046834,0.0201949005524,-0.0313503379766,0.078108684678,11,2000,0.000227459580046,0.00466207207084,1341
dia seguinte (D→D+1),2021-12-15,-0.0812234856573,0.0078420415386,0.0201949005524,-0.0313503379766,0.078108684678,11,2000,0.000227459580046,0.00466207207084,1341
dia seguinte (D→D+1),2021-12-16,0.0879739639201,-0.0093427715965,0.0201949005524,-0.0313503379766,0.078108684678,11,2000,0.000227459580046,0.00466207207084,1341
dia seguinte (D→D+1),2021-12-17,0.0129298411341,-0.0203449594687,0.0201949005524,-0.0313503379766,0.078108684678,11,2000,0.000227459580046,0.00466207207084,1341
dia seguinte (D→D+1),2021-12-20,0.0730254252285,0.00457055798895,0.0201949005524,-0.0313503379766,0.078108684678,11,2000,0.000227459580046,0.00466207207084,1341
dia seguinte (D→D+1),2021-12-21,0.0128047181201,-0.00242654028436,0.0201949005524,-0.0313503379766,0.078108684678,11,2000,0.000227459580046,0.00466207207084,1341
dia seguinte (D→D+1),2021-12-22,-0.0140196557349,-0.0033541104481,0.0201949005524,-0.0313503379766,0.078108684678,11,2000,0.000227459580046,0.00466207207084,1341
dia seguinte (D→D+1),2021-12-23,0.0307762885062,0.00610157210819,0.0201949005524,-0.0313503379766,0.078108684678,11,2000,0.000227459580046,0.00466207207084,1341
dia seguinte (D→D+1),2021-12-27,-0.00199325878802,-0.00632041769717,0.0201949005524,-0.0313503379766,0.078108684678,11,2000,0.000227459580046,0.00466207207084,1341
dia seguinte (D→D+1),2021-12-28,0.0409071088559,-0.00721887397009,0.0201949005524,-0.0313503379766,0.078108684678,11,2000,0.000227459580046,0.00466207207084,1341
dia seguinte (D→D+1),2021-12-29,-0.00971107465566,0.00686793395257,0.0201949005524,-0.0313503379766,0.078108684678,11,2000,0.000227459580046,0.00466207207084,1341
dia seguinte (D→D+1),2021-12-30,0.0814673892638,-0.00858598385835,0.0201949005524,-0.0313503379766,0.078108684678,11,2000,0.000227459580046,0.00466207207084,1341
dia seguinte (D→D+1),2022-01-03,0.0410974772329,-0.00392602143916,0.0201949005524,-0.0313503379766,0.078108684678,11,2000,0.000227459580046,0.00466207207084,1341
dia seguinte (D→D+1),2022-01-04,-0.0343364896132,-0.0242286067585,0.0201949005524,-0.0313503379766,0.078108684678,11,2000,0.000227459580046,0.00466207207084,1341
dia seguinte (D→D+1),2022-01-05,0.0281841837056,0.00549472308576,0.0201949005524,-0.0313503379766,0.078108684678,11,2000,0.000227459580046,0.00466207207084,1341
dia seguinte (D→D+1),2022-01-06,0.0358097849185,0.0114020145528,0.0201949005524,-0.0313503379766,0.078108684678,11,2000,0.000227459580046,0.00466207207084,1341
dia seguinte (D→D+1),2022-01-07,0.0199854366451,-0.00753512008489,0.0201949005524,-0.0313503379766,0.078108684678,11,2000,0.000227459580046,0.00466207207084,1341
dia seguinte (D→D+1),2022-01-10,0.0856902331996,0.017990092697,0.0201949005524,-0.0313503379766,0.078108684678,11,2000,0.000227459580046,0.00466207207084,1341
dia seguinte (D→D+1),2022-01-11,-0.0257896767855,0.018375586583,0.0201949005524,-0.0313503379766,0.078108684678,11,2000,0.000227459580046,0.00466207207084,1341
dia seguinte (D→D+1),2022-01-12,-0.0226467372614,-0.0014760706243,0.0201949005524,-0.0313503379766,0.078108684678,11,2000,0.000227459580046,0.00466207207084,1341
dia seguinte (D→D+1),2022-01-13,-0.00280166955667,0.0132474177959,0.0201949005524,-0.0313503379766,0.078108684678,11,2000,0.000227459580046,0.00466207207084,1341
dia seguinte (D→D+1),2022-01-14,-0.0941602258419,-0.00220709262307,0.0201949005524,-0.0313503379766,0.078108684678,11,2000,0.000227459580046,0.00466207207084,1341
dia seguinte (D→D+1),2022-01-17,0.00999515453763,-0.00159337157425,0.0201949005524,-0.0313503379766,0.078108684678,11,2000,0.000227459580046,0.00466207207084,1341
dia seguinte (D→D+1),2022-01-18,0.114569475591,0.0139971085785,0.0201949005524,-0.0313503379766,0.078108684678,11,2000,0.000227459580046,0.00466207207084,1341
dia seguinte (D→D+1),2022-01-19,-0.00788297622554,0.0100821197448,0.0201949005524,-0.0313503379766,0.078108684678,11,2000,0.000227459580046,0.00466207207084,1341
dia seguinte (D→D+1),2022-01-20,-0.0637265380792,-0.00146651757071,0.0201949005524,-0.0313503379766,0.078108684678,11,2000,0.000227459580046,0.00466207207084,1341
dia seguinte (D→D+1),2022-01-21,0.0259801368369,-0.0109232435608,0.0201949005524,-0.0313503379766,0.078108684678,11,2000,0.000227459580046,0.00466207207084,1341
dia seguinte (D→D+1),2022-01-24,0.0892531402575,0.0194242334249,0.0201949005524,-0.0313503379766,0.078108684678,11,2000,0.000227459580046,0.00466207207084,1341
dia seguinte (D→D+1),2022-01-25,-0.0713344340655,0.0157312576813,0.0201949005524,-0.0313503379766,0.078108684678,11,2000,0.000227459580046,0.00466207207084,1341
dia seguinte (D→D+1),2022-01-26,-0.00645383362217,0.00665035447644,0.0201949005524,-0.0313503379766,0.078108684678,11,2000,0.000227459580046,0.00466207207084,1341
dia seguinte (D→D+1),2022-01-27,-0.0465690720188,-0.00745225481904,0.0201949005524,-0.0313503379766,0.078108684678,11,2000,0.000227459580046,0.00466207207084,1341
dia seguinte (D→D+1),2022-01-28,-0.0870367353421,0.00816304562335,0.0201949005524,-0.0313503379766,0.078108684678,11,2000,0.000227459580046,0.00466207207084,1341
dia seguinte (D→D+1),2022-01-31,0.0387979103749,0.00675339004164,0.0201949005524,-0.0313503379766,0.078108684678,11,2000,0.000227459580046,0.00466207207084,1341
dia seguinte (D→D+1),2022-02-01,0.0461355859269,-0.00871432737943,0.0201949005524,-0.0313503379766,0.078108684678,11,2000,0.000227459580046,0.00466207207084,1341
dia seguinte (D→D+1),2022-02-02,-0.000311057392732,-0.00414582608928,0.0201949005524,-0.0313503379766,0.078108684678,11,2000,0.000227459580046,0.00466207207084,1341
dia seguinte (D→D+1),2022-02-03,0.0631259750787,0.00491512677267,0.0201949005524,-0.0313503379766,0.078108684678,11,2000,0.000227459580046,0.00466207207084,1341
dia seguinte (D→D+1),2022-02-04,0.0297114433898,-0.00221836161967,0.0201949005524,-0.0313503379766,0.078108684678,11,2000,0.000227459580046,0.00466207207084,1341
dia seguinte (D→D+1),2022-02-07,-0.0159823454976,0.00212507589557,0.0201949005524,-0.0313503379766,0.078108684678,11,2000,0.000227459580046,0.00466207207084,1341
dia seguinte (D→D+1),2022-02-08,-0.000432662521308,0.00202256000855,0.0201949005524,-0.0313503379766,0.078108684678,11,2000,0.000227459580046,0.00466207207084,1341
dia seguinte (D→D+1),2022-02-09,0.0622792567574,0.00798499035221,0.0201949005524,-0.0313503379766,0.078108684678,11,2000,0.000227459580046,0.00466207207084,1341
dia seguinte (D→D+1),2022-02-10,-0.0057439555832,0.00187898622959,0.0201949005524,-0.0313503379766,0.078108684678,11,2000,0.000227459580046,0.00466207207084,1341
dia seguinte (D→D+1),2022-02-11,-0.044264357677,0.00206917197901,0.0201949005524,-0.0313503379766,0.078108684678,11,2000,0.000227459580046,0.00466207207084,1341
dia seguinte (D→D+1),2022-02-14,-0.00447585158463,0.00749514528983,0.0201949005524,-0.0313503379766,0.078108684678,11,2000,0.000227459580046,0.00466207207084,1341
dia seguinte (D→D+1),2022-02-15,-0.116890511034,0.00454386882958,0.0201949005524,-0.0313503379766,0.078108684678,11,2000,0.000227459580046,0.00466207207084,1341
dia seguinte (D→D+1),2022-02-16,-0.0701437594961,-0.0143513253054,0.0201949005524,-0.0313503379766,0.078108684678,11,2000,0.000227459580046,0.00466207207084,1341
dia seguinte (D→D+1),2022-02-17,0.0644024903019,-0.00669438376436,0.0201949005524,-0.0313503379766,0.078108684678,11,2000,0.000227459580046,0.00466207207084,1341
dia seguinte (D→D+1),2022-02-18,0.0223022726137,-0.00924907775255,0.0201949005524,-0.0313503379766,0.078108684678,11,2000,0.000227459580046,0.00466207207084,1341
dia seguinte (D→D+1),2022-02-21,-0.0193310352572,0.010445289774,0.0201949005524,-0.0313503379766,0.078108684678,11,2000,0.000227459580046,0.00466207207084,1341
dia seguinte (D→D+1),2022-02-22,-0.0650443917908,-0.00783049286043,0.0201949005524,-0.0313503379766,0.078108684678,11,2000,0.000227459580046,0.00466207207084,1341
dia seguinte (D→D+1),2022-02-23,-0.0040655419827,-0.00371402042711,0.0201949005524,-0.0313503379766,0.078108684678,11,2000,0.000227459580046,0.00466207207084,1341
dia seguinte (D→D+1),2022-02-24,0.0401658838392,0.0138898845795,0.0201949005524,-0.0313503379766,0.078108684678,11,2000,0.000227459580046,0.00466207207084,1341
dia seguinte (D→D+1),2022-02-25,0.099485360308,0.0179597320182,0.0201949005524,-0.0313503379766,0.078108684678,11,2000,0.000227459580046,0.00466207207084,1341
dia seguinte (D→D+1),2022-03-02,0.0238786482474,-6.94601212079e-05,0.0201949005524,-0.0313503379766,0.078108684678,11,2000,0.000227459580046,0.00466207207084,1341
dia seguinte (D→D+1),2022-03-03,0.0427109367931,-0.00600871785075,0.0201949005524,-0.0313503379766,0.078108684678,11,2000,0.000227459580046,0.00466207207084,1341
dia seguinte (D→D+1),2022-03-04,0.067673980909,-0.0251672868948,0.0201949005524,-0.0313503379766,0.078108684678,11,2000,0.000227459580046,0.00466207207084,1341
dia seguinte (D→D+1),2022-03-07,-0.0335748843024,-0.00349484286649,0.0201949005524,-0.0313503379766,0.078108684678,11,2000,0.000227459580046,0.00466207207084,1341
dia seguinte (D→D+1),2022-03-08,0.0403421840442,0.0242529428163,0.0201949005524,-0.0313503379766,0.078108684678,11,2000,0.000227459580046,0.00466207207084,1341
dia seguinte (D→D+1),2022-03-09,0.0712303574368,-0.00208077260755,0.0201949005524,-0.0313503379766,0.078108684678,11,2000,0.000227459580046,0.00466207207084,1341
dia seguinte (D→D+1),2022-03-10,-0.00577408715077,-0.0171559786386,0.0201949005524,-0.0313503379766,0.078108684678,11,2000,0.000227459580046,0.00466207207084,1341
dia seguinte (D→D+1),2022-03-11,0.0340537616063,-0.0159784447647,0.0201949005524,-0.0313503379766,0.078108684678,11,2000,0.000227459580046,0.00466207207084,1341
dia seguinte (D→D+1),2022-03-14,0.0795602462061,-0.00881486063605,0.0201949005524,-0.0313503379766,0.078108684678,11,2000,0.000227459580046,0.00466207207084,1341
dia seguinte (D→D+1),2022-03-15,0.0629325627935,0.0197597261355,0.0201949005524,-0.0313503379766,0.078108684678,11,2000,0.000227459580046,0.00466207207084,1341
dia seguinte (D→D+1),2022-03-16,-0.127076772145,0.0176758585931,0.0201949005524,-0.0313503379766,0.078108684678,11,2000,0.000227459580046,0.00466207207084,1341
dia seguinte (D→D+1),2022-03-17,-0.0127428241841,0.0197654674732,0.0201949005524,-0.0313503379766,0.078108684678,11,2000,0.000227459580046,0.00466207207084,1341
dia seguinte (D→D+1),2022-03-18,-0.0971728634624,0.00731933640329,0.0201949005524,-0.0313503379766,0.078108684678,11,2000,0.000227459580046,0.00466207207084,1341
dia seguinte (D→D+1),2022-03-21,0.0183531160278,0.00961646076363,0.0201949005524,-0.0313503379766,0.078108684678,11,2000,0.000227459580046,0.00466207207084,1341
dia seguinte (D→D+1),2022-03-22,0.0781971827542,0.00157752916297,0.0201949005524,-0.0313503379766,0.078108684678,11,2000,0.000227459580046,0.00466207207084,1341
dia seguinte (D→D+1),2022-03-23,-0.0396697985145,0.0135879513354,0.0201949005524,-0.0313503379766,0.078108684678,11,2000,0.000227459580046,0.00466207207084,1341
dia seguinte (D→D+1),2022-03-24,-0.111580285909,0.000235189369441,0.0201949005524,-0.0313503379766,0.078108684678,11,2000,0.000227459580046,0.00466207207084,1341
dia seguinte (D→D+1),2022-03-25,-0.038722178511,-0.00288039233799,0.0201949005524,-0.0313503379766,0.078108684678,11,2000,0.000227459580046,0.00466207207084,1341
dia seguinte (D→D+1),2022-03-28,0.002047165341,0.0107463491048,0.0201949005524,-0.0313503379766,0.078108684678,11,2000,0.000227459580046,0.00466207207084,1341
dia seguinte (D→D+1),2022-03-29,-0.0274759105365,0.00204976086123,0.0201949005524,-0.0313503379766,0.078108684678,11,2000,0.000227459580046,0.00466207207084,1341
dia seguinte (D→D+1),2022-03-30,0.0319051754345,-0.00217029768834,0.0201949005524,-0.0313503379766,0.078108684678,11,2000,0.000227459580046,0.00466207207084,1341
dia seguinte (D→D+1),2022-03-31,0.0230670100034,0.0130917757648,0.0201949005524,-0.0313503379766,0.078108684678,11,2000,0.000227459580046,0.00466207207084,1341
dia seguinte (D→D+1),2022-04-01,0.00537180288814,-0.00238545693839,0.0201949005524,-0.0313503379766,0.078108684678,11,2000,0.000227459580046,0.00466207207084,1341
dia seguinte (D→D+1),2022-04-04,-0.0104210983106,-0.0197476912929,0.0201949005524,-0.0313503379766,0.078108684678,11,2000,0.000227459580046,0.00466207207084,1341
dia seguinte (D→D+1),2022-04-05,0.015086369835,-0.00552634899272,0.0201949005524,-0.0313503379766,0.078108684678,11,2000,0.000227459580046,0.00466207207084,1341
dia seguinte (D→D+1),2022-04-06,0.101436511092,0.00536251987685,0.0201949005524,-0.0313503379766,0.078108684678,11,2000,0.000227459580046,0.00466207207084,1341
dia seguinte (D→D+1),2022-04-07,-0.028265522967,-0.00454308357591,0.0201949005524,-0.0313503379766,0.078108684678,11,2000,0.000227459580046,0.00466207207084,1341
dia seguinte (D→D+1),2022-04-08,-0.00956490748245,-0.0115701222089,0.0201949005524,-0.0313503379766,0.078108684678,11,2000,0.000227459580046,0.00466207207084,1341
dia seguinte (D→D+1),2022-04-11,0.0499671227286,-0.00689165733243,0.0201949005524,-0.0313503379766,0.078108684678,11,2000,0.000227459580046,0.00466207207084,1341
dia seguinte (D→D+1),2022-04-12,-0.00463957126624,0.00546720965673,0.0201949005524,-0.0313503379766,0.078108684678,11,2000,0.000227459580046,0.00466207207084,1341
dia seguinte (D→D+1),2022-04-13,-0.0185555499964,-0.00513777808224,0.0201949005524,-0.0313503379766,0.078108684678,11,2000,0.000227459580046,0.00466207207084,1341
dia seguinte (D→D+1),2022-04-14,-0.000647875574736,-0.00426055671274,0.0201949005524,-0.0313503379766,0.078108684678,11,2000,0.000227459580046,0.00466207207084,1341
dia seguinte (D→D+1),2022-04-18,0.0643100155557,-0.00544572856069,0.0201949005524,-0.0313503379766,0.078108684678,11,2000,0.000227459580046,0.00466207207084,1341
dia seguinte (D→D+1),2022-04-19,0.0404568066462,-0.00619692847893,0.0201949005524,-0.0313503379766,0.078108684678,11,2000,0.000227459580046,0.00466207207084,1341
dia seguinte (D→D+1),2022-04-20,0.0218365051292,-0.0285629329042,0.0201949005524,-0.0313503379766,0.078108684678,11,2000,0.000227459580046,0.00466207207084,1341
dia seguinte (D→D+1),2022-04-22,0.0586000049018,-0.00353805434019,0.0201949005524,-0.0313503379766,0.078108684678,11,2000,0.000227459580046,0.00466207207084,1341
dia seguinte (D→D+1),2022-04-25,0.0453908004923,-0.022333649546,0.0201949005524,-0.0313503379766,0.078108684678,11,2000,0.000227459580046,0.00466207207084,1341
dia seguinte (D→D+1),2022-04-26,0.0426859773206,0.0104978144955,0.0201949005524,-0.0313503379766,0.078108684678,11,2000,0.000227459580046,0.00466207207084,1341
dia seguinte (D→D+1),2022-04-27,-0.0280624015639,0.00521266769701,0.0201949005524,-0.0313503379766,0.078108684678,11,2000,0.000227459580046,0.00466207207084,1341
dia seguinte (D→D+1),2022-04-28,0.0130479898437,-0.0185864136319,0.0201949005524,-0.0313503379766,0.078108684678,11,2000,0.000227459580046,0.00466207207084,1341
dia seguinte (D→D+1),2022-04-29,-0.0112354415231,-0.0114668693685,0.0201949005524,-0.0313503379766,0.078108684678,11,2000,0.000227459580046,0.00466207207084,1341
dia seguinte (D→D+1),2022-05-02,0.029475661278,-0.00104089498214,0.0201949005524,-0.0313503379766,0.078108684678,11,2000,0.000227459580046,0.00466207207084,1341
dia seguinte (D→D+1),2022-05-03,-0.0616415202534,0.0170471613097,0.0201949005524,-0.0313503379766,0.078108684678,11,2000,0.000227459580046,0.00466207207084,1341
dia seguinte (D→D+1),2022-05-04,-0.00258859227207,-0.0280587757513,0.0201949005524,-0.0313503379766,0.078108684678,11,2000,0.000227459580046,0.00466207207084,1341
dia seguinte (D→D+1),2022-05-05,-0.0488856290722,-0.0016048773076,0.0201949005524,-0.0313503379766,0.078108684678,11,2000,0.000227459580046,0.00466207207084,1341
dia seguinte (D→D+1),2022-05-06,-0.0889494295683,-0.017929328958,0.0201949005524,-0.0313503379766,0.078108684678,11,2000,0.000227459580046,0.00466207207084,1341
dia seguinte (D→D+1),2022-05-09,0.0462853185621,-0.00135593220339,0.0201949005524,-0.0313503379766,0.078108684678,11,2000,0.000227459580046,0.00466207207084,1341
dia seguinte (D→D+1),2022-05-10,0.0466767071604,0.0124818155368,0.0201949005524,-0.0313503379766,0.078108684678,11,2000,0.000227459580046,0.00466207207084,1341
dia seguinte (D→D+1),2022-05-11,0.024791327362,0.0123662557353,0.0201949005524,-0.0313503379766,0.078108684678,11,2000,0.000227459580046,0.00466207207084,1341
dia seguinte (D→D+1),2022-05-12,-0.0147708999888,0.0116947997881,0.0201949005524,-0.0313503379766,0.078108684678,11,2000,0.000227459580046,0.00466207207084,1341
dia seguinte (D→D+1),2022-05-13,-0.0931005353225,0.0122423403539,0.0201949005524,-0.0313503379766,0.078108684678,11,2000,0.000227459580046,0.00466207207084,1341
dia seguinte (D→D+1),2022-05-16,-0.00700205260895,0.00513706540519,0.0201949005524,-0.0313503379766,0.078108684678,11,2000,0.000227459580046,0.00466207207084,1341
dia seguinte (D→D+1),2022-05-17,-0.0394390674938,-0.0233663329932,0.0201949005524,-0.0313503379766,0.078108684678,11,2000,0.000227459580046,0.00466207207084,1341
dia seguinte (D→D+1),2022-05-18,0.113166668385,0.00713431908666,0.0201949005524,-0.0313503379766,0.078108684678,11,2000,0.000227459580046,0.00466207207084,1341
dia seguinte (D→D+1),2022-05-19,-0.0467643512058,0.0138591654596,0.0201949005524,-0.0313503379766,0.078108684678,11,2000,0.000227459580046,0.00466207207084,1341
dia seguinte (D→D+1),2022-05-20,-0.0400060178063,0.0171263181181,0.0201949005524,-0.0313503379766,0.078108684678,11,2000,0.000227459580046,0.00466207207084,1341
dia seguinte (D→D+1),2022-05-23,-0.0147891490626,0.00212966487231,0.0201949005524,-0.0313503379766,0.078108684678,11,2000,0.000227459580046,0.00466207207084,1341
dia seguinte (D→D+1),2022-05-24,-0.0365351555076,-9.04314484407e-06,0.0201949005524,-0.0313503379766,0.078108684678,11,2000,0.000227459580046,0.00466207207084,1341
dia seguinte (D→D+1),2022-05-25,-0.00373001007779,0.0118466268765,0.0201949005524,-0.0313503379766,0.078108684678,11,2000,0.000227459580046,0.00466207207084,1341
dia seguinte (D→D+1),2022-05-26,-0.0317942505566,0.000464742157476,0.0201949005524,-0.0313503379766,0.078108684678,11,2000,0.000227459580046,0.00466207207084,1341
dia seguinte (D→D+1),2022-05-27,-0.0881965888294,-0.00812920976934,0.0201949005524,-0.0313503379766,0.078108684678,11,2000,0.000227459580046,0.00466207207084,1341
dia seguinte (D→D+1),2022-05-30,-0.0478499869998,0.00287304560847,0.0201949005524,-0.0313503379766,0.078108684678,11,2000,0.000227459580046,0.00466207207084,1341
dia seguinte (D→D+1),2022-05-31,-0.0232272486661,8.08254977505e-05,0.0201949005524,-0.0313503379766,0.078108684678,11,2000,0.000227459580046,0.00466207207084,1341
dia seguinte (D→D+1),2022-06-01,0.0667347098556,0.00927622126437,0.0201949005524,-0.0313503379766,0.078108684678,11,2000,0.000227459580046,0.00466207207084,1341
dia seguinte (D→D+1),2022-06-02,-0.00141152144808,-0.0114864804748,0.0201949005524,-0.0313503379766,0.078108684678,11,2000,0.000227459580046,0.00466207207084,1341
dia seguinte (D→D+1),2022-06-03,0.0012200242127,-0.00824467606344,0.0201949005524,-0.0313503379766,0.078108684678,11,2000,0.000227459580046,0.00466207207084,1341
dia seguinte (D→D+1),2022-06-06,0.0285656324543,-0.00105276532409,0.0201949005524,-0.0313503379766,0.078108684678,11,2000,0.000227459580046,0.00466207207084,1341
dia seguinte (D→D+1),2022-06-07,-0.0223657108562,-0.0154628872536,0.0201949005524,-0.0313503379766,0.078108684678,11,2000,0.000227459580046,0.00466207207084,1341
dia seguinte (D→D+1),2022-06-08,0.0186127458186,-0.0117562380038,0.0201949005524,-0.0313503379766,0.078108684678,11,2000,0.000227459580046,0.00466207207084,1341
dia seguinte (D→D+1),2022-06-09,0.0401938046229,-0.0150615347265,0.0201949005524,-0.0313503379766,0.078108684678,11,2000,0.000227459580046,0.00466207207084,1341
dia seguinte (D→D+1),2022-06-10,-0.0330827600772,-0.0273319365573,0.0201949005524,-0.0313503379766,0.078108684678,11,2000,0.000227459580046,0.00466207207084,1341
dia seguinte (D→D+1),2022-06-13,0.00345251613161,-0.00521452659896,0.0201949005524,-0.0313503379766,0.078108684678,11,2000,0.000227459580046,0.00466207207084,1341
dia seguinte (D→D+1),2022-06-14,-0.0410548488859,0.00728961523765,0.0201949005524,-0.0313503379766,0.078108684678,11,2000,0.000227459580046,0.00466207207084,1341
dia seguinte (D→D+1),2022-06-15,-0.0226795499888,-0.0290058069976,0.0201949005524,-0.0313503379766,0.078108684678,11,2000,0.000227459580046,0.00466207207084,1341
dia seguinte (D→D+1),2022-06-17,0.112586778746,0.000280490859003,0.0201949005524,-0.0313503379766,0.078108684678,11,2000,0.000227459580046,0.00466207207084,1341
dia seguinte (D→D+1),2022-06-20,-0.0397049555555,-0.00168247323566,0.0201949005524,-0.0313503379766,0.078108684678,11,2000,0.000227459580046,0.00466207207084,1341
dia seguinte (D→D+1),2022-06-21,-0.0486909950753,-0.00163515072478,0.0201949005524,-0.0313503379766,0.078108684678,11,2000,0.000227459580046,0.00466207207084,1341
dia seguinte (D→D+1),2022-06-22,-0.0282385415546,-0.0144892586564,0.0201949005524,-0.0313503379766,0.078108684678,11,2000,0.000227459580046,0.00466207207084,1341
dia seguinte (D→D+1),2022-06-23,0.0675960765474,0.00603588907015,0.0201949005524,-0.0313503379766,0.078108684678,11,2000,0.000227459580046,0.00466207207084,1341
dia seguinte (D→D+1),2022-06-24,0.0131765870587,0.0212015566726,0.0201949005524,-0.0313503379766,0.078108684678,11,2000,0.000227459580046,0.00466207207084,1341
dia seguinte (D→D+1),2022-06-27,-0.0803229638967,-0.00171688301377,0.0201949005524,-0.0313503379766,0.078108684678,11,2000,0.000227459580046,0.00466207207084,1341
dia seguinte (D→D+1),2022-06-28,0.0142538905378,-0.00963306856478,0.0201949005524,-0.0313503379766,0.078108684678,11,2000,0.000227459580046,0.00466207207084,1341
dia seguinte (D→D+1),2022-06-29,0.0119632932256,-0.0108409789002,0.0201949005524,-0.0313503379766,0.078108684678,11,2000,0.000227459580046,0.00466207207084,1341
dia seguinte (D→D+1),2022-06-30,0.0371441885962,0.00418095837308,0.0201949005524,-0.0313503379766,0.078108684678,11,2000,0.000227459580046,0.00466207207084,1341
dia seguinte (D→D+1),2022-07-01,0.0813517989438,-0.00348646846009,0.0201949005524,-0.0313503379766,0.078108684678,11,2000,0.000227459580046,0.00466207207084,1341
dia seguinte (D→D+1),2022-07-04,-0.0304021426843,-0.0031842935229,0.0201949005524,-0.0313503379766,0.078108684678,11,2000,0.000227459580046,0.00466207207084,1341
dia seguinte (D→D+1),2022-07-05,0.0493576248019,0.00431354595859,0.0201949005524,-0.0313503379766,0.078108684678,11,2000,0.000227459580046,0.00466207207084,1341
dia seguinte (D→D+1),2022-07-06,0.0666706216217,0.0203709518938,0.0201949005524,-0.0313503379766,0.078108684678,11,2000,0.000227459580046,0.00466207207084,1341
dia seguinte (D→D+1),2022-07-07,0.0457998375772,-0.00437804030577,0.0201949005524,-0.0313503379766,0.078108684678,11,2000,0.000227459580046,0.00466207207084,1341
dia seguinte (D→D+1),2022-07-08,-0.0689292354731,-0.0207101476732,0.0201949005524,-0.0313503379766,0.078108684678,11,2000,0.000227459580046,0.00466207207084,1341
dia seguinte (D→D+1),2022-07-11,0.0539187767256,0.000600741253615,0.0201949005524,-0.0313503379766,0.078108684678,11,2000,0.000227459580046,0.00466207207084,1341
dia seguinte (D→D+1),2022-07-12,0.0961816722633,-0.00396861739476,0.0201949005524,-0.0313503379766,0.078108684678,11,2000,0.000227459580046,0.00466207207084,1341
dia seguinte (D→D+1),2022-07-13,0.0398717276736,-0.0179810177665,0.0201949005524,-0.0313503379766,0.078108684678,11,2000,0.000227459580046,0.00466207207084,1341
dia seguinte (D→D+1),2022-07-14,0.0495246844978,0.00447352815722,0.0201949005524,-0.0313503379766,0.078108684678,11,2000,0.000227459580046,0.00466207207084,1341
dia seguinte (D→D+1),2022-07-15,0.00901499150473,0.00378038549575,0.0201949005524,-0.0313503379766,0.078108684678,11,2000,0.000227459580046,0.00466207207084,1341
dia seguinte (D→D+1),2022-07-18,-0.146064132492,0.0137129060217,0.0201949005524,-0.0313503379766,0.078108684678,11,2000,0.000227459580046,0.00466207207084,1341
dia seguinte (D→D+1),2022-07-19,0.00137675366097,0.000427502671892,0.0201949005524,-0.0313503379766,0.078108684678,11,2000,0.000227459580046,0.00466207207084,1341
dia seguinte (D→D+1),2022-07-20,0.0418454422943,0.00759001699106,0.0201949005524,-0.0313503379766,0.078108684678,11,2000,0.000227459580046,0.00466207207084,1341
dia seguinte (D→D+1),2022-07-21,0.000532579522441,-0.00109054557572,0.0201949005524,-0.0313503379766,0.078108684678,11,2000,0.000227459580046,0.00466207207084,1341
dia seguinte (D→D+1),2022-07-22,-0.122076691702,0.0135961587061,0.0201949005524,-0.0313503379766,0.078108684678,11,2000,0.000227459580046,0.00466207207084,1341
dia seguinte (D→D+1),2022-07-25,-0.0376178992608,-0.00496659020644,0.0201949005524,-0.0313503379766,0.078108684678,11,2000,0.000227459580046,0.00466207207084,1341
dia seguinte (D→D+1),2022-07-26,-0.030321046576,0.0166980716033,0.0201949005524,-0.0313503379766,0.078108684678,11,2000,0.000227459580046,0.00466207207084,1341
dia seguinte (D→D+1),2022-07-27,-0.0145522443938,0.0114256984562,0.0201949005524,-0.0313503379766,0.078108684678,11,2000,0.000227459580046,0.00466207207084,1341
dia seguinte (D→D+1),2022-07-28,-0.146166482603,0.00553622425607,0.0201949005524,-0.0313503379766,0.078108684678,11,2000,0.000227459580046,0.00466207207084,1341
dia seguinte (D→D+1),2022-07-29,0.008326488532,-0.00911161731207,0.0201949005524,-0.0313503379766,0.078108684678,11,2000,0.000227459580046,0.00466207207084,1341
dia seguinte (D→D+1),2022-08-01,-0.0669932778567,0.0111225238445,0.0201949005524,-0.0313503379766,0.078108684678,11,2000,0.000227459580046,0.00466207207084,1341
dia seguinte (D→D+1),2022-08-02,0.0873518789151,0.00399566571854,0.0201949005524,-0.0313503379766,0.078108684678,11,2000,0.000227459580046,0.00466207207084,1341
dia seguinte (D→D+1),2022-08-03,0.0369416647032,0.0203999036377,0.0201949005524,-0.0313503379766,0.078108684678,11,2000,0.000227459580046,0.00466207207084,1341
dia seguinte (D→D+1),2022-08-04,-0.0566922335061,0.00547727873683,0.0201949005524,-0.0313503379766,0.078108684678,11,2000,0.000227459580046,0.00466207207084,1341
dia seguinte (D→D+1),2022-08-05,-0.0397818503604,0.0181268314674,0.0201949005524,-0.0313503379766,0.078108684678,11,2000,0.000227459580046,0.00466207207084,1341
dia seguinte (D→D+1),2022-08-08,-0.0555375009457,0.0022970055903,0.0201949005524,-0.0313503379766,0.078108684678,11,2000,0.000227459580046,0.00466207207084,1341
dia seguinte (D→D+1),2022-08-09,-0.0434127587288,0.0145879927474,0.0201949005524,-0.0313503379766,0.078108684678,11,2000,0.000227459580046,0.00466207207084,1341
dia seguinte (D→D+1),2022-08-10,-0.0738416089623,-0.00469900939802,0.0201949005524,-0.0313503379766,0.078108684678,11,2000,0.000227459580046,0.00466207207084,1341
dia seguinte (D→D+1),2022-08-11,-0.0442741948407,0.0277620809712,0.0201949005524,-0.0313503379766,0.078108684678,11,2000,0.000227459580046,0.00466207207084,1341
dia seguinte (D→D+1),2022-08-12,-0.0663015614228,0.00237664502856,0.0201949005524,-0.0313503379766,0.078108684678,11,2000,0.000227459580046,0.00466207207084,1341
dia seguinte (D→D+1),2022-08-15,0.070321494815,0.00424658503787,0.0201949005524,-0.0313503379766,0.078108684678,11,2000,0.000227459580046,0.00466207207084,1341
dia seguinte (D→D+1),2022-08-16,0.101682507451,0.0017266896892,0.0201949005524,-0.0313503379766,0.078108684678,11,2000,0.000227459580046,0.00466207207084,1341
dia seguinte (D→D+1),2022-08-17,0.0051786949821,0.00092341787737,0.0201949005524,-0.0313503379766,0.078108684678,11,2000,0.000227459580046,0.00466207207084,1341
dia seguinte (D→D+1),2022-08-18,-0.00476334014174,-0.0203579555938,0.0201949005524,-0.0313503379766,0.078108684678,11,2000,0.000227459580046,0.00466207207084,1341
dia seguinte (D→D+1),2022-08-19,0.0137690082116,-0.00892408696276,0.0201949005524,-0.0313503379766,0.078108684678,11,2000,0.000227459580046,0.00466207207084,1341
dia seguinte (D→D+1),2022-08-22,0.0489458973587,0.0213210740174,0.0201949005524,-0.0313503379766,0.078108684678,11,2000,0.000227459580046,0.00466207207084,1341
dia seguinte (D→D+1),2022-08-23,0.000830657726114,0.000363291599103,0.0201949005524,-0.0313503379766,0.078108684678,11,2000,0.000227459580046,0.00466207207084,1341
dia seguinte (D→D+1),2022-08-24,-0.029131040897,0.00561568849758,0.0201949005524,-0.0313503379766,0.078108684678,11,2000,0.000227459580046,0.00466207207084,1341
dia seguinte (D→D+1),2022-08-25,0.0129632461525,-0.0108603741676,0.0201949005524,-0.0313503379766,0.078108684678,11,2000,0.000227459580046,0.00466207207084,1341
dia seguinte (D→D+1),2022-08-26,-0.000533665152372,0.000213715171106,0.0201949005524,-0.0313503379766,0.078108684678,11,2000,0.000227459580046,0.00466207207084,1341
dia seguinte (D→D+1),2022-08-29,0.0746970045773,-0.0168442794441,0.0201949005524,-0.0313503379766,0.078108684678,11,2000,0.000227459580046,0.00466207207084,1341
dia seguinte (D→D+1),2022-08-30,-0.017873455297,-0.00822232887504,0.0201949005524,-0.0313503379766,0.078108684678,11,2000,0.000227459580046,0.00466207207084,1341
dia seguinte (D→D+1),2022-08-31,0.00952101621566,0.0080531030012,0.0201949005524,-0.0313503379766,0.078108684678,11,2000,0.000227459580046,0.00466207207084,1341
dia seguinte (D→D+1),2022-09-01,0.0346749529831,0.00415742040668,0.0201949005524,-0.0313503379766,0.078108684678,11,2000,0.000227459580046,0.00466207207084,1341
dia seguinte (D→D+1),2022-09-02,-0.0214849490693,0.0120778611632,0.0201949005524,-0.0313503379766,0.078108684678,11,2000,0.000227459580046,0.00466207207084,1341
dia seguinte (D→D+1),2022-09-05,-0.0342151099288,-0.0217373867009,0.0201949005524,-0.0313503379766,0.078108684678,11,2000,0.000227459580046,0.00466207207084,1341
dia seguinte (D→D+1),2022-09-06,0.00286762159682,0.00138478918407,0.0201949005524,-0.0313503379766,0.078108684678,11,2000,0.000227459580046,0.00466207207084,1341
dia seguinte (D→D+1),2022-09-08,-0.0351659268305,0.0216892900033,0.0201949005524,-0.0313503379766,0.078108684678,11,2000,0.000227459580046,0.00466207207084,1341
dia seguinte (D→D+1),2022-09-09,-0.00733967493562,0.00985752448798,0.0201949005524,-0.0313503379766,0.078108684678,11,2000,0.000227459580046,0.00466207207084,1341
dia seguinte (D→D+1),2022-09-12,-0.0554258814281,-0.0230409057642,0.0201949005524,-0.0313503379766,0.078108684678,11,2000,0.000227459580046,0.00466207207084,1341
dia seguinte (D→D+1),2022-09-13,-0.0403288544162,-0.00222936260086,0.0201949005524,-0.0313503379766,0.078108684678,11,2000,0.000227459580046,0.00466207207084,1341
dia seguinte (D→D+1),2022-09-14,0.0396835311793,-0.00536423421712,0.0201949005524,-0.0313503379766,0.078108684678,11,2000,0.000227459580046,0.00466207207084,1341
dia seguinte (D→D+1),2022-09-15,0.0416875778502,-0.00612983611328,0.0201949005524,-0.0313503379766,0.078108684678,11,2000,0.000227459580046,0.00466207207084,1341
dia seguinte (D→D+1),2022-09-16,-0.04392170348,0.0232796486091,0.0201949005524,-0.0313503379766,0.078108684678,11,2000,0.000227459580046,0.00466207207084,1341
dia seguinte (D→D+1),2022-09-19,-0.0364151659853,0.00619723851767,0.0201949005524,-0.0313503379766,0.078108684678,11,2000,0.000227459580046,0.00466207207084,1341
dia seguinte (D→D+1),2022-09-20,0.00991634821621,-0.00516366415742,0.0201949005524,-0.0313503379766,0.078108684678,11,2000,0.000227459580046,0.00466207207084,1341
dia seguinte (D→D+1),2022-09-21,-0.0100760369159,0.0190644654088,0.0201949005524,-0.0313503379766,0.078108684678,11,2000,0.000227459580046,0.00466207207084,1341
dia seguinte (D→D+1),2022-09-22,0.0944045597364,-0.0206364513018,0.0201949005524,-0.0313503379766,0.078108684678,11,2000,0.000227459580046,0.00466207207084,1341
dia seguinte (D→D+1),2022-09-23,0.102247066819,-0.0232912026925,0.0201949005524,-0.0313503379766,0.078108684678,11,2000,0.000227459580046,0.00466207207084,1341
dia seguinte (D→D+1),2022-09-26,0.0227413760228,-0.00676356837803,0.0201949005524,-0.0313503379766,0.078108684678,11,2000,0.000227459580046,0.00466207207084,1341
dia seguinte (D→D+1),2022-09-27,-0.00797994183558,0.000692035136931,0.0201949005524,-0.0313503379766,0.078108684678,11,2000,0.000227459580046,0.00466207207084,1341
dia seguinte (D→D+1),2022-09-28,0.153654976353,-0.00725673345566,0.0201949005524,-0.0313503379766,0.078108684678,11,2000,0.000227459580046,0.00466207207084,1341
dia seguinte (D→D+1),2022-09-29,-0.00439597884827,0.02204079358,0.0201949005524,-0.0313503379766,0.078108684678,11,2000,0.000227459580046,0.00466207207084,1341
dia seguinte (D→D+1),2022-09-30,0.122432004447,0.0554086352772,0.0201949005524,-0.0313503379766,0.078108684678,11,2000,0.000227459580046,0.00466207207084,1341
dia seguinte (D→D+1),2022-10-03,0.0548998133676,0.000826631305216,0.0201949005524,-0.0313503379766,0.078108684678,11,2000,0.000227459580046,0.00466207207084,1341
dia seguinte (D→D+1),2022-10-04,0.125287752037,0.00832831454874,0.0201949005524,-0.0313503379766,0.078108684678,11,2000,0.000227459580046,0.00466207207084,1341
dia seguinte (D→D+1),2022-10-05,0.0209632237201,0.00309732247991,0.0201949005524,-0.0313503379766,0.078108684678,11,2000,0.000227459580046,0.00466207207084,1341
dia seguinte (D→D+1),2022-10-06,-0.069751917145,-0.0100883796497,0.0201949005524,-0.0313503379766,0.078108684678,11,2000,0.000227459580046,0.00466207207084,1341
dia seguinte (D→D+1),2022-10-07,-0.118081356133,-0.00372932330827,0.0201949005524,-0.0313503379766,0.078108684678,11,2000,0.000227459580046,0.00466207207084,1341
dia seguinte (D→D+1),2022-10-10,0.044468726301,-0.00960833527398,0.0201949005524,-0.0313503379766,0.078108684678,11,2000,0.000227459580046,0.00466207207084,1341
dia seguinte (D→D+1),2022-10-11,0.0122861575177,-0.00458951291944,0.0201949005524,-0.0313503379766,0.078108684678,11,2000,0.000227459580046,0.00466207207084,1341
dia seguinte (D→D+1),2022-10-13,-0.0536933406299,-0.0194925634296,0.0201949005524,-0.0313503379766,0.078108684678,11,2000,0.000227459580046,0.00466207207084,1341
dia seguinte (D→D+1),2022-10-14,-0.0294663106837,0.0138482404169,0.0201949005524,-0.0313503379766,0.078108684678,11,2000,0.000227459580046,0.00466207207084,1341
dia seguinte (D→D+1),2022-10-17,0.0205719991207,0.0186492290361,0.0201949005524,-0.0313503379766,0.078108684678,11,2000,0.000227459580046,0.00466207207084,1341
dia seguinte (D→D+1),2022-10-18,-0.131875176025,0.00458775044711,0.0201949005524,-0.0313503379766,0.078108684678,11,2000,0.000227459580046,0.00466207207084,1341
dia seguinte (D→D+1),2022-10-19,0.0656258212263,0.00771453635378,0.0201949005524,-0.0313503379766,0.078108684678,11,2000,0.000227459580046,0.00466207207084,1341
dia seguinte (D→D+1),2022-10-20,0.0782519285565,0.0235382475186,0.0201949005524,-0.0313503379766,0.078108684678,11,2000,0.000227459580046,0.00466207207084,1341
dia seguinte (D→D+1),2022-10-21,0.0525379430428,-0.0326526528196,0.0201949005524,-0.0313503379766,0.078108684678,11,2000,0.000227459580046,0.00466207207084,1341
dia seguinte (D→D+1),2022-10-24,-0.00627969212414,-0.0119555567049,0.0201949005524,-0.0313503379766,0.078108684678,11,2000,0.000227459580046,0.00466207207084,1341
dia seguinte (D→D+1),2022-10-25,-0.0153174671509,-0.0162441330937,0.0201949005524,-0.0313503379766,0.078108684678,11,2000,0.000227459580046,0.00466207207084,1341
dia seguinte (D→D+1),2022-10-26,-0.0170477976393,0.0166453832784,0.0201949005524,-0.0313503379766,0.078108684678,11,2000,0.000227459580046,0.00466207207084,1341
dia seguinte (D→D+1),2022-10-27,0.0098121992625,-0.000889734039305,0.0201949005524,-0.0313503379766,0.078108684678,11,2000,0.000227459580046,0.00466207207084,1341
dia seguinte (D→D+1),2022-10-28,0.0969192475793,0.0130785147417,0.0201949005524,-0.0313503379766,0.078108684678,11,2000,0.000227459580046,0.00466207207084,1341
dia seguinte (D→D+1),2022-10-31,0.0813376411456,0.00768720321966,0.0201949005524,-0.0313503379766,0.078108684678,11,2000,0.000227459580046,0.00466207207084,1341
dia seguinte (D→D+1),2022-11-01,0.0108500827378,-0.000282222545305,0.0201949005524,-0.0313503379766,0.078108684678,11,2000,0.000227459580046,0.00466207207084,1341
dia seguinte (D→D+1),2022-11-03,0.103735316453,0.0107702573227,0.0201949005524,-0.0313503379766,0.078108684678,11,2000,0.000227459580046,0.00466207207084,1341
dia seguinte (D→D+1),2022-11-04,-0.0344788269104,-0.0238077102112,0.0201949005524,-0.0313503379766,0.078108684678,11,2000,0.000227459580046,0.00466207207084,1341
dia seguinte (D→D+1),2022-11-07,0.0176513101566,0.00709195262784,0.0201949005524,-0.0313503379766,0.078108684678,11,2000,0.000227459580046,0.00466207207084,1341
dia seguinte (D→D+1),2022-11-08,0.0200734809049,-0.0222107438017,0.0201949005524,-0.0313503379766,0.078108684678,11,2000,0.000227459580046,0.00466207207084,1341
dia seguinte (D→D+1),2022-11-09,0.0417072288204,-0.0335006163057,0.0201949005524,-0.0313503379766,0.078108684678,11,2000,0.000227459580046,0.00466207207084,1341
dia seguinte (D→D+1),2022-11-10,0.0112087548701,0.0225734456844,0.0201949005524,-0.0313503379766,0.078108684678,11,2000,0.000227459580046,0.00466207207084,1341
dia seguinte (D→D+1),2022-11-11,-0.0501921924443,0.00808887067606,0.0201949005524,-0.0313503379766,0.078108684678,11,2000,0.000227459580046,0.00466207207084,1341
dia seguinte (D→D+1),2022-11-14,0.0238300536305,-0.025786269121,0.0201949005524,-0.0313503379766,0.078108684678,11,2000,0.000227459580046,0.00466207207084,1341
dia seguinte (D→D+1),2022-11-16,0.0505584473875,-0.00489827018496,0.0201949005524,-0.0313503379766,0.078108684678,11,2000,0.000227459580046,0.00466207207084,1341
dia seguinte (D→D+1),2022-11-17,-0.0187780472208,-0.00750207378103,0.0201949005524,-0.0313503379766,0.078108684678,11,2000,0.000227459580046,0.00466207207084,1341
dia seguinte (D→D+1),2022-11-18,-0.0744561001036,0.00797207935342,0.0201949005524,-0.0313503379766,0.078108684678,11,2000,0.000227459580046,0.00466207207084,1341
dia seguinte (D→D+1),2022-11-21,-0.00688944618114,-0.00647847796771,0.0201949005524,-0.0313503379766,0.078108684678,11,2000,0.000227459580046,0.00466207207084,1341
dia seguinte (D→D+1),2022-11-22,-0.0418936069008,-0.00324660436366,0.0201949005524,-0.0313503379766,0.078108684678,11,2000,0.000227459580046,0.00466207207084,1341
dia seguinte (D→D+1),2022-11-23,0.0379134492193,0.0289649715227,0.0201949005524,-0.0313503379766,0.078108684678,11,2000,0.000227459580046,0.00466207207084,1341
dia seguinte (D→D+1),2022-11-24,-0.0864570892808,-0.0255206516977,0.0201949005524,-0.0313503379766,0.078108684678,11,2000,0.000227459580046,0.00466207207084,1341
dia seguinte (D→D+1),2022-11-25,-0.0820414585615,-0.00178936839884,0.0201949005524,-0.0313503379766,0.078108684678,11,2000,0.000227459580046,0.00466207207084,1341
dia seguinte (D→D+1),2022-11-28,0.0189377290453,0.0195620598996,0.0201949005524,-0.0313503379766,0.078108684678,11,2000,0.000227459580046,0.00466207207084,1341
dia seguinte (D→D+1),2022-11-29,0.0718134199193,0.0142097195925,0.0201949005524,-0.0313503379766,0.078108684678,11,2000,0.000227459580046,0.00466207207084,1341
dia seguinte (D→D+1),2022-11-30,0.00337913098616,-0.0138683925111,0.0201949005524,-0.0313503379766,0.078108684678,11,2000,0.000227459580046,0.00466207207084,1341
dia seguinte (D→D+1),2022-12-01,0.0170786362042,0.00899698898365,0.0201949005524,-0.0313503379766,0.078108684678,11,2000,0.000227459580046,0.00466207207084,1341
dia seguinte (D→D+1),2022-12-02,-0.022546301654,-0.0225420821272,0.0201949005524,-0.0313503379766,0.078108684678,11,2000,0.000227459580046,0.00466207207084,1341
dia seguinte (D→D+1),2022-12-05,-0.00100466512701,0.00120657032385,0.0201949005524,-0.0313503379766,0.078108684678,11,2000,0.000227459580046,0.00466207207084,1341
dia seguinte (D→D+1),2022-12-06,0.0494188771102,-0.0015703030137,0.0201949005524,-0.0313503379766,0.078108684678,11,2000,0.000227459580046,0.00466207207084,1341
dia seguinte (D→D+1),2022-12-07,-0.00309654180828,-0.0193487623559,0.0201949005524,-0.0313503379766,0.078108684678,11,2000,0.000227459580046,0.00466207207084,1341
dia seguinte (D→D+1),2022-12-08,0.0422006120924,0.00414005314933,0.0201949005524,-0.0313503379766,0.078108684678,11,2000,0.000227459580046,0.00466207207084,1341
dia seguinte (D→D+1),2022-12-09,0.023826595814,-0.022518548784,0.0201949005524,-0.0313503379766,0.078108684678,11,2000,0.000227459580046,0.00466207207084,1341
dia seguinte (D→D+1),2022-12-12,0.085264377584,-0.0130338957288,0.0201949005524,-0.0313503379766,0.078108684678,11,2000,0.000227459580046,0.00466207207084,1341
dia seguinte (D→D+1),2022-12-13,0.0242915286806,-0.000856658838024,0.0201949005524,-0.0313503379766,0.078108684678,11,2000,0.000227459580046,0.00466207207084,1341
dia seguinte (D→D+1),2022-12-14,0.000976880668482,-0.000626186141056,0.0201949005524,-0.0313503379766,0.078108684678,11,2000,0.000227459580046,0.00466207207084,1341
dia seguinte (D→D+1),2022-12-15,-0.0327974164997,-0.00880101794906,0.0201949005524,-0.0313503379766,0.078108684678,11,2000,0.000227459580046,0.00466207207084,1341
dia seguinte (D→D+1),2022-12-16,0.0527665443173,0.0165815706297,0.0201949005524,-0.0313503379766,0.078108684678,11,2000,0.000227459580046,0.00466207207084,1341
dia seguinte (D→D+1),2022-12-19,-0.0144104727698,0.0234286807615,0.0201949005524,-0.0313503379766,0.078108684678,11,2000,0.000227459580046,0.00466207207084,1341
dia seguinte (D→D+1),2022-12-20,-0.0617923993536,0.00312210807729,0.0201949005524,-0.0313503379766,0.078108684678,11,2000,0.000227459580046,0.00466207207084,1341
dia seguinte (D→D+1),2022-12-21,-0.0114831973632,3.72741419958e-05,0.0201949005524,-0.0313503379766,0.078108684678,11,2000,0.000227459580046,0.00466207207084,1341
dia seguinte (D→D+1),2022-12-22,-0.0740761813078,0.0221866060363,0.0201949005524,-0.0313503379766,0.078108684678,11,2000,0.000227459580046,0.00466207207084,1341
dia seguinte (D→D+1),2022-12-23,-0.136149157778,-0.00875129902095,0.0201949005524,-0.0313503379766,0.078108684678,11,2000,0.000227459580046,0.00466207207084,1341
dia seguinte (D→D+1),2022-12-26,-0.0295053561552,-0.00359579907668,0.0201949005524,-0.0313503379766,0.078108684678,11,2000,0.000227459580046,0.00466207207084,1341
dia seguinte (D→D+1),2022-12-27,-0.0391059153534,0.0174439532244,0.0201949005524,-0.0313503379766,0.078108684678,11,2000,0.000227459580046,0.00466207207084,1341
dia seguinte (D→D+1),2022-12-28,-0.042593562711,-0.00186870107133,0.0201949005524,-0.0313503379766,0.078108684678,11,2000,0.000227459580046,0.00466207207084,1341
dia seguinte (D→D+1),2022-12-29,-0.00213010469425,-0.0332179113159,0.0201949005524,-0.0313503379766,0.078108684678,11,2000,0.000227459580046,0.00466207207084,1341
dia seguinte (D→D+1),2023-01-02,0.0768352639614,-0.0207753628638,0.0201949005524,-0.0313503379766,0.078108684678,11,2000,0.000227459580046,0.00466207207084,1341
dia seguinte (D→D+1),2023-01-03,0.0293689919001,0.0112128717624,0.0201949005524,-0.0313503379766,0.078108684678,11,2000,0.000227459580046,0.00466207207084,1341
dia seguinte (D→D+1),2023-01-04,0.00728361356894,0.0207340459871,0.0201949005524,-0.0313503379766,0.078108684678,11,2000,0.000227459580046,0.00466207207084,1341
dia seguinte (D→D+1),2023-01-05,-0.071935365683,0.0122584125449,0.0201949005524,-0.0313503379766,0.078108684678,11,2000,0.000227459580046,0.00466207207084,1341
dia seguinte (D→D+1),2023-01-06,-0.100607972126,0.00359256128487,0.0201949005524,-0.0313503379766,0.078108684678,11,2000,0.000227459580046,0.00466207207084,1341
dia seguinte (D→D+1),2023-01-09,0.0559545721813,0.015426588664,0.0201949005524,-0.0313503379766,0.078108684678,11,2000,0.000227459580046,0.00466207207084,1341
dia seguinte (D→D+1),2023-01-10,0.00145552324358,0.00767274956722,0.0201949005524,-0.0313503379766,0.078108684678,11,2000,0.000227459580046,0.00466207207084,1341
dia seguinte (D→D+1),2023-01-11,-0.0218315478509,0.00102001556866,0.0201949005524,-0.0313503379766,0.078108684678,11,2000,0.000227459580046,0.00466207207084,1341
dia seguinte (D→D+1),2023-01-12,-0.0308565744179,-0.00858979057358,0.0201949005524,-0.0313503379766,0.078108684678,11,2000,0.000227459580046,0.00466207207084,1341
dia seguinte (D→D+1),2023-01-13,-0.104027538427,-0.0153539615565,0.0201949005524,-0.0313503379766,0.078108684678,11,2000,0.000227459580046,0.00466207207084,1341
dia seguinte (D→D+1),2023-01-16,-0.141229778448,0.0203821889336,0.0201949005524,-0.0313503379766,0.078108684678,11,2000,0.000227459580046,0.00466207207084,1341
dia seguinte (D→D+1),2023-01-17,-0.0714392011769,0.00909017489389,0.0201949005524,-0.0313503379766,0.078108684678,11,2000,0.000227459580046,0.00466207207084,1341
dia seguinte (D→D+1),2023-01-18,-0.0611756542054,0.00492654643759,0.0201949005524,-0.0313503379766,0.078108684678,11,2000,0.000227459580046,0.00466207207084,1341
dia seguinte (D→D+1),2023-01-19,-0.0595167325013,-0.00623860679964,0.0201949005524,-0.0313503379766,0.078108684678,11,2000,0.000227459580046,0.00466207207084,1341
dia seguinte (D→D+1),2023-01-20,-0.0970355548158,-0.00527154700314,0.0201949005524,-0.0313503379766,0.078108684678,11,2000,0.000227459580046,0.00466207207084,1341
dia seguinte (D→D+1),2023-01-23,-0.0229647515039,0.011807464036,0.0201949005524,-0.0313503379766,0.078108684678,11,2000,0.000227459580046,0.00466207207084,1341
dia seguinte (D→D+1),2023-01-24,-0.0495356303588,0.0103248752521,0.0201949005524,-0.0313503379766,0.078108684678,11,2000,0.000227459580046,0.00466207207084,1341
dia seguinte (D→D+1),2023-01-25,0.0864521425534,-0.000753097771356,0.0201949005524,-0.0313503379766,0.078108684678,11,2000,0.000227459580046,0.00466207207084,1341
dia seguinte (D→D+1),2023-01-26,0.0293395353439,-0.0140830258788,0.0201949005524,-0.0313503379766,0.078108684678,11,2000,0.000227459580046,0.00466207207084,1341
dia seguinte (D→D+1),2023-01-27,-0.0997129782451,-0.00545768075234,0.0201949005524,-0.0313503379766,0.078108684678,11,2000,0.000227459580046,0.00466207207084,1341
dia seguinte (D→D+1),2023-01-30,-0.0939099444239,0.0146932646933,0.0201949005524,-0.0313503379766,0.078108684678,11,2000,0.000227459580046,0.00466207207084,1341
dia seguinte (D→D+1),2023-01-31,-0.0828648234074,-0.0108251418102,0.0201949005524,-0.0313503379766,0.078108684678,11,2000,0.000227459580046,0.00466207207084,1341
dia seguinte (D→D+1),2023-02-01,-0.144089378488,-0.0210858124894,0.0201949005524,-0.0313503379766,0.078108684678,11,2000,0.000227459580046,0.00466207207084,1341
dia seguinte (D→D+1),2023-02-02,-0.0316370824463,-0.0131441306226,0.0201949005524,-0.0313503379766,0.078108684678,11,2000,0.000227459580046,0.00466207207084,1341
dia seguinte (D→D+1),2023-02-03,-0.101021120987,-0.000313392939441,0.0201949005524,-0.0313503379766,0.078108684678,11,2000,0.000227459580046,0.00466207207084,1341
dia seguinte (D→D+1),2023-02-06,-0.0336132884822,-0.004942096334,0.0201949005524,-0.0313503379766,0.078108684678,11,2000,0.000227459580046,0.00466207207084,1341
dia seguinte (D→D+1),2023-02-07,0.0240905050212,0.0181801334322,0.0201949005524,-0.0313503379766,0.078108684678,11,2000,0.000227459580046,0.00466207207084,1341
dia seguinte (D→D+1),2023-02-08,-0.0900300545769,-0.0191023097505,0.0201949005524,-0.0313503379766,0.078108684678,11,2000,0.000227459580046,0.00466207207084,1341
dia seguinte (D→D+1),2023-02-09,-0.0446251857126,0.00340498965514,0.0201949005524,-0.0313503379766,0.078108684678,11,2000,0.000227459580046,0.00466207207084,1341
dia seguinte (D→D+1),2023-02-10,-0.103927527787,0.00643550624133,0.0201949005524,-0.0313503379766,0.078108684678,11,2000,0.000227459580046,0.00466207207084,1341
dia seguinte (D→D+1),2023-02-13,-0.0222682476649,-0.0109053157672,0.0201949005524,-0.0313503379766,0.078108684678,11,2000,0.000227459580046,0.00466207207084,1341
dia seguinte (D→D+1),2023-02-14,0.0239312995801,0.0165615508225,0.0201949005524,-0.0313503379766,0.078108684678,11,2000,0.000227459580046,0.00466207207084,1341
dia seguinte (D→D+1),2023-02-15,-0.0416630629414,0.00423055134226,0.0201949005524,-0.0313503379766,0.078108684678,11,2000,0.000227459580046,0.00466207207084,1341
dia seguinte (D→D+1),2023-02-16,-0.0117368692663,-0.00547745780447,0.0201949005524,-0.0313503379766,0.078108684678,11,2000,0.000227459580046,0.00466207207084,1341
dia seguinte (D→D+1),2023-02-17,0.0116251472534,-0.019679240277,0.0201949005524,-0.0313503379766,0.078108684678,11,2000,0.000227459580046,0.00466207207084,1341
dia seguinte (D→D+1),2023-02-22,0.132125807664,0.00530088099149,0.0201949005524,-0.0313503379766,0.078108684678,11,2000,0.000227459580046,0.00466207207084,1341
dia seguinte (D→D+1),2023-02-23,0.0121147465491,-0.0171463052358,0.0201949005524,-0.0313503379766,0.078108684678,11,2000,0.000227459580046,0.00466207207084,1341
dia seguinte (D→D+1),2023-02-24,-0.0781676482411,-0.00153013516194,0.0201949005524,-0.0313503379766,0.078108684678,11,2000,0.000227459580046,0.00466207207084,1341
dia seguinte (D→D+1),2023-02-27,-0.190551603941,-0.00736914796,0.0201949005524,-0.0313503379766,0.078108684678,11,2000,0.000227459580046,0.00466207207084,1341
dia seguinte (D→D+1),2023-02-28,-0.0602047812343,-0.00521289978272,0.0201949005524,-0.0313503379766,0.078108684678,11,2000,0.000227459580046,0.00466207207084,1341
dia seguinte (D→D+1),2023-03-01,-0.128569694174,-0.0101451357954,0.0201949005524,-0.0313503379766,0.078108684678,11,2000,0.000227459580046,0.00466207207084,1341
dia seguinte (D→D+1),2023-03-02,-0.145328993264,0.00522617734162,0.0201949005524,-0.0313503379766,0.078108684678,11,2000,0.000227459580046,0.00466207207084,1341
dia seguinte (D→D+1),2023-03-03,-0.17937452619,0.00802957656981,0.0201949005524,-0.0313503379766,0.078108684678,11,2000,0.000227459580046,0.00466207207084,1341
dia seguinte (D→D+1),2023-03-06,0.0026598833638,-0.00450811843362,0.0201949005524,-0.0313503379766,0.078108684678,11,2000,0.000227459580046,0.00466207207084,1341
dia seguinte (D→D+1),2023-03-07,-0.0301746279211,0.0221821391565,0.0201949005524,-0.0313503379766,0.078108684678,11,2000,0.000227459580046,0.00466207207084,1341
dia seguinte (D→D+1),2023-03-08,0.0394246123282,-0.0137882485451,0.0201949005524,-0.0313503379766,0.078108684678,11,2000,0.000227459580046,0.00466207207084,1341
dia seguinte (D→D+1),2023-03-09,0.0258519830531,-0.0138287443729,0.0201949005524,-0.0313503379766,0.078108684678,11,2000,0.000227459580046,0.00466207207084,1341
dia seguinte (D→D+1),2023-03-10,-0.0753050136437,-0.00479646393484,0.0201949005524,-0.0313503379766,0.078108684678,11,2000,0.000227459580046,0.00466207207084,1341
dia seguinte (D→D+1),2023-03-13,0.0349079047876,-0.00183279836309,0.0201949005524,-0.0313503379766,0.078108684678,11,2000,0.000227459580046,0.00466207207084,1341
dia seguinte (D→D+1),2023-03-14,-0.152745506548,-0.00249679399992,0.0201949005524,-0.0313503379766,0.078108684678,11,2000,0.000227459580046,0.00466207207084,1341
dia seguinte (D→D+1),2023-03-15,0.0110530870479,0.00740199659119,0.0201949005524,-0.0313503379766,0.078108684678,11,2000,0.000227459580046,0.00466207207084,1341
dia seguinte (D→D+1),2023-03-16,-0.0663250855223,-0.0140474694252,0.0201949005524,-0.0313503379766,0.078108684678,11,2000,0.000227459580046,0.00466207207084,1341
dia seguinte (D→D+1),2023-03-17,-0.0187712213891,-0.0103841854445,0.0201949005524,-0.0313503379766,0.078108684678,11,2000,0.000227459580046,0.00466207207084,1341
dia seguinte (D→D+1),2023-03-20,-0.100307855708,0.000743140810321,0.0201949005524,-0.0313503379766,0.078108684678,11,2000,0.000227459580046,0.00466207207084,1341
dia seguinte (D→D+1),2023-03-21,-0.0536924726133,-0.00769322164795,0.0201949005524,-0.0313503379766,0.078108684678,11,2000,0.000227459580046,0.00466207207084,1341
dia seguinte (D→D+1),2023-03-24,-0.0801633213364,0.00850964797782,0.0201949005524,-0.0313503379766,0.078108684678,11,2000,0.000227459580046,0.00466207207084,1341
dia seguinte (D→D+1),2023-03-27,-0.00738572959062,0.0152001605297,0.0201949005524,-0.0313503379766,0.078108684678,11,2000,0.000227459580046,0.00466207207084,1341
dia seguinte (D→D+1),2023-03-28,-0.0369027119776,0.00600879577012,0.0201949005524,-0.0313503379766,0.078108684678,11,2000,0.000227459580046,0.00466207207084,1341
dia seguinte (D→D+1),2023-03-29,-0.111903004133,0.0188618077864,0.0201949005524,-0.0313503379766,0.078108684678,11,2000,0.000227459580046,0.00466207207084,1341
dia seguinte (D→D+1),2023-03-30,-0.0674956217152,-0.0176544888298,0.0201949005524,-0.0313503379766,0.078108684678,11,2000,0.000227459580046,0.00466207207084,1341
dia seguinte (D→D+1),2023-03-31,0.0469403549679,-0.00369054396262,0.0201949005524,-0.0313503379766,0.078108684678,11,2000,0.000227459580046,0.00466207207084,1341
dia seguinte (D→D+1),2023-04-03,0.0181603765408,0.00357614328217,0.0201949005524,-0.0313503379766,0.078108684678,11,2000,0.000227459580046,0.00466207207084,1341
dia seguinte (D→D+1),2023-04-04,0.00203722212839,-0.00874652740284,0.0201949005524,-0.0313503379766,0.078108684678,11,2000,0.000227459580046,0.00466207207084,1341
dia seguinte (D→D+1),2023-04-05,-0.0191394809222,-0.00154489096635,0.0201949005524,-0.0313503379766,0.078108684678,11,2000,0.000227459580046,0.00466207207084,1341
dia seguinte (D→D+1),2023-04-06,-0.159342257787,0.0101664319295,0.0201949005524,-0.0313503379766,0.078108684678,11,2000,0.000227459580046,0.00466207207084,1341
dia seguinte (D→D+1),2023-04-10,-0.0787468289425,0.042878042554,0.0201949005524,-0.0313503379766,0.078108684678,11,2000,0.000227459580046,0.00466207207084,1341
dia seguinte (D→D+1),2023-04-11,-0.110599180114,0.00636450938671,0.0201949005524,-0.0313503379766,0.078108684678,11,2000,0.000227459580046,0.00466207207084,1341
dia seguinte (D→D+1),2023-04-12,-0.118345327211,-0.00404153802975,0.0201949005524,-0.0313503379766,0.078108684678,11,2000,0.000227459580046,0.00466207207084,1341
dia seguinte (D→D+1),2023-04-13,0.0743212805657,-0.00168141426666,0.0201949005524,-0.0313503379766,0.078108684678,11,2000,0.000227459580046,0.00466207207084,1341
dia seguinte (D→D+1),2023-04-14,-0.0554385547643,-0.00247461869231,0.0201949005524,-0.0313503379766,0.078108684678,11,2000,0.000227459580046,0.00466207207084,1341
dia seguinte (D→D+1),2023-04-17,-0.0533823901032,0.00138658315726,0.0201949005524,-0.0313503379766,0.078108684678,11,2000,0.000227459580046,0.00466207207084,1341
dia seguinte (D→D+1),2023-04-18,-0.0418528843797,-0.0211938245905,0.0201949005524,-0.0313503379766,0.078108684678,11,2000,0.000227459580046,0.00466207207084,1341
dia seguinte (D→D+1),2023-04-19,0.0162090339514,0.00436903948495,0.0201949005524,-0.0313503379766,0.078108684678,11,2000,0.000227459580046,0.00466207207084,1341
dia seguinte (D→D+1),2023-04-20,-0.05392770194,-0.00402426054213,0.0201949005524,-0.0313503379766,0.078108684678,11,2000,0.000227459580046,0.00466207207084,1341
dia seguinte (D→D+1),2023-04-24,-0.123735422868,-0.00699394883931,0.0201949005524,-0.0313503379766,0.078108684678,11,2000,0.000227459580046,0.00466207207084,1341
dia seguinte (D→D+1),2023-04-25,-0.0281160326176,-0.0087967448169,0.0201949005524,-0.0313503379766,0.078108684678,11,2000,0.000227459580046,0.00466207207084,1341
dia seguinte (D→D+1),2023-04-26,-0.0623306530775,0.00597192900149,0.0201949005524,-0.0313503379766,0.078108684678,11,2000,0.000227459580046,0.00466207207084,1341
dia seguinte (D→D+1),2023-04-27,-0.0139162592592,0.0146614459353,0.0201949005524,-0.0313503379766,0.078108684678,11,2000,0.000227459580046,0.00466207207084,1341
dia seguinte (D→D+1),2023-04-28,0.00656900105007,-0.0239869005669,0.0201949005524,-0.0313503379766,0.078108684678,11,2000,0.000227459580046,0.00466207207084,1341
dia seguinte (D→D+1),2023-05-02,0.0649467678299,-0.00127542260638,0.0201949005524,-0.0313503379766,0.078108684678,11,2000,0.000227459580046,0.00466207207084,1341
dia seguinte (D→D+1),2023-05-03,0.158966914197,0.00370344902109,0.0201949005524,-0.0313503379766,0.078108684678,11,2000,0.000227459580046,0.00466207207084,1341
dia seguinte (D→D+1),2023-05-04,0.0264836502018,0.0291072092705,0.0201949005524,-0.0313503379766,0.078108684678,11,2000,0.000227459580046,0.00466207207084,1341
dia seguinte (D→D+1),2023-05-05,-0.00831314720891,0.00850230151786,0.0201949005524,-0.0313503379766,0.078108684678,11,2000,0.000227459580046,0.00466207207084,1341
dia seguinte (D→D+1),2023-05-08,-0.0885585589902,0.0101092020143,0.0201949005524,-0.0313503379766,0.078108684678,11,2000,0.000227459580046,0.00466207207084,1341
dia seguinte (D→D+1),2023-05-09,-0.255991599925,0.0031181731613,0.0201949005524,-0.0313503379766,0.078108684678,11,2000,0.000227459580046,0.00466207207084,1341
dia seguinte (D→D+1),2023-05-10,-0.0372014747306,0.00751991661083,0.0201949005524,-0.0313503379766,0.078108684678,11,2000,0.000227459580046,0.00466207207084,1341
dia seguinte (D→D+1),2023-05-11,-0.196202345918,0.0019213715637,0.0201949005524,-0.0313503379766,0.078108684678,11,2000,0.000227459580046,0.00466207207084,1341
dia seguinte (D→D+1),2023-05-12,-0.0879417010057,0.00520910163741,0.0201949005524,-0.0313503379766,0.078108684678,11,2000,0.000227459580046,0.00466207207084,1341
dia seguinte (D→D+1),2023-05-15,0.0730313893356,-0.00765851287272,0.0201949005524,-0.0313503379766,0.078108684678,11,2000,0.000227459580046,0.00466207207084,1341
dia seguinte (D→D+1),2023-05-16,-0.0528949030124,0.0117012033939,0.0201949005524,-0.0313503379766,0.078108684678,11,2000,0.000227459580046,0.00466207207084,1341
dia seguinte (D→D+1),2023-05-17,0.0339475873039,0.00591997076558,0.0201949005524,-0.0313503379766,0.078108684678,11,2000,0.000227459580046,0.00466207207084,1341
dia seguinte (D→D+1),2023-05-18,0.0350718328893,0.00578522904784,0.0201949005524,-0.0313503379766,0.078108684678,11,2000,0.000227459580046,0.00466207207084,1341
dia seguinte (D→D+1),2023-05-19,-0.0212441133253,-0.00480382861529,0.0201949005524,-0.0313503379766,0.078108684678,11,2000,0.000227459580046,0.00466207207084,1341
dia seguinte (D→D+1),2023-05-22,0.0114572894008,-0.0025768285048,0.0201949005524,-0.0313503379766,0.078108684678,11,2000,0.000227459580046,0.00466207207084,1341
dia seguinte (D→D+1),2023-05-23,0.0285998041568,-0.0102702653531,0.0201949005524,-0.0313503379766,0.078108684678,11,2000,0.000227459580046,0.00466207207084,1341
dia seguinte (D→D+1),2023-05-24,0.0691528753311,0.0115257352941,0.0201949005524,-0.0313503379766,0.078108684678,11,2000,0.000227459580046,0.00466207207084,1341
dia seguinte (D→D+1),2023-05-25,-0.0864263393455,0.00774165409708,0.0201949005524,-0.0313503379766,0.078108684678,11,2000,0.000227459580046,0.00466207207084,1341
dia seguinte (D→D+1),2023-05-26,-0.038876210761,-0.00516653742809,0.0201949005524,-0.0313503379766,0.078108684678,11,2000,0.000227459580046,0.00466207207084,1341
dia seguinte (D→D+1),2023-05-29,0.0219138418484,-0.0123807020565,0.0201949005524,-0.0313503379766,0.078108684678,11,2000,0.000227459580046,0.00466207207084,1341
dia seguinte (D→D+1),2023-05-30,-0.021812938918,-0.00579992107702,0.0201949005524,-0.0313503379766,0.078108684678,11,2000,0.000227459580046,0.00466207207084,1341
dia seguinte (D→D+1),2023-05-31,-0.0842790178654,0.0205842987031,0.0201949005524,-0.0313503379766,0.078108684678,11,2000,0.000227459580046,0.00466207207084,1341
dia seguinte (D→D+1),2023-06-01,0.000961108656257,0.0180255958034,0.0201949005524,-0.0313503379766,0.078108684678,11,2000,0.000227459580046,0.00466207207084,1341
dia seguinte (D→D+1),2023-06-02,-0.100930536045,0.00122603457773,0.0201949005524,-0.0313503379766,0.078108684678,11,2000,0.000227459580046,0.00466207207084,1341
dia seguinte (D→D+1),2023-06-05,-0.0130824164599,0.0169837438773,0.0201949005524,-0.0313503379766,0.078108684678,11,2000,0.000227459580046,0.00466207207084,1341
dia seguinte (D→D+1),2023-06-06,0.0957907086825,0.00766076258616,0.0201949005524,-0.0313503379766,0.078108684678,11,2000,0.000227459580046,0.00466207207084,1341
dia seguinte (D→D+1),2023-06-07,0.0365601224109,0.0132567885841,0.0201949005524,-0.0313503379766,0.078108684678,11,2000,0.000227459580046,0.00466207207084,1341
dia seguinte (D→D+1),2023-06-09,-0.058435592767,0.00270896179253,0.0201949005524,-0.0313503379766,0.078108684678,11,2000,0.000227459580046,0.00466207207084,1341
dia seguinte (D→D+1),2023-06-12,-0.00802185806042,-0.00505386241222,0.0201949005524,-0.0313503379766,0.078108684678,11,2000,0.000227459580046,0.00466207207084,1341
dia seguinte (D→D+1),2023-06-13,-0.0637874393333,0.0199241067987,0.0201949005524,-0.0313503379766,0.078108684678,11,2000,0.000227459580046,0.00466207207084,1341
dia seguinte (D→D+1),2023-06-14,-0.00411884461703,0.0012765707279,0.0201949005524,-0.0313503379766,0.078108684678,11,2000,0.000227459580046,0.00466207207084,1341
dia seguinte (D→D+1),2023-06-15,-0.0571621632444,-0.00388354400651,0.0201949005524,-0.0313503379766,0.078108684678,11,2000,0.000227459580046,0.00466207207084,1341
dia seguinte (D→D+1),2023-06-16,-0.0801409230922,0.00926253389245,0.0201949005524,-0.0313503379766,0.078108684678,11,2000,0.000227459580046,0.00466207207084,1341
dia seguinte (D→D+1),2023-06-19,-0.0236051915779,-0.00196899664603,0.0201949005524,-0.0313503379766,0.078108684678,11,2000,0.000227459580046,0.00466207207084,1341
dia seguinte (D→D+1),2023-06-20,0.0561435044573,0.00667101369313,0.0201949005524,-0.0313503379766,0.078108684678,11,2000,0.000227459580046,0.00466207207084,1341
dia seguinte (D→D+1),2023-06-21,0.0956541631823,-0.0123401428334,0.0201949005524,-0.0313503379766,0.078108684678,11,2000,0.000227459580046,0.00466207207084,1341
dia seguinte (D→D+1),2023-06-22,0.013737763957,0.000361545058604,0.0201949005524,-0.0313503379766,0.078108684678,11,2000,0.000227459580046,0.00466207207084,1341
dia seguinte (D→D+1),2023-06-23,0.0145419794414,-0.0061692596048,0.0201949005524,-0.0313503379766,0.078108684678,11,2000,0.000227459580046,0.00466207207084,1341
dia seguinte (D→D+1),2023-06-26,0.0304278906609,-0.00608915538341,0.0201949005524,-0.0313503379766,0.078108684678,11,2000,0.000227459580046,0.00466207207084,1341
dia seguinte (D→D+1),2023-06-27,0.0481770612961,-0.00716455502327,0.0201949005524,-0.0313503379766,0.078108684678,11,2000,0.000227459580046,0.00466207207084,1341
dia seguinte (D→D+1),2023-06-28,-0.0407429891004,0.0145867793385,0.0201949005524,-0.0313503379766,0.078108684678,11,2000,0.000227459580046,0.00466207207084,1341
dia seguinte (D→D+1),2023-06-29,0.0964235983042,-0.00250035900425,0.0201949005524,-0.0313503379766,0.078108684678,11,2000,0.000227459580046,0.00466207207084,1341
dia seguinte (D→D+1),2023-06-30,0.0669760196463,0.0134307756146,0.0201949005524,-0.0313503379766,0.078108684678,11,2000,0.000227459580046,0.00466207207084,1341
dia seguinte (D→D+1),2023-07-03,0.00515678606422,-0.00498859391843,0.0201949005524,-0.0313503379766,0.078108684678,11,2000,0.000227459580046,0.00466207207084,1341
dia seguinte (D→D+1),2023-07-04,-0.0208941777128,0.00397225301488,0.0201949005524,-0.0313503379766,0.078108684678,11,2000,0.000227459580046,0.00466207207084,1341
dia seguinte (D→D+1),2023-07-05,-0.0442160860728,-0.017758408686,0.0201949005524,-0.0313503379766,0.078108684678,11,2000,0.000227459580046,0.00466207207084,1341
dia seguinte (D→D+1),2023-07-06,-0.10240615638,0.0125355543065,0.0201949005524,-0.0313503379766,0.078108684678,11,2000,0.000227459580046,0.00466207207084,1341
dia seguinte (D→D+1),2023-07-07,-0.231703572521,-0.00804050530707,0.0201949005524,-0.0313503379766,0.078108684678,11,2000,0.000227459580046,0.00466207207084,1341
dia seguinte (D→D+1),2023-07-10,-0.000882266512864,-0.00612165301589,0.0201949005524,-0.0313503379766,0.078108684678,11,2000,0.000227459580046,0.00466207207084,1341
dia seguinte (D→D+1),2023-07-11,0.0238165031814,0.00380481146562,0.0201949005524,-0.0313503379766,0.078108684678,11,2000,0.000227459580046,0.00466207207084,1341
dia seguinte (D→D+1),2023-07-12,0.0550494495242,0.013580813489,0.0201949005524,-0.0313503379766,0.078108684678,11,2000,0.000227459580046,0.00466207207084,1341
dia seguinte (D→D+1),2023-07-13,-0.00911000278017,-0.0130215320633,0.0201949005524,-0.0313503379766,0.078108684678,11,2000,0.000227459580046,0.00466207207084,1341
dia seguinte (D→D+1),2023-07-14,0.146828366148,0.00431565444181,0.0201949005524,-0.0313503379766,0.078108684678,11,2000,0.000227459580046,0.00466207207084,1341
dia seguinte (D→D+1),2023-07-17,0.0267515497086,-0.00319745556975,0.0201949005524,-0.0313503379766,0.078108684678,11,2000,0.000227459580046,0.00466207207084,1341
dia seguinte (D→D+1),2023-07-18,0.0234453148195,-0.00245245712443,0.0201949005524,-0.0313503379766,0.078108684678,11,2000,0.000227459580046,0.00466207207084,1341
dia seguinte (D→D+1),2023-07-19,-0.047557917636,0.00451714985708,0.0201949005524,-0.0313503379766,0.078108684678,11,2000,0.000227459580046,0.00466207207084,1341
dia seguinte (D→D+1),2023-07-20,-0.0666498361088,0.0180720340777,0.0201949005524,-0.0313503379766,0.078108684678,11,2000,0.000227459580046,0.00466207207084,1341
dia seguinte (D→D+1),2023-07-21,-0.0530264149376,0.00935807747656,0.0201949005524,-0.0313503379766,0.078108684678,11,2000,0.000227459580046,0.00466207207084,1341
dia seguinte (D→D+1),2023-07-24,-0.173915781355,0.0054886189448,0.0201949005524,-0.0313503379766,0.078108684678,11,2000,0.000227459580046,0.00466207207084,1341
dia seguinte (D→D+1),2023-07-25,-0.116284932366,0.00452429348895,0.0201949005524,-0.0313503379766,0.078108684678,11,2000,0.000227459580046,0.00466207207084,1341
dia seguinte (D→D+1),2023-07-26,0.0147269069731,-0.0209693211488,0.0201949005524,-0.0313503379766,0.078108684678,11,2000,0.000227459580046,0.00466207207084,1341
dia seguinte (D→D+1),2023-07-27,0.0285979569828,0.00164180348362,0.0201949005524,-0.0313503379766,0.078108684678,11,2000,0.000227459580046,0.00466207207084,1341
dia seguinte (D→D+1),2023-07-28,0.020168613141,0.0146105652026,0.0201949005524,-0.0313503379766,0.078108684678,11,2000,0.000227459580046,0.00466207207084,1341
dia seguinte (D→D+1),2023-07-31,0.010169264589,-0.00569938413849,0.0201949005524,-0.0313503379766,0.078108684678,11,2000,0.000227459580046,0.00466207207084,1341
dia seguinte (D→D+1),2023-08-01,-0.000545672839503,-0.0032083003431,0.0201949005524,-0.0313503379766,0.078108684678,11,2000,0.000227459580046,0.00466207207084,1341
dia seguinte (D→D+1),2023-08-02,0.0909740229573,-0.00225883053806,0.0201949005524,-0.0313503379766,0.078108684678,11,2000,0.000227459580046,0.00466207207084,1341
dia seguinte (D→D+1),2023-08-03,0.134128183836,-0.00893967790622,0.0201949005524,-0.0313503379766,0.078108684678,11,2000,0.000227459580046,0.00466207207084,1341
dia seguinte (D→D+1),2023-08-04,0.0795931808044,-0.00107105800449,0.0201949005524,-0.0313503379766,0.078108684678,11,2000,0.000227459580046,0.00466207207084,1341
dia seguinte (D→D+1),2023-08-07,-0.00316690541355,-0.00242921762439,0.0201949005524,-0.0313503379766,0.078108684678,11,2000,0.000227459580046,0.00466207207084,1341
dia seguinte (D→D+1),2023-08-08,-0.0207792503299,-0.00571836426232,0.0201949005524,-0.0313503379766,0.078108684678,11,2000,0.000227459580046,0.00466207207084,1341
dia seguinte (D→D+1),2023-08-09,0.0023832971589,-0.000498272935334,0.0201949005524,-0.0313503379766,0.078108684678,11,2000,0.000227459580046,0.00466207207084,1341
dia seguinte (D→D+1),2023-08-10,-0.0167305024826,-0.00240811153359,0.0201949005524,-0.0313503379766,0.078108684678,11,2000,0.000227459580046,0.00466207207084,1341
dia seguinte (D→D+1),2023-08-11,0.0825936010179,-0.0106297378563,0.0201949005524,-0.0313503379766,0.078108684678,11,2000,0.000227459580046,0.00466207207084,1341
dia seguinte (D→D+1),2023-08-14,-0.0218895322633,-0.00547042205291,0.0201949005524,-0.0313503379766,0.078108684678,11,2000,0.000227459580046,0.00466207207084,1341
dia seguinte (D→D+1),2023-08-15,0.0408837910779,-0.00498403215949,0.0201949005524,-0.0313503379766,0.078108684678,11,2000,0.000227459580046,0.00466207207084,1341
dia seguinte (D→D+1),2023-08-16,0.08867385041,-0.00527718181189,0.0201949005524,-0.0313503379766,0.078108684678,11,2000,0.000227459580046,0.00466207207084,1341
dia seguinte (D→D+1),2023-08-17,0.146747717136,0.00371362474126,0.0201949005524,-0.0313503379766,0.078108684678,11,2000,0.000227459580046,0.00466207207084,1341
dia seguinte (D→D+1),2023-08-18,-0.0500749019611,-0.00849153878814,0.0201949005524,-0.0313503379766,0.078108684678,11,2000,0.000227459580046,0.00466207207084,1341
dia seguinte (D→D+1),2023-08-21,0.00268798297273,0.0150923279938,0.0201949005524,-0.0313503379766,0.078108684678,11,2000,0.000227459580046,0.00466207207084,1341
dia seguinte (D→D+1),2023-08-22,0.0124873151556,0.0170374324185,0.0201949005524,-0.0313503379766,0.078108684678,11,2000,0.000227459580046,0.00466207207084,1341
dia seguinte (D→D+1),2023-08-23,-0.0397046690518,-0.00938756507386,0.0201949005524,-0.0313503379766,0.078108684678,11,2000,0.000227459580046,0.00466207207084,1341
dia seguinte (D→D+1),2023-08-24,-0.0316706830177,-0.0101601353545,0.0201949005524,-0.0313503379766,0.078108684678,11,2000,0.000227459580046,0.00466207207084,1341
dia seguinte (D→D+1),2023-08-25,-0.119503988763,0.0110845412088,0.0201949005524,-0.0313503379766,0.078108684678,11,2000,0.000227459580046,0.00466207207084,1341
dia seguinte (D→D+1),2023-08-28,0.00317080114229,0.0109544829706,0.0201949005524,-0.0313503379766,0.078108684678,11,2000,0.000227459580046,0.00466207207084,1341
dia seguinte (D→D+1),2023-08-29,0.0481117567634,-0.00733927907841,0.0201949005524,-0.0313503379766,0.078108684678,11,2000,0.000227459580046,0.00466207207084,1341
dia seguinte (D→D+1),2023-08-30,-0.0172817064879,-0.0152550304165,0.0201949005524,-0.0313503379766,0.078108684678,11,2000,0.000227459580046,0.00466207207084,1341
dia seguinte (D→D+1),2023-08-31,0.0184185852333,0.0185844378013,0.0201949005524,-0.0313503379766,0.078108684678,11,2000,0.000227459580046,0.00466207207084,1341
dia seguinte (D→D+1),2023-09-01,-0.111273631516,-0.000983943067018,0.0201949005524,-0.0313503379766,0.078108684678,11,2000,0.000227459580046,0.00466207207084,1341
dia seguinte (D→D+1),2023-09-04,-0.0322369450962,-0.00378681746012,0.0201949005524,-0.0313503379766,0.078108684678,11,2000,0.000227459580046,0.00466207207084,1341
dia seguinte (D→D+1),2023-09-05,0.0985894478284,-0.0114718190419,0.0201949005524,-0.0313503379766,0.078108684678,11,2000,0.000227459580046,0.00466207207084,1341
dia seguinte (D→D+1),2023-09-06,0.0756186438722,-0.00579385265336,0.0201949005524,-0.0313503379766,0.078108684678,11,2000,0.000227459580046,0.00466207207084,1341
dia seguinte (D→D+1),2023-09-08,0.111092641371,0.013615117116,0.0201949005524,-0.0313503379766,0.078108684678,11,2000,0.000227459580046,0.00466207207084,1341
dia seguinte (D→D+1),2023-09-11,0.00585124139031,0.00928278706056,0.0201949005524,-0.0313503379766,0.078108684678,11,2000,0.000227459580046,0.00466207207084,1341
dia seguinte (D→D+1),2023-09-12,-0.047537641254,0.00176319001763,0.0201949005524,-0.0313503379766,0.078108684678,11,2000,0.000227459580046,0.00466207207084,1341
dia seguinte (D→D+1),2023-09-13,-0.0457134913949,0.0102897373409,0.0201949005524,-0.0313503379766,0.078108684678,11,2000,0.000227459580046,0.00466207207084,1341
dia seguinte (D→D+1),2023-09-14,-0.0348950153607,-0.00531023854195,0.0201949005524,-0.0313503379766,0.078108684678,11,2000,0.000227459580046,0.00466207207084,1341
dia seguinte (D→D+1),2023-09-15,-0.0884568025602,-0.00395762811768,0.0201949005524,-0.0313503379766,0.078108684678,11,2000,0.000227459580046,0.00466207207084,1341
dia seguinte (D→D+1),2023-09-18,-0.0128019480419,-0.00373664277019,0.0201949005524,-0.0313503379766,0.078108684678,11,2000,0.000227459580046,0.00466207207084,1341
dia seguinte (D→D+1),2023-09-19,-0.0407106706713,0.00720431749911,0.0201949005524,-0.0313503379766,0.078108684678,11,2000,0.000227459580046,0.00466207207084,1341
dia seguinte (D→D+1),2023-09-20,-0.0265838442793,-0.0214836345255,0.0201949005524,-0.0313503379766,0.078108684678,11,2000,0.000227459580046,0.00466207207084,1341
dia seguinte (D→D+1),2023-09-21,0.0857727619529,-0.00117095010547,0.0201949005524,-0.0313503379766,0.078108684678,11,2000,0.000227459580046,0.00466207207084,1341
dia seguinte (D→D+1),2023-09-22,-0.0228921195464,-0.000724081752278,0.0201949005524,-0.0313503379766,0.078108684678,11,2000,0.000227459580046,0.00466207207084,1341
dia seguinte (D→D+1),2023-09-25,0.11005359708,-0.0149406944145,0.0201949005524,-0.0313503379766,0.078108684678,11,2000,0.000227459580046,0.00466207207084,1341
dia seguinte (D→D+1),2023-09-26,0.17724823783,0.0011734519629,0.0201949005524,-0.0313503379766,0.078108684678,11,2000,0.000227459580046,0.00466207207084,1341
dia seguinte (D→D+1),2023-09-27,0.204863320161,0.0122805636464,0.0201949005524,-0.0313503379766,0.078108684678,11,2000,0.000227459580046,0.00466207207084,1341
dia seguinte (D→D+1),2023-09-28,0.091052837984,0.0072063664878,0.0201949005524,-0.0313503379766,0.078108684678,11,2000,0.000227459580046,0.00466207207084,1341
dia seguinte (D→D+1),2023-09-29,-0.0171557099936,-0.0129369879466,0.0201949005524,-0.0313503379766,0.078108684678,11,2000,0.000227459580046,0.00466207207084,1341
dia seguinte (D→D+1),2023-10-02,0.123788119795,-0.0142364219474,0.0201949005524,-0.0313503379766,0.078108684678,11,2000,0.000227459580046,0.00466207207084,1341
dia seguinte (D→D+1),2023-10-03,0.0373384490307,0.00165757060105,0.0201949005524,-0.0313503379766,0.078108684678,11,2000,0.000227459580046,0.00466207207084,1341
dia seguinte (D→D+1),2023-10-04,-0.141358450541,-0.002843134666,0.0201949005524,-0.0313503379766,0.078108684678,11,2000,0.000227459580046,0.00466207207084,1341
dia seguinte (D→D+1),2023-10-05,0.0349771877142,0.00782105151654,0.0201949005524,-0.0313503379766,0.078108684678,11,2000,0.000227459580046,0.00466207207084,1341
dia seguinte (D→D+1),2023-10-06,-0.00354214080244,0.00863624419725,0.0201949005524,-0.0313503379766,0.078108684678,11,2000,0.000227459580046,0.00466207207084,1341
dia seguinte (D→D+1),2023-10-09,0.0232200935721,0.0137292021258,0.0201949005524,-0.0313503379766,0.078108684678,11,2000,0.000227459580046,0.00466207207084,1341
dia seguinte (D→D+1),2023-10-10,0.0190215152487,0.00268980700206,0.0201949005524,-0.0313503379766,0.078108684678,11,2000,0.000227459580046,0.00466207207084,1341
dia seguinte (D→D+1),2023-10-11,-0.268470538835,-0.0110806400629,0.0201949005524,-0.0313503379766,0.078108684678,11,2000,0.000227459580046,0.00466207207084,1341
dia seguinte (D→D+1),2023-10-13,0.0156140064431,0.00673842804568,0.0201949005524,-0.0313503379766,0.078108684678,11,2000,0.000227459580046,0.00466207207084,1341
dia seguinte (D→D+1),2023-10-16,-0.0788504206644,-0.00537182281566,0.0201949005524,-0.0313503379766,0.078108684678,11,2000,0.000227459580046,0.00466207207084,1341
dia seguinte (D→D+1),2023-10-17,-0.125754635791,-0.0159436794699,0.0201949005524,-0.0313503379766,0.078108684678,11,2000,0.000227459580046,0.00466207207084,1341
dia seguinte (D→D+1),2023-10-18,-0.0266158990959,-0.000490969665089,0.0201949005524,-0.0313503379766,0.078108684678,11,2000,0.000227459580046,0.00466207207084,1341
dia seguinte (D→D+1),2023-10-19,0.00433188024699,-0.00744710711905,0.0201949005524,-0.0313503379766,0.078108684678,11,2000,0.000227459580046,0.00466207207084,1341
dia seguinte (D→D+1),2023-10-20,0.0559587752725,-0.00326985108921,0.0201949005524,-0.0313503379766,0.078108684678,11,2000,0.000227459580046,0.00466207207084,1341
dia seguinte (D→D+1),2023-10-23,-0.142666894081,0.00866249944585,0.0201949005524,-0.0313503379766,0.078108684678,11,2000,0.000227459580046,0.00466207207084,1341
dia seguinte (D→D+1),2023-10-24,-0.113787316526,-0.00819254232521,0.0201949005524,-0.0313503379766,0.078108684678,11,2000,0.000227459580046,0.00466207207084,1341
dia seguinte (D→D+1),2023-10-25,0.134407405985,0.0172560489232,0.0201949005524,-0.0313503379766,0.078108684678,11,2000,0.000227459580046,0.00466207207084,1341
dia seguinte (D→D+1),2023-10-26,-0.115576842474,-0.0128597192817,0.0201949005524,-0.0313503379766,0.078108684678,11,2000,0.000227459580046,0.00466207207084,1341
dia seguinte (D→D+1),2023-10-27,-0.058931773786,-0.00678723047458,0.0201949005524,-0.0313503379766,0.078108684678,11,2000,0.000227459580046,0.00466207207084,1341
dia seguinte (D→D+1),2023-10-30,0.11079614612,0.00543845306224,0.0201949005524,-0.0313503379766,0.078108684678,11,2000,0.000227459580046,0.00466207207084,1341
dia seguinte (D→D+1),2023-10-31,0.11852833945,0.0168723043202,0.0201949005524,-0.0313503379766,0.078108684678,11,2000,0.000227459580046,0.00466207207084,1341
dia seguinte (D→D+1),2023-11-01,0.0407865354902,0.0270049455468,0.0201949005524,-0.0313503379766,0.078108684678,11,2000,0.000227459580046,0.00466207207084,1341
dia seguinte (D→D+1),2023-11-03,5.52030812049e-05,0.00276743398781,0.0201949005524,-0.0313503379766,0.078108684678,11,2000,0.000227459580046,0.00466207207084,1341
dia seguinte (D→D+1),2023-11-06,0.0576264698158,0.00659144041118,0.0201949005524,-0.0313503379766,0.078108684678,11,2000,0.000227459580046,0.00466207207084,1341
dia seguinte (D→D+1),2023-11-07,-0.0621052777742,-0.00141697689238,0.0201949005524,-0.0313503379766,0.078108684678,11,2000,0.000227459580046,0.00466207207084,1341
dia seguinte (D→D+1),2023-11-08,-0.0229943187791,-0.000730484722794,0.0201949005524,-0.0313503379766,0.078108684678,11,2000,0.000227459580046,0.00466207207084,1341
dia seguinte (D→D+1),2023-11-09,0.0299486931854,0.0136456827883,0.0201949005524,-0.0313503379766,0.078108684678,11,2000,0.000227459580046,0.00466207207084,1341
dia seguinte (D→D+1),2023-11-10,-0.0291613714478,-0.00215524387413,0.0201949005524,-0.0313503379766,0.078108684678,11,2000,0.000227459580046,0.00466207207084,1341
dia seguinte (D→D+1),2023-11-13,0.0104539380664,0.0245231607629,0.0201949005524,-0.0313503379766,0.078108684678,11,2000,0.000227459580046,0.00466207207084,1341
dia seguinte (D→D+1),2023-11-14,-0.131041014661,0.0101193565127,0.0201949005524,-0.0313503379766,0.078108684678,11,2000,0.000227459580046,0.00466207207084,1341
dia seguinte (D→D+1),2023-11-16,-0.072872057383,0.00390123298228,0.0201949005524,-0.0313503379766,0.078108684678,11,2000,0.000227459580046,0.00466207207084,1341
dia seguinte (D→D+1),2023-11-17,0.0342503673422,0.00825990308807,0.0201949005524,-0.0313503379766,0.078108684678,11,2000,0.000227459580046,0.00466207207084,1341
dia seguinte (D→D+1),2023-11-20,-0.0273811332901,-0.00387009794203,0.0201949005524,-0.0313503379766,0.078108684678,11,2000,0.000227459580046,0.00466207207084,1341
dia seguinte (D→D+1),2023-11-21,-0.0153754796892,0.00340745340626,0.0201949005524,-0.0313503379766,0.078108684678,11,2000,0.000227459580046,0.00466207207084,1341
dia seguinte (D→D+1),2023-11-22,-0.046467126903,0.00429245844408,0.0201949005524,-0.0313503379766,0.078108684678,11,2000,0.000227459580046,0.00466207207084,1341
dia seguinte (D→D+1),2023-11-23,0.00971953512047,-0.00816900518266,0.0201949005524,-0.0313503379766,0.078108684678,11,2000,0.000227459580046,0.00466207207084,1341
dia seguinte (D→D+1),2023-11-24,-0.078147130542,0.00112313010785,0.0201949005524,-0.0313503379766,0.078108684678,11,2000,0.000227459580046,0.00466207207084,1341
dia seguinte (D→D+1),2023-11-27,-0.079217118389,0.00680282934048,0.0201949005524,-0.0313503379766,0.078108684678,11,2000,0.000227459580046,0.00466207207084,1341
dia seguinte (D→D+1),2023-11-28,-0.0805232651411,-0.00345350803711,0.0201949005524,-0.0313503379766,0.078108684678,11,2000,0.000227459580046,0.00466207207084,1341
dia seguinte (D→D+1),2023-11-29,-0.0423819021904,0.00975408601042,0.0201949005524,-0.0313503379766,0.078108684678,11,2000,0.000227459580046,0.00466207207084,1341
dia seguinte (D→D+1),2023-11-30,0.152664415157,0.0060629383261,0.0201949005524,-0.0313503379766,0.078108684678,11,2000,0.000227459580046,0.00466207207084,1341
dia seguinte (D→D+1),2023-12-01,0.0389791061236,-0.0101480839637,0.0201949005524,-0.0313503379766,0.078108684678,11,2000,0.000227459580046,0.00466207207084,1341
dia seguinte (D→D+1),2023-12-04,0.0446623160245,0.000788624874806,0.0201949005524,-0.0313503379766,0.078108684678,11,2000,0.000227459580046,0.00466207207084,1341
dia seguinte (D→D+1),2023-12-05,0.0130542760414,-0.0100864439769,0.0201949005524,-0.0313503379766,0.078108684678,11,2000,0.000227459580046,0.00466207207084,1341
dia seguinte (D→D+1),2023-12-06,0.0367444840719,0.00308064606004,0.0201949005524,-0.0313503379766,0.078108684678,11,2000,0.000227459580046,0.00466207207084,1341
dia seguinte (D→D+1),2023-12-07,-0.0768712541994,0.00860249186573,0.0201949005524,-0.0313503379766,0.078108684678,11,2000,0.000227459580046,0.00466207207084,1341
dia seguinte (D→D+1),2023-12-08,-0.115642211827,-0.00140053818434,0.0201949005524,-0.0313503379766,0.078108684678,11,2000,0.000227459580046,0.00466207207084,1341
dia seguinte (D→D+1),2023-12-11,-0.162701475923,-0.00404204355637,0.0201949005524,-0.0313503379766,0.078108684678,11,2000,0.000227459580046,0.00466207207084,1341
dia seguinte (D→D+1),2023-12-12,0.120058222437,0.024224108605,0.0201949005524,-0.0313503379766,0.078108684678,11,2000,0.000227459580046,0.00466207207084,1341
dia seguinte (D→D+1),2023-12-13,-0.0191802024776,0.0106360792492,0.0201949005524,-0.0313503379766,0.078108684678,11,2000,0.000227459580046,0.00466207207084,1341
dia seguinte (D→D+1),2023-12-14,0.0866878910459,-0.00492960975833,0.0201949005524,-0.0313503379766,0.078108684678,11,2000,0.000227459580046,0.00466207207084,1341
dia seguinte (D→D+1),2023-12-15,0.055208616112,0.00681275298202,0.0201949005524,-0.0313503379766,0.078108684678,11,2000,0.000227459580046,0.00466207207084,1341
dia seguinte (D→D+1),2023-12-18,-0.0180789142724,0.0058512099112,0.0201949005524,-0.0313503379766,0.078108684678,11,2000,0.000227459580046,0.00466207207084,1341
dia seguinte (D→D+1),2023-12-19,-0.0466948653437,-0.00794078163988,0.0201949005524,-0.0313503379766,0.078108684678,11,2000,0.000227459580046,0.00466207207084,1341
dia seguinte (D→D+1),2023-12-20,0.118578179524,0.0105348460292,0.0201949005524,-0.0313503379766,0.078108684678,11,2000,0.000227459580046,0.00466207207084,1341
dia seguinte (D→D+1),2023-12-21,0.00444234095912,0.00431980148583,0.0201949005524,-0.0313503379766,0.078108684678,11,2000,0.000227459580046,0.00466207207084,1341
dia seguinte (D→D+1),2023-12-22,-0.0475769719793,0.00587557343337,0.0201949005524,-0.0313503379766,0.078108684678,11,2000,0.000227459580046,0.00466207207084,1341
dia seguinte (D→D+1),2023-12-26,0.0394845719655,0.00495008724435,0.0201949005524,-0.0313503379766,0.078108684678,11,2000,0.000227459580046,0.00466207207084,1341
dia seguinte (D→D+1),2023-12-27,-0.0243790034695,-6.70670819858e-05,0.0201949005524,-0.0313503379766,0.078108684678,11,2000,0.000227459580046,0.00466207207084,1341
dia seguinte (D→D+1),2023-12-28,-0.00503698178267,-0.0110891679398,0.0201949005524,-0.0313503379766,0.078108684678,11,2000,0.000227459580046,0.00466207207084,1341
dia seguinte (D→D+1),2024-01-02,0.0718206314552,0.00103242725909,0.0201949005524,-0.0313503379766,0.078108684678,11,2000,0.000227459580046,0.00466207207084,1341
dia seguinte (D→D+1),2024-01-03,0.146256743769,-0.0121053344776,0.0201949005524,-0.0313503379766,0.078108684678,11,2000,0.000227459580046,0.00466207207084,1341
dia seguinte (D→D+1),2024-01-04,0.0198463557505,0.00607349153369,0.0201949005524,-0.0313503379766,0.078108684678,11,2000,0.000227459580046,0.00466207207084,1341
dia seguinte (D→D+1),2024-01-05,-0.0903966154454,0.00306007286609,0.0201949005524,-0.0313503379766,0.078108684678,11,2000,0.000227459580046,0.00466207207084,1341
dia seguinte (D→D+1),2024-01-08,-0.0136018521263,-0.00740030356347,0.0201949005524,-0.0313503379766,0.078108684678,11,2000,0.000227459580046,0.00466207207084,1341
dia seguinte (D→D+1),2024-01-09,0.0995257515187,-0.00461022313176,0.0201949005524,-0.0313503379766,0.078108684678,11,2000,0.000227459580046,0.00466207207084,1341
dia seguinte (D→D+1),2024-01-10,-0.0201906569175,-0.00146742993404,0.0201949005524,-0.0313503379766,0.078108684678,11,2000,0.000227459580046,0.00466207207084,1341
dia seguinte (D→D+1),2024-01-11,-0.00236590189915,0.00259473857435,0.0201949005524,-0.0313503379766,0.078108684678,11,2000,0.000227459580046,0.00466207207084,1341
dia seguinte (D→D+1),2024-01-12,-0.054596667566,0.00406907502977,0.0201949005524,-0.0313503379766,0.078108684678,11,2000,0.000227459580046,0.00466207207084,1341
dia seguinte (D→D+1),2024-01-15,-0.0985164817964,-0.0169326571422,0.0201949005524,-0.0313503379766,0.078108684678,11,2000,0.000227459580046,0.00466207207084,1341
dia seguinte (D→D+1),2024-01-16,-0.124081112035,-0.00595541943168,0.0201949005524,-0.0313503379766,0.078108684678,11,2000,0.000227459580046,0.00466207207084,1341
dia seguinte (D→D+1),2024-01-17,0.0415204572185,-0.00939902275061,0.0201949005524,-0.0313503379766,0.078108684678,11,2000,0.000227459580046,0.00466207207084,1341
dia seguinte (D→D+1),2024-01-18,-0.0664348755178,0.0025134311477,0.0201949005524,-0.0313503379766,0.078108684678,11,2000,0.000227459580046,0.00466207207084,1341
dia seguinte (D→D+1),2024-01-19,-0.185230062534,-0.00810116268138,0.0201949005524,-0.0313503379766,0.078108684678,11,2000,0.000227459580046,0.00466207207084,1341
dia seguinte (D→D+1),2024-01-22,0.0882817693071,0.0131198559264,0.0201949005524,-0.0313503379766,0.078108684678,11,2000,0.000227459580046,0.00466207207084,1341
dia seguinte (D→D+1),2024-01-23,0.109115233525,-0.00348502685888,0.0201949005524,-0.0313503379766,0.078108684678,11,2000,0.000227459580046,0.00466207207084,1341
dia seguinte (D→D+1),2024-01-24,-0.0115923213629,0.00276178256243,0.0201949005524,-0.0313503379766,0.078108684678,11,2000,0.000227459580046,0.00466207207084,1341
dia seguinte (D→D+1),2024-01-25,-0.0683379482426,0.00622615453035,0.0201949005524,-0.0313503379766,0.078108684678,11,2000,0.000227459580046,0.00466207207084,1341
dia seguinte (D→D+1),2024-01-26,-0.0357922708641,-0.00359781959726,0.0201949005524,-0.0313503379766,0.078108684678,11,2000,0.000227459580046,0.00466207207084,1341
dia seguinte (D→D+1),2024-01-29,-0.0280053069947,-0.00856789335658,0.0201949005524,-0.0313503379766,0.078108684678,11,2000,0.000227459580046,0.00466207207084,1341
dia seguinte (D→D+1),2024-01-30,0.0382959971602,0.00274720961994,0.0201949005524,-0.0313503379766,0.078108684678,11,2000,0.000227459580046,0.00466207207084,1341
dia seguinte (D→D+1),2024-01-31,0.0603315801794,0.00570636858914,0.0201949005524,-0.0313503379766,0.078108684678,11,2000,0.000227459580046,0.00466207207084,1341
dia seguinte (D→D+1),2024-02-01,0.10540336931,-0.0101104443459,0.0201949005524,-0.0313503379766,0.078108684678,11,2000,0.000227459580046,0.00466207207084,1341
dia seguinte (D→D+1),2024-02-02,0.00960739683705,0.00323158937585,0.0201949005524,-0.0313503379766,0.078108684678,11,2000,0.000227459580046,0.00466207207084,1341
dia seguinte (D→D+1),2024-02-05,-0.0940620517754,0.0221250382074,0.0201949005524,-0.0313503379766,0.078108684678,11,2000,0.000227459580046,0.00466207207084,1341
dia seguinte (D→D+1),2024-02-06,-0.155471147439,-0.00619555882714,0.0201949005524,-0.0313503379766,0.078108684678,11,2000,0.000227459580046,0.00466207207084,1341
dia seguinte (D→D+1),2024-02-07,0.0705717193152,-0.0107323621999,0.0201949005524,-0.0313503379766,0.078108684678,11,2000,0.000227459580046,0.00466207207084,1341
dia seguinte (D→D+1),2024-02-08,-0.021451946421,-0.00148966205729,0.0201949005524,-0.0313503379766,0.078108684678,11,2000,0.000227459580046,0.00466207207084,1341
dia seguinte (D→D+1),2024-02-09,-0.216758075002,-0.00787340071548,0.0201949005524,-0.0313503379766,0.078108684678,11,2000,0.000227459580046,0.00466207207084,1341
dia seguinte (D→D+1),2024-02-14,-0.00947887944162,0.00618809932451,0.0201949005524,-0.0313503379766,0.078108684678,11,2000,0.000227459580046,0.00466207207084,1341
dia seguinte (D→D+1),2024-02-15,-0.0172811175155,0.00721417170042,0.0201949005524,-0.0313503379766,0.078108684678,11,2000,0.000227459580046,0.00466207207084,1341
dia seguinte (D→D+1),2024-02-16,-0.0398829630614,0.00240821590044,0.0201949005524,-0.0313503379766,0.078108684678,11,2000,0.000227459580046,0.00466207207084,1341
dia seguinte (D→D+1),2024-02-19,-0.00925762239349,0.00681980222574,0.0201949005524,-0.0313503379766,0.078108684678,11,2000,0.000227459580046,0.00466207207084,1341
dia seguinte (D→D+1),2024-02-20,-0.0814712369121,0.000892884633148,0.0201949005524,-0.0313503379766,0.078108684678,11,2000,0.000227459580046,0.00466207207084,1341
dia seguinte (D→D+1),2024-02-21,0.0447441876835,0.00160729666544,0.0201949005524,-0.0313503379766,0.078108684678,11,2000,0.000227459580046,0.00466207207084,1341
dia seguinte (D→D+1),2024-02-22,0.128243423488,-0.00631137660184,0.0201949005524,-0.0313503379766,0.078108684678,11,2000,0.000227459580046,0.00466207207084,1341
dia seguinte (D→D+1),2024-02-23,0.0750437329635,0.00146809973806,0.0201949005524,-0.0313503379766,0.078108684678,11,2000,0.000227459580046,0.00466207207084,1341
dia seguinte (D→D+1),2024-02-26,-0.153969046791,0.016048268253,0.0201949005524,-0.0313503379766,0.078108684678,11,2000,0.000227459580046,0.00466207207084,1341
dia seguinte (D→D+1),2024-02-27,-0.0794162646584,-0.0116486570632,0.0201949005524,-0.0313503379766,0.078108684678,11,2000,0.000227459580046,0.00466207207084,1341
dia seguinte (D→D+1),2024-02-28,0.0433938136206,-0.00872037186432,0.0201949005524,-0.0313503379766,0.078108684678,11,2000,0.000227459580046,0.00466207207084,1341
dia seguinte (D→D+1),2024-02-29,-0.00423229859857,0.00124011781119,0.0201949005524,-0.0313503379766,0.078108684678,11,2000,0.000227459580046,0.00466207207084,1341
dia seguinte (D→D+1),2024-03-01,-0.00796188061314,-0.00649481343861,0.0201949005524,-0.0313503379766,0.078108684678,11,2000,0.000227459580046,0.00466207207084,1341
dia seguinte (D→D+1),2024-03-04,-0.0916910018822,-0.00189339338169,0.0201949005524,-0.0313503379766,0.078108684678,11,2000,0.000227459580046,0.00466207207084,1341
dia seguinte (D→D+1),2024-03-05,-0.0251654374735,0.00618276631954,0.0201949005524,-0.0313503379766,0.078108684678,11,2000,0.000227459580046,0.00466207207084,1341
dia seguinte (D→D+1),2024-03-06,-0.14590545309,-0.00426720459306,0.0201949005524,-0.0313503379766,0.078108684678,11,2000,0.000227459580046,0.00466207207084,1341
dia seguinte (D→D+1),2024-03-07,0.00452603456811,-0.00988779803647,0.0201949005524,-0.0313503379766,0.078108684678,11,2000,0.000227459580046,0.00466207207084,1341
dia seguinte (D→D+1),2024-03-08,-0.153980252646,-0.00745252654028,0.0201949005524,-0.0313503379766,0.078108684678,11,2000,0.000227459580046,0.00466207207084,1341
dia seguinte (D→D+1),2024-03-11,0.0208464130864,0.0122419206495,0.0201949005524,-0.0313503379766,0.078108684678,11,2000,0.000227459580046,0.00466207207084,1341
dia seguinte (D→D+1),2024-03-12,-0.135306636107,0.0026474919322,0.0201949005524,-0.0313503379766,0.078108684678,11,2000,0.000227459580046,0.00466207207084,1341
dia seguinte (D→D+1),2024-03-13,-0.139929746718,-0.00246863428277,0.0201949005524,-0.0313503379766,0.078108684678,11,2000,0.000227459580046,0.00466207207084,1341
dia seguinte (D→D+1),2024-03-14,0.00580516398086,-0.00742423055838,0.0201949005524,-0.0313503379766,0.078108684678,11,2000,0.000227459580046,0.00466207207084,1341
dia seguinte (D→D+1),2024-03-15,-0.103893775338,0.00167268940051,0.0201949005524,-0.0313503379766,0.078108684678,11,2000,0.000227459580046,0.00466207207084,1341
dia seguinte (D→D+1),2024-03-18,0.0167985131528,0.00452919955259,0.0201949005524,-0.0313503379766,0.078108684678,11,2000,0.000227459580046,0.00466207207084,1341
dia seguinte (D→D+1),2024-03-19,0.0508250187141,0.0125148005552,0.0201949005524,-0.0313503379766,0.078108684678,11,2000,0.000227459580046,0.00466207207084,1341
dia seguinte (D→D+1),2024-03-20,-0.0743779022506,-0.00748112294288,0.0201949005524,-0.0313503379766,0.078108684678,11,2000,0.000227459580046,0.00466207207084,1341
dia seguinte (D→D+1),2024-03-21,-0.10449605242,-0.00883277803354,0.0201949005524,-0.0313503379766,0.078108684678,11,2000,0.000227459580046,0.00466207207084,1341
dia seguinte (D→D+1),2024-03-22,-0.0404950913642,-0.000755744841648,0.0201949005524,-0.0313503379766,0.078108684678,11,2000,0.000227459580046,0.00466207207084,1341
dia seguinte (D→D+1),2024-03-25,0.0976380697648,-0.000535724133584,0.0201949005524,-0.0313503379766,0.078108684678,11,2000,0.000227459580046,0.00466207207084,1341
dia seguinte (D→D+1),2024-03-26,0.00762439894844,0.00652672568046,0.0201949005524,-0.0313503379766,0.078108684678,11,2000,0.000227459580046,0.00466207207084,1341
dia seguinte (D→D+1),2024-03-27,0.0486359570378,0.00325003328347,0.0201949005524,-0.0313503379766,0.078108684678,11,2000,0.000227459580046,0.00466207207084,1341
dia seguinte (D→D+1),2024-03-28,0.0739509914819,-0.00871153575945,0.0201949005524,-0.0313503379766,0.078108684678,11,2000,0.000227459580046,0.00466207207084,1341
dia seguinte (D→D+1),2024-04-01,0.0230892268343,0.00440192141113,0.0201949005524,-0.0313503379766,0.078108684678,11,2000,0.000227459580046,0.00466207207084,1341
dia seguinte (D→D+1),2024-04-02,0.133325704464,-0.00181106868733,0.0201949005524,-0.0313503379766,0.078108684678,11,2000,0.000227459580046,0.00466207207084,1341
dia seguinte (D→D+1),2024-04-03,-0.0362391278186,0.000863978384832,0.0201949005524,-0.0313503379766,0.078108684678,11,2000,0.000227459580046,0.00466207207084,1341
dia seguinte (D→D+1),2024-04-04,-0.0718878374119,-0.00496751106507,0.0201949005524,-0.0313503379766,0.078108684678,11,2000,0.000227459580046,0.00466207207084,1341
dia seguinte (D→D+1),2024-04-05,-0.184924844344,0.0162624709176,0.0201949005524,-0.0313503379766,0.078108684678,11,2000,0.000227459580046,0.00466207207084,1341
dia seguinte (D→D+1),2024-04-08,-0.0447267056088,0.00801663859938,0.0201949005524,-0.0313503379766,0.078108684678,11,2000,0.000227459580046,0.00466207207084,1341
dia seguinte (D→D+1),2024-04-09,0.0257227819464,-0.0141350373393,0.0201949005524,-0.0313503379766,0.078108684678,11,2000,0.000227459580046,0.00466207207084,1341
dia seguinte (D→D+1),2024-04-10,-0.0235096587575,-0.00513845721336,0.0201949005524,-0.0313503379766,0.078108684678,11,2000,0.000227459580046,0.00466207207084,1341
dia seguinte (D→D+1),2024-04-11,-0.00798132191288,-0.0113818330246,0.0201949005524,-0.0313503379766,0.078108684678,11,2000,0.000227459580046,0.00466207207084,1341
dia seguinte (D→D+1),2024-04-12,-0.0637620287162,-0.00485922538231,0.0201949005524,-0.0313503379766,0.078108684678,11,2000,0.000227459580046,0.00466207207084,1341
dia seguinte (D→D+1),2024-04-15,0.0524641142799,-0.00753985351142,0.0201949005524,-0.0313503379766,0.078108684678,11,2000,0.000227459580046,0.00466207207084,1341
dia seguinte (D→D+1),2024-04-16,-0.0179663941688,-0.00175256654527,0.0201949005524,-0.0313503379766,0.078108684678,11,2000,0.000227459580046,0.00466207207084,1341
dia seguinte (D→D+1),2024-04-17,-0.0268743766776,0.000201335255414,0.0201949005524,-0.0313503379766,0.078108684678,11,2000,0.000227459580046,0.00466207207084,1341
dia seguinte (D→D+1),2024-04-18,-0.0963084487411,0.0074720602918,0.0201949005524,-0.0313503379766,0.078108684678,11,2000,0.000227459580046,0.00466207207084,1341
dia seguinte (D→D+1),2024-04-19,-0.0540271361642,0.00358844026725,0.0201949005524,-0.0313503379766,0.078108684678,11,2000,0.000227459580046,0.00466207207084,1341
dia seguinte (D→D+1),2024-04-22,0.0508256765212,-0.00338448551838,0.0201949005524,-0.0313503379766,0.078108684678,11,2000,0.000227459580046,0.00466207207084,1341
dia seguinte (D→D+1),2024-04-23,-0.165391176144,-0.00325214945505,0.0201949005524,-0.0313503379766,0.078108684678,11,2000,0.000227459580046,0.00466207207084,1341
dia seguinte (D→D+1),2024-04-24,-0.0644571382069,-0.000761577989594,0.0201949005524,-0.0313503379766,0.078108684678,11,2000,0.000227459580046,0.00466207207084,1341
dia seguinte (D→D+1),2024-04-25,0.132436736452,0.0150827142467,0.0201949005524,-0.0313503379766,0.078108684678,11,2000,0.000227459580046,0.00466207207084,1341
dia seguinte (D→D+1),2024-04-26,-0.143618929959,0.00652830248328,0.0201949005524,-0.0313503379766,0.078108684678,11,2000,0.000227459580046,0.00466207207084,1341
dia seguinte (D→D+1),2024-04-29,-0.208526925406,-0.011213015893,0.0201949005524,-0.0313503379766,0.078108684678,11,2000,0.000227459580046,0.00466207207084,1341
dia seguinte (D→D+1),2024-04-30,-0.0922946104205,0.00951367491503,0.0201949005524,-0.0313503379766,0.078108684678,11,2000,0.000227459580046,0.00466207207084,1341
dia seguinte (D→D+1),2024-05-02,-0.0173824216469,0.0109107786221,0.0201949005524,-0.0313503379766,0.078108684678,11,2000,0.000227459580046,0.00466207207084,1341
dia seguinte (D→D+1),2024-05-03,-0.119331024166,-0.000334606914691,0.0201949005524,-0.0313503379766,0.078108684678,11,2000,0.000227459580046,0.00466207207084,1341
dia seguinte (D→D+1),2024-05-06,-0.0857881111147,0.00579141562748,0.0201949005524,-0.0313503379766,0.078108684678,11,2000,0.000227459580046,0.00466207207084,1341
dia seguinte (D→D+1),2024-05-07,-0.156315451218,0.00209736088538,0.0201949005524,-0.0313503379766,0.078108684678,11,2000,0.000227459580046,0.00466207207084,1341
dia seguinte (D→D+1),2024-05-08,-0.0830257688339,-0.00998602111507,0.0201949005524,-0.0313503379766,0.078108684678,11,2000,0.000227459580046,0.00466207207084,1341
dia seguinte (D→D+1),2024-05-09,-0.141700746311,-0.00458701282491,0.0201949005524,-0.0313503379766,0.078108684678,11,2000,0.000227459580046,0.00466207207084,1341
dia seguinte (D→D+1),2024-05-10,-0.167224133392,0.00434952978056,0.0201949005524,-0.0313503379766,0.078108684678,11,2000,0.000227459580046,0.00466207207084,1341
dia seguinte (D→D+1),2024-05-13,0.116768136194,0.00280909835746,0.0201949005524,-0.0313503379766,0.078108684678,11,2000,0.000227459580046,0.00466207207084,1341
dia seguinte (D→D+1),2024-05-14,-0.0591284480732,-0.00378944092129,0.0201949005524,-0.0313503379766,0.078108684678,11,2000,0.000227459580046,0.00466207207084,1341
dia seguinte (D→D+1),2024-05-15,0.0825764772942,0.00199956259568,0.0201949005524,-0.0313503379766,0.078108684678,11,2000,0.000227459580046,0.00466207207084,1341
dia seguinte (D→D+1),2024-05-16,-0.0413357947168,-0.0010367621839,0.0201949005524,-0.0313503379766,0.078108684678,11,2000,0.000227459580046,0.00466207207084,1341
dia seguinte (D→D+1),2024-05-17,-0.162475127998,-0.00312131782038,0.0201949005524,-0.0313503379766,0.078108684678,11,2000,0.000227459580046,0.00466207207084,1341
dia seguinte (D→D+1),2024-05-20,-0.0230839811563,-0.00265359958043,0.0201949005524,-0.0313503379766,0.078108684678,11,2000,0.000227459580046,0.00466207207084,1341
dia seguinte (D→D+1),2024-05-21,-0.138142998975,-0.0138291526701,0.0201949005524,-0.0313503379766,0.078108684678,11,2000,0.000227459580046,0.00466207207084,1341
dia seguinte (D→D+1),2024-05-22,-0.0411555434226,-0.00732988460008,0.0201949005524,-0.0313503379766,0.078108684678,11,2000,0.000227459580046,0.00466207207084,1341
dia seguinte (D→D+1),2024-05-23,-0.0545976478053,-0.00339135245212,0.0201949005524,-0.0313503379766,0.078108684678,11,2000,0.000227459580046,0.00466207207084,1341
dia seguinte (D→D+1),2024-05-24,-0.0255730932261,0.00152848615513,0.0201949005524,-0.0313503379766,0.078108684678,11,2000,0.000227459580046,0.00466207207084,1341
dia seguinte (D→D+1),2024-05-27,0.0606155297277,-0.00575118879321,0.0201949005524,-0.0313503379766,0.078108684678,11,2000,0.000227459580046,0.00466207207084,1341
dia seguinte (D→D+1),2024-05-28,0.132007282669,-0.00866860559056,0.0201949005524,-0.0313503379766,0.078108684678,11,2000,0.000227459580046,0.00466207207084,1341
dia seguinte (D→D+1),2024-05-29,0.115355727019,-0.00496304204324,0.0201949005524,-0.0313503379766,0.078108684678,11,2000,0.000227459580046,0.00466207207084,1341
dia seguinte (D→D+1),2024-05-31,0.105161470498,-0.000540549394748,0.0201949005524,-0.0313503379766,0.078108684678,11,2000,0.000227459580046,0.00466207207084,1341
dia seguinte (D→D+1),2024-06-03,-0.0876678498204,-0.00188475154058,0.0201949005524,-0.0313503379766,0.078108684678,11,2000,0.000227459580046,0.00466207207084,1341
dia seguinte (D→D+1),2024-06-04,0.0678701637008,-0.00324296809576,0.0201949005524,-0.0313503379766,0.078108684678,11,2000,0.000227459580046,0.00466207207084,1341
dia seguinte (D→D+1),2024-06-05,0.0275242227348,0.0122892419712,0.0201949005524,-0.0313503379766,0.078108684678,11,2000,0.000227459580046,0.00466207207084,1341
dia seguinte (D→D+1),2024-06-06,-0.00494087950937,-0.0173475780926,0.0201949005524,-0.0313503379766,0.078108684678,11,2000,0.000227459580046,0.00466207207084,1341
dia seguinte (D→D+1),2024-06-07,-0.0565630738735,-5.7962854091e-05,0.0201949005524,-0.0313503379766,0.078108684678,11,2000,0.000227459580046,0.00466207207084,1341
dia seguinte (D→D+1),2024-06-10,0.00411860137845,0.00724577674727,0.0201949005524,-0.0313503379766,0.078108684678,11,2000,0.000227459580046,0.00466207207084,1341
dia seguinte (D→D+1),2024-06-11,-0.0736602929638,-0.0139680190735,0.0201949005524,-0.0313503379766,0.078108684678,11,2000,0.000227459580046,0.00466207207084,1341
dia seguinte (D→D+1),2024-06-12,0.0414869370168,-0.00306830309498,0.0201949005524,-0.0313503379766,0.078108684678,11,2000,0.000227459580046,0.00466207207084,1341
dia seguinte (D→D+1),2024-06-13,-0.0232066460096,0.000786163522013,0.0201949005524,-0.0313503379766,0.078108684678,11,2000,0.000227459580046,0.00466207207084,1341
dia seguinte (D→D+1),2024-06-14,-0.0725917012408,-0.0043790008524,0.0201949005524,-0.0313503379766,0.078108684678,11,2000,0.000227459580046,0.00466207207084,1341
dia seguinte (D→D+1),2024-06-17,0.0451256810047,0.00412966475852,0.0201949005524,-0.0313503379766,0.078108684678,11,2000,0.000227459580046,0.00466207207084,1341
dia seguinte (D→D+1),2024-06-18,-0.0278372226653,0.00527459667308,0.0201949005524,-0.0313503379766,0.078108684678,11,2000,0.000227459580046,0.00466207207084,1341
dia seguinte (D→D+1),2024-06-19,-0.0512160014751,0.00153832081889,0.0201949005524,-0.0313503379766,0.078108684678,11,2000,0.000227459580046,0.00466207207084,1341
dia seguinte (D→D+1),2024-06-20,-0.0597528295571,0.00743071583946,0.0201949005524,-0.0313503379766,0.078108684678,11,2000,0.000227459580046,0.00466207207084,1341
dia seguinte (D→D+1),2024-06-21,0.162022448171,0.0106806438055,0.0201949005524,-0.0313503379766,0.078108684678,11,2000,0.000227459580046,0.00466207207084,1341
dia seguinte (D→D+1),2024-06-24,-0.01151482081,-0.00249516866851,0.0201949005524,-0.0313503379766,0.078108684678,11,2000,0.000227459580046,0.00466207207084,1341
dia seguinte (D→D+1),2024-06-25,0.0278052779368,0.00253410827999,0.0201949005524,-0.0313503379766,0.078108684678,11,2000,0.000227459580046,0.00466207207084,1341
dia seguinte (D→D+1),2024-06-26,0.212747922469,0.0135925179997,0.0201949005524,-0.0313503379766,0.078108684678,11,2000,0.000227459580046,0.00466207207084,1341
dia seguinte (D→D+1),2024-06-27,-0.00939561478112,-0.00322585835184,0.0201949005524,-0.0313503379766,0.078108684678,11,2000,0.000227459580046,0.00466207207084,1341
dia seguinte (D→D+1),2024-06-28,0.0960830780882,0.00654523150427,0.0201949005524,-0.0313503379766,0.078108684678,11,2000,0.000227459580046,0.00466207207084,1341
dia seguinte (D→D+1),2024-07-01,0.0454873600639,0.000553248127776,0.0201949005524,-0.0313503379766,0.078108684678,11,2000,0.000227459580046,0.00466207207084,1341
dia seguinte (D→D+1),2024-07-02,0.0519224456255,0.00701194836001,0.0201949005524,-0.0313503379766,0.078108684678,11,2000,0.000227459580046,0.00466207207084,1341
dia seguinte (D→D+1),2024-07-03,-0.0826206998352,0.00399484330983,0.0201949005524,-0.0313503379766,0.078108684678,11,2000,0.000227459580046,0.00466207207084,1341
dia seguinte (D→D+1),2024-07-04,-0.0486178583672,0.000816397704575,0.0201949005524,-0.0313503379766,0.078108684678,11,2000,0.000227459580046,0.00466207207084,1341
dia seguinte (D→D+1),2024-07-05,-0.207274952387,0.00222544291066,0.0201949005524,-0.0313503379766,0.078108684678,11,2000,0.000227459580046,0.00466207207084,1341
dia seguinte (D→D+1),2024-07-08,0.0190596637277,0.00442519834371,0.0201949005524,-0.0313503379766,0.078108684678,11,2000,0.000227459580046,0.00466207207084,1341
dia seguinte (D→D+1),2024-07-09,0.0682181181037,0.000865405796645,0.0201949005524,-0.0313503379766,0.078108684678,11,2000,0.000227459580046,0.00466207207084,1341
dia seguinte (D→D+1),2024-07-10,0.159156984986,0.00845792262101,0.0201949005524,-0.0313503379766,0.078108684678,11,2000,0.000227459580046,0.00466207207084,1341
dia seguinte (D→D+1),2024-07-11,-0.0760767142061,0.00470014186166,0.0201949005524,-0.0313503379766,0.078108684678,11,2000,0.000227459580046,0.00466207207084,1341
dia seguinte (D→D+1),2024-07-12,-0.167614945878,0.00328944816404,0.0201949005524,-0.0313503379766,0.078108684678,11,2000,0.000227459580046,0.00466207207084,1341
dia seguinte (D→D+1),2024-07-15,0.0353585058055,-0.00163159888958,0.0201949005524,-0.0313503379766,0.078108684678,11,2000,0.000227459580046,0.00466207207084,1341
dia seguinte (D→D+1),2024-07-16,-0.00508554978827,0.00263341336845,0.0201949005524,-0.0313503379766,0.078108684678,11,2000,0.000227459580046,0.00466207207084,1341
dia seguinte (D→D+1),2024-07-17,0.15261024739,-0.0138895326381,0.0201949005524,-0.0313503379766,0.078108684678,11,2000,0.000227459580046,0.00466207207084,1341
dia seguinte (D→D+1),2024-07-18,0.104869058385,-0.000282016732993,0.0201949005524,-0.0313503379766,0.078108684678,11,2000,0.000227459580046,0.00466207207084,1341
dia seguinte (D→D+1),2024-07-19,-0.0871715471305,0.00191198595787,0.0201949005524,-0.0313503379766,0.078108684678,11,2000,0.000227459580046,0.00466207207084,1341
dia seguinte (D→D+1),2024-07-22,-0.0176237992352,-0.00993273893321,0.0201949005524,-0.0313503379766,0.078108684678,11,2000,0.000227459580046,0.00466207207084,1341
dia seguinte (D→D+1),2024-07-23,0.0757031331278,-0.00131921952761,0.0201949005524,-0.0313503379766,0.078108684678,11,2000,0.000227459580046,0.00466207207084,1341
dia seguinte (D→D+1),2024-07-24,0.0545338803225,-0.00370976800108,0.0201949005524,-0.0313503379766,0.078108684678,11,2000,0.000227459580046,0.00466207207084,1341
dia seguinte (D→D+1),2024-07-25,0.0437405143126,0.0122108071201,0.0201949005524,-0.0313503379766,0.078108684678,11,2000,0.000227459580046,0.00466207207084,1341
dia seguinte (D→D+1),2024-07-26,0.0660102283718,-0.00421987261946,0.0201949005524,-0.0313503379766,0.078108684678,11,2000,0.000227459580046,0.00466207207084,1341
dia seguinte (D→D+1),2024-07-29,-0.142100710784,-0.0064196480615,0.0201949005524,-0.0313503379766,0.078108684678,11,2000,0.000227459580046,0.00466207207084,1341
dia seguinte (D→D+1),2024-07-30,-0.208265148779,0.0119947042548,0.0201949005524,-0.0313503379766,0.078108684678,11,2000,0.000227459580046,0.00466207207084,1341
dia seguinte (D→D+1),2024-07-31,0.0917075444962,-0.00201328612164,0.0201949005524,-0.0313503379766,0.078108684678,11,2000,0.000227459580046,0.00466207207084,1341
dia seguinte (D→D+1),2024-08-01,-0.111993436446,-0.012096236116,0.0201949005524,-0.0313503379766,0.078108684678,11,2000,0.000227459580046,0.00466207207084,1341
dia seguinte (D→D+1),2024-08-02,-0.0211326006619,-0.00464029748757,0.0201949005524,-0.0313503379766,0.078108684678,11,2000,0.000227459580046,0.00466207207084,1341
dia seguinte (D→D+1),2024-08-05,-0.0814338862653,0.00795880897262,0.0201949005524,-0.0313503379766,0.078108684678,11,2000,0.000227459580046,0.00466207207084,1341
dia seguinte (D→D+1),2024-08-06,0.00556117192855,0.0098758978989,0.0201949005524,-0.0313503379766,0.078108684678,11,2000,0.000227459580046,0.00466207207084,1341
dia seguinte (D→D+1),2024-08-07,0.0637687107927,0.00899509073514,0.0201949005524,-0.0313503379766,0.078108684678,11,2000,0.000227459580046,0.00466207207084,1341
dia seguinte (D→D+1),2024-08-08,-0.0784752336352,0.0151871973636,0.0201949005524,-0.0313503379766,0.078108684678,11,2000,0.000227459580046,0.00466207207084,1341
dia seguinte (D→D+1),2024-08-09,-0.0790093528773,0.0038357003407,0.0201949005524,-0.0313503379766,0.078108684678,11,2000,0.000227459580046,0.00466207207084,1341
dia seguinte (D→D+1),2024-08-12,-0.0197085729099,0.00977760151316,0.0201949005524,-0.0313503379766,0.078108684678,11,2000,0.000227459580046,0.00466207207084,1341
dia seguinte (D→D+1),2024-08-13,0.0172108170622,0.00694874544933,0.0201949005524,-0.0313503379766,0.078108684678,11,2000,0.000227459580046,0.00466207207084,1341
dia seguinte (D→D+1),2024-08-14,0.0495656768723,0.00626322027033,0.0201949005524,-0.0313503379766,0.078108684678,11,2000,0.000227459580046,0.00466207207084,1341
dia seguinte (D→D+1),2024-08-15,-0.00138601612287,-0.00149083509128,0.0201949005524,-0.0313503379766,0.078108684678,11,2000,0.000227459580046,0.00466207207084,1341
dia seguinte (D→D+1),2024-08-16,-0.0233591517158,0.0136241816159,0.0201949005524,-0.0313503379766,0.078108684678,11,2000,0.000227459580046,0.00466207207084,1341
dia seguinte (D→D+1),2024-08-19,-0.0494018557367,0.0022757736894,0.0201949005524,-0.0313503379766,0.078108684678,11,2000,0.000227459580046,0.00466207207084,1341
dia seguinte (D→D+1),2024-08-20,0.0972326473492,0.00277028665486,0.0201949005524,-0.0313503379766,0.078108684678,11,2000,0.000227459580046,0.00466207207084,1341
dia seguinte (D→D+1),2024-08-21,0.0695966890094,-0.00946037050064,0.0201949005524,-0.0313503379766,0.078108684678,11,2000,0.000227459580046,0.00466207207084,1341
dia seguinte (D→D+1),2024-08-22,0.150736300406,0.00321809828886,0.0201949005524,-0.0313503379766,0.078108684678,11,2000,0.000227459580046,0.00466207207084,1341
dia seguinte (D→D+1),2024-08-23,-0.0424898326379,0.00944634534836,0.0201949005524,-0.0313503379766,0.078108684678,11,2000,0.000227459580046,0.00466207207084,1341
dia seguinte (D→D+1),2024-08-26,-0.0504843850219,-0.000825486342949,0.0201949005524,-0.0313503379766,0.078108684678,11,2000,0.000227459580046,0.00466207207084,1341
dia seguinte (D→D+1),2024-08-27,-0.0168526860876,0.0041527753407,0.0201949005524,-0.0313503379766,0.078108684678,11,2000,0.000227459580046,0.00466207207084,1341
dia seguinte (D→D+1),2024-08-28,-0.0239221942356,-0.00948712721342,0.0201949005524,-0.0313503379766,0.078108684678,11,2000,0.000227459580046,0.00466207207084,1341
dia seguinte (D→D+1),2024-08-29,0.090868688841,-0.000271976830514,0.0201949005524,-0.0313503379766,0.078108684678,11,2000,0.000227459580046,0.00466207207084,1341
dia seguinte (D→D+1),2024-08-30,0.0595684107734,-0.00752183759301,0.0201949005524,-0.0313503379766,0.078108684678,11,2000,0.000227459580046,0.00466207207084,1341
dia seguinte (D→D+1),2024-09-02,-0.0257071162072,-0.00465250664908,0.0201949005524,-0.0313503379766,0.078108684678,11,2000,0.000227459580046,0.00466207207084,1341
dia seguinte (D→D+1),2024-09-03,0.131578160878,0.0130849329751,0.0201949005524,-0.0313503379766,0.078108684678,11,2000,0.000227459580046,0.00466207207084,1341
dia seguinte (D→D+1),2024-09-04,-0.00928897164948,0.00287265540625,0.0201949005524,-0.0313503379766,0.078108684678,11,2000,0.000227459580046,0.00466207207084,1341
dia seguinte (D→D+1),2024-09-05,0.0416940474455,-0.0141389869745,0.0201949005524,-0.0313503379766,0.078108684678,11,2000,0.000227459580046,0.00466207207084,1341
dia seguinte (D→D+1),2024-09-06,-0.0773344900014,0.00122610944327,0.0201949005524,-0.0313503379766,0.078108684678,11,2000,0.000227459580046,0.00466207207084,1341
dia seguinte (D→D+1),2024-09-09,-0.0182605392517,-0.00309491824814,0.0201949005524,-0.0313503379766,0.078108684678,11,2000,0.000227459580046,0.00466207207084,1341
dia seguinte (D→D+1),2024-09-10,0.00147327816342,0.00265783204288,0.0201949005524,-0.0313503379766,0.078108684678,11,2000,0.000227459580046,0.00466207207084,1341
dia seguinte (D→D+1),2024-09-11,0.0125337696098,-0.00481151198794,0.0201949005524,-0.0313503379766,0.078108684678,11,2000,0.000227459580046,0.00466207207084,1341
dia seguinte (D→D+1),2024-09-12,-0.00331480992211,0.00636429429452,0.0201949005524,-0.0313503379766,0.078108684678,11,2000,0.000227459580046,0.00466207207084,1341
dia seguinte (D→D+1),2024-09-13,-0.00394479579567,0.00174967749589,0.0201949005524,-0.0313503379766,0.078108684678,11,2000,0.000227459580046,0.00466207207084,1341
dia seguinte (D→D+1),2024-09-16,-0.0762260824667,-0.00116934827336,0.0201949005524,-0.0313503379766,0.078108684678,11,2000,0.000227459580046,0.00466207207084,1341
dia seguinte (D→D+1),2024-09-17,-0.280712478918,-0.00898043864849,0.0201949005524,-0.0313503379766,0.078108684678,11,2000,0.000227459580046,0.00466207207084,1341
dia seguinte (D→D+1),2024-09-18,-0.190119538871,-0.0046729670724,0.0201949005524,-0.0313503379766,0.078108684678,11,2000,0.000227459580046,0.00466207207084,1341
dia seguinte (D→D+1),2024-09-19,-0.201718623905,-0.0154593871833,0.0201949005524,-0.0313503379766,0.078108684678,11,2000,0.000227459580046,0.00466207207084,1341
dia seguinte (D→D+1),2024-09-20,-0.0042306435751,-0.0037920115973,0.0201949005524,-0.0313503379766,0.078108684678,11,2000,0.000227459580046,0.00466207207084,1341
dia seguinte (D→D+1),2024-09-23,0.0398970315754,0.0121622449605,0.0201949005524,-0.0313503379766,0.078108684678,11,2000,0.000227459580046,0.00466207207084,1341
dia seguinte (D→D+1),2024-09-24,-0.0336854794858,-0.00431308453646,0.0201949005524,-0.0313503379766,0.078108684678,11,2000,0.000227459580046,0.00466207207084,1341
dia seguinte (D→D+1),2024-09-25,-0.108631943385,0.0108218199505,0.0201949005524,-0.0313503379766,0.078108684678,11,2000,0.000227459580046,0.00466207207084,1341
dia seguinte (D→D+1),2024-09-26,0.0266146611698,-0.00210510487933,0.0201949005524,-0.0313503379766,0.078108684678,11,2000,0.000227459580046,0.00466207207084,1341
dia seguinte (D→D+1),2024-09-27,-0.0630309841267,-0.00688615987343,0.0201949005524,-0.0313503379766,0.078108684678,11,2000,0.000227459580046,0.00466207207084,1341
dia seguinte (D→D+1),2024-09-30,-0.0804224801274,0.00515111974267,0.0201949005524,-0.0313503379766,0.078108684678,11,2000,0.000227459580046,0.00466207207084,1341
dia seguinte (D→D+1),2024-10-01,-0.0633420368027,0.00769840371335,0.0201949005524,-0.0313503379766,0.078108684678,11,2000,0.000227459580046,0.00466207207084,1341
dia seguinte (D→D+1),2024-10-02,0.00730469372729,-0.013803692469,0.0201949005524,-0.0313503379766,0.078108684678,11,2000,0.000227459580046,0.00466207207084,1341
dia seguinte (D→D+1),2024-10-03,0.0789660260832,0.000911355489398,0.0201949005524,-0.0313503379766,0.078108684678,11,2000,0.000227459580046,0.00466207207084,1341
dia seguinte (D→D+1),2024-10-04,-0.0714092396408,0.00171482335802,0.0201949005524,-0.0313503379766,0.078108684678,11,2000,0.000227459580046,0.00466207207084,1341
dia seguinte (D→D+1),2024-10-07,0.0773605760179,-0.00383281067733,0.0201949005524,-0.0313503379766,0.078108684678,11,2000,0.000227459580046,0.00466207207084,1341
dia seguinte (D→D+1),2024-10-08,-0.0321096992237,-0.0117859967151,0.0201949005524,-0.0313503379766,0.078108684678,11,2000,0.000227459580046,0.00466207207084,1341
dia seguinte (D→D+1),2024-10-09,0.0449448260164,0.00300857173635,0.0201949005524,-0.0313503379766,0.078108684678,11,2000,0.000227459580046,0.00466207207084,1341
dia seguinte (D→D+1),2024-10-10,0.0551720613708,-0.0027694030824,0.0201949005524,-0.0313503379766,0.078108684678,11,2000,0.000227459580046,0.00466207207084,1341
dia seguinte (D→D+1),2024-10-11,-0.0245137888369,0.00779278724845,0.0201949005524,-0.0313503379766,0.078108684678,11,2000,0.000227459580046,0.00466207207084,1341
dia seguinte (D→D+1),2024-10-14,0.0896922752753,0.000290065264684,0.0201949005524,-0.0313503379766,0.078108684678,11,2000,0.000227459580046,0.00466207207084,1341
dia seguinte (D→D+1),2024-10-15,0.0497949880389,0.00539517562937,0.0201949005524,-0.0313503379766,0.078108684678,11,2000,0.000227459580046,0.00466207207084,1341
dia seguinte (D→D+1),2024-10-16,0.156354195352,-0.00726375711575,0.0201949005524,-0.0313503379766,0.078108684678,11,2000,0.000227459580046,0.00466207207084,1341
dia seguinte (D→D+1),2024-10-17,0.0723248769528,-0.00224782671856,0.0201949005524,-0.0313503379766,0.078108684678,11,2000,0.000227459580046,0.00466207207084,1341
dia seguinte (D→D+1),2024-10-18,0.0992859044699,-0.00104981647369,0.0201949005524,-0.0313503379766,0.078108684678,11,2000,0.000227459580046,0.00466207207084,1341
dia seguinte (D→D+1),2024-10-21,-0.0930779613407,-0.00491707706233,0.0201949005524,-0.0313503379766,0.078108684678,11,2000,0.000227459580046,0.00466207207084,1341
dia seguinte (D→D+1),2024-10-22,0.062861686646,-0.00376191981252,0.0201949005524,-0.0313503379766,0.078108684678,11,2000,0.000227459580046,0.00466207207084,1341
dia seguinte (D→D+1),2024-10-23,0.04545735894,0.00645346002956,0.0201949005524,-0.0313503379766,0.078108684678,11,2000,0.000227459580046,0.00466207207084,1341
dia seguinte (D→D+1),2024-10-24,0.058270180561,-0.00133777207132,0.0201949005524,-0.0313503379766,0.078108684678,11,2000,0.000227459580046,0.00466207207084,1341
dia seguinte (D→D+1),2024-10-25,0.0905517407917,0.0101622104347,0.0201949005524,-0.0313503379766,0.078108684678,11,2000,0.000227459580046,0.00466207207084,1341
dia seguinte (D→D+1),2024-10-28,0.00761064863532,-0.00368103770206,0.0201949005524,-0.0313503379766,0.078108684678,11,2000,0.000227459580046,0.00466207207084,1341
dia seguinte (D→D+1),2024-10-29,0.0543924300059,-0.000696091180295,0.0201949005524,-0.0313503379766,0.078108684678,11,2000,0.000227459580046,0.00466207207084,1341
dia seguinte (D→D+1),2024-10-30,0.0685278159273,-0.00708823551926,0.0201949005524,-0.0313503379766,0.078108684678,11,2000,0.000227459580046,0.00466207207084,1341
dia seguinte (D→D+1),2024-10-31,-0.0190750000084,-0.0122732494045,0.0201949005524,-0.0313503379766,0.078108684678,11,2000,0.000227459580046,0.00466207207084,1341
dia seguinte (D→D+1),2024-11-01,-0.063722833493,0.0186854613998,0.0201949005524,-0.0313503379766,0.078108684678,11,2000,0.000227459580046,0.00466207207084,1341
dia seguinte (D→D+1),2024-11-04,-0.0571902872872,0.00111864536643,0.0201949005524,-0.0313503379766,0.078108684678,11,2000,0.000227459580046,0.00466207207084,1341
dia seguinte (D→D+1),2024-11-05,-0.266367008468,-0.00244908580219,0.0201949005524,-0.0313503379766,0.078108684678,11,2000,0.000227459580046,0.00466207207084,1341
dia seguinte (D→D+1),2024-11-06,-0.00476218230893,-0.00505596857474,0.0201949005524,-0.0313503379766,0.078108684678,11,2000,0.000227459580046,0.00466207207084,1341
dia seguinte (D→D+1),2024-11-07,-0.00604171630099,-0.0142810875835,0.0201949005524,-0.0313503379766,0.078108684678,11,2000,0.000227459580046,0.00466207207084,1341
dia seguinte (D→D+1),2024-11-08,0.0197360882074,0.000344207150121,0.0201949005524,-0.0313503379766,0.078108684678,11,2000,0.000227459580046,0.00466207207084,1341
dia seguinte (D→D+1),2024-11-11,0.011193597594,-0.0013763548493,0.0201949005524,-0.0313503379766,0.078108684678,11,2000,0.000227459580046,0.00466207207084,1341
dia seguinte (D→D+1),2024-11-12,-0.00953916591495,0.000281915143542,0.0201949005524,-0.0313503379766,0.078108684678,11,2000,0.000227459580046,0.00466207207084,1341
dia seguinte (D→D+1),2024-11-13,-0.107914858673,0.000454068611333,0.0201949005524,-0.0313503379766,0.078108684678,11,2000,0.000227459580046,0.00466207207084,1341
dia seguinte (D→D+1),2024-11-14,0.0119813423835,-0.000187805183423,0.0201949005524,-0.0313503379766,0.078108684678,11,2000,0.000227459580046,0.00466207207084,1341
dia seguinte (D→D+1),2024-11-18,-0.0754009188767,0.00335764823743,0.0201949005524,-0.0313503379766,0.078108684678,11,2000,0.000227459580046,0.00466207207084,1341
dia seguinte (D→D+1),2024-11-19,0.0334889546757,-0.00994563055298,0.0201949005524,-0.0313503379766,0.078108684678,11,2000,0.000227459580046,0.00466207207084,1341
dia seguinte (D→D+1),2024-11-21,0.170633614256,0.0173649958242,0.0201949005524,-0.0313503379766,0.078108684678,11,2000,0.000227459580046,0.00466207207084,1341
dia seguinte (D→D+1),2024-11-22,-0.100256563594,-0.000696993634125,0.0201949005524,-0.0313503379766,0.078108684678,11,2000,0.000227459580046,0.00466207207084,1341
dia seguinte (D→D+1),2024-11-25,-0.0793684946413,0.00686630087727,0.0201949005524,-0.0313503379766,0.078108684678,11,2000,0.000227459580046,0.00466207207084,1341
dia seguinte (D→D+1),2024-11-26,-0.00103583685457,-0.0173411739351,0.0201949005524,-0.0313503379766,0.078108684678,11,2000,0.000227459580046,0.00466207207084,1341
dia seguinte (D→D+1),2024-11-27,0.0317005627536,-0.0239603975906,0.0201949005524,-0.0313503379766,0.078108684678,11,2000,0.000227459580046,0.00466207207084,1341
dia seguinte (D→D+1),2024-11-28,-0.0682038385929,0.00849049032983,0.0201949005524,-0.0313503379766,0.078108684678,11,2000,0.000227459580046,0.00466207207084,1341
dia seguinte (D→D+1),2024-11-29,0.0543530793307,-0.00343762930897,0.0201949005524,-0.0313503379766,0.078108684678,11,2000,0.000227459580046,0.00466207207084,1341
dia seguinte (D→D+1),2024-12-02,-0.0455692147041,0.00721038678974,0.0201949005524,-0.0313503379766,0.078108684678,11,2000,0.000227459580046,0.00466207207084,1341
dia seguinte (D→D+1),2024-12-03,0.0457741854799,-0.000412243635989,0.0201949005524,-0.0313503379766,0.078108684678,11,2000,0.000227459580046,0.00466207207084,1341
dia seguinte (D→D+1),2024-12-04,0.0190747497959,0.0140458572256,0.0201949005524,-0.0313503379766,0.078108684678,11,2000,0.000227459580046,0.00466207207084,1341
dia seguinte (D→D+1),2024-12-05,0.0689819184922,-0.0149540896933,0.0201949005524,-0.0313503379766,0.078108684678,11,2000,0.000227459580046,0.00466207207084,1341
dia seguinte (D→D+1),2024-12-06,-0.0648665475391,0.0100360471948,0.0201949005524,-0.0313503379766,0.078108684678,11,2000,0.000227459580046,0.00466207207084,1341
dia seguinte (D→D+1),2024-12-09,-0.0924293182616,0.00800251552551,0.0201949005524,-0.0313503379766,0.078108684678,11,2000,0.000227459580046,0.00466207207084,1341
dia seguinte (D→D+1),2024-12-10,-0.0467871421012,0.010645100914,0.0201949005524,-0.0313503379766,0.078108684678,11,2000,0.000227459580046,0.00466207207084,1341
dia seguinte (D→D+1),2024-12-11,0.0430145353706,-0.0274011713596,0.0201949005524,-0.0313503379766,0.078108684678,11,2000,0.000227459580046,0.00466207207084,1341
dia seguinte (D→D+1),2024-12-12,0.166657287541,-0.011345424541,0.0201949005524,-0.0313503379766,0.078108684678,11,2000,0.000227459580046,0.00466207207084,1341
dia seguinte (D→D+1),2024-12-13,-0.0779980549265,-0.00844220460309,0.0201949005524,-0.0313503379766,0.078108684678,11,2000,0.000227459580046,0.00466207207084,1341
dia seguinte (D→D+1),2024-12-16,0.04553289355,0.0092101003561,0.0201949005524,-0.0313503379766,0.078108684678,11,2000,0.000227459580046,0.00466207207084,1341
dia seguinte (D→D+1),2024-12-17,0.121372788254,-0.0314840655023,0.0201949005524,-0.0313503379766,0.078108684678,11,2000,0.000227459580046,0.00466207207084,1341
dia seguinte (D→D+1),2024-12-18,0.0880926190429,0.00344450700493,0.0201949005524,-0.0313503379766,0.078108684678,11,2000,0.000227459580046,0.00466207207084,1341
dia seguinte (D→D+1),2024-12-19,0.0909946452367,0.00754200085817,0.0201949005524,-0.0313503379766,0.078108684678,11,2000,0.000227459580046,0.00466207207084,1341
dia seguinte (D→D+1),2024-12-20,0.113517519466,-0.010933481843,0.0201949005524,-0.0313503379766,0.078108684678,11,2000,0.000227459580046,0.00466207207084,1341
dia seguinte (D→D+1),2024-12-23,0.0249171823081,0.00257520680318,0.0201949005524,-0.0313503379766,0.078108684678,11,2000,0.000227459580046,0.00466207207084,1341
dia seguinte (D→D+1),2024-12-26,0.132010727071,-0.00668164323824,0.0201949005524,-0.0313503379766,0.078108684678,11,2000,0.000227459580046,0.00466207207084,1341
dia seguinte (D→D+1),2024-12-27,-0.102307651905,0.000116405723836,0.0201949005524,-0.0313503379766,0.078108684678,11,2000,0.000227459580046,0.00466207207084,1341
dia seguinte (D→D+1),2024-12-30,-0.0126925721164,-0.0013135688335,0.0201949005524,-0.0313503379766,0.078108684678,11,2000,0.000227459580046,0.00466207207084,1341
