dia,janela_pregoes,correlacao,r_periodo
2019-10-25,60,-0.263392602606,-0.127402891899
2019-10-28,60,-0.26257124546,-0.127402891899
2019-10-29,60,-0.252851065562,-0.127402891899
2019-10-30,60,-0.250763869428,-0.127402891899
2019-10-31,60,-0.258546632779,-0.127402891899
2019-11-01,60,-0.242223756996,-0.127402891899
2019-11-04,60,-0.195248601509,-0.127402891899
2019-11-05,60,-0.201998872245,-0.127402891899
2019-11-06,60,-0.21761589197,-0.127402891899
2019-11-07,60,-0.20153862016,-0.127402891899
2019-11-08,60,-0.195378085898,-0.127402891899
2019-11-11,60,-0.1842800064,-0.127402891899
2019-11-12,60,-0.192036588633,-0.127402891899
2019-11-13,60,-0.205424339068,-0.127402891899
2019-11-14,60,-0.196907363155,-0.127402891899
2019-11-18,60,-0.181301080145,-0.127402891899
2019-11-19,60,-0.183890470425,-0.127402891899
2019-11-21,60,-0.211457851181,-0.127402891899
2019-11-22,60,-0.190019999406,-0.127402891899
2019-11-25,60,-0.190630050379,-0.127402891899
2019-11-26,60,-0.21399553902,-0.127402891899
2019-11-27,60,-0.21394176492,-0.127402891899
2019-11-28,60,-0.237144788302,-0.127402891899
2019-11-29,60,-0.231868623237,-0.127402891899
2019-12-02,60,-0.214654482447,-0.127402891899
2019-12-03,60,-0.208697344464,-0.127402891899
2019-12-04,60,-0.188476188043,-0.127402891899
2019-12-05,60,-0.191023075913,-0.127402891899
2019-12-06,60,-0.190536012225,-0.127402891899
2019-12-09,60,-0.16335877884,-0.127402891899
2019-12-10,60,-0.151977118949,-0.127402891899
2019-12-11,60,-0.153931710819,-0.127402891899
2019-12-12,60,-0.148435936103,-0.127402891899
2019-12-13,60,-0.150785346649,-0.127402891899
2019-12-16,60,-0.151877569669,-0.127402891899
2019-12-17,60,-0.150434306831,-0.127402891899
2019-12-18,60,-0.138651054124,-0.127402891899
2019-12-19,60,-0.133266548682,-0.127402891899
2019-12-20,60,-0.130722320527,-0.127402891899
2019-12-23,60,-0.118508406792,-0.127402891899
2019-12-26,60,-0.0978845152396,-0.127402891899
2019-12-27,60,-0.117427534684,-0.127402891899
2019-12-30,60,-0.159569451212,-0.127402891899
2020-01-02,60,-0.0631037666071,-0.127402891899
2020-01-03,60,-0.0447984164596,-0.127402891899
2020-01-06,60,-0.0225417063549,-0.127402891899
2020-01-07,60,-0.0372935031611,-0.127402891899
2020-01-08,60,-0.0481644370082,-0.127402891899
2020-01-09,60,-0.0212966591247,-0.127402891899
2020-01-10,60,-0.0125953716096,-0.127402891899
2020-01-13,60,0.069115920617,-0.127402891899
2020-01-14,60,0.0751958029346,-0.127402891899
2020-01-15,60,0.0911734946599,-0.127402891899
2020-01-16,60,0.0988242393834,-0.127402891899
2020-01-17,60,0.107735031835,-0.127402891899
2020-01-20,60,0.105529619904,-0.127402891899
2020-01-21,60,0.0768506575327,-0.127402891899
2020-01-22,60,0.0416457219597,-0.127402891899
2020-01-23,60,0.0302227141629,-0.127402891899
2020-01-24,60,0.0164374043463,-0.127402891899
2020-01-27,60,-0.0237232969087,-0.127402891899
2020-01-28,60,-0.0556587494008,-0.127402891899
2020-01-29,60,-0.0676695103486,-0.127402891899
2020-01-30,60,-0.0654144471754,-0.127402891899
2020-01-31,60,-0.0540169416468,-0.127402891899
2020-02-03,60,-0.0722471883244,-0.127402891899
2020-02-04,60,-0.0752647606332,-0.127402891899
2020-02-05,60,-0.0770600049011,-0.127402891899
2020-02-06,60,-0.0731261185839,-0.127402891899
2020-02-07,60,-0.114152590296,-0.127402891899
2020-02-10,60,-0.141419680769,-0.127402891899
2020-02-11,60,-0.0970196031842,-0.127402891899
2020-02-12,60,-0.061007790997,-0.127402891899
2020-02-13,60,-0.0789812742543,-0.127402891899
2020-02-14,60,-0.0886715316948,-0.127402891899
2020-02-17,60,-0.08744595058,-0.127402891899
2020-02-18,60,-0.058392013925,-0.127402891899
2020-02-19,60,-0.0117633847214,-0.127402891899
2020-02-20,60,-0.0409596700979,-0.127402891899
2020-02-21,60,-0.0707762922808,-0.127402891899
2020-02-26,60,-0.151598176022,-0.127402891899
2020-02-27,60,-0.169528465178,-0.127402891899
2020-02-28,60,-0.144963688798,-0.127402891899
2020-03-02,60,-0.0978111691572,-0.127402891899
2020-03-03,60,-0.094914728139,-0.127402891899
2020-03-04,60,-0.0555919027144,-0.127402891899
2020-03-05,60,-0.103437890238,-0.127402891899
2020-03-06,60,-0.1045116806,-0.127402891899
2020-03-09,60,-0.190000928664,-0.127402891899
2020-03-10,60,-0.110875784458,-0.127402891899
2020-03-11,60,-0.0979357819757,-0.127402891899
2020-03-12,60,-0.124309014789,-0.127402891899
2020-03-13,60,-0.0824369182687,-0.127402891899
2020-03-16,60,-0.0976342395135,-0.127402891899
2020-03-17,60,-0.0960842072525,-0.127402891899
2020-03-18,60,-0.128461454537,-0.127402891899
2020-03-19,60,-0.126403637788,-0.127402891899
2020-03-20,60,-0.126078586423,-0.127402891899
2020-03-23,60,-0.122729277434,-0.127402891899
2020-03-24,60,-0.106120474526,-0.127402891899
2020-03-25,60,-0.0803715407163,-0.127402891899
2020-03-26,60,-0.0917185771488,-0.127402891899
2020-03-27,60,-0.0889237901989,-0.127402891899
2020-03-30,60,-0.117354018835,-0.127402891899
2020-03-31,60,-0.119363576505,-0.127402891899
2020-04-01,60,-0.127392117814,-0.127402891899
2020-04-02,60,-0.133933863165,-0.127402891899
2020-04-03,60,-0.148915736345,-0.127402891899
2020-04-06,60,-0.145206866091,-0.127402891899
2020-04-07,60,-0.153388097316,-0.127402891899
2020-04-08,60,-0.161430292206,-0.127402891899
2020-04-09,60,-0.15754369457,-0.127402891899
2020-04-13,60,-0.170185075185,-0.127402891899
2020-04-14,60,-0.174993253252,-0.127402891899
2020-04-15,60,-0.169999204928,-0.127402891899
2020-04-16,60,-0.155107890516,-0.127402891899
2020-04-17,60,-0.154345983598,-0.127402891899
2020-04-20,60,-0.144206580709,-0.127402891899
2020-04-22,60,-0.123709088592,-0.127402891899
2020-04-23,60,-0.12771450587,-0.127402891899
2020-04-24,60,-0.152886175832,-0.127402891899
2020-04-27,60,-0.137697600368,-0.127402891899
2020-04-28,60,-0.147825040196,-0.127402891899
2020-04-29,60,-0.157343670137,-0.127402891899
2020-04-30,60,-0.157450505925,-0.127402891899
2020-05-04,60,-0.141185120912,-0.127402891899
2020-05-05,60,-0.140096369853,-0.127402891899
2020-05-06,60,-0.138536865046,-0.127402891899
2020-05-07,60,-0.14117022125,-0.127402891899
2020-05-08,60,-0.144804789083,-0.127402891899
2020-05-11,60,-0.142648564737,-0.127402891899
2020-05-12,60,-0.147224072802,-0.127402891899
2020-05-13,60,-0.159223547939,-0.127402891899
2020-05-14,60,-0.156995841989,-0.127402891899
2020-05-15,60,-0.160258643167,-0.127402891899
2020-05-18,60,-0.154682550509,-0.127402891899
2020-05-19,60,-0.154151146225,-0.127402891899
2020-05-20,60,-0.153241961427,-0.127402891899
2020-05-21,60,-0.14181311162,-0.127402891899
2020-05-22,60,-0.144236762533,-0.127402891899
2020-05-25,60,-0.150299218687,-0.127402891899
2020-05-26,60,-0.147784913815,-0.127402891899
2020-05-27,60,-0.166572595832,-0.127402891899
2020-05-28,60,-0.167380360417,-0.127402891899
2020-05-29,60,-0.1684061507,-0.127402891899
2020-06-01,60,-0.185674079622,-0.127402891899
2020-06-02,60,-0.187099977397,-0.127402891899
2020-06-03,60,-0.196770521227,-0.127402891899
2020-06-04,60,-0.157821322952,-0.127402891899
2020-06-05,60,-0.192853054573,-0.127402891899
2020-06-08,60,-0.210342562176,-0.127402891899
2020-06-09,60,-0.183038151231,-0.127402891899
2020-06-10,60,-0.206315200427,-0.127402891899
2020-06-12,60,-0.192734412868,-0.127402891899
2020-06-15,60,-0.192708460429,-0.127402891899
2020-06-16,60,-0.141097690655,-0.127402891899
2020-06-17,60,-0.142885002983,-0.127402891899
2020-06-18,60,-0.125430556373,-0.127402891899
2020-06-19,60,-0.114883787599,-0.127402891899
2020-06-22,60,-0.159281261741,-0.127402891899
2020-06-23,60,-0.225281479252,-0.127402891899
2020-06-24,60,-0.225392674123,-0.127402891899
2020-06-25,60,-0.226493569464,-0.127402891899
2020-06-26,60,-0.229589892997,-0.127402891899
2020-06-29,60,-0.224061425177,-0.127402891899
2020-06-30,60,-0.208259415923,-0.127402891899
2020-07-01,60,-0.190609936901,-0.127402891899
2020-07-02,60,-0.143709158249,-0.127402891899
2020-07-03,60,-0.175379015003,-0.127402891899
2020-07-06,60,-0.183781405461,-0.127402891899
2020-07-07,60,-0.186926230155,-0.127402891899
2020-07-08,60,-0.18003251756,-0.127402891899
2020-07-09,60,-0.172973891515,-0.127402891899
2020-07-10,60,-0.160505372413,-0.127402891899
2020-07-13,60,-0.158807617155,-0.127402891899
2020-07-14,60,-0.191138518848,-0.127402891899
2020-07-15,60,-0.197966026493,-0.127402891899
2020-07-16,60,-0.190497499058,-0.127402891899
2020-07-17,60,-0.218206290649,-0.127402891899
2020-07-20,60,-0.184495648605,-0.127402891899
2020-07-21,60,-0.0728533297829,-0.127402891899
2020-07-22,60,-0.103652511878,-0.127402891899
2020-07-23,60,-0.0798236511383,-0.127402891899
2020-07-24,60,-0.0537268176464,-0.127402891899
2020-07-27,60,-0.0591296641034,-0.127402891899
2020-07-28,60,-0.0823970770047,-0.127402891899
2020-07-29,60,-0.0907130173052,-0.127402891899
2020-07-30,60,-0.0891150904778,-0.127402891899
2020-07-31,60,-0.0650106013155,-0.127402891899
2020-08-03,60,-0.0695717804299,-0.127402891899
2020-08-04,60,-0.0708103460111,-0.127402891899
2020-08-05,60,-0.0524847867082,-0.127402891899
2020-08-06,60,-0.0559090084742,-0.127402891899
2020-08-07,60,-0.0606111193322,-0.127402891899
2020-08-10,60,-0.0310459604549,-0.127402891899
2020-08-11,60,-0.0513929747579,-0.127402891899
2020-08-12,60,-0.0507875190674,-0.127402891899
2020-08-13,60,-0.0326003028992,-0.127402891899
2020-08-14,60,-0.0840167557401,-0.127402891899
2020-08-17,60,-0.102806469187,-0.127402891899
2020-08-18,60,-0.0452132218912,-0.127402891899
2020-08-19,60,-0.0611178152866,-0.127402891899
2020-08-20,60,-0.014883785623,-0.127402891899
2020-08-21,60,-0.0355634456143,-0.127402891899
2020-08-24,60,-0.0396712691018,-0.127402891899
2020-08-25,60,-0.0474536700876,-0.127402891899
2020-08-26,60,-0.0375626200781,-0.127402891899
2020-08-27,60,-0.000319269038277,-0.127402891899
2020-08-28,60,-0.0127994051864,-0.127402891899
2020-08-31,60,0.0353966917267,-0.127402891899
2020-09-01,60,0.0499244770114,-0.127402891899
2020-09-02,60,0.0366762197942,-0.127402891899
2020-09-03,60,0.0126402152034,-0.127402891899
2020-09-04,60,0.0103052492311,-0.127402891899
2020-09-08,60,-0.0215886143815,-0.127402891899
2020-09-09,60,-0.0399212957054,-0.127402891899
2020-09-10,60,-0.0695674902136,-0.127402891899
2020-09-11,60,-0.0586588646726,-0.127402891899
2020-09-14,60,-0.0902761245586,-0.127402891899
2020-09-15,60,-0.0938742093713,-0.127402891899
2020-09-16,60,-0.0855954381761,-0.127402891899
2020-09-17,60,-0.0720855570475,-0.127402891899
2020-09-18,60,-0.128495006387,-0.127402891899
2020-09-21,60,-0.108798458991,-0.127402891899
2020-09-22,60,-0.121681876153,-0.127402891899
2020-09-23,60,-0.118182990613,-0.127402891899
2020-09-24,60,-0.155066644971,-0.127402891899
2020-09-25,60,-0.15349038467,-0.127402891899
2020-09-28,60,-0.132422457518,-0.127402891899
2020-09-29,60,-0.112285922164,-0.127402891899
2020-09-30,60,-0.0887848373187,-0.127402891899
2020-10-01,60,-0.12586515838,-0.127402891899
2020-10-02,60,-0.127358219624,-0.127402891899
2020-10-05,60,-0.155978514749,-0.127402891899
2020-10-06,60,-0.160785147242,-0.127402891899
2020-10-07,60,-0.18309275047,-0.127402891899
2020-10-08,60,-0.144099643331,-0.127402891899
2020-10-09,60,-0.140144319433,-0.127402891899
2020-10-13,60,-0.163103230149,-0.127402891899
2020-10-14,60,-0.192929466641,-0.127402891899
2020-10-15,60,-0.195638973477,-0.127402891899
2020-10-19,60,-0.191227337722,-0.127402891899
2020-10-21,60,-0.202216482528,-0.127402891899
2020-10-22,60,-0.210651962437,-0.127402891899
2020-10-23,60,-0.176529927384,-0.127402891899
2020-10-26,60,-0.181798053132,-0.127402891899
2020-10-27,60,-0.170811611018,-0.127402891899
2020-10-28,60,-0.257859116829,-0.127402891899
2020-10-29,60,-0.264833799823,-0.127402891899
2020-10-30,60,-0.263575944704,-0.127402891899
2020-11-03,60,-0.246681133064,-0.127402891899
2020-11-04,60,-0.28922978646,-0.127402891899
2020-11-05,60,-0.328554507993,-0.127402891899
2020-11-06,60,-0.334940298662,-0.127402891899
2020-11-09,60,-0.341763659069,-0.127402891899
2020-11-10,60,-0.36902730308,-0.127402891899
2020-11-11,60,-0.372358781976,-0.127402891899
2020-11-13,60,-0.416003784388,-0.127402891899
2020-11-16,60,-0.421775114802,-0.127402891899
2020-11-17,60,-0.401692690488,-0.127402891899
2020-11-18,60,-0.425982247678,-0.127402891899
2020-11-19,60,-0.41560717423,-0.127402891899
2020-11-23,60,-0.427302220398,-0.127402891899
2020-11-24,60,-0.445365527047,-0.127402891899
2020-11-25,60,-0.436252449638,-0.127402891899
2020-11-26,60,-0.437685673928,-0.127402891899
2020-11-27,60,-0.422195163438,-0.127402891899
2020-11-30,60,-0.440511114754,-0.127402891899
2020-12-01,60,-0.435034435467,-0.127402891899
2020-12-02,60,-0.487546381772,-0.127402891899
2020-12-03,60,-0.523359911979,-0.127402891899
2020-12-04,60,-0.524225660361,-0.127402891899
2020-12-07,60,-0.524650305088,-0.127402891899
2020-12-08,60,-0.524812946945,-0.127402891899
2020-12-09,60,-0.470854120354,-0.127402891899
2020-12-10,60,-0.448065049884,-0.127402891899
2020-12-11,60,-0.426611298913,-0.127402891899
2020-12-14,60,-0.432614177257,-0.127402891899
2020-12-15,60,-0.417541125774,-0.127402891899
2020-12-16,60,-0.417095377834,-0.127402891899
2020-12-17,60,-0.424571177837,-0.127402891899
2020-12-18,60,-0.43540463113,-0.127402891899
2020-12-21,60,-0.423207197494,-0.127402891899
2020-12-22,60,-0.424610863303,-0.127402891899
2020-12-23,60,-0.420363946361,-0.127402891899
2020-12-28,60,-0.393397919302,-0.127402891899
2020-12-29,60,-0.384583753544,-0.127402891899
2020-12-30,60,-0.39416433782,-0.127402891899
2021-01-04,60,-0.43778388196,-0.127402891899
2021-01-05,60,-0.430335603984,-0.127402891899
2021-01-06,60,-0.435958251712,-0.127402891899
2021-01-07,60,-0.402738374803,-0.127402891899
2021-01-08,60,-0.406611562657,-0.127402891899
2021-01-11,60,-0.381814634993,-0.127402891899
2021-01-12,60,-0.377432060885,-0.127402891899
2021-01-13,60,-0.369864693964,-0.127402891899
2021-01-14,60,-0.407982752565,-0.127402891899
2021-01-15,60,-0.384755442526,-0.127402891899
2021-01-18,60,-0.385791831205,-0.127402891899
2021-01-19,60,-0.384253832488,-0.127402891899
2021-01-20,60,-0.386904866115,-0.127402891899
2021-01-21,60,-0.398065168761,-0.127402891899
2021-01-22,60,-0.40365879997,-0.127402891899
2021-01-26,60,-0.408032969212,-0.127402891899
2021-01-27,60,-0.405503546103,-0.127402891899
2021-01-28,60,-0.329472514289,-0.127402891899
2021-01-29,60,-0.334706849105,-0.127402891899
2021-02-01,60,-0.259071308998,-0.127402891899
2021-02-02,60,-0.244292494661,-0.127402891899
2021-02-03,60,-0.244757478793,-0.127402891899
2021-02-04,60,-0.267700737143,-0.127402891899
2021-02-05,60,-0.244795245731,-0.127402891899
2021-02-08,60,-0.178753258312,-0.127402891899
2021-02-09,60,-0.183624263326,-0.127402891899
2021-02-10,60,-0.156038645969,-0.127402891899
2021-02-11,60,-0.146992006325,-0.127402891899
2021-02-12,60,-0.14622953052,-0.127402891899
2021-02-17,60,-0.0874843814773,-0.127402891899
2021-02-18,60,-0.0500123211909,-0.127402891899
2021-02-19,60,-0.0353268057457,-0.127402891899
2021-02-22,60,0.00751019212369,-0.127402891899
2021-02-23,60,0.0362842974619,-0.127402891899
2021-02-24,60,0.0482216913289,-0.127402891899
2021-02-25,60,0.124087717695,-0.127402891899
2021-02-26,60,0.112800283723,-0.127402891899
2021-03-01,60,0.112743416618,-0.127402891899
2021-03-02,60,0.1219369226,-0.127402891899
2021-03-03,60,0.155199167367,-0.127402891899
2021-03-04,60,0.178204948119,-0.127402891899
2021-03-05,60,0.209932012625,-0.127402891899
2021-03-08,60,0.252881860802,-0.127402891899
2021-03-09,60,0.248781952416,-0.127402891899
2021-03-10,60,0.227537909802,-0.127402891899
2021-03-11,60,0.176125511919,-0.127402891899
2021-03-12,60,0.139937404217,-0.127402891899
2021-03-15,60,0.138905287436,-0.127402891899
2021-03-16,60,0.148370891193,-0.127402891899
2021-03-17,60,0.111883036556,-0.127402891899
2021-03-18,60,0.0907488131927,-0.127402891899
2021-03-19,60,0.0995059296584,-0.127402891899
2021-03-22,60,0.0719579634605,-0.127402891899
2021-03-23,60,0.0504332259687,-0.127402891899
2021-03-24,60,0.0624955268724,-0.127402891899
2021-03-25,60,0.0488587559218,-0.127402891899
2021-03-26,60,0.0499980290967,-0.127402891899
2021-03-29,60,0.0500952220084,-0.127402891899
2021-03-30,60,0.0568192792566,-0.127402891899
2021-03-31,60,0.0540940187387,-0.127402891899
2021-04-01,60,0.0675064073408,-0.127402891899
2021-04-05,60,0.0378821526007,-0.127402891899
2021-04-06,60,0.0382225666906,-0.127402891899
2021-04-07,60,0.0202590714288,-0.127402891899
2021-04-08,60,0.0407864487128,-0.127402891899
2021-04-09,60,0.0350892526376,-0.127402891899
2021-04-12,60,0.0157553012157,-0.127402891899
2021-04-13,60,0.0132531125529,-0.127402891899
2021-04-14,60,0.0192876540543,-0.127402891899
2021-04-15,60,-0.00794226132043,-0.127402891899
2021-04-16,60,-0.00514392625175,-0.127402891899
2021-04-19,60,-0.00618125313242,-0.127402891899
2021-04-20,60,-0.00150956273749,-0.127402891899
2021-04-22,60,0.0161429804228,-0.127402891899
2021-04-23,60,-0.00270783975842,-0.127402891899
2021-04-26,60,0.000711453275005,-0.127402891899
2021-04-27,60,0.0131536117733,-0.127402891899
2021-04-28,60,-0.032387722113,-0.127402891899
2021-04-29,60,-0.00884711817153,-0.127402891899
2021-04-30,60,2.363811396e-05,-0.127402891899
2021-05-03,60,-0.0129883558804,-0.127402891899
2021-05-04,60,-0.010338412773,-0.127402891899
2021-05-05,60,-0.00912032279159,-0.127402891899
2021-05-06,60,-0.0160436546808,-0.127402891899
2021-05-07,60,-0.031834671869,-0.127402891899
2021-05-10,60,-0.0320262102258,-0.127402891899
2021-05-11,60,-0.0363952123533,-0.127402891899
2021-05-12,60,-0.0186236703226,-0.127402891899
2021-05-13,60,-0.039296720624,-0.127402891899
2021-05-14,60,-0.0701510976913,-0.127402891899
2021-05-17,60,-0.0761258251568,-0.127402891899
2021-05-18,60,-0.0806845168473,-0.127402891899
2021-05-19,60,-0.104172212329,-0.127402891899
2021-05-20,60,-0.141001697188,-0.127402891899
2021-05-21,60,-0.139446138081,-0.127402891899
2021-05-24,60,-0.169918138444,-0.127402891899
2021-05-25,60,-0.158581959901,-0.127402891899
2021-05-26,60,-0.167514553892,-0.127402891899
2021-05-27,60,-0.183968065649,-0.127402891899
2021-05-28,60,-0.176937233828,-0.127402891899
2021-05-31,60,-0.19049238343,-0.127402891899
2021-06-01,60,-0.188304364027,-0.127402891899
2021-06-02,60,-0.186708347023,-0.127402891899
2021-06-04,60,-0.184058280922,-0.127402891899
2021-06-07,60,-0.178336441999,-0.127402891899
2021-06-08,60,-0.15068648784,-0.127402891899
2021-06-09,60,-0.124719431867,-0.127402891899
2021-06-10,60,-0.127276689969,-0.127402891899
2021-06-11,60,-0.118241227093,-0.127402891899
2021-06-14,60,-0.11178296222,-0.127402891899
2021-06-15,60,-0.058437905796,-0.127402891899
2021-06-16,60,-0.0671930648891,-0.127402891899
2021-06-17,60,-0.019529353392,-0.127402891899
2021-06-18,60,0.0373777023146,-0.127402891899
2021-06-21,60,0.0827494780903,-0.127402891899
2021-06-22,60,0.0679886806226,-0.127402891899
2021-06-23,60,0.0556445663845,-0.127402891899
2021-06-24,60,0.0299446714777,-0.127402891899
2021-06-25,60,-0.0158627766295,-0.127402891899
2021-06-28,60,0.000888801480149,-0.127402891899
2021-06-29,60,0.0101489893014,-0.127402891899
2021-06-30,60,0.00703578549264,-0.127402891899
2021-07-01,60,-0.025239106229,-0.127402891899
2021-07-02,60,-0.00913742184869,-0.127402891899
2021-07-05,60,-0.0238123270739,-0.127402891899
2021-07-06,60,-0.0603286873642,-0.127402891899
2021-07-07,60,-0.0299787070017,-0.127402891899
2021-07-08,60,-0.146376403889,-0.127402891899
2021-07-12,60,-0.133566131959,-0.127402891899
2021-07-13,60,-0.138231237201,-0.127402891899
2021-07-14,60,-0.137234886948,-0.127402891899
2021-07-15,60,-0.1214290893,-0.127402891899
2021-07-16,60,-0.102072607359,-0.127402891899
2021-07-19,60,-0.15520738298,-0.127402891899
2021-07-20,60,-0.158104561218,-0.127402891899
2021-07-21,60,-0.167661469205,-0.127402891899
2021-07-22,60,-0.185083292674,-0.127402891899
2021-07-23,60,-0.217178845626,-0.127402891899
2021-07-26,60,-0.220371484104,-0.127402891899
2021-07-27,60,-0.212646360976,-0.127402891899
2021-07-28,60,-0.230232691339,-0.127402891899
2021-07-29,60,-0.219779797896,-0.127402891899
2021-07-30,60,-0.243839785536,-0.127402891899
2021-08-02,60,-0.245655016226,-0.127402891899
2021-08-03,60,-0.206983926188,-0.127402891899
2021-08-04,60,-0.200878916892,-0.127402891899
2021-08-05,60,-0.201390114537,-0.127402891899
2021-08-06,60,-0.225551883868,-0.127402891899
2021-08-09,60,-0.195461297721,-0.127402891899
2021-08-10,60,-0.187702299905,-0.127402891899
2021-08-11,60,-0.185702175138,-0.127402891899
2021-08-12,60,-0.194041396991,-0.127402891899
2021-08-13,60,-0.188627574109,-0.127402891899
2021-08-16,60,-0.247764994829,-0.127402891899
2021-08-17,60,-0.2699702869,-0.127402891899
2021-08-18,60,-0.272850648496,-0.127402891899
2021-08-19,60,-0.274095685443,-0.127402891899
2021-08-20,60,-0.267044994822,-0.127402891899
2021-08-23,60,-0.264999854259,-0.127402891899
2021-08-24,60,-0.261444974189,-0.127402891899
2021-08-25,60,-0.265621447631,-0.127402891899
2021-08-26,60,-0.328581008005,-0.127402891899
2021-08-27,60,-0.386331376577,-0.127402891899
2021-08-30,60,-0.384100683923,-0.127402891899
2021-08-31,60,-0.387021287214,-0.127402891899
2021-09-01,60,-0.389348669448,-0.127402891899
2021-09-02,60,-0.346082898286,-0.127402891899
2021-09-03,60,-0.349130699407,-0.127402891899
2021-09-06,60,-0.34710364515,-0.127402891899
2021-09-08,60,-0.355702645339,-0.127402891899
2021-09-09,60,-0.314648564133,-0.127402891899
2021-09-10,60,-0.31505148778,-0.127402891899
2021-09-13,60,-0.306899287038,-0.127402891899
2021-09-14,60,-0.301160024362,-0.127402891899
2021-09-15,60,-0.301483995608,-0.127402891899
2021-09-16,60,-0.307619170729,-0.127402891899
2021-09-17,60,-0.314686875209,-0.127402891899
2021-09-20,60,-0.297224290415,-0.127402891899
2021-09-21,60,-0.303433129851,-0.127402891899
2021-09-22,60,-0.334575328485,-0.127402891899
2021-09-23,60,-0.351423299611,-0.127402891899
2021-09-24,60,-0.349399258813,-0.127402891899
2021-09-27,60,-0.33299108234,-0.127402891899
2021-09-28,60,-0.336107895892,-0.127402891899
2021-09-29,60,-0.337076890257,-0.127402891899
2021-09-30,60,-0.330987956547,-0.127402891899
2021-10-01,60,-0.311289353565,-0.127402891899
2021-10-04,60,-0.29832116132,-0.127402891899
2021-10-05,60,-0.301612692274,-0.127402891899
2021-10-06,60,-0.295449658982,-0.127402891899
2021-10-07,60,-0.29078443257,-0.127402891899
2021-10-08,60,-0.339540300245,-0.127402891899
2021-10-11,60,-0.350501845614,-0.127402891899
2021-10-13,60,-0.312274951084,-0.127402891899
2021-10-14,60,-0.283018790936,-0.127402891899
2021-10-15,60,-0.291234889038,-0.127402891899
2021-10-18,60,-0.289809908061,-0.127402891899
2021-10-19,60,-0.236300737124,-0.127402891899
2021-10-20,60,-0.242352457407,-0.127402891899
2021-10-21,60,-0.231815305386,-0.127402891899
2021-10-22,60,-0.188241106528,-0.127402891899
2021-10-25,60,-0.227617555637,-0.127402891899
2021-10-26,60,-0.180483389244,-0.127402891899
2021-10-27,60,-0.17249215836,-0.127402891899
2021-10-28,60,-0.200263242318,-0.127402891899
2021-10-29,60,-0.222241753584,-0.127402891899
2021-11-01,60,-0.1889168464,-0.127402891899
2021-11-03,60,-0.189911772343,-0.127402891899
2021-11-04,60,-0.218931101225,-0.127402891899
2021-11-05,60,-0.222573281352,-0.127402891899
2021-11-08,60,-0.216883256633,-0.127402891899
2021-11-09,60,-0.215464836816,-0.127402891899
2021-11-10,60,-0.215901770034,-0.127402891899
2021-11-11,60,-0.178107306766,-0.127402891899
2021-11-12,60,-0.167644688139,-0.127402891899
2021-11-16,60,-0.172290520802,-0.127402891899
2021-11-17,60,-0.17480331343,-0.127402891899
2021-11-18,60,-0.167521336827,-0.127402891899
2021-11-19,60,-0.174329069687,-0.127402891899
2021-11-22,60,-0.170933626181,-0.127402891899
2021-11-23,60,-0.150208151629,-0.127402891899
2021-11-24,60,-0.159418846973,-0.127402891899
2021-11-25,60,-0.165290168326,-0.127402891899
2021-11-26,60,-0.223403179443,-0.127402891899
2021-11-29,60,-0.21542971641,-0.127402891899
2021-11-30,60,-0.218917330789,-0.127402891899
2021-12-01,60,-0.250233764494,-0.127402891899
2021-12-02,60,-0.234496977184,-0.127402891899
2021-12-03,60,-0.236776246953,-0.127402891899
2021-12-06,60,-0.228406480134,-0.127402891899
2021-12-07,60,-0.257875219581,-0.127402891899
2021-12-08,60,-0.26004956715,-0.127402891899
2021-12-09,60,-0.260039680076,-0.127402891899
2021-12-10,60,-0.254994412259,-0.127402891899
2021-12-13,60,-0.250319441715,-0.127402891899
2021-12-14,60,-0.246341449664,-0.127402891899
2021-12-15,60,-0.24323466703,-0.127402891899
2021-12-16,60,-0.22850148029,-0.127402891899
2021-12-17,60,-0.227142813029,-0.127402891899
2021-12-20,60,-0.215464836693,-0.127402891899
2021-12-21,60,-0.198805400035,-0.127402891899
2021-12-22,60,-0.199940414842,-0.127402891899
2021-12-23,60,-0.208548580231,-0.127402891899
2021-12-27,60,-0.207678697678,-0.127402891899
2021-12-28,60,-0.207446330042,-0.127402891899
2021-12-29,60,-0.202894371402,-0.127402891899
2021-12-30,60,-0.206172182102,-0.127402891899
2022-01-03,60,-0.210509643179,-0.127402891899
2022-01-04,60,-0.206708537464,-0.127402891899
2022-01-05,60,-0.206466919114,-0.127402891899
2022-01-06,60,-0.206552716819,-0.127402891899
2022-01-07,60,-0.164642778912,-0.127402891899
2022-01-10,60,-0.175637780719,-0.127402891899
2022-01-11,60,-0.211691053826,-0.127402891899
2022-01-12,60,-0.241507794071,-0.127402891899
2022-01-13,60,-0.225522045038,-0.127402891899
2022-01-14,60,-0.253046450574,-0.127402891899
2022-01-17,60,-0.308976458304,-0.127402891899
2022-01-18,60,-0.303430534939,-0.127402891899
2022-01-19,60,-0.333295918336,-0.127402891899
2022-01-20,60,-0.383793366601,-0.127402891899
2022-01-21,60,-0.349943102276,-0.127402891899
2022-01-24,60,-0.440246324713,-0.127402891899
2022-01-25,60,-0.466806328505,-0.127402891899
2022-01-26,60,-0.46835246313,-0.127402891899
2022-01-27,60,-0.457332200809,-0.127402891899
2022-01-28,60,-0.452645521507,-0.127402891899
2022-01-31,60,-0.446690579657,-0.127402891899
2022-02-01,60,-0.418399446006,-0.127402891899
2022-02-02,60,-0.407786590675,-0.127402891899
2022-02-03,60,-0.414876830869,-0.127402891899
2022-02-04,60,-0.41256691123,-0.127402891899
2022-02-07,60,-0.414287063174,-0.127402891899
2022-02-08,60,-0.424882077337,-0.127402891899
2022-02-09,60,-0.418609877949,-0.127402891899
2022-02-10,60,-0.413560824074,-0.127402891899
2022-02-11,60,-0.408043658168,-0.127402891899
2022-02-14,60,-0.403978696111,-0.127402891899
2022-02-15,60,-0.400429296319,-0.127402891899
2022-02-16,60,-0.406951162778,-0.127402891899
2022-02-17,60,-0.43969824183,-0.127402891899
2022-02-18,60,-0.438170165582,-0.127402891899
2022-02-21,60,-0.412067948914,-0.127402891899
2022-02-22,60,-0.351998821811,-0.127402891899
2022-02-23,60,-0.35250412772,-0.127402891899
2022-02-24,60,-0.344805485152,-0.127402891899
2022-02-25,60,-0.285091001302,-0.127402891899
2022-03-02,60,-0.31263305972,-0.127402891899
2022-03-03,60,-0.315343653963,-0.127402891899
2022-03-04,60,-0.314432915719,-0.127402891899
2022-03-07,60,-0.256704000297,-0.127402891899
2022-03-08,60,-0.259072647666,-0.127402891899
2022-03-09,60,-0.20916442604,-0.127402891899
2022-03-10,60,-0.219878739641,-0.127402891899
2022-03-11,60,-0.222707974025,-0.127402891899
2022-03-14,60,-0.242133963545,-0.127402891899
2022-03-15,60,-0.245072426499,-0.127402891899
2022-03-16,60,-0.322441283016,-0.127402891899
2022-03-17,60,-0.327642019005,-0.127402891899
2022-03-18,60,-0.338862487555,-0.127402891899
2022-03-21,60,-0.336882054838,-0.127402891899
2022-03-22,60,-0.318963246932,-0.127402891899
2022-03-23,60,-0.31433576816,-0.127402891899
2022-03-24,60,-0.335303701764,-0.127402891899
2022-03-25,60,-0.326211102392,-0.127402891899
2022-03-28,60,-0.330877038061,-0.127402891899
2022-03-29,60,-0.350521495156,-0.127402891899
2022-03-30,60,-0.342834586616,-0.127402891899
2022-03-31,60,-0.353086072063,-0.127402891899
2022-04-01,60,-0.349950243882,-0.127402891899
2022-04-04,60,-0.350528850039,-0.127402891899
2022-04-05,60,-0.352273038288,-0.127402891899
2022-04-06,60,-0.349377557673,-0.127402891899
2022-04-07,60,-0.345648822076,-0.127402891899
2022-04-08,60,-0.338256347879,-0.127402891899
2022-04-11,60,-0.350109486469,-0.127402891899
2022-04-12,60,-0.326291703869,-0.127402891899
2022-04-13,60,-0.327796935318,-0.127402891899
2022-04-14,60,-0.327576668906,-0.127402891899
2022-04-18,60,-0.333384805294,-0.127402891899
2022-04-19,60,-0.32638696654,-0.127402891899
2022-04-20,60,-0.327477160128,-0.127402891899
2022-04-22,60,-0.331742673229,-0.127402891899
2022-04-25,60,-0.305729706579,-0.127402891899
2022-04-26,60,-0.316391870601,-0.127402891899
2022-04-27,60,-0.316670607581,-0.127402891899
2022-04-28,60,-0.346030991374,-0.127402891899
2022-04-29,60,-0.337392447469,-0.127402891899
2022-05-02,60,-0.352136314576,-0.127402891899
2022-05-03,60,-0.349653215007,-0.127402891899
2022-05-04,60,-0.345338764732,-0.127402891899
2022-05-05,60,-0.291354094889,-0.127402891899
2022-05-06,60,-0.283102296102,-0.127402891899
2022-05-09,60,-0.295363079381,-0.127402891899
2022-05-10,60,-0.302079846619,-0.127402891899
2022-05-11,60,-0.290248292745,-0.127402891899
2022-05-12,60,-0.292204912491,-0.127402891899
2022-05-13,60,-0.312095463296,-0.127402891899
2022-05-16,60,-0.301819198389,-0.127402891899
2022-05-17,60,-0.301649609992,-0.127402891899
2022-05-18,60,-0.329852549456,-0.127402891899
2022-05-19,60,-0.335072127481,-0.127402891899
2022-05-20,60,-0.352826679455,-0.127402891899
2022-05-23,60,-0.344365366865,-0.127402891899
2022-05-24,60,-0.347789197713,-0.127402891899
2022-05-25,60,-0.346122359333,-0.127402891899
2022-05-26,60,-0.400741605375,-0.127402891899
2022-05-27,60,-0.409758030301,-0.127402891899
2022-05-30,60,-0.399086354735,-0.127402891899
2022-05-31,60,-0.396922364782,-0.127402891899
2022-06-01,60,-0.42640997482,-0.127402891899
2022-06-02,60,-0.423200116857,-0.127402891899
2022-06-03,60,-0.491202995844,-0.127402891899
2022-06-06,60,-0.49479211257,-0.127402891899
2022-06-07,60,-0.487157489806,-0.127402891899
2022-06-08,60,-0.470403905631,-0.127402891899
2022-06-09,60,-0.470910692704,-0.127402891899
2022-06-10,60,-0.412849985712,-0.127402891899
2022-06-13,60,-0.403847654885,-0.127402891899
2022-06-14,60,-0.358504110939,-0.127402891899
2022-06-15,60,-0.370440245968,-0.127402891899
2022-06-17,60,-0.467616214369,-0.127402891899
2022-06-20,60,-0.466394566491,-0.127402891899
2022-06-21,60,-0.437803408588,-0.127402891899
2022-06-22,60,-0.43661046721,-0.127402891899
2022-06-23,60,-0.448963411406,-0.127402891899
2022-06-24,60,-0.437364410257,-0.127402891899
2022-06-27,60,-0.476364387411,-0.127402891899
2022-06-28,60,-0.476947869822,-0.127402891899
2022-06-29,60,-0.487819014207,-0.127402891899
2022-06-30,60,-0.491853946622,-0.127402891899
2022-07-01,60,-0.462457068799,-0.127402891899
2022-07-04,60,-0.470860168661,-0.127402891899
2022-07-05,60,-0.462897761531,-0.127402891899
2022-07-06,60,-0.440547596486,-0.127402891899
2022-07-07,60,-0.3884537581,-0.127402891899
2022-07-08,60,-0.378643538352,-0.127402891899
2022-07-11,60,-0.392052494279,-0.127402891899
2022-07-12,60,-0.37205956742,-0.127402891899
2022-07-13,60,-0.37377425129,-0.127402891899
2022-07-14,60,-0.384564382188,-0.127402891899
2022-07-15,60,-0.381309463925,-0.127402891899
2022-07-18,60,-0.357178525186,-0.127402891899
2022-07-19,60,-0.352003311166,-0.127402891899
2022-07-20,60,-0.334109360269,-0.127402891899
2022-07-21,60,-0.326993658671,-0.127402891899
2022-07-22,60,-0.318626769788,-0.127402891899
2022-07-25,60,-0.335721212691,-0.127402891899
2022-07-26,60,-0.326387198597,-0.127402891899
2022-07-27,60,-0.328531166585,-0.127402891899
2022-07-28,60,-0.357324581542,-0.127402891899
2022-07-29,60,-0.403295649785,-0.127402891899
2022-08-01,60,-0.393490302831,-0.127402891899
2022-08-02,60,-0.342677827167,-0.127402891899
2022-08-03,60,-0.337184371145,-0.127402891899
2022-08-04,60,-0.365653000777,-0.127402891899
2022-08-05,60,-0.369102288463,-0.127402891899
2022-08-08,60,-0.366920232993,-0.127402891899
2022-08-09,60,-0.37031805435,-0.127402891899
2022-08-10,60,-0.383085849555,-0.127402891899
2022-08-11,60,-0.32860635812,-0.127402891899
2022-08-12,60,-0.346290423619,-0.127402891899
2022-08-15,60,-0.331542796955,-0.127402891899
2022-08-16,60,-0.313942437579,-0.127402891899
2022-08-17,60,-0.3130785291,-0.127402891899
2022-08-18,60,-0.313064813734,-0.127402891899
2022-08-19,60,-0.309291280298,-0.127402891899
2022-08-22,60,-0.321662472116,-0.127402891899
2022-08-23,60,-0.324309633353,-0.127402891899
2022-08-24,60,-0.322838117035,-0.127402891899
2022-08-25,60,-0.32373852182,-0.127402891899
2022-08-26,60,-0.323532574097,-0.127402891899
2022-08-29,60,-0.320364774145,-0.127402891899
2022-08-30,60,-0.303952189604,-0.127402891899
2022-08-31,60,-0.305767013726,-0.127402891899
2022-09-01,60,-0.294065667565,-0.127402891899
2022-09-02,60,-0.28673027551,-0.127402891899
2022-09-05,60,-0.310118117529,-0.127402891899
2022-09-06,60,-0.314474236234,-0.127402891899
2022-09-08,60,-0.322146227576,-0.127402891899
2022-09-09,60,-0.315044377129,-0.127402891899
2022-09-12,60,-0.258065988889,-0.127402891899
2022-09-13,60,-0.226323237503,-0.127402891899
2022-09-14,60,-0.234914369856,-0.127402891899
2022-09-15,60,-0.243852856907,-0.127402891899
2022-09-16,60,-0.210538577519,-0.127402891899
2022-09-19,60,-0.223958103705,-0.127402891899
2022-09-20,60,-0.19205459614,-0.127402891899
2022-09-21,60,-0.188812196986,-0.127402891899
2022-09-22,60,-0.136086434594,-0.127402891899
2022-09-23,60,-0.17556377083,-0.127402891899
2022-09-26,60,-0.191219719864,-0.127402891899
2022-09-27,60,-0.193432714146,-0.127402891899
2022-09-28,60,-0.181489216985,-0.127402891899
2022-09-29,60,-0.186037392836,-0.127402891899
2022-09-30,60,-0.143418365885,-0.127402891899
2022-10-03,60,-0.0798346901945,-0.127402891899
2022-10-04,60,-0.0608421823519,-0.127402891899
2022-10-05,60,-0.0556823238656,-0.127402891899
2022-10-06,60,-0.0500370991193,-0.127402891899
2022-10-07,60,0.00145691922755,-0.127402891899
2022-10-10,60,-0.00501081411692,-0.127402891899
2022-10-11,60,-0.00623068636965,-0.127402891899
2022-10-13,60,0.00158512666107,-0.127402891899
2022-10-14,60,0.0156930424995,-0.127402891899
2022-10-17,60,0.0202739435362,-0.127402891899
2022-10-18,60,-0.0289478604359,-0.127402891899
2022-10-19,60,-0.0185845466909,-0.127402891899
2022-10-20,60,-0.0157487458159,-0.127402891899
2022-10-21,60,0.00815602828148,-0.127402891899
2022-10-24,60,0.0409410146593,-0.127402891899
2022-10-25,60,0.045999902418,-0.127402891899
2022-10-26,60,0.0390575882974,-0.127402891899
2022-10-27,60,0.0262081966211,-0.127402891899
2022-10-28,60,0.0198726442603,-0.127402891899
2022-10-31,60,0.0581527979304,-0.127402891899
2022-11-01,60,0.0621643037748,-0.127402891899
2022-11-03,60,0.0796494870507,-0.127402891899
2022-11-04,60,0.0723021418857,-0.127402891899
2022-11-07,60,0.0921778735314,-0.127402891899
2022-11-08,60,0.087334497854,-0.127402891899
2022-11-09,60,0.121035292712,-0.127402891899
2022-11-10,60,0.117986047358,-0.127402891899
2022-11-11,60,0.0823474130952,-0.127402891899
2022-11-14,60,0.0840394415866,-0.127402891899
2022-11-16,60,0.0652926914286,-0.127402891899
2022-11-17,60,0.0685863818801,-0.127402891899
2022-11-18,60,0.084943788046,-0.127402891899
2022-11-21,60,0.0874544959748,-0.127402891899
2022-11-22,60,0.0935753677769,-0.127402891899
2022-11-23,60,0.0920289483245,-0.127402891899
2022-11-24,60,0.0359886060932,-0.127402891899
2022-11-25,60,0.0736635599096,-0.127402891899
2022-11-28,60,0.0667265678441,-0.127402891899
2022-11-29,60,0.0861152646806,-0.127402891899
2022-11-30,60,0.0813127069794,-0.127402891899
2022-12-01,60,0.081145069512,-0.127402891899
2022-12-02,60,0.0854621798767,-0.127402891899
2022-12-05,60,0.0869168000378,-0.127402891899
2022-12-06,60,0.0887536097792,-0.127402891899
2022-12-07,60,0.0971916867647,-0.127402891899
2022-12-08,60,0.0995749111775,-0.127402891899
2022-12-09,60,0.0816429122182,-0.127402891899
2022-12-12,60,0.0538379466651,-0.127402891899
2022-12-13,60,0.0537981446419,-0.127402891899
2022-12-14,60,0.0489338793299,-0.127402891899
2022-12-15,60,0.0712258271676,-0.127402891899
2022-12-16,60,0.0668019576688,-0.127402891899
2022-12-19,60,0.0552140844205,-0.127402891899
2022-12-20,60,-0.00411478934429,-0.127402891899
2022-12-21,60,0.0257197879135,-0.127402891899
2022-12-22,60,0.0300955776849,-0.127402891899
2022-12-23,60,-0.0263594911701,-0.127402891899
2022-12-26,60,-0.0231853027071,-0.127402891899
2022-12-27,60,-0.0213701857367,-0.127402891899
2022-12-28,60,-0.0829150069097,-0.127402891899
2022-12-29,60,-0.15323198138,-0.127402891899
2023-01-02,60,-0.205475341642,-0.127402891899
2023-01-03,60,-0.218788108646,-0.127402891899
2023-01-04,60,-0.2121573797,-0.127402891899
2023-01-05,60,-0.267869376382,-0.127402891899
2023-01-06,60,-0.283763427634,-0.127402891899
2023-01-09,60,-0.274859480141,-0.127402891899
2023-01-10,60,-0.278897338958,-0.127402891899
2023-01-11,60,-0.296980146169,-0.127402891899
2023-01-12,60,-0.304486530023,-0.127402891899
2023-01-13,60,-0.245454229623,-0.127402891899
2023-01-16,60,-0.201109552058,-0.127402891899
2023-01-17,60,-0.240537274726,-0.127402891899
2023-01-18,60,-0.283347311263,-0.127402891899
2023-01-19,60,-0.2959762287,-0.127402891899
2023-01-20,60,-0.282073881741,-0.127402891899
2023-01-23,60,-0.285416342761,-0.127402891899
2023-01-24,60,-0.301958424524,-0.127402891899
2023-01-25,60,-0.280609851716,-0.127402891899
2023-01-26,60,-0.31315683434,-0.127402891899
2023-01-27,60,-0.285781050373,-0.127402891899
2023-01-30,60,-0.28465619604,-0.127402891899
2023-01-31,60,-0.296614973622,-0.127402891899
2023-02-01,60,-0.248201887798,-0.127402891899
2023-02-02,60,-0.247566057669,-0.127402891899
2023-02-03,60,-0.203132125481,-0.127402891899
2023-02-06,60,-0.188933568864,-0.127402891899
2023-02-07,60,-0.184210256742,-0.127402891899
2023-02-08,60,-0.214744929988,-0.127402891899
2023-02-09,60,-0.172177793389,-0.127402891899
2023-02-10,60,-0.17466974369,-0.127402891899
2023-02-13,60,-0.182318725782,-0.127402891899
2023-02-14,60,-0.195653082382,-0.127402891899
2023-02-15,60,-0.200833796585,-0.127402891899
2023-02-16,60,-0.196875030947,-0.127402891899
2023-02-17,60,-0.172249626383,-0.127402891899
2023-02-22,60,-0.259054619828,-0.127402891899
2023-02-23,60,-0.253742075117,-0.127402891899
2023-02-24,60,-0.279742370001,-0.127402891899
2023-02-27,60,-0.273416589702,-0.127402891899
2023-02-28,60,-0.259501013632,-0.127402891899
2023-03-01,60,-0.248534206981,-0.127402891899
2023-03-02,60,-0.213295567874,-0.127402891899
2023-03-03,60,-0.227833203557,-0.127402891899
2023-03-06,60,-0.219463813074,-0.127402891899
2023-03-07,60,-0.196613341167,-0.127402891899
2023-03-08,60,-0.162615857828,-0.127402891899
2023-03-09,60,-0.130717736243,-0.127402891899
2023-03-10,60,-0.104517747051,-0.127402891899
2023-03-13,60,-0.110108569445,-0.127402891899
2023-03-14,60,-0.103534465068,-0.127402891899
2023-03-15,60,-0.091160925659,-0.127402891899
2023-03-16,60,-0.105330704523,-0.127402891899
2023-03-17,60,-0.105448693861,-0.127402891899
2023-03-20,60,-0.0962642096823,-0.127402891899
2023-03-21,60,-0.0961265500561,-0.127402891899
2023-03-24,60,-0.0624816298663,-0.127402891899
2023-03-27,60,-0.0528575782838,-0.127402891899
2023-03-28,60,-0.0499012803026,-0.127402891899
2023-03-29,60,-0.060095474244,-0.127402891899
2023-03-30,60,-0.0669475675917,-0.127402891899
2023-03-31,60,-0.0183282833644,-0.127402891899
2023-04-03,60,0.0107339902919,-0.127402891899
2023-04-04,60,0.00126183675088,-0.127402891899
2023-04-05,60,0.00886191156061,-0.127402891899
2023-04-06,60,0.0274502963733,-0.127402891899
2023-04-10,60,0.00977225322086,-0.127402891899
2023-04-11,60,-0.063381595212,-0.127402891899
2023-04-12,60,-0.0768373477833,-0.127402891899
2023-04-13,60,-0.0848090519327,-0.127402891899
2023-04-14,60,-0.0947305711463,-0.127402891899
2023-04-17,60,-0.127101255647,-0.127402891899
2023-04-18,60,-0.119689246658,-0.127402891899
2023-04-19,60,-0.140831287107,-0.127402891899
2023-04-20,60,-0.140156424335,-0.127402891899
2023-04-24,60,-0.139924624463,-0.127402891899
2023-04-25,60,-0.139995626649,-0.127402891899
2023-04-26,60,-0.137334070703,-0.127402891899
2023-04-27,60,-0.170641835107,-0.127402891899
2023-04-28,60,-0.151075490375,-0.127402891899
2023-05-02,60,-0.212927005171,-0.127402891899
2023-05-03,60,-0.204085323543,-0.127402891899
2023-05-04,60,-0.186539637019,-0.127402891899
2023-05-05,60,-0.184398824135,-0.127402891899
2023-05-08,60,-0.19303120494,-0.127402891899
2023-05-09,60,-0.234451798647,-0.127402891899
2023-05-10,60,-0.234084166956,-0.127402891899
2023-05-11,60,-0.239794255085,-0.127402891899
2023-05-12,60,-0.230853179144,-0.127402891899
2023-05-15,60,-0.22188720557,-0.127402891899
2023-05-16,60,-0.217642344886,-0.127402891899
2023-05-17,60,-0.202141341384,-0.127402891899
2023-05-18,60,-0.182582677377,-0.127402891899
2023-05-19,60,-0.182925656917,-0.127402891899
2023-05-22,60,-0.189208546942,-0.127402891899
2023-05-23,60,-0.187295502752,-0.127402891899
2023-05-24,60,-0.152073637301,-0.127402891899
2023-05-25,60,-0.164651090345,-0.127402891899
2023-05-26,60,-0.180021117112,-0.127402891899
2023-05-29,60,-0.200783716246,-0.127402891899
2023-05-30,60,-0.20742005665,-0.127402891899
2023-05-31,60,-0.214241518248,-0.127402891899
2023-06-01,60,-0.225777189586,-0.127402891899
2023-06-02,60,-0.240124942361,-0.127402891899
2023-06-05,60,-0.245688273623,-0.127402891899
2023-06-06,60,-0.199606397793,-0.127402891899
2023-06-07,60,-0.224681492644,-0.127402891899
2023-06-09,60,-0.21488248157,-0.127402891899
2023-06-12,60,-0.233029276014,-0.127402891899
2023-06-13,60,-0.219231204102,-0.127402891899
2023-06-14,60,-0.222173706369,-0.127402891899
2023-06-15,60,-0.217224903298,-0.127402891899
2023-06-16,60,-0.206644074509,-0.127402891899
2023-06-19,60,-0.20405693006,-0.127402891899
2023-06-20,60,-0.234695608872,-0.127402891899
2023-06-21,60,-0.222335733755,-0.127402891899
2023-06-22,60,-0.226140901933,-0.127402891899
2023-06-23,60,-0.230175779562,-0.127402891899
2023-06-26,60,-0.237173796295,-0.127402891899
2023-06-27,60,-0.24351143216,-0.127402891899
2023-06-28,60,-0.227777418397,-0.127402891899
2023-06-29,60,-0.171111984736,-0.127402891899
2023-06-30,60,-0.173771265801,-0.127402891899
2023-07-03,60,-0.167458664611,-0.127402891899
2023-07-04,60,-0.167967996921,-0.127402891899
2023-07-05,60,-0.186868308539,-0.127402891899
2023-07-06,60,-0.137165537089,-0.127402891899
2023-07-07,60,-0.112163069649,-0.127402891899
2023-07-10,60,-0.107143280715,-0.127402891899
2023-07-11,60,-0.103630197956,-0.127402891899
2023-07-12,60,-0.102511624491,-0.127402891899
2023-07-13,60,-0.103315077264,-0.127402891899
2023-07-14,60,-0.147295705429,-0.127402891899
2023-07-17,60,-0.13701778198,-0.127402891899
2023-07-18,60,-0.138921524373,-0.127402891899
2023-07-19,60,-0.15262878339,-0.127402891899
2023-07-20,60,-0.159249010358,-0.127402891899
2023-07-21,60,-0.184440831483,-0.127402891899
2023-07-24,60,-0.199296916799,-0.127402891899
2023-07-25,60,-0.20986983609,-0.127402891899
2023-07-26,60,-0.175963881064,-0.127402891899
2023-07-27,60,-0.182115772252,-0.127402891899
2023-07-28,60,-0.184125565036,-0.127402891899
2023-07-31,60,-0.191547682086,-0.127402891899
2023-08-01,60,-0.185570992114,-0.127402891899
2023-08-02,60,-0.166614959977,-0.127402891899
2023-08-03,60,-0.175143298611,-0.127402891899
2023-08-04,60,-0.178210463889,-0.127402891899
2023-08-07,60,-0.17978537904,-0.127402891899
2023-08-08,60,-0.186740162102,-0.127402891899
2023-08-09,60,-0.200897504059,-0.127402891899
2023-08-10,60,-0.212520953479,-0.127402891899
2023-08-11,60,-0.223206654712,-0.127402891899
2023-08-14,60,-0.213008418639,-0.127402891899
2023-08-15,60,-0.217237158985,-0.127402891899
2023-08-16,60,-0.224754294912,-0.127402891899
2023-08-17,60,-0.223457540095,-0.127402891899
2023-08-18,60,-0.208063367085,-0.127402891899
2023-08-21,60,-0.201406418786,-0.127402891899
2023-08-22,60,-0.191261360001,-0.127402891899
2023-08-23,60,-0.212855586368,-0.127402891899
2023-08-24,60,-0.220217399415,-0.127402891899
2023-08-25,60,-0.187235146601,-0.127402891899
2023-08-28,60,-0.148813147123,-0.127402891899
2023-08-29,60,-0.134918817692,-0.127402891899
2023-08-30,60,-0.175646265484,-0.127402891899
2023-08-31,60,-0.186859654889,-0.127402891899
2023-09-01,60,-0.212939068062,-0.127402891899
2023-09-04,60,-0.211407023249,-0.127402891899
2023-09-05,60,-0.227192388963,-0.127402891899
2023-09-06,60,-0.248740762706,-0.127402891899
2023-09-08,60,-0.256543677941,-0.127402891899
2023-09-11,60,-0.262723759654,-0.127402891899
2023-09-12,60,-0.267412546993,-0.127402891899
2023-09-13,60,-0.267612384142,-0.127402891899
2023-09-14,60,-0.294186713321,-0.127402891899
2023-09-15,60,-0.278594217231,-0.127402891899
2023-09-18,60,-0.277006971595,-0.127402891899
2023-09-19,60,-0.269070281875,-0.127402891899
2023-09-20,60,-0.266468331495,-0.127402891899
2023-09-21,60,-0.304657651064,-0.127402891899
2023-09-22,60,-0.349024842106,-0.127402891899
2023-09-25,60,-0.342481294847,-0.127402891899
2023-09-26,60,-0.38595080117,-0.127402891899
2023-09-27,60,-0.36046443617,-0.127402891899
2023-09-28,60,-0.325990905705,-0.127402891899
2023-09-29,60,-0.385336705276,-0.127402891899
2023-10-02,60,-0.371269836505,-0.127402891899
2023-10-03,60,-0.376493353435,-0.127402891899
2023-10-04,60,-0.371024050514,-0.127402891899
2023-10-05,60,-0.377397189219,-0.127402891899
2023-10-06,60,-0.378122745735,-0.127402891899
2023-10-09,60,-0.348456743387,-0.127402891899
2023-10-10,60,-0.341957763787,-0.127402891899
2023-10-11,60,-0.324405463189,-0.127402891899
2023-10-13,60,-0.326854442373,-0.127402891899
2023-10-16,60,-0.330468651345,-0.127402891899
2023-10-17,60,-0.297934549418,-0.127402891899
2023-10-18,60,-0.255533558106,-0.127402891899
2023-10-19,60,-0.243768514935,-0.127402891899
2023-10-20,60,-0.249806940505,-0.127402891899
2023-10-23,60,-0.236325275685,-0.127402891899
2023-10-24,60,-0.256042565567,-0.127402891899
2023-10-25,60,-0.277120311472,-0.127402891899
2023-10-26,60,-0.311007667418,-0.127402891899
2023-10-27,60,-0.288765867016,-0.127402891899
2023-10-30,60,-0.299158441213,-0.127402891899
2023-10-31,60,-0.269799178912,-0.127402891899
2023-11-01,60,-0.249121470887,-0.127402891899
2023-11-03,60,-0.237541120156,-0.127402891899
2023-11-06,60,-0.234847293074,-0.127402891899
2023-11-07,60,-0.241317926592,-0.127402891899
2023-11-08,60,-0.238253819199,-0.127402891899
2023-11-09,60,-0.246129001213,-0.127402891899
2023-11-10,60,-0.247296585309,-0.127402891899
2023-11-13,60,-0.241041072247,-0.127402891899
2023-11-14,60,-0.27190434519,-0.127402891899
2023-11-16,60,-0.278670381835,-0.127402891899
2023-11-17,60,-0.277328812532,-0.127402891899
2023-11-20,60,-0.286992030966,-0.127402891899
2023-11-21,60,-0.280532220815,-0.127402891899
2023-11-22,60,-0.289870343999,-0.127402891899
2023-11-23,60,-0.322567608538,-0.127402891899
2023-11-24,60,-0.307704579173,-0.127402891899
2023-11-27,60,-0.318825316359,-0.127402891899
2023-11-28,60,-0.32788327435,-0.127402891899
2023-11-29,60,-0.323136515927,-0.127402891899
2023-11-30,60,-0.263116050355,-0.127402891899
2023-12-01,60,-0.260177828279,-0.127402891899
2023-12-04,60,-0.26035461345,-0.127402891899
2023-12-05,60,-0.245914725147,-0.127402891899
2023-12-06,60,-0.240010288594,-0.127402891899
2023-12-07,60,-0.246972464421,-0.127402891899
2023-12-08,60,-0.253773475569,-0.127402891899
2023-12-11,60,-0.239127305387,-0.127402891899
2023-12-12,60,-0.244426685944,-0.127402891899
2023-12-13,60,-0.251654059405,-0.127402891899
2023-12-14,60,-0.23420418109,-0.127402891899
2023-12-15,60,-0.24432124637,-0.127402891899
2023-12-18,60,-0.243519176873,-0.127402891899
2023-12-19,60,-0.219700717703,-0.127402891899
2023-12-20,60,-0.239055904352,-0.127402891899
2023-12-21,60,-0.233523584061,-0.127402891899
2023-12-22,60,-0.185718193938,-0.127402891899
2023-12-26,60,-0.185257059506,-0.127402891899
2023-12-27,60,-0.211310658393,-0.127402891899
2023-12-28,60,-0.211463713153,-0.127402891899
2024-01-02,60,-0.194549898677,-0.127402891899
2024-01-03,60,-0.181523506863,-0.127402891899
2024-01-04,60,-0.193523374576,-0.127402891899
2024-01-05,60,-0.193830361231,-0.127402891899
2024-01-08,60,-0.195183145226,-0.127402891899
2024-01-09,60,-0.219155580488,-0.127402891899
2024-01-10,60,-0.22695332831,-0.127402891899
2024-01-11,60,-0.243694920005,-0.127402891899
2024-01-12,60,-0.241075839367,-0.127402891899
2024-01-15,60,-0.236682952829,-0.127402891899
2024-01-16,60,-0.198306019215,-0.127402891899
2024-01-17,60,-0.220664502397,-0.127402891899
2024-01-18,60,-0.200160986188,-0.127402891899
2024-01-19,60,-0.182865120882,-0.127402891899
2024-01-22,60,-0.222467559425,-0.127402891899
2024-01-23,60,-0.174895357757,-0.127402891899
2024-01-24,60,-0.146276517684,-0.127402891899
2024-01-25,60,-0.111584397041,-0.127402891899
2024-01-26,60,-0.137806241622,-0.127402891899
2024-01-29,60,-0.110933193907,-0.127402891899
2024-01-30,60,-0.13559330382,-0.127402891899
2024-01-31,60,-0.156287525516,-0.127402891899
2024-02-01,60,-0.157514893845,-0.127402891899
2024-02-02,60,-0.163545176101,-0.127402891899
2024-02-05,60,-0.159658251496,-0.127402891899
2024-02-06,60,-0.225680309048,-0.127402891899
2024-02-07,60,-0.236021677753,-0.127402891899
2024-02-08,60,-0.226309745485,-0.127402891899
2024-02-09,60,-0.200108461269,-0.127402891899
2024-02-14,60,-0.143764619307,-0.127402891899
2024-02-15,60,-0.130954548202,-0.127402891899
2024-02-16,60,-0.139691391738,-0.127402891899
2024-02-19,60,-0.137319725796,-0.127402891899
2024-02-20,60,-0.148048044349,-0.127402891899
2024-02-21,60,-0.144783690668,-0.127402891899
2024-02-22,60,-0.139739368467,-0.127402891899
2024-02-23,60,-0.169911144973,-0.127402891899
2024-02-26,60,-0.16891982801,-0.127402891899
2024-02-27,60,-0.180765554341,-0.127402891899
2024-02-28,60,-0.195608571167,-0.127402891899
2024-02-29,60,-0.239056757265,-0.127402891899
2024-03-01,60,-0.247565702705,-0.127402891899
2024-03-04,60,-0.22068059559,-0.127402891899
2024-03-05,60,-0.220320679642,-0.127402891899
2024-03-06,60,-0.22458170187,-0.127402891899
2024-03-07,60,-0.223149085106,-0.127402891899
2024-03-08,60,-0.164710705471,-0.127402891899
2024-03-11,60,-0.179236596263,-0.127402891899
2024-03-12,60,-0.2000261809,-0.127402891899
2024-03-13,60,-0.218048894785,-0.127402891899
2024-03-14,60,-0.256211130283,-0.127402891899
2024-03-15,60,-0.230108954204,-0.127402891899
2024-03-18,60,-0.229721990476,-0.127402891899
2024-03-19,60,-0.215025435911,-0.127402891899
2024-03-20,60,-0.206376931887,-0.127402891899
2024-03-21,60,-0.199360276501,-0.127402891899
2024-03-22,60,-0.191558097937,-0.127402891899
2024-03-25,60,-0.201242579595,-0.127402891899
2024-03-26,60,-0.201486595832,-0.127402891899
2024-03-27,60,-0.185517308245,-0.127402891899
2024-03-28,60,-0.152229463546,-0.127402891899
2024-04-01,60,-0.17357002375,-0.127402891899
2024-04-02,60,-0.137457947448,-0.127402891899
2024-04-03,60,-0.12624386622,-0.127402891899
2024-04-04,60,-0.128832932741,-0.127402891899
2024-04-05,60,-0.0862978688444,-0.127402891899
2024-04-08,60,-0.0900545646461,-0.127402891899
2024-04-09,60,-0.0772611589075,-0.127402891899
2024-04-10,60,-0.0744166444879,-0.127402891899
2024-04-11,60,-0.0686497887061,-0.127402891899
2024-04-12,60,-0.102149264875,-0.127402891899
2024-04-15,60,-0.101532384736,-0.127402891899
2024-04-16,60,-0.113313408775,-0.127402891899
2024-04-17,60,-0.104312013344,-0.127402891899
2024-04-18,60,-0.0839859770479,-0.127402891899
2024-04-19,60,-0.145201033457,-0.127402891899
2024-04-22,60,-0.134356344748,-0.127402891899
2024-04-23,60,-0.11571217002,-0.127402891899
2024-04-24,60,-0.111462736724,-0.127402891899
2024-04-25,60,-0.109464092338,-0.127402891899
2024-04-26,60,-0.13887648751,-0.127402891899
2024-04-29,60,-0.170233361865,-0.127402891899
2024-04-30,60,-0.175342852189,-0.127402891899
2024-05-02,60,-0.160238978135,-0.127402891899
2024-05-03,60,-0.175243043339,-0.127402891899
2024-05-06,60,-0.118120869927,-0.127402891899
2024-05-07,60,-0.119328951278,-0.127402891899
2024-05-08,60,-0.118465880206,-0.127402891899
2024-05-09,60,-0.0988918727207,-0.127402891899
2024-05-10,60,-0.0749145858074,-0.127402891899
2024-05-13,60,-0.0589599607337,-0.127402891899
2024-05-14,60,-0.0606239024277,-0.127402891899
2024-05-15,60,-0.0733538220804,-0.127402891899
2024-05-16,60,-0.066046394679,-0.127402891899
2024-05-17,60,-0.0650992379663,-0.127402891899
2024-05-20,60,-0.0771633517171,-0.127402891899
2024-05-21,60,-0.0520704203538,-0.127402891899
2024-05-22,60,-0.0474673986658,-0.127402891899
2024-05-23,60,-0.0307342336801,-0.127402891899
2024-05-24,60,-0.00545875405309,-0.127402891899
2024-05-27,60,0.0105610973801,-0.127402891899
2024-05-28,60,-0.0165409550615,-0.127402891899
2024-05-29,60,-0.0575812284673,-0.127402891899
2024-05-31,60,-0.0716734554864,-0.127402891899
2024-06-03,60,-0.0525978463561,-0.127402891899
2024-06-04,60,-0.0514438943113,-0.127402891899
2024-06-05,60,-0.0869910890157,-0.127402891899
2024-06-06,60,-0.0667497641131,-0.127402891899
2024-06-07,60,-0.018821015828,-0.127402891899
2024-06-10,60,-0.00760657215418,-0.127402891899
2024-06-11,60,-0.0158812875364,-0.127402891899
2024-06-12,60,-0.0525556274775,-0.127402891899
2024-06-13,60,-0.0558830707745,-0.127402891899
2024-06-14,60,-0.0700948103788,-0.127402891899
2024-06-17,60,-0.0611001593167,-0.127402891899
2024-06-18,60,-0.0751602874763,-0.127402891899
2024-06-19,60,-0.0828282867354,-0.127402891899
2024-06-20,60,-0.0867136842514,-0.127402891899
2024-06-21,60,-0.0413310056635,-0.127402891899
2024-06-24,60,-0.050839867545,-0.127402891899
2024-06-25,60,-0.064696815684,-0.127402891899
2024-06-26,60,-0.0321420427731,-0.127402891899
2024-06-27,60,-0.0458559094508,-0.127402891899
2024-06-28,60,-0.0540443225491,-0.127402891899
2024-07-01,60,-0.0401652433393,-0.127402891899
2024-07-02,60,-0.0590850261268,-0.127402891899
2024-07-03,60,-0.0621106442232,-0.127402891899
2024-07-04,60,-0.0763029339383,-0.127402891899
2024-07-05,60,-0.0820952745553,-0.127402891899
2024-07-08,60,-0.0774713330042,-0.127402891899
2024-07-09,60,-0.0805307560333,-0.127402891899
2024-07-10,60,-0.0661367742171,-0.127402891899
2024-07-11,60,-0.0772567397925,-0.127402891899
2024-07-12,60,-0.0912803848107,-0.127402891899
2024-07-15,60,-0.0884084681977,-0.127402891899
2024-07-16,60,-0.0841039636859,-0.127402891899
2024-07-17,60,-0.0787014397373,-0.127402891899
2024-07-18,60,-0.133185071262,-0.127402891899
2024-07-19,60,-0.13648825105,-0.127402891899
2024-07-22,60,-0.134769355781,-0.127402891899
2024-07-23,60,-0.113105600713,-0.127402891899
2024-07-24,60,-0.0851340678121,-0.127402891899
2024-07-25,60,-0.118667329898,-0.127402891899
2024-07-26,60,-0.0901278876745,-0.127402891899
2024-07-29,60,-0.0413003369905,-0.127402891899
2024-07-30,60,-0.00687056816837,-0.127402891899
2024-07-31,60,0.0480998287387,-0.127402891899
2024-08-01,60,0.0577723721713,-0.127402891899
2024-08-02,60,0.0284751323837,-0.127402891899
2024-08-05,60,0.019256602558,-0.127402891899
2024-08-06,60,0.0061942733142,-0.127402891899
2024-08-07,60,0.0279432002329,-0.127402891899
2024-08-08,60,0.0178056364376,-0.127402891899
2024-08-09,60,-0.00984082097525,-0.127402891899
2024-08-12,60,-0.0174604464913,-0.127402891899
2024-08-13,60,-0.0151225364916,-0.127402891899
2024-08-14,60,-0.0196300432547,-0.127402891899
2024-08-15,60,-0.0384227673488,-0.127402891899
2024-08-16,60,-0.0504353988858,-0.127402891899
2024-08-19,60,-0.0702577943128,-0.127402891899
2024-08-20,60,-0.0679746255349,-0.127402891899
2024-08-21,60,-0.0420438161264,-0.127402891899
2024-08-22,60,-0.0542994484421,-0.127402891899
2024-08-23,60,-0.0385397710823,-0.127402891899
2024-08-26,60,-0.054847673855,-0.127402891899
2024-08-27,60,-0.0468816320186,-0.127402891899
2024-08-28,60,-0.0445296804183,-0.127402891899
2024-08-29,60,-0.0701157970304,-0.127402891899
2024-08-30,60,-0.110485317274,-0.127402891899
2024-09-02,60,-0.100991553062,-0.127402891899
2024-09-03,60,-0.110557011598,-0.127402891899
2024-09-04,60,-0.101862247787,-0.127402891899
2024-09-05,60,-0.105975636362,-0.127402891899
2024-09-06,60,-0.0668387523521,-0.127402891899
2024-09-09,60,-0.0599141170713,-0.127402891899
2024-09-10,60,-0.0572780337294,-0.127402891899
2024-09-11,60,-0.0521786095839,-0.127402891899
2024-09-12,60,-0.0506925968948,-0.127402891899
2024-09-13,60,-0.0783266314841,-0.127402891899
2024-09-16,60,-0.0748757560003,-0.127402891899
2024-09-17,60,-0.0452456813374,-0.127402891899
2024-09-18,60,0.000551309820116,-0.127402891899
2024-09-19,60,0.0300108100046,-0.127402891899
2024-09-20,60,0.0373767201479,-0.127402891899
2024-09-23,60,0.023070827765,-0.127402891899
2024-09-24,60,0.0177059173136,-0.127402891899
2024-09-25,60,0.0397903400118,-0.127402891899
2024-09-26,60,0.0516373202516,-0.127402891899
2024-09-27,60,0.056839852686,-0.127402891899
2024-09-30,60,0.0679523960027,-0.127402891899
2024-10-01,60,0.0552478576766,-0.127402891899
2024-10-02,60,0.0603741350601,-0.127402891899
2024-10-03,60,0.0363530806389,-0.127402891899
2024-10-04,60,0.0531124005367,-0.127402891899
2024-10-07,60,0.0523055619382,-0.127402891899
2024-10-08,60,0.0545914117165,-0.127402891899
2024-10-09,60,0.0269975386571,-0.127402891899
2024-10-10,60,0.0777457561901,-0.127402891899
2024-10-11,60,0.0776720458482,-0.127402891899
2024-10-14,60,0.09607660918,-0.127402891899
2024-10-15,60,0.122159828533,-0.127402891899
2024-10-16,60,0.142327608722,-0.127402891899
2024-10-17,60,0.13008916055,-0.127402891899
2024-10-18,60,0.100787146218,-0.127402891899
2024-10-21,60,0.0895093623522,-0.127402891899
2024-10-22,60,0.0456121998912,-0.127402891899
2024-10-23,60,0.00936017884275,-0.127402891899
2024-10-24,60,0.0132787742713,-0.127402891899
2024-10-25,60,0.00198953811274,-0.127402891899
2024-10-28,60,-0.00798869216349,-0.127402891899
2024-10-29,60,-0.015746964706,-0.127402891899
2024-10-30,60,-0.0352369446734,-0.127402891899
2024-10-31,60,-0.0109396831506,-0.127402891899
2024-11-01,60,0.0493399751303,-0.127402891899
2024-11-04,60,0.0178021791418,-0.127402891899
2024-11-05,60,0.00340856955283,-0.127402891899
2024-11-06,60,-0.00660233251696,-0.127402891899
2024-11-07,60,-0.00685143580698,-0.127402891899
2024-11-08,60,-0.0153049503354,-0.127402891899
2024-11-11,60,0.00256921721705,-0.127402891899
2024-11-12,60,-0.00622455388176,-0.127402891899
2024-11-13,60,-0.0176200367495,-0.127402891899
2024-11-14,60,0.020154018542,-0.127402891899
2024-11-18,60,0.0225692879706,-0.127402891899
2024-11-19,60,0.040480088143,-0.127402891899
2024-11-21,60,-0.00362887932745,-0.127402891899
2024-11-22,60,-0.0453739916837,-0.127402891899
2024-11-25,60,-0.0246033291599,-0.127402891899
2024-11-26,60,-0.0236673600502,-0.127402891899
2024-11-27,60,-0.0426348098647,-0.127402891899
2024-11-28,60,0.00249555675555,-0.127402891899
2024-11-29,60,0.0170134786295,-0.127402891899
2024-12-02,60,0.0132323885713,-0.127402891899
2024-12-03,60,0.00488425517791,-0.127402891899
2024-12-04,60,0.00576276389107,-0.127402891899
2024-12-05,60,0.0339455555495,-0.127402891899
2024-12-06,60,0.048795906224,-0.127402891899
2024-12-09,60,0.028595154937,-0.127402891899
2024-12-10,60,0.0203425544559,-0.127402891899
2024-12-11,60,0.0374113005045,-0.127402891899
2024-12-12,60,-0.0646242939389,-0.127402891899
2024-12-13,60,-0.0824052421662,-0.127402891899
2024-12-16,60,-0.110731802771,-0.127402891899
2024-12-17,60,-0.0844628959871,-0.127402891899
2024-12-18,60,-0.128677087953,-0.127402891899
2024-12-19,60,-0.109371647475,-0.127402891899
2024-12-20,60,-0.0971662980987,-0.127402891899
2024-12-23,60,-0.104502280196,-0.127402891899
2024-12-26,60,-0.0938288169063,-0.127402891899
2024-12-27,60,-0.0913034163159,-0.127402891899
2024-12-30,60,-0.0822234614986,-0.127402891899
2019-12-10,90,-0.20444238743,-0.127402891899
2019-12-11,90,-0.21967561282,-0.127402891899
2019-12-12,90,-0.208261207542,-0.127402891899
2019-12-13,90,-0.210593666178,-0.127402891899
2019-12-16,90,-0.193123355217,-0.127402891899
2019-12-17,90,-0.196875442256,-0.127402891899
2019-12-18,90,-0.160015254933,-0.127402891899
2019-12-19,90,-0.159326019138,-0.127402891899
2019-12-20,90,-0.172158540453,-0.127402891899
2019-12-23,90,-0.162594833996,-0.127402891899
2019-12-26,90,-0.149295985928,-0.127402891899
2019-12-27,90,-0.164989995539,-0.127402891899
2019-12-30,90,-0.175026379967,-0.127402891899
2020-01-02,90,-0.107787104076,-0.127402891899
2020-01-03,90,-0.108565782358,-0.127402891899
2020-01-06,90,-0.0931528595623,-0.127402891899
2020-01-07,90,-0.0742566377273,-0.127402891899
2020-01-08,90,-0.0797430072348,-0.127402891899
2020-01-09,90,-0.0862321900655,-0.127402891899
2020-01-10,90,-0.0812163926577,-0.127402891899
2020-01-13,90,-0.0665927940439,-0.127402891899
2020-01-14,90,-0.0660888520085,-0.127402891899
2020-01-15,90,-0.0740360611567,-0.127402891899
2020-01-16,90,-0.0657134499853,-0.127402891899
2020-01-17,90,-0.0427789671985,-0.127402891899
2020-01-20,90,-0.0356979727798,-0.127402891899
2020-01-21,90,-0.0508697930464,-0.127402891899
2020-01-22,90,-0.0560153437969,-0.127402891899
2020-01-23,90,-0.0602773499397,-0.127402891899
2020-01-24,90,-0.0338926885519,-0.127402891899
2020-01-27,90,-0.0717866055492,-0.127402891899
2020-01-28,90,-0.0855633715728,-0.127402891899
2020-01-29,90,-0.0845646305894,-0.127402891899
2020-01-30,90,-0.0840997479352,-0.127402891899
2020-01-31,90,-0.10213291971,-0.127402891899
2020-02-03,90,-0.103581670164,-0.127402891899
2020-02-04,90,-0.103912951879,-0.127402891899
2020-02-05,90,-0.103788355869,-0.127402891899
2020-02-06,90,-0.103740197959,-0.127402891899
2020-02-07,90,-0.128324959151,-0.127402891899
2020-02-10,90,-0.132302093858,-0.127402891899
2020-02-11,90,-0.0958184113723,-0.127402891899
2020-02-12,90,-0.0857137899175,-0.127402891899
2020-02-13,90,-0.0961906418158,-0.127402891899
2020-02-14,90,-0.0950066089388,-0.127402891899
2020-02-17,90,-0.0851561286096,-0.127402891899
2020-02-18,90,-0.0993474699336,-0.127402891899
2020-02-19,90,-0.0964744318825,-0.127402891899
2020-02-20,90,-0.0846264930033,-0.127402891899
2020-02-21,90,-0.098660734936,-0.127402891899
2020-02-26,90,-0.130057860124,-0.127402891899
2020-02-27,90,-0.142793770821,-0.127402891899
2020-02-28,90,-0.129981930331,-0.127402891899
2020-03-02,90,-0.0908319562234,-0.127402891899
2020-03-03,90,-0.0913905878931,-0.127402891899
2020-03-04,90,-0.0635258739077,-0.127402891899
2020-03-05,90,-0.0973580280748,-0.127402891899
2020-03-06,90,-0.108963790726,-0.127402891899
2020-03-09,90,-0.175042705109,-0.127402891899
2020-03-10,90,-0.11759284392,-0.127402891899
2020-03-11,90,-0.101954735714,-0.127402891899
2020-03-12,90,-0.126124925437,-0.127402891899
2020-03-13,90,-0.0918052698874,-0.127402891899
2020-03-16,90,-0.107036526553,-0.127402891899
2020-03-17,90,-0.100986484315,-0.127402891899
2020-03-18,90,-0.133567298777,-0.127402891899
2020-03-19,90,-0.131781799269,-0.127402891899
2020-03-20,90,-0.136490908699,-0.127402891899
2020-03-23,90,-0.13861583594,-0.127402891899
2020-03-24,90,-0.116692908443,-0.127402891899
2020-03-25,90,-0.0971784102525,-0.127402891899
2020-03-26,90,-0.103478974474,-0.127402891899
2020-03-27,90,-0.104860981827,-0.127402891899
2020-03-30,90,-0.107888208014,-0.127402891899
2020-03-31,90,-0.109878507194,-0.127402891899
2020-04-01,90,-0.115681670018,-0.127402891899
2020-04-02,90,-0.121245642028,-0.127402891899
2020-04-03,90,-0.128016181847,-0.127402891899
2020-04-06,90,-0.124651918014,-0.127402891899
2020-04-07,90,-0.128227747684,-0.127402891899
2020-04-08,90,-0.131985596464,-0.127402891899
2020-04-09,90,-0.128907470902,-0.127402891899
2020-04-13,90,-0.133133657709,-0.127402891899
2020-04-14,90,-0.137430155745,-0.127402891899
2020-04-15,90,-0.1344665943,-0.127402891899
2020-04-16,90,-0.126986129679,-0.127402891899
2020-04-17,90,-0.127028430669,-0.127402891899
2020-04-20,90,-0.123368124269,-0.127402891899
2020-04-22,90,-0.109955364029,-0.127402891899
2020-04-23,90,-0.112691560145,-0.127402891899
2020-04-24,90,-0.14276921462,-0.127402891899
2020-04-27,90,-0.134769520794,-0.127402891899
2020-04-28,90,-0.136765908564,-0.127402891899
2020-04-29,90,-0.143100694774,-0.127402891899
2020-04-30,90,-0.146983505338,-0.127402891899
2020-05-04,90,-0.136208414938,-0.127402891899
2020-05-05,90,-0.135430631192,-0.127402891899
2020-05-06,90,-0.133859637886,-0.127402891899
2020-05-07,90,-0.135821548988,-0.127402891899
2020-05-08,90,-0.137902020421,-0.127402891899
2020-05-11,90,-0.136861076021,-0.127402891899
2020-05-12,90,-0.137578815853,-0.127402891899
2020-05-13,90,-0.135809841686,-0.127402891899
2020-05-14,90,-0.148158955899,-0.127402891899
2020-05-15,90,-0.153625607064,-0.127402891899
2020-05-18,90,-0.150564436679,-0.127402891899
2020-05-19,90,-0.150438166071,-0.127402891899
2020-05-20,90,-0.149426557866,-0.127402891899
2020-05-21,90,-0.138515688978,-0.127402891899
2020-05-22,90,-0.139332532784,-0.127402891899
2020-05-25,90,-0.153454015595,-0.127402891899
2020-05-26,90,-0.153074073771,-0.127402891899
2020-05-27,90,-0.169477678734,-0.127402891899
2020-05-28,90,-0.161391294448,-0.127402891899
2020-05-29,90,-0.160617861852,-0.127402891899
2020-06-01,90,-0.162094349931,-0.127402891899
2020-06-02,90,-0.171219153888,-0.127402891899
2020-06-03,90,-0.176686042403,-0.127402891899
2020-06-04,90,-0.175779770417,-0.127402891899
2020-06-05,90,-0.180351786954,-0.127402891899
2020-06-08,90,-0.182580258233,-0.127402891899
2020-06-09,90,-0.172338277808,-0.127402891899
2020-06-10,90,-0.164693924662,-0.127402891899
2020-06-12,90,-0.163763702167,-0.127402891899
2020-06-15,90,-0.160877489505,-0.127402891899
2020-06-16,90,-0.160528795409,-0.127402891899
2020-06-17,90,-0.161110971411,-0.127402891899
2020-06-18,90,-0.162232043053,-0.127402891899
2020-06-19,90,-0.16337425074,-0.127402891899
2020-06-22,90,-0.158881818679,-0.127402891899
2020-06-23,90,-0.159747829572,-0.127402891899
2020-06-24,90,-0.165129461872,-0.127402891899
2020-06-25,90,-0.176194573377,-0.127402891899
2020-06-26,90,-0.176210364564,-0.127402891899
2020-06-29,90,-0.176476316767,-0.127402891899
2020-06-30,90,-0.176462078711,-0.127402891899
2020-07-01,90,-0.169177051886,-0.127402891899
2020-07-02,90,-0.172218932629,-0.127402891899
2020-07-03,90,-0.172686921153,-0.127402891899
2020-07-06,90,-0.178844769151,-0.127402891899
2020-07-07,90,-0.164248535911,-0.127402891899
2020-07-08,90,-0.15634670825,-0.127402891899
2020-07-09,90,-0.16001937039,-0.127402891899
2020-07-10,90,-0.167575722168,-0.127402891899
2020-07-13,90,-0.165107007043,-0.127402891899
2020-07-14,90,-0.174760396885,-0.127402891899
2020-07-15,90,-0.167131375332,-0.127402891899
2020-07-16,90,-0.165846373403,-0.127402891899
2020-07-17,90,-0.125701622975,-0.127402891899
2020-07-20,90,-0.151396234853,-0.127402891899
2020-07-21,90,-0.162597814476,-0.127402891899
2020-07-22,90,-0.143521236117,-0.127402891899
2020-07-23,90,-0.168705556551,-0.127402891899
2020-07-24,90,-0.14493916409,-0.127402891899
2020-07-27,90,-0.15943585778,-0.127402891899
2020-07-28,90,-0.109529029726,-0.127402891899
2020-07-29,90,-0.113776333619,-0.127402891899
2020-07-30,90,-0.100703947126,-0.127402891899
2020-07-31,90,-0.0939380923314,-0.127402891899
2020-08-03,90,-0.130950284268,-0.127402891899
2020-08-04,90,-0.180597857545,-0.127402891899
2020-08-05,90,-0.173643616744,-0.127402891899
2020-08-06,90,-0.179673670023,-0.127402891899
2020-08-07,90,-0.171499232341,-0.127402891899
2020-08-10,90,-0.170104690051,-0.127402891899
2020-08-11,90,-0.135842644666,-0.127402891899
2020-08-12,90,-0.133691274319,-0.127402891899
2020-08-13,90,-0.0786594226149,-0.127402891899
2020-08-14,90,-0.105757452766,-0.127402891899
2020-08-17,90,-0.118566569964,-0.127402891899
2020-08-18,90,-0.103634758977,-0.127402891899
2020-08-19,90,-0.114326574355,-0.127402891899
2020-08-20,90,-0.103637417564,-0.127402891899
2020-08-21,90,-0.0967528215194,-0.127402891899
2020-08-24,90,-0.100965192663,-0.127402891899
2020-08-25,90,-0.125883149184,-0.127402891899
2020-08-26,90,-0.137234710312,-0.127402891899
2020-08-27,90,-0.136957492503,-0.127402891899
2020-08-28,90,-0.169232463786,-0.127402891899
2020-08-31,90,-0.126025968091,-0.127402891899
2020-09-01,90,-0.031543106743,-0.127402891899
2020-09-02,90,-0.0570023267307,-0.127402891899
2020-09-03,90,-0.0552253578458,-0.127402891899
2020-09-04,90,-0.0492563781819,-0.127402891899
2020-09-08,90,-0.0470317114914,-0.127402891899
2020-09-09,90,-0.0757259227419,-0.127402891899
2020-09-10,90,-0.0916820157952,-0.127402891899
2020-09-11,90,-0.0852967927355,-0.127402891899
2020-09-14,90,-0.0886435486666,-0.127402891899
2020-09-15,90,-0.0954316483146,-0.127402891899
2020-09-16,90,-0.0898892377767,-0.127402891899
2020-09-17,90,-0.0810865978045,-0.127402891899
2020-09-18,90,-0.113449972866,-0.127402891899
2020-09-21,90,-0.11940621992,-0.127402891899
2020-09-22,90,-0.10256894644,-0.127402891899
2020-09-23,90,-0.141733219323,-0.127402891899
2020-09-24,90,-0.142257655049,-0.127402891899
2020-09-25,90,-0.147485012187,-0.127402891899
2020-09-28,90,-0.168343606355,-0.127402891899
2020-09-29,90,-0.159792526516,-0.127402891899
2020-09-30,90,-0.133546339411,-0.127402891899
2020-10-01,90,-0.134053458956,-0.127402891899
2020-10-02,90,-0.110962475089,-0.127402891899
2020-10-05,90,-0.131398477834,-0.127402891899
2020-10-06,90,-0.133157652742,-0.127402891899
2020-10-07,90,-0.131937676302,-0.127402891899
2020-10-08,90,-0.0924515935106,-0.127402891899
2020-10-09,90,-0.064948258966,-0.127402891899
2020-10-13,90,-0.065059142654,-0.127402891899
2020-10-14,90,-0.059444696874,-0.127402891899
2020-10-15,90,-0.0666411484452,-0.127402891899
2020-10-19,90,-0.074815176437,-0.127402891899
2020-10-21,90,-0.0927265483808,-0.127402891899
2020-10-22,90,-0.0945831502376,-0.127402891899
2020-10-23,90,-0.0979604202451,-0.127402891899
2020-10-26,90,-0.0994985699292,-0.127402891899
2020-10-27,90,-0.104124486563,-0.127402891899
2020-10-28,90,-0.163630204348,-0.127402891899
2020-10-29,90,-0.165910738591,-0.127402891899
2020-10-30,90,-0.167742654278,-0.127402891899
2020-11-03,90,-0.159101559401,-0.127402891899
2020-11-04,90,-0.173088135494,-0.127402891899
2020-11-05,90,-0.219940540469,-0.127402891899
2020-11-06,90,-0.211252948534,-0.127402891899
2020-11-09,90,-0.230610052348,-0.127402891899
2020-11-10,90,-0.226841957515,-0.127402891899
2020-11-11,90,-0.25310207517,-0.127402891899
2020-11-13,90,-0.265258350423,-0.127402891899
2020-11-16,90,-0.27396653051,-0.127402891899
2020-11-17,90,-0.263880886595,-0.127402891899
2020-11-18,90,-0.24991510804,-0.127402891899
2020-11-19,90,-0.272798757272,-0.127402891899
2020-11-23,90,-0.273940972338,-0.127402891899
2020-11-24,90,-0.301181791682,-0.127402891899
2020-11-25,90,-0.298786170168,-0.127402891899
2020-11-26,90,-0.314346848831,-0.127402891899
2020-11-27,90,-0.311319508809,-0.127402891899
2020-11-30,90,-0.326568420437,-0.127402891899
2020-12-01,90,-0.344034806343,-0.127402891899
2020-12-02,90,-0.366223709507,-0.127402891899
2020-12-03,90,-0.372833693229,-0.127402891899
2020-12-04,90,-0.373918375939,-0.127402891899
2020-12-07,90,-0.38246101079,-0.127402891899
2020-12-08,90,-0.398613443487,-0.127402891899
2020-12-09,90,-0.36029268643,-0.127402891899
2020-12-10,90,-0.354003006833,-0.127402891899
2020-12-11,90,-0.34887611839,-0.127402891899
2020-12-14,90,-0.346879006156,-0.127402891899
2020-12-15,90,-0.347460880962,-0.127402891899
2020-12-16,90,-0.346782320371,-0.127402891899
2020-12-17,90,-0.344328051992,-0.127402891899
2020-12-18,90,-0.359169714488,-0.127402891899
2020-12-21,90,-0.366326311501,-0.127402891899
2020-12-22,90,-0.367791935332,-0.127402891899
2020-12-23,90,-0.362404326378,-0.127402891899
2020-12-28,90,-0.370007665462,-0.127402891899
2020-12-29,90,-0.363208510819,-0.127402891899
2020-12-30,90,-0.385327177674,-0.127402891899
2021-01-04,90,-0.386212721171,-0.127402891899
2021-01-05,90,-0.362028969445,-0.127402891899
2021-01-06,90,-0.38163875602,-0.127402891899
2021-01-07,90,-0.351403341669,-0.127402891899
2021-01-08,90,-0.359774955139,-0.127402891899
2021-01-11,90,-0.351044310769,-0.127402891899
2021-01-12,90,-0.350059623962,-0.127402891899
2021-01-13,90,-0.338692142689,-0.127402891899
2021-01-14,90,-0.332500998933,-0.127402891899
2021-01-15,90,-0.31403618909,-0.127402891899
2021-01-18,90,-0.310638705322,-0.127402891899
2021-01-19,90,-0.345721418563,-0.127402891899
2021-01-20,90,-0.370036787813,-0.127402891899
2021-01-21,90,-0.375919744575,-0.127402891899
2021-01-22,90,-0.374381144382,-0.127402891899
2021-01-26,90,-0.37641707226,-0.127402891899
2021-01-27,90,-0.363004206637,-0.127402891899
2021-01-28,90,-0.303012777985,-0.127402891899
2021-01-29,90,-0.294016839332,-0.127402891899
2021-02-01,90,-0.303513098171,-0.127402891899
2021-02-02,90,-0.277894205096,-0.127402891899
2021-02-03,90,-0.276813417243,-0.127402891899
2021-02-04,90,-0.286176264641,-0.127402891899
2021-02-05,90,-0.288507894027,-0.127402891899
2021-02-08,90,-0.257512237029,-0.127402891899
2021-02-09,90,-0.264173443632,-0.127402891899
2021-02-10,90,-0.263168481536,-0.127402891899
2021-02-11,90,-0.255823018038,-0.127402891899
2021-02-12,90,-0.255155866861,-0.127402891899
2021-02-17,90,-0.239085803179,-0.127402891899
2021-02-18,90,-0.25382895173,-0.127402891899
2021-02-19,90,-0.242992221289,-0.127402891899
2021-02-22,90,-0.202016932981,-0.127402891899
2021-02-23,90,-0.17757494977,-0.127402891899
2021-02-24,90,-0.174884094702,-0.127402891899
2021-02-25,90,-0.142668373573,-0.127402891899
2021-02-26,90,-0.144528909069,-0.127402891899
2021-03-01,90,-0.148346737157,-0.127402891899
2021-03-02,90,-0.157479173313,-0.127402891899
2021-03-03,90,-0.163798533384,-0.127402891899
2021-03-04,90,-0.158821317765,-0.127402891899
2021-03-05,90,-0.138370806236,-0.127402891899
2021-03-08,90,-0.118408318683,-0.127402891899
2021-03-09,90,-0.122262785082,-0.127402891899
2021-03-10,90,-0.133074598537,-0.127402891899
2021-03-11,90,-0.150026639421,-0.127402891899
2021-03-12,90,-0.160699164688,-0.127402891899
2021-03-15,90,-0.160597150962,-0.127402891899
2021-03-16,90,-0.157322999216,-0.127402891899
2021-03-17,90,-0.110309264,-0.127402891899
2021-03-18,90,-0.127153588871,-0.127402891899
2021-03-19,90,-0.125514642093,-0.127402891899
2021-03-22,90,-0.149562282346,-0.127402891899
2021-03-23,90,-0.14936848758,-0.127402891899
2021-03-24,90,-0.115773325244,-0.127402891899
2021-03-25,90,-0.120769410583,-0.127402891899
2021-03-26,90,-0.103820747365,-0.127402891899
2021-03-29,90,-0.0920505812835,-0.127402891899
2021-03-30,90,-0.0812863662796,-0.127402891899
2021-03-31,90,-0.0656252194863,-0.127402891899
2021-04-01,90,-0.044001126116,-0.127402891899
2021-04-05,90,-0.0567252938139,-0.127402891899
2021-04-06,90,-0.0605062895978,-0.127402891899
2021-04-07,90,-0.0602297400383,-0.127402891899
2021-04-08,90,-0.0536482397162,-0.127402891899
2021-04-09,90,-0.0218232075083,-0.127402891899
2021-04-12,90,-0.0375042347895,-0.127402891899
2021-04-13,90,-0.0317605089611,-0.127402891899
2021-04-14,90,-0.0369569326139,-0.127402891899
2021-04-15,90,-0.0209121722282,-0.127402891899
2021-04-16,90,-0.0139567029945,-0.127402891899
2021-04-19,90,-0.00933985137321,-0.127402891899
2021-04-20,90,0.00463032651592,-0.127402891899
2021-04-22,90,0.0169572973382,-0.127402891899
2021-04-23,90,0.00671011597733,-0.127402891899
2021-04-26,90,0.00674047002045,-0.127402891899
2021-04-27,90,0.00474355431767,-0.127402891899
2021-04-28,90,0.00194037667051,-0.127402891899
2021-04-29,90,0.0127618702879,-0.127402891899
2021-04-30,90,0.0115961391025,-0.127402891899
2021-05-03,90,0.0136827615941,-0.127402891899
2021-05-04,90,0.0213790340102,-0.127402891899
2021-05-05,90,0.0155861015969,-0.127402891899
2021-05-06,90,0.0124634951929,-0.127402891899
2021-05-07,90,0.0181054211116,-0.127402891899
2021-05-10,90,0.0163293832944,-0.127402891899
2021-05-11,90,0.0114174896023,-0.127402891899
2021-05-12,90,0.0217405963586,-0.127402891899
2021-05-13,90,-0.000726383340665,-0.127402891899
2021-05-14,90,-0.00705199642014,-0.127402891899
2021-05-17,90,-0.00599009128576,-0.127402891899
2021-05-18,90,-0.0116020579596,-0.127402891899
2021-05-19,90,-0.0102890335358,-0.127402891899
2021-05-20,90,-0.0275206619172,-0.127402891899
2021-05-21,90,-0.0199482812834,-0.127402891899
2021-05-24,90,-0.0277411897346,-0.127402891899
2021-05-25,90,-0.0267382245215,-0.127402891899
2021-05-26,90,-0.0406524161966,-0.127402891899
2021-05-27,90,-0.0350540158273,-0.127402891899
2021-05-28,90,-0.0435332226602,-0.127402891899
2021-05-31,90,-0.0419661957228,-0.127402891899
2021-06-01,90,-0.0185971326269,-0.127402891899
2021-06-02,90,-0.00204756168027,-0.127402891899
2021-06-04,90,0.00107730551643,-0.127402891899
2021-06-07,90,-0.00146549641636,-0.127402891899
2021-06-08,90,0.00461897825356,-0.127402891899
2021-06-09,90,0.00347338920885,-0.127402891899
2021-06-10,90,-0.034714406343,-0.127402891899
2021-06-11,90,-0.0164299336815,-0.127402891899
2021-06-14,90,-0.0155246054177,-0.127402891899
2021-06-15,90,-0.0218086110218,-0.127402891899
2021-06-16,90,-0.0225843683551,-0.127402891899
2021-06-17,90,-0.0158844737361,-0.127402891899
2021-06-18,90,-0.0203118338735,-0.127402891899
2021-06-21,90,-0.0215790749422,-0.127402891899
2021-06-22,90,-0.0230603012349,-0.127402891899
2021-06-23,90,-0.0221363706833,-0.127402891899
2021-06-24,90,-0.0329265218245,-0.127402891899
2021-06-25,90,-0.0303696024311,-0.127402891899
2021-06-28,90,-0.0490425201804,-0.127402891899
2021-06-29,90,-0.0490067169195,-0.127402891899
2021-06-30,90,-0.0534720821922,-0.127402891899
2021-07-01,90,-0.0789298630791,-0.127402891899
2021-07-02,90,-0.106825907518,-0.127402891899
2021-07-05,90,-0.1083371397,-0.127402891899
2021-07-06,90,-0.135573173175,-0.127402891899
2021-07-07,90,-0.123210048725,-0.127402891899
2021-07-08,90,-0.163794096734,-0.127402891899
2021-07-12,90,-0.173982642225,-0.127402891899
2021-07-13,90,-0.173392467802,-0.127402891899
2021-07-14,90,-0.183111741098,-0.127402891899
2021-07-15,90,-0.205057898291,-0.127402891899
2021-07-16,90,-0.210506598935,-0.127402891899
2021-07-19,90,-0.229203479379,-0.127402891899
2021-07-20,90,-0.230869348373,-0.127402891899
2021-07-21,90,-0.217133183729,-0.127402891899
2021-07-22,90,-0.203199782504,-0.127402891899
2021-07-23,90,-0.212922340881,-0.127402891899
2021-07-26,90,-0.208716469535,-0.127402891899
2021-07-27,90,-0.202706931905,-0.127402891899
2021-07-28,90,-0.187743787036,-0.127402891899
2021-07-29,90,-0.191132175375,-0.127402891899
2021-07-30,90,-0.174205356021,-0.127402891899
2021-08-02,90,-0.150233937046,-0.127402891899
2021-08-03,90,-0.11336954639,-0.127402891899
2021-08-04,90,-0.113888344462,-0.127402891899
2021-08-05,90,-0.120582804773,-0.127402891899
2021-08-06,90,-0.133871538307,-0.127402891899
2021-08-09,90,-0.153691820791,-0.127402891899
2021-08-10,90,-0.15428104998,-0.127402891899
2021-08-11,90,-0.155190097318,-0.127402891899
2021-08-12,90,-0.161703679417,-0.127402891899
2021-08-13,90,-0.155730343593,-0.127402891899
2021-08-16,90,-0.203969957897,-0.127402891899
2021-08-17,90,-0.224365121409,-0.127402891899
2021-08-18,90,-0.235058007009,-0.127402891899
2021-08-19,90,-0.223734628062,-0.127402891899
2021-08-20,90,-0.248054959392,-0.127402891899
2021-08-23,90,-0.246946346931,-0.127402891899
2021-08-24,90,-0.234882682904,-0.127402891899
2021-08-25,90,-0.23630167268,-0.127402891899
2021-08-26,90,-0.233926931758,-0.127402891899
2021-08-27,90,-0.237433067024,-0.127402891899
2021-08-30,90,-0.248372106591,-0.127402891899
2021-08-31,90,-0.247686414286,-0.127402891899
2021-09-01,90,-0.252101908036,-0.127402891899
2021-09-02,90,-0.239874144143,-0.127402891899
2021-09-03,90,-0.251154482308,-0.127402891899
2021-09-06,90,-0.254122063098,-0.127402891899
2021-09-08,90,-0.271234565636,-0.127402891899
2021-09-09,90,-0.242376060373,-0.127402891899
2021-09-10,90,-0.241812122781,-0.127402891899
2021-09-13,90,-0.237891388058,-0.127402891899
2021-09-14,90,-0.233463184721,-0.127402891899
2021-09-15,90,-0.232303472731,-0.127402891899
2021-09-16,90,-0.239993483805,-0.127402891899
2021-09-17,90,-0.247916614419,-0.127402891899
2021-09-20,90,-0.268444070045,-0.127402891899
2021-09-21,90,-0.252772001413,-0.127402891899
2021-09-22,90,-0.26970241088,-0.127402891899
2021-09-23,90,-0.278587054185,-0.127402891899
2021-09-24,90,-0.278647169966,-0.127402891899
2021-09-27,90,-0.273534352476,-0.127402891899
2021-09-28,90,-0.274794074486,-0.127402891899
2021-09-29,90,-0.275556931659,-0.127402891899
2021-09-30,90,-0.27312137912,-0.127402891899
2021-10-01,90,-0.256182667126,-0.127402891899
2021-10-04,90,-0.246411200945,-0.127402891899
2021-10-05,90,-0.245841511552,-0.127402891899
2021-10-06,90,-0.24861141208,-0.127402891899
2021-10-07,90,-0.246071101622,-0.127402891899
2021-10-08,90,-0.31340121372,-0.127402891899
2021-10-11,90,-0.340533244284,-0.127402891899
2021-10-13,90,-0.320013220714,-0.127402891899
2021-10-14,90,-0.307196683977,-0.127402891899
2021-10-15,90,-0.316528759149,-0.127402891899
2021-10-18,90,-0.31634053409,-0.127402891899
2021-10-19,90,-0.282026576231,-0.127402891899
2021-10-20,90,-0.28580297419,-0.127402891899
2021-10-21,90,-0.272056421304,-0.127402891899
2021-10-22,90,-0.255971380793,-0.127402891899
2021-10-25,90,-0.278214145433,-0.127402891899
2021-10-26,90,-0.248905705792,-0.127402891899
2021-10-27,90,-0.245218084256,-0.127402891899
2021-10-28,90,-0.244022607942,-0.127402891899
2021-10-29,90,-0.254404962346,-0.127402891899
2021-11-01,90,-0.230154508217,-0.127402891899
2021-11-03,90,-0.223078373159,-0.127402891899
2021-11-04,90,-0.239815774843,-0.127402891899
2021-11-05,90,-0.241076886004,-0.127402891899
2021-11-08,90,-0.237633526148,-0.127402891899
2021-11-09,90,-0.238230223626,-0.127402891899
2021-11-10,90,-0.229690932742,-0.127402891899
2021-11-11,90,-0.227804522744,-0.127402891899
2021-11-12,90,-0.228638246099,-0.127402891899
2021-11-16,90,-0.229497474946,-0.127402891899
2021-11-17,90,-0.231440949913,-0.127402891899
2021-11-18,90,-0.218968881609,-0.127402891899
2021-11-19,90,-0.224777585759,-0.127402891899
2021-11-22,90,-0.215974979162,-0.127402891899
2021-11-23,90,-0.204369359283,-0.127402891899
2021-11-24,90,-0.216121952348,-0.127402891899
2021-11-25,90,-0.238257577221,-0.127402891899
2021-11-26,90,-0.267995905974,-0.127402891899
2021-11-29,90,-0.256530207297,-0.127402891899
2021-11-30,90,-0.25593376691,-0.127402891899
2021-12-01,90,-0.257937335728,-0.127402891899
2021-12-02,90,-0.244571946272,-0.127402891899
2021-12-03,90,-0.246656831794,-0.127402891899
2021-12-06,90,-0.257083567084,-0.127402891899
2021-12-07,90,-0.246502058525,-0.127402891899
2021-12-08,90,-0.251172915684,-0.127402891899
2021-12-09,90,-0.246156975345,-0.127402891899
2021-12-10,90,-0.23679295519,-0.127402891899
2021-12-13,90,-0.253099531821,-0.127402891899
2021-12-14,90,-0.260829369516,-0.127402891899
2021-12-15,90,-0.265643837846,-0.127402891899
2021-12-16,90,-0.253305052691,-0.127402891899
2021-12-17,90,-0.257261310565,-0.127402891899
2021-12-20,90,-0.268447312856,-0.127402891899
2021-12-21,90,-0.268790246603,-0.127402891899
2021-12-22,90,-0.266535830297,-0.127402891899
2021-12-23,90,-0.271507968218,-0.127402891899
2021-12-27,90,-0.253397027792,-0.127402891899
2021-12-28,90,-0.246402014725,-0.127402891899
2021-12-29,90,-0.240133417455,-0.127402891899
2021-12-30,90,-0.227850000431,-0.127402891899
2022-01-03,90,-0.224985877913,-0.127402891899
2022-01-04,90,-0.222661906154,-0.127402891899
2022-01-05,90,-0.223536277963,-0.127402891899
2022-01-06,90,-0.217111616678,-0.127402891899
2022-01-07,90,-0.220060034589,-0.127402891899
2022-01-10,90,-0.21312105049,-0.127402891899
2022-01-11,90,-0.223054292594,-0.127402891899
2022-01-12,90,-0.230804710018,-0.127402891899
2022-01-13,90,-0.22989736933,-0.127402891899
2022-01-14,90,-0.267520297584,-0.127402891899
2022-01-17,90,-0.266463247589,-0.127402891899
2022-01-18,90,-0.264047812929,-0.127402891899
2022-01-19,90,-0.253633138988,-0.127402891899
2022-01-20,90,-0.282377965646,-0.127402891899
2022-01-21,90,-0.283472233818,-0.127402891899
2022-01-24,90,-0.294577157294,-0.127402891899
2022-01-25,90,-0.31687306992,-0.127402891899
2022-01-26,90,-0.315855538034,-0.127402891899
2022-01-27,90,-0.314410030538,-0.127402891899
2022-01-28,90,-0.290050374165,-0.127402891899
2022-01-31,90,-0.287913725631,-0.127402891899
2022-02-01,90,-0.284569076069,-0.127402891899
2022-02-02,90,-0.263028628926,-0.127402891899
2022-02-03,90,-0.254520626797,-0.127402891899
2022-02-04,90,-0.255265176522,-0.127402891899
2022-02-07,90,-0.258984330822,-0.127402891899
2022-02-08,90,-0.257493050587,-0.127402891899
2022-02-09,90,-0.253791652947,-0.127402891899
2022-02-10,90,-0.25550581191,-0.127402891899
2022-02-11,90,-0.269072714906,-0.127402891899
2022-02-14,90,-0.270170004887,-0.127402891899
2022-02-15,90,-0.279133674635,-0.127402891899
2022-02-16,90,-0.280700393955,-0.127402891899
2022-02-17,90,-0.294796100077,-0.127402891899
2022-02-18,90,-0.274144382286,-0.127402891899
2022-02-21,90,-0.270342259254,-0.127402891899
2022-02-22,90,-0.293052055624,-0.127402891899
2022-02-23,90,-0.298465622431,-0.127402891899
2022-02-24,90,-0.292102073398,-0.127402891899
2022-02-25,90,-0.26427513204,-0.127402891899
2022-03-02,90,-0.296083482615,-0.127402891899
2022-03-03,90,-0.297451527234,-0.127402891899
2022-03-04,90,-0.315684770811,-0.127402891899
2022-03-07,90,-0.307766513529,-0.127402891899
2022-03-08,90,-0.285193603366,-0.127402891899
2022-03-09,90,-0.298744622859,-0.127402891899
2022-03-10,90,-0.296764987313,-0.127402891899
2022-03-11,90,-0.293259892447,-0.127402891899
2022-03-14,90,-0.294141476625,-0.127402891899
2022-03-15,90,-0.326780826231,-0.127402891899
2022-03-16,90,-0.357285849568,-0.127402891899
2022-03-17,90,-0.344572522267,-0.127402891899
2022-03-18,90,-0.366451764105,-0.127402891899
2022-03-21,90,-0.367320048133,-0.127402891899
2022-03-22,90,-0.353612334095,-0.127402891899
2022-03-23,90,-0.355876238526,-0.127402891899
2022-03-24,90,-0.376328228864,-0.127402891899
2022-03-25,90,-0.37170357415,-0.127402891899
2022-03-28,90,-0.364585491936,-0.127402891899
2022-03-29,90,-0.366259416554,-0.127402891899
2022-03-30,90,-0.363089830884,-0.127402891899
2022-03-31,90,-0.362735891515,-0.127402891899
2022-04-01,90,-0.366908149936,-0.127402891899
2022-04-04,90,-0.376902545416,-0.127402891899
2022-04-05,90,-0.371052238348,-0.127402891899
2022-04-06,90,-0.366847550832,-0.127402891899
2022-04-07,90,-0.321492763943,-0.127402891899
2022-04-08,90,-0.322346479685,-0.127402891899
2022-04-11,90,-0.322179143336,-0.127402891899
2022-04-12,90,-0.311349282452,-0.127402891899
2022-04-13,90,-0.340109921197,-0.127402891899
2022-04-14,90,-0.339899828374,-0.127402891899
2022-04-18,90,-0.337687830178,-0.127402891899
2022-04-19,90,-0.339273989207,-0.127402891899
2022-04-20,90,-0.34007136585,-0.127402891899
2022-04-22,90,-0.357530164972,-0.127402891899
2022-04-25,90,-0.369598388116,-0.127402891899
2022-04-26,90,-0.372954306367,-0.127402891899
2022-04-27,90,-0.374160481757,-0.127402891899
2022-04-28,90,-0.370690638703,-0.127402891899
2022-04-29,90,-0.374809639605,-0.127402891899
2022-05-02,90,-0.377626801909,-0.127402891899
2022-05-03,90,-0.356250691611,-0.127402891899
2022-05-04,90,-0.355648183455,-0.127402891899
2022-05-05,90,-0.31306087214,-0.127402891899
2022-05-06,90,-0.303197335925,-0.127402891899
2022-05-09,90,-0.311156399565,-0.127402891899
2022-05-10,90,-0.308293813226,-0.127402891899
2022-05-11,90,-0.304736416447,-0.127402891899
2022-05-12,90,-0.320719367001,-0.127402891899
2022-05-13,90,-0.328933988318,-0.127402891899
2022-05-16,90,-0.333559725403,-0.127402891899
2022-05-17,90,-0.333252673188,-0.127402891899
2022-05-18,90,-0.367747752988,-0.127402891899
2022-05-19,90,-0.376146315029,-0.127402891899
2022-05-20,90,-0.376182726365,-0.127402891899
2022-05-23,90,-0.37337750174,-0.127402891899
2022-05-24,90,-0.370682553454,-0.127402891899
2022-05-25,90,-0.370848640258,-0.127402891899
2022-05-26,90,-0.362166006243,-0.127402891899
2022-05-27,90,-0.355951268163,-0.127402891899
2022-05-30,90,-0.350339514977,-0.127402891899
2022-05-31,90,-0.351714789338,-0.127402891899
2022-06-01,90,-0.341756343648,-0.127402891899
2022-06-02,90,-0.340635509456,-0.127402891899
2022-06-03,90,-0.327472977931,-0.127402891899
2022-06-06,90,-0.313043487633,-0.127402891899
2022-06-07,90,-0.313400820691,-0.127402891899
2022-06-08,90,-0.311094896376,-0.127402891899
2022-06-09,90,-0.335099386192,-0.127402891899
2022-06-10,90,-0.32936275127,-0.127402891899
2022-06-13,90,-0.329377214753,-0.127402891899
2022-06-14,90,-0.325496467473,-0.127402891899
2022-06-15,90,-0.326993078471,-0.127402891899
2022-06-17,90,-0.368802020948,-0.127402891899
2022-06-20,90,-0.369102568082,-0.127402891899
2022-06-21,90,-0.366918800001,-0.127402891899
2022-06-22,90,-0.37298445336,-0.127402891899
2022-06-23,90,-0.38304916804,-0.127402891899
2022-06-24,90,-0.379481509404,-0.127402891899
2022-06-27,90,-0.398569312472,-0.127402891899
2022-06-28,90,-0.393070317818,-0.127402891899
2022-06-29,90,-0.390799405268,-0.127402891899
2022-06-30,90,-0.385701685566,-0.127402891899
2022-07-01,90,-0.370911235523,-0.127402891899
2022-07-04,90,-0.373017017373,-0.127402891899
2022-07-05,90,-0.363947458341,-0.127402891899
2022-07-06,90,-0.355590557887,-0.127402891899
2022-07-07,90,-0.332245112371,-0.127402891899
2022-07-08,90,-0.359245227192,-0.127402891899
2022-07-11,90,-0.382313823858,-0.127402891899
2022-07-12,90,-0.373928038406,-0.127402891899
2022-07-13,90,-0.372915622217,-0.127402891899
2022-07-14,90,-0.405154753514,-0.127402891899
2022-07-15,90,-0.403999536984,-0.127402891899
2022-07-18,90,-0.44442602414,-0.127402891899
2022-07-19,90,-0.440576511985,-0.127402891899
2022-07-20,90,-0.433930574451,-0.127402891899
2022-07-21,90,-0.42118111776,-0.127402891899
2022-07-22,90,-0.404443913246,-0.127402891899
2022-07-25,90,-0.382122874321,-0.127402891899
2022-07-26,90,-0.380493292727,-0.127402891899
2022-07-27,90,-0.356126940107,-0.127402891899
2022-07-28,90,-0.376366371846,-0.127402891899
2022-07-29,90,-0.397027220069,-0.127402891899
2022-08-01,90,-0.38292523996,-0.127402891899
2022-08-02,90,-0.336251542152,-0.127402891899
2022-08-03,90,-0.331057354177,-0.127402891899
2022-08-04,90,-0.344760085381,-0.127402891899
2022-08-05,90,-0.344450209886,-0.127402891899
2022-08-08,90,-0.35871220134,-0.127402891899
2022-08-09,90,-0.359743139005,-0.127402891899
2022-08-10,90,-0.376856719682,-0.127402891899
2022-08-11,90,-0.373043537508,-0.127402891899
2022-08-12,90,-0.388313952492,-0.127402891899
2022-08-15,90,-0.380021698542,-0.127402891899
2022-08-16,90,-0.362029003186,-0.127402891899
2022-08-17,90,-0.362358253097,-0.127402891899
2022-08-18,90,-0.355914285477,-0.127402891899
2022-08-19,90,-0.356835479227,-0.127402891899
2022-08-22,90,-0.360463815912,-0.127402891899
2022-08-23,90,-0.353316407515,-0.127402891899
2022-08-24,90,-0.351857791116,-0.127402891899
2022-08-25,90,-0.347469566719,-0.127402891899
2022-08-26,90,-0.344942588759,-0.127402891899
2022-08-29,90,-0.323418253098,-0.127402891899
2022-08-30,90,-0.31456893936,-0.127402891899
2022-08-31,90,-0.304778691492,-0.127402891899
2022-09-01,90,-0.295280962725,-0.127402891899
2022-09-02,90,-0.298073559515,-0.127402891899
2022-09-05,90,-0.308228548831,-0.127402891899
2022-09-06,90,-0.30073365025,-0.127402891899
2022-09-08,90,-0.303990329022,-0.127402891899
2022-09-09,90,-0.303516101053,-0.127402891899
2022-09-12,90,-0.342140071599,-0.127402891899
2022-09-13,90,-0.327384430668,-0.127402891899
2022-09-14,90,-0.317740721188,-0.127402891899
2022-09-15,90,-0.320703201758,-0.127402891899
2022-09-16,90,-0.32298857963,-0.127402891899
2022-09-19,90,-0.328042404077,-0.127402891899
2022-09-20,90,-0.315587120187,-0.127402891899
2022-09-21,90,-0.315756160297,-0.127402891899
2022-09-22,90,-0.272550943342,-0.127402891899
2022-09-23,90,-0.265591498686,-0.127402891899
2022-09-26,90,-0.266491726656,-0.127402891899
2022-09-27,90,-0.259004925619,-0.127402891899
2022-09-28,90,-0.244447267269,-0.127402891899
2022-09-29,90,-0.242700758745,-0.127402891899
2022-09-30,90,-0.189262841397,-0.127402891899
2022-10-03,90,-0.123795609993,-0.127402891899
2022-10-04,90,-0.121964482649,-0.127402891899
2022-10-05,90,-0.127491476631,-0.127402891899
2022-10-06,90,-0.128127028022,-0.127402891899
2022-10-07,90,-0.106634751974,-0.127402891899
2022-10-10,90,-0.108370239084,-0.127402891899
2022-10-11,90,-0.110107471783,-0.127402891899
2022-10-13,90,-0.102740139293,-0.127402891899
2022-10-14,90,-0.0931707060947,-0.127402891899
2022-10-17,90,-0.0866302353824,-0.127402891899
2022-10-18,90,-0.109474095109,-0.127402891899
2022-10-19,90,-0.114212352733,-0.127402891899
2022-10-20,90,-0.10902195925,-0.127402891899
2022-10-21,90,-0.0972822875339,-0.127402891899
2022-10-24,90,-0.0876615820823,-0.127402891899
2022-10-25,90,-0.0427970177514,-0.127402891899
2022-10-26,90,-0.0384994421771,-0.127402891899
2022-10-27,90,-0.0393212516478,-0.127402891899
2022-10-28,90,-0.0433977700398,-0.127402891899
2022-10-31,90,-0.018586104821,-0.127402891899
2022-11-01,90,-0.0185767019124,-0.127402891899
2022-11-03,90,0.000729902298539,-0.127402891899
2022-11-04,90,-0.00382708781757,-0.127402891899
2022-11-07,90,-0.0066672713777,-0.127402891899
2022-11-08,90,-0.000673707863482,-0.127402891899
2022-11-09,90,-0.0140816173349,-0.127402891899
2022-11-10,90,-0.0181508007844,-0.127402891899
2022-11-11,90,-0.0301624614259,-0.127402891899
2022-11-14,90,-0.0308599559191,-0.127402891899
2022-11-16,90,-0.055513942132,-0.127402891899
2022-11-17,90,-0.0592041401263,-0.127402891899
2022-11-18,90,-0.0373729634258,-0.127402891899
2022-11-21,90,-0.0378866109928,-0.127402891899
2022-11-22,90,-0.0309415423035,-0.127402891899
2022-11-23,90,-0.0216172941873,-0.127402891899
2022-11-24,90,-0.0510047427838,-0.127402891899
2022-11-25,90,-0.0191454839465,-0.127402891899
2022-11-28,90,-0.0198436240181,-0.127402891899
2022-11-29,90,-0.00341536448484,-0.127402891899
2022-11-30,90,-0.00308390959282,-0.127402891899
2022-12-01,90,-0.00988457294026,-0.127402891899
2022-12-02,90,-0.00608109320773,-0.127402891899
2022-12-05,90,-0.00720330505652,-0.127402891899
2022-12-06,90,-0.00342335148862,-0.127402891899
2022-12-07,90,0.0175474187867,-0.127402891899
2022-12-08,90,0.00804168986017,-0.127402891899
2022-12-09,90,-0.000546088955185,-0.127402891899
2022-12-12,90,-0.0345428996694,-0.127402891899
2022-12-13,90,-0.0387140030568,-0.127402891899
2022-12-14,90,-0.0220106078206,-0.127402891899
2022-12-15,90,-0.0182379396117,-0.127402891899
2022-12-16,90,-0.00756436215279,-0.127402891899
2022-12-19,90,-0.0110840191654,-0.127402891899
2022-12-20,90,-0.0170494495051,-0.127402891899
2022-12-21,90,-0.0213577554883,-0.127402891899
2022-12-22,90,0.00691033818087,-0.127402891899
2022-12-23,90,-0.037689219823,-0.127402891899
2022-12-26,90,-0.039694892872,-0.127402891899
2022-12-27,90,-0.0376108285373,-0.127402891899
2022-12-28,90,-0.0480895056133,-0.127402891899
2022-12-29,90,-0.046198575781,-0.127402891899
2023-01-02,90,-0.0698191236219,-0.127402891899
2023-01-03,90,-0.0744490717598,-0.127402891899
2023-01-04,90,-0.0737617698856,-0.127402891899
2023-01-05,90,-0.0933676436143,-0.127402891899
2023-01-06,90,-0.108298749983,-0.127402891899
2023-01-09,90,-0.106666453174,-0.127402891899
2023-01-10,90,-0.11195258055,-0.127402891899
2023-01-11,90,-0.11367464345,-0.127402891899
2023-01-12,90,-0.116988042283,-0.127402891899
2023-01-13,90,-0.102318137003,-0.127402891899
2023-01-16,90,-0.0686047706454,-0.127402891899
2023-01-17,90,-0.0844907824374,-0.127402891899
2023-01-18,90,-0.0897455610115,-0.127402891899
2023-01-19,90,-0.0915076759584,-0.127402891899
2023-01-20,90,-0.0777337890291,-0.127402891899
2023-01-23,90,-0.0878957365803,-0.127402891899
2023-01-24,90,-0.0927628026668,-0.127402891899
2023-01-25,90,-0.0791288654241,-0.127402891899
2023-01-26,90,-0.0830628467036,-0.127402891899
2023-01-27,90,-0.0571480155966,-0.127402891899
2023-01-30,90,-0.0515064603816,-0.127402891899
2023-01-31,90,-0.0641524908157,-0.127402891899
2023-02-01,90,-0.0674160766255,-0.127402891899
2023-02-02,90,-0.0376311852145,-0.127402891899
2023-02-03,90,-0.0160375327945,-0.127402891899
2023-02-06,90,-0.0158725384183,-0.127402891899
2023-02-07,90,-0.0195051300947,-0.127402891899
2023-02-08,90,-0.0348106799624,-0.127402891899
2023-02-09,90,-0.0628703139738,-0.127402891899
2023-02-10,90,-0.119809689773,-0.127402891899
2023-02-13,90,-0.126614030492,-0.127402891899
2023-02-14,90,-0.136145348155,-0.127402891899
2023-02-15,90,-0.138586100853,-0.127402891899
2023-02-16,90,-0.153618313379,-0.127402891899
2023-02-17,90,-0.153519584987,-0.127402891899
2023-02-22,90,-0.179593295407,-0.127402891899
2023-02-23,90,-0.179859462916,-0.127402891899
2023-02-24,90,-0.169483694226,-0.127402891899
2023-02-27,90,-0.167439967075,-0.127402891899
2023-02-28,90,-0.140108625409,-0.127402891899
2023-03-01,90,-0.138914618849,-0.127402891899
2023-03-02,90,-0.134350550009,-0.127402891899
2023-03-03,90,-0.167625356707,-0.127402891899
2023-03-06,90,-0.162620048873,-0.127402891899
2023-03-07,90,-0.161809889368,-0.127402891899
2023-03-08,90,-0.141388476825,-0.127402891899
2023-03-09,90,-0.156073718361,-0.127402891899
2023-03-10,90,-0.149456087722,-0.127402891899
2023-03-13,90,-0.173347689345,-0.127402891899
2023-03-14,90,-0.173363215523,-0.127402891899
2023-03-15,90,-0.1793235322,-0.127402891899
2023-03-16,90,-0.182538816585,-0.127402891899
2023-03-17,90,-0.173317144945,-0.127402891899
2023-03-20,90,-0.169615243797,-0.127402891899
2023-03-21,90,-0.154205770509,-0.127402891899
2023-03-24,90,-0.147199255747,-0.127402891899
2023-03-27,90,-0.140338846572,-0.127402891899
2023-03-28,90,-0.147992911095,-0.127402891899
2023-03-29,90,-0.1295528922,-0.127402891899
2023-03-30,90,-0.135822369918,-0.127402891899
2023-03-31,90,-0.156546400959,-0.127402891899
2023-04-03,90,-0.161534556245,-0.127402891899
2023-04-04,90,-0.160419456422,-0.127402891899
2023-04-05,90,-0.15987562904,-0.127402891899
2023-04-06,90,-0.13845094837,-0.127402891899
2023-04-10,90,-0.164723817917,-0.127402891899
2023-04-11,90,-0.195747452415,-0.127402891899
2023-04-12,90,-0.233602342338,-0.127402891899
2023-04-13,90,-0.244915059369,-0.127402891899
2023-04-14,90,-0.237133291136,-0.127402891899
2023-04-17,90,-0.238940304663,-0.127402891899
2023-04-18,90,-0.232554603967,-0.127402891899
2023-04-19,90,-0.247181395599,-0.127402891899
2023-04-20,90,-0.247626033882,-0.127402891899
2023-04-24,90,-0.224535334837,-0.127402891899
2023-04-25,90,-0.230296125723,-0.127402891899
2023-04-26,90,-0.195917237415,-0.127402891899
2023-04-27,90,-0.182912950507,-0.127402891899
2023-04-28,90,-0.170715951166,-0.127402891899
2023-05-02,90,-0.200114804528,-0.127402891899
2023-05-03,90,-0.185420607836,-0.127402891899
2023-05-04,90,-0.188693921302,-0.127402891899
2023-05-05,90,-0.168145868823,-0.127402891899
2023-05-08,90,-0.173736622244,-0.127402891899
2023-05-09,90,-0.190023483841,-0.127402891899
2023-05-10,90,-0.168893582406,-0.127402891899
2023-05-11,90,-0.176947627301,-0.127402891899
2023-05-12,90,-0.177269697019,-0.127402891899
2023-05-15,90,-0.169629314905,-0.127402891899
2023-05-16,90,-0.167516265211,-0.127402891899
2023-05-17,90,-0.112661191514,-0.127402891899
2023-05-18,90,-0.0889018690541,-0.127402891899
2023-05-19,90,-0.0947702990772,-0.127402891899
2023-05-22,90,-0.0924755436992,-0.127402891899
2023-05-23,90,-0.0867368992693,-0.127402891899
2023-05-24,90,-0.105715250219,-0.127402891899
2023-05-25,90,-0.121349580834,-0.127402891899
2023-05-26,90,-0.123049311789,-0.127402891899
2023-05-29,90,-0.127086156113,-0.127402891899
2023-05-30,90,-0.137657676863,-0.127402891899
2023-05-31,90,-0.157554307929,-0.127402891899
2023-06-01,90,-0.137862509104,-0.127402891899
2023-06-02,90,-0.147847968569,-0.127402891899
2023-06-05,90,-0.146441470714,-0.127402891899
2023-06-06,90,-0.11955799203,-0.127402891899
2023-06-07,90,-0.111251480903,-0.127402891899
2023-06-09,90,-0.112722945459,-0.127402891899
2023-06-12,90,-0.129500235893,-0.127402891899
2023-06-13,90,-0.126689493296,-0.127402891899
2023-06-14,90,-0.129828418941,-0.127402891899
2023-06-15,90,-0.135317834348,-0.127402891899
2023-06-16,90,-0.125254677674,-0.127402891899
2023-06-19,90,-0.142806206087,-0.127402891899
2023-06-20,90,-0.147206193267,-0.127402891899
2023-06-21,90,-0.150544834738,-0.127402891899
2023-06-22,90,-0.157561125073,-0.127402891899
2023-06-23,90,-0.153856441164,-0.127402891899
2023-06-26,90,-0.148342298648,-0.127402891899
2023-06-27,90,-0.161586946417,-0.127402891899
2023-06-28,90,-0.158609531139,-0.127402891899
2023-06-29,90,-0.13331388731,-0.127402891899
2023-06-30,90,-0.129701358271,-0.127402891899
2023-07-03,90,-0.121955848048,-0.127402891899
2023-07-04,90,-0.122912060892,-0.127402891899
2023-07-05,90,-0.120309736475,-0.127402891899
2023-07-06,90,-0.0573483773873,-0.127402891899
2023-07-07,90,-0.0862335556486,-0.127402891899
2023-07-10,90,-0.102723974072,-0.127402891899
2023-07-11,90,-0.117287969164,-0.127402891899
2023-07-12,90,-0.118252913274,-0.127402891899
2023-07-13,90,-0.125551718569,-0.127402891899
2023-07-14,90,-0.176737626509,-0.127402891899
2023-07-17,90,-0.171907136873,-0.127402891899
2023-07-18,90,-0.176878103512,-0.127402891899
2023-07-19,90,-0.176187532979,-0.127402891899
2023-07-20,90,-0.199327917183,-0.127402891899
2023-07-21,90,-0.195588429939,-0.127402891899
2023-07-24,90,-0.219794055727,-0.127402891899
2023-07-25,90,-0.217442032904,-0.127402891899
2023-07-26,90,-0.226921832269,-0.127402891899
2023-07-27,90,-0.235669544256,-0.127402891899
2023-07-28,90,-0.233145634851,-0.127402891899
2023-07-31,90,-0.227427434241,-0.127402891899
2023-08-01,90,-0.246021031291,-0.127402891899
2023-08-02,90,-0.252195457919,-0.127402891899
2023-08-03,90,-0.25143173242,-0.127402891899
2023-08-04,90,-0.263365420689,-0.127402891899
2023-08-07,90,-0.262460946947,-0.127402891899
2023-08-08,90,-0.259135469035,-0.127402891899
2023-08-09,90,-0.252230636556,-0.127402891899
2023-08-10,90,-0.240998605767,-0.127402891899
2023-08-11,90,-0.242269356272,-0.127402891899
2023-08-14,90,-0.239850113882,-0.127402891899
2023-08-15,90,-0.245838139075,-0.127402891899
2023-08-16,90,-0.263735193438,-0.127402891899
2023-08-17,90,-0.265491920266,-0.127402891899
2023-08-18,90,-0.231467884646,-0.127402891899
2023-08-21,90,-0.225694376248,-0.127402891899
2023-08-22,90,-0.214351233788,-0.127402891899
2023-08-23,90,-0.221249497551,-0.127402891899
2023-08-24,90,-0.219071135841,-0.127402891899
2023-08-25,90,-0.19661762919,-0.127402891899
2023-08-28,90,-0.191266774772,-0.127402891899
2023-08-29,90,-0.180213588,-0.127402891899
2023-08-30,90,-0.190379646263,-0.127402891899
2023-08-31,90,-0.196951909914,-0.127402891899
2023-09-01,90,-0.228230175536,-0.127402891899
2023-09-04,90,-0.22677753863,-0.127402891899
2023-09-05,90,-0.236568233581,-0.127402891899
2023-09-06,90,-0.231602313754,-0.127402891899
2023-09-08,90,-0.240025741769,-0.127402891899
2023-09-11,90,-0.237242249079,-0.127402891899
2023-09-12,90,-0.251062602819,-0.127402891899
2023-09-13,90,-0.244117284592,-0.127402891899
2023-09-14,90,-0.227948146051,-0.127402891899
2023-09-15,90,-0.215590150598,-0.127402891899
2023-09-18,90,-0.202943015256,-0.127402891899
2023-09-19,90,-0.199528564515,-0.127402891899
2023-09-20,90,-0.208814785958,-0.127402891899
2023-09-21,90,-0.24315320082,-0.127402891899
2023-09-22,90,-0.250975055506,-0.127402891899
2023-09-25,90,-0.253819575549,-0.127402891899
2023-09-26,90,-0.284200056575,-0.127402891899
2023-09-27,90,-0.269270482227,-0.127402891899
2023-09-28,90,-0.248554071122,-0.127402891899
2023-09-29,90,-0.241678112993,-0.127402891899
2023-10-02,90,-0.249028595888,-0.127402891899
2023-10-03,90,-0.248986543878,-0.127402891899
2023-10-04,90,-0.245703554786,-0.127402891899
2023-10-05,90,-0.254417286339,-0.127402891899
2023-10-06,90,-0.265876341506,-0.127402891899
2023-10-09,90,-0.267351384704,-0.127402891899
2023-10-10,90,-0.240421369797,-0.127402891899
2023-10-11,90,-0.232680668409,-0.127402891899
2023-10-13,90,-0.261000933278,-0.127402891899
2023-10-16,90,-0.271593682033,-0.127402891899
2023-10-17,90,-0.24897493465,-0.127402891899
2023-10-18,90,-0.23818889555,-0.127402891899
2023-10-19,90,-0.244060074036,-0.127402891899
2023-10-20,90,-0.252556000385,-0.127402891899
2023-10-23,90,-0.241339358413,-0.127402891899
2023-10-24,90,-0.258346449285,-0.127402891899
2023-10-25,90,-0.266239621735,-0.127402891899
2023-10-26,90,-0.286997505171,-0.127402891899
2023-10-27,90,-0.285696761716,-0.127402891899
2023-10-30,90,-0.292043768747,-0.127402891899
2023-10-31,90,-0.278962676494,-0.127402891899
2023-11-01,90,-0.26326014301,-0.127402891899
2023-11-03,90,-0.250542678479,-0.127402891899
2023-11-06,90,-0.253197481766,-0.127402891899
2023-11-07,90,-0.279832907106,-0.127402891899
2023-11-08,90,-0.277941215083,-0.127402891899
2023-11-09,90,-0.281754095989,-0.127402891899
2023-11-10,90,-0.285870519908,-0.127402891899
2023-11-13,90,-0.284481312599,-0.127402891899
2023-11-14,90,-0.344673733067,-0.127402891899
2023-11-16,90,-0.331313857437,-0.127402891899
2023-11-17,90,-0.331225765962,-0.127402891899
2023-11-20,90,-0.331987469138,-0.127402891899
2023-11-21,90,-0.333515641351,-0.127402891899
2023-11-22,90,-0.335798605522,-0.127402891899
2023-11-23,90,-0.316500255151,-0.127402891899
2023-11-24,90,-0.305620171359,-0.127402891899
2023-11-27,90,-0.303520908466,-0.127402891899
2023-11-28,90,-0.310498358411,-0.127402891899
2023-11-29,90,-0.305480110232,-0.127402891899
2023-11-30,90,-0.272458867736,-0.127402891899
2023-12-01,90,-0.255465583768,-0.127402891899
2023-12-04,90,-0.254929231752,-0.127402891899
2023-12-05,90,-0.255786259424,-0.127402891899
2023-12-06,90,-0.258311153442,-0.127402891899
2023-12-07,90,-0.26004398379,-0.127402891899
2023-12-08,90,-0.274463610436,-0.127402891899
2023-12-11,90,-0.264704916356,-0.127402891899
2023-12-12,90,-0.266231284172,-0.127402891899
2023-12-13,90,-0.261825047941,-0.127402891899
2023-12-14,90,-0.238612187659,-0.127402891899
2023-12-15,90,-0.242257361971,-0.127402891899
2023-12-18,90,-0.24424193644,-0.127402891899
2023-12-19,90,-0.246719186893,-0.127402891899
2023-12-20,90,-0.257945252391,-0.127402891899
2023-12-21,90,-0.253538722664,-0.127402891899
2023-12-22,90,-0.260365243123,-0.127402891899
2023-12-26,90,-0.254365231561,-0.127402891899
2023-12-27,90,-0.249179688633,-0.127402891899
2023-12-28,90,-0.23972880513,-0.127402891899
2024-01-02,90,-0.248920293539,-0.127402891899
2024-01-03,90,-0.246444781354,-0.127402891899
2024-01-04,90,-0.25292569637,-0.127402891899
2024-01-05,90,-0.252504125696,-0.127402891899
2024-01-08,90,-0.259090645037,-0.127402891899
2024-01-09,90,-0.292557067463,-0.127402891899
2024-01-10,90,-0.292130815412,-0.127402891899
2024-01-11,90,-0.300790691488,-0.127402891899
2024-01-12,90,-0.304590902193,-0.127402891899
2024-01-15,90,-0.306673688627,-0.127402891899
2024-01-16,90,-0.246620916582,-0.127402891899
2024-01-17,90,-0.250906910901,-0.127402891899
2024-01-18,90,-0.234441511833,-0.127402891899
2024-01-19,90,-0.22163511336,-0.127402891899
2024-01-22,90,-0.222782534663,-0.127402891899
2024-01-23,90,-0.203484183185,-0.127402891899
2024-01-24,90,-0.199020890934,-0.127402891899
2024-01-25,90,-0.199778477237,-0.127402891899
2024-01-26,90,-0.198900622356,-0.127402891899
2024-01-29,90,-0.20599901382,-0.127402891899
2024-01-30,90,-0.211066984384,-0.127402891899
2024-01-31,90,-0.211702682426,-0.127402891899
2024-02-01,90,-0.200904926522,-0.127402891899
2024-02-02,90,-0.180833957998,-0.127402891899
2024-02-05,90,-0.183243674125,-0.127402891899
2024-02-06,90,-0.217250306811,-0.127402891899
2024-02-07,90,-0.190438085666,-0.127402891899
2024-02-08,90,-0.192483695533,-0.127402891899
2024-02-09,90,-0.197172720666,-0.127402891899
2024-02-14,90,-0.196654207304,-0.127402891899
2024-02-15,90,-0.173808971221,-0.127402891899
2024-02-16,90,-0.166681587421,-0.127402891899
2024-02-19,90,-0.168414583506,-0.127402891899
2024-02-20,90,-0.170164826334,-0.127402891899
2024-02-21,90,-0.171777427631,-0.127402891899
2024-02-22,90,-0.173428358758,-0.127402891899
2024-02-23,90,-0.189648665599,-0.127402891899
2024-02-26,90,-0.191525086771,-0.127402891899
2024-02-27,90,-0.200132969176,-0.127402891899
2024-02-28,90,-0.203896514402,-0.127402891899
2024-02-29,90,-0.21815991901,-0.127402891899
2024-03-01,90,-0.227429674595,-0.127402891899
2024-03-04,90,-0.214774533097,-0.127402891899
2024-03-05,90,-0.206575858906,-0.127402891899
2024-03-06,90,-0.226134395592,-0.127402891899
2024-03-07,90,-0.218117693014,-0.127402891899
2024-03-08,90,-0.170287644309,-0.127402891899
2024-03-11,90,-0.151983004903,-0.127402891899
2024-03-12,90,-0.183476545492,-0.127402891899
2024-03-13,90,-0.170272073493,-0.127402891899
2024-03-14,90,-0.183257523092,-0.127402891899
2024-03-15,90,-0.187647778604,-0.127402891899
2024-03-18,90,-0.205975683944,-0.127402891899
2024-03-19,90,-0.204084477192,-0.127402891899
2024-03-20,90,-0.209062329183,-0.127402891899
2024-03-21,90,-0.194490396681,-0.127402891899
2024-03-22,90,-0.188685871238,-0.127402891899
2024-03-25,90,-0.189735566713,-0.127402891899
2024-03-26,90,-0.189001378693,-0.127402891899
2024-03-27,90,-0.143438613696,-0.127402891899
2024-03-28,90,-0.129276311855,-0.127402891899
2024-04-01,90,-0.137984933184,-0.127402891899
2024-04-02,90,-0.123109986417,-0.127402891899
2024-04-03,90,-0.122533661492,-0.127402891899
2024-04-04,90,-0.121252305497,-0.127402891899
2024-04-05,90,-0.105269680431,-0.127402891899
2024-04-08,90,-0.120486273208,-0.127402891899
2024-04-09,90,-0.1139333651,-0.127402891899
2024-04-10,90,-0.103151325376,-0.127402891899
2024-04-11,90,-0.105332831465,-0.127402891899
2024-04-12,90,-0.125571996044,-0.127402891899
2024-04-15,90,-0.136920334481,-0.127402891899
2024-04-16,90,-0.127224090398,-0.127402891899
2024-04-17,90,-0.127525851489,-0.127402891899
2024-04-18,90,-0.119385812612,-0.127402891899
2024-04-19,90,-0.120579042133,-0.127402891899
2024-04-22,90,-0.102474490167,-0.127402891899
2024-04-23,90,-0.0970981509831,-0.127402891899
2024-04-24,90,-0.0863979451048,-0.127402891899
2024-04-25,90,-0.0903133810005,-0.127402891899
2024-04-26,90,-0.144912300856,-0.127402891899
2024-04-29,90,-0.157420900292,-0.127402891899
2024-04-30,90,-0.143109507271,-0.127402891899
2024-05-02,90,-0.138840135796,-0.127402891899
2024-05-03,90,-0.138747682517,-0.127402891899
2024-05-06,90,-0.145580371403,-0.127402891899
2024-05-07,90,-0.15543552583,-0.127402891899
2024-05-08,90,-0.165646606393,-0.127402891899
2024-05-09,90,-0.145121893859,-0.127402891899
2024-05-10,90,-0.133765953012,-0.127402891899
2024-05-13,90,-0.103199887533,-0.127402891899
2024-05-14,90,-0.111296131697,-0.127402891899
2024-05-15,90,-0.107885543252,-0.127402891899
2024-05-16,90,-0.102504522718,-0.127402891899
2024-05-17,90,-0.100899974356,-0.127402891899
2024-05-20,90,-0.0865901946005,-0.127402891899
2024-05-21,90,-0.0806081426078,-0.127402891899
2024-05-22,90,-0.0776479048051,-0.127402891899
2024-05-23,90,-0.0744382197935,-0.127402891899
2024-05-24,90,-0.0704096859352,-0.127402891899
2024-05-27,90,-0.0943870422999,-0.127402891899
2024-05-28,90,-0.100997160811,-0.127402891899
2024-05-29,90,-0.125727348949,-0.127402891899
2024-05-31,90,-0.128783081093,-0.127402891899
2024-06-03,90,-0.114780199395,-0.127402891899
2024-06-04,90,-0.154075150189,-0.127402891899
2024-06-05,90,-0.155548437958,-0.127402891899
2024-06-06,90,-0.145409605502,-0.127402891899
2024-06-07,90,-0.133476951356,-0.127402891899
2024-06-10,90,-0.133037844128,-0.127402891899
2024-06-11,90,-0.129851519524,-0.127402891899
2024-06-12,90,-0.149462884181,-0.127402891899
2024-06-13,90,-0.167560588622,-0.127402891899
2024-06-14,90,-0.163137985296,-0.127402891899
2024-06-17,90,-0.163650667422,-0.127402891899
2024-06-18,90,-0.121417579743,-0.127402891899
2024-06-19,90,-0.11453508306,-0.127402891899
2024-06-20,90,-0.114932757229,-0.127402891899
2024-06-21,90,-0.0882653913713,-0.127402891899
2024-06-24,90,-0.0817683610601,-0.127402891899
2024-06-25,90,-0.0853040290749,-0.127402891899
2024-06-26,90,-0.0674212532585,-0.127402891899
2024-06-27,90,-0.0631315698437,-0.127402891899
2024-06-28,90,-0.0613958172754,-0.127402891899
2024-07-01,90,-0.0544172320062,-0.127402891899
2024-07-02,90,-0.0592421090187,-0.127402891899
2024-07-03,90,-0.0566282837658,-0.127402891899
2024-07-04,90,-0.055022581253,-0.127402891899
2024-07-05,90,-0.0431410755946,-0.127402891899
2024-07-08,90,-0.0276137120505,-0.127402891899
2024-07-09,90,-0.0165021844085,-0.127402891899
2024-07-10,90,-0.013238787185,-0.127402891899
2024-07-11,90,-0.0290679374455,-0.127402891899
2024-07-12,90,-0.0403082180234,-0.127402891899
2024-07-15,90,-0.0242549358548,-0.127402891899
2024-07-16,90,-0.0227649652859,-0.127402891899
2024-07-17,90,-0.0389270231815,-0.127402891899
2024-07-18,90,-0.062749679609,-0.127402891899
2024-07-19,90,-0.0385552944933,-0.127402891899
2024-07-22,90,-0.0332095266214,-0.127402891899
2024-07-23,90,-0.0476657019549,-0.127402891899
2024-07-24,90,-0.0613089276263,-0.127402891899
2024-07-25,90,-0.0657657314178,-0.127402891899
2024-07-26,90,-0.0529263065454,-0.127402891899
2024-07-29,90,-0.030616165944,-0.127402891899
2024-07-30,90,-0.0205588217144,-0.127402891899
2024-07-31,90,-0.00251565805515,-0.127402891899
2024-08-01,90,0.00250121477942,-0.127402891899
2024-08-02,90,0.00368382525918,-0.127402891899
2024-08-05,90,0.00124838707693,-0.127402891899
2024-08-06,90,-0.000791835062789,-0.127402891899
2024-08-07,90,0.0187159071735,-0.127402891899
2024-08-08,90,-0.000995191225017,-0.127402891899
2024-08-09,90,-0.0157488041887,-0.127402891899
2024-08-12,90,-0.0152559955317,-0.127402891899
2024-08-13,90,-0.0245685926595,-0.127402891899
2024-08-14,90,-0.0104766328422,-0.127402891899
2024-08-15,90,-0.0144716831897,-0.127402891899
2024-08-16,90,-0.0161692327202,-0.127402891899
2024-08-19,90,-0.0220278757653,-0.127402891899
2024-08-20,90,-0.0291739517009,-0.127402891899
2024-08-21,90,-0.019710945561,-0.127402891899
2024-08-22,90,-0.0487771716694,-0.127402891899
2024-08-23,90,-0.0504370976677,-0.127402891899
2024-08-26,90,-0.0565534416292,-0.127402891899
2024-08-27,90,-0.0523474872629,-0.127402891899
2024-08-28,90,-0.0558058762689,-0.127402891899
2024-08-29,90,-0.0852147267783,-0.127402891899
2024-08-30,90,-0.0905667639761,-0.127402891899
2024-09-02,90,-0.0847772475273,-0.127402891899
2024-09-03,90,-0.0666861080627,-0.127402891899
2024-09-04,90,-0.0476359893752,-0.127402891899
2024-09-05,90,-0.0655406406825,-0.127402891899
2024-09-06,90,-0.0435000278687,-0.127402891899
2024-09-09,90,-0.0234835285474,-0.127402891899
2024-09-10,90,-0.0251870287258,-0.127402891899
2024-09-11,90,-0.0102136382888,-0.127402891899
2024-09-12,90,-0.00753404838957,-0.127402891899
2024-09-13,90,-0.0361026641991,-0.127402891899
2024-09-16,90,-0.0553814687704,-0.127402891899
2024-09-17,90,-0.0514940351448,-0.127402891899
2024-09-18,90,-0.0161632476585,-0.127402891899
2024-09-19,90,0.00809681641838,-0.127402891899
2024-09-20,90,0.00813847141404,-0.127402891899
2024-09-23,90,0.00166811134456,-0.127402891899
2024-09-24,90,-0.00526512659715,-0.127402891899
2024-09-25,90,-0.00387891985857,-0.127402891899
2024-09-26,90,-0.00772198150703,-0.127402891899
2024-09-27,90,-0.0119463325108,-0.127402891899
2024-09-30,90,-0.00346670428137,-0.127402891899
2024-10-01,90,-0.00881996726598,-0.127402891899
2024-10-02,90,0.00826791197194,-0.127402891899
2024-10-03,90,0.00656431544732,-0.127402891899
2024-10-04,90,0.0179384717196,-0.127402891899
2024-10-07,90,0.0171922356161,-0.127402891899
2024-10-08,90,0.0228464337664,-0.127402891899
2024-10-09,90,0.0135109799964,-0.127402891899
2024-10-10,90,0.0155097329134,-0.127402891899
2024-10-11,90,0.00129722316587,-0.127402891899
2024-10-14,90,0.013209440917,-0.127402891899
2024-10-15,90,0.0203381621536,-0.127402891899
2024-10-16,90,0.0453545068834,-0.127402891899
2024-10-17,90,0.0323946944603,-0.127402891899
2024-10-18,90,0.0261977311207,-0.127402891899
2024-10-21,90,0.0338695384222,-0.127402891899
2024-10-22,90,0.0284813671085,-0.127402891899
2024-10-23,90,0.0286181576496,-0.127402891899
2024-10-24,90,0.03487706518,-0.127402891899
2024-10-25,90,0.0131885806649,-0.127402891899
2024-10-28,90,0.0164910549905,-0.127402891899
2024-10-29,90,0.0137915049181,-0.127402891899
2024-10-30,90,0.00548210163423,-0.127402891899
2024-10-31,90,0.0101754579667,-0.127402891899
2024-11-01,90,0.030896578917,-0.127402891899
2024-11-04,90,0.0074045496428,-0.127402891899
2024-11-05,90,0.00449573395591,-0.127402891899
2024-11-06,90,0.0127895553556,-0.127402891899
2024-11-07,90,0.0153541622887,-0.127402891899
2024-11-08,90,0.0113536762145,-0.127402891899
2024-11-11,90,0.0106106819853,-0.127402891899
2024-11-12,90,0.00546771357517,-0.127402891899
2024-11-13,90,0.0029082013764,-0.127402891899
2024-11-14,90,0.0133054557872,-0.127402891899
2024-11-18,90,0.0274389298383,-0.127402891899
2024-11-19,90,0.0273759520312,-0.127402891899
2024-11-21,90,-0.00328434976484,-0.127402891899
2024-11-22,90,-0.0387657276503,-0.127402891899
2024-11-25,90,-0.0114796651158,-0.127402891899
2024-11-26,90,-0.0113398004653,-0.127402891899
2024-11-27,90,-0.0221444879794,-0.127402891899
2024-11-28,90,0.015607247411,-0.127402891899
2024-11-29,90,0.0254651477905,-0.127402891899
2024-12-02,90,0.0306490796563,-0.127402891899
2024-12-03,90,0.022390474227,-0.127402891899
2024-12-04,90,0.0133750883372,-0.127402891899
2024-12-05,90,0.00923765439927,-0.127402891899
2024-12-06,90,0.00456418080901,-0.127402891899
2024-12-09,90,-0.0134591819348,-0.127402891899
2024-12-10,90,-0.0219166433887,-0.127402891899
2024-12-11,90,-0.0196600416479,-0.127402891899
2024-12-12,90,-0.0925892884912,-0.127402891899
2024-12-13,90,-0.0899939082051,-0.127402891899
2024-12-16,90,-0.0859184731294,-0.127402891899
2024-12-17,90,-0.0489313333499,-0.127402891899
2024-12-18,90,-0.0840881042192,-0.127402891899
2024-12-19,90,-0.0809844962908,-0.127402891899
2024-12-20,90,-0.0720614299667,-0.127402891899
2024-12-23,90,-0.0748432684743,-0.127402891899
2024-12-26,90,-0.0672576042188,-0.127402891899
2024-12-27,90,-0.0483738133563,-0.127402891899
2024-12-30,90,-0.0539392604666,-0.127402891899
