modelo,taxa_falsos_positivos,taxa_verdadeiros_positivos,auc,auc_ic95_inferior,auc_ic95_superior,n_dias
Regressão Logística,0,0,0.501537822111,0.473987821634,0.531998006837,1552
Regressão Logística,0,0.00124688279302,0.501537822111,0.473987821634,0.531998006837,1552
Regressão Logística,0,0.00498753117207,0.501537822111,0.473987821634,0.531998006837,1552
Regressão Logística,0.00133333333333,0.00498753117207,0.501537822111,0.473987821634,0.531998006837,1552
Regressão Logística,0.00133333333333,0.00872817955112,0.501537822111,0.473987821634,0.531998006837,1552
Regressão Logística,0.00266666666667,0.00872817955112,0.501537822111,0.473987821634,0.531998006837,1552
Regressão Logística,0.00266666666667,0.00997506234414,0.501537822111,0.473987821634,0.531998006837,1552
Regressão Logística,0.00533333333333,0.00997506234414,0.501537822111,0.473987821634,0.531998006837,1552
Regressão Logística,0.00533333333333,0.0112219451372,0.501537822111,0.473987821634,0.531998006837,1552
Regressão Logística,0.008,0.0112219451372,0.501537822111,0.473987821634,0.531998006837,1552
Regressão Logística,0.008,0.0174563591022,0.501537822111,0.473987821634,0.531998006837,1552
Regressão Logística,0.012,0.0174563591022,0.501537822111,0.473987821634,0.531998006837,1552
Regressão Logística,0.012,0.0187032418953,0.501537822111,0.473987821634,0.531998006837,1552
Regressão Logística,0.0133333333333,0.0187032418953,0.501537822111,0.473987821634,0.531998006837,1552
Regressão Logística,0.0133333333333,0.0211970074813,0.501537822111,0.473987821634,0.531998006837,1552
Regressão Logística,0.0146666666667,0.0211970074813,0.501537822111,0.473987821634,0.531998006837,1552
Regressão Logística,0.0146666666667,0.0236907730673,0.501537822111,0.473987821634,0.531998006837,1552
Regressão Logística,0.0173333333333,0.0236907730673,0.501537822111,0.473987821634,0.531998006837,1552
Regressão Logística,0.0173333333333,0.0261845386534,0.501537822111,0.473987821634,0.531998006837,1552
Regressão Logística,0.02,0.0261845386534,0.501537822111,0.473987821634,0.531998006837,1552
Regressão Logística,0.02,0.0274314214464,0.501537822111,0.473987821634,0.531998006837,1552
Regressão Logística,0.0213333333333,0.0274314214464,0.501537822111,0.473987821634,0.531998006837,1552
Regressão Logística,0.0213333333333,0.0311720698254,0.501537822111,0.473987821634,0.531998006837,1552
Regressão Logística,0.0266666666667,0.0311720698254,0.501537822111,0.473987821634,0.531998006837,1552
Regressão Logística,0.0266666666667,0.0361596009975,0.501537822111,0.473987821634,0.531998006837,1552
Regressão Logística,0.0293333333333,0.0361596009975,0.501537822111,0.473987821634,0.531998006837,1552
Regressão Logística,0.0293333333333,0.0386533665835,0.501537822111,0.473987821634,0.531998006837,1552
Regressão Logística,0.0306666666667,0.0386533665835,0.501537822111,0.473987821634,0.531998006837,1552
Regressão Logística,0.0306666666667,0.0399002493766,0.501537822111,0.473987821634,0.531998006837,1552
Regressão Logística,0.032,0.0399002493766,0.501537822111,0.473987821634,0.531998006837,1552
Regressão Logística,0.032,0.0411471321696,0.501537822111,0.473987821634,0.531998006837,1552
Regressão Logística,0.0333333333333,0.0411471321696,0.501537822111,0.473987821634,0.531998006837,1552
Regressão Logística,0.0333333333333,0.0423940149626,0.501537822111,0.473987821634,0.531998006837,1552
Regressão Logística,0.0346666666667,0.0423940149626,0.501537822111,0.473987821634,0.531998006837,1552
Regressão Logística,0.0346666666667,0.0461346633416,0.501537822111,0.473987821634,0.531998006837,1552
Regressão Logística,0.036,0.0461346633416,0.501537822111,0.473987821634,0.531998006837,1552
Regressão Logística,0.036,0.0473815461347,0.501537822111,0.473987821634,0.531998006837,1552
Regressão Logística,0.0373333333333,0.0473815461347,0.501537822111,0.473987821634,0.531998006837,1552
Regressão Logística,0.0373333333333,0.0498753117207,0.501537822111,0.473987821634,0.531998006837,1552
Regressão Logística,0.04,0.0498753117207,0.501537822111,0.473987821634,0.531998006837,1552
Regressão Logística,0.04,0.0561097256858,0.501537822111,0.473987821634,0.531998006837,1552
Regressão Logística,0.0413333333333,0.0561097256858,0.501537822111,0.473987821634,0.531998006837,1552
Regressão Logística,0.0413333333333,0.0586034912718,0.501537822111,0.473987821634,0.531998006837,1552
Regressão Logística,0.0453333333333,0.0586034912718,0.501537822111,0.473987821634,0.531998006837,1552
Regressão Logística,0.0453333333333,0.0623441396509,0.501537822111,0.473987821634,0.531998006837,1552
Regressão Logística,0.048,0.0623441396509,0.501537822111,0.473987821634,0.531998006837,1552
Regressão Logística,0.048,0.0673316708229,0.501537822111,0.473987821634,0.531998006837,1552
Regressão Logística,0.0506666666667,0.0673316708229,0.501537822111,0.473987821634,0.531998006837,1552
Regressão Logística,0.0506666666667,0.073566084788,0.501537822111,0.473987821634,0.531998006837,1552
Regressão Logística,0.052,0.073566084788,0.501537822111,0.473987821634,0.531998006837,1552
Regressão Logística,0.052,0.074812967581,0.501537822111,0.473987821634,0.531998006837,1552
Regressão Logística,0.0546666666667,0.074812967581,0.501537822111,0.473987821634,0.531998006837,1552
Regressão Logística,0.0546666666667,0.0760598503741,0.501537822111,0.473987821634,0.531998006837,1552
Regressão Logística,0.0573333333333,0.0760598503741,0.501537822111,0.473987821634,0.531998006837,1552
Regressão Logística,0.0573333333333,0.0773067331671,0.501537822111,0.473987821634,0.531998006837,1552
Regressão Logística,0.0586666666667,0.0773067331671,0.501537822111,0.473987821634,0.531998006837,1552
Regressão Logística,0.0586666666667,0.0785536159601,0.501537822111,0.473987821634,0.531998006837,1552
Regressão Logística,0.0613333333333,0.0785536159601,0.501537822111,0.473987821634,0.531998006837,1552
Regressão Logística,0.0613333333333,0.0860349127182,0.501537822111,0.473987821634,0.531998006837,1552
Regressão Logística,0.0626666666667,0.0860349127182,0.501537822111,0.473987821634,0.531998006837,1552
Regressão Logística,0.0626666666667,0.0897755610973,0.501537822111,0.473987821634,0.531998006837,1552
Regressão Logística,0.064,0.0897755610973,0.501537822111,0.473987821634,0.531998006837,1552
Regressão Logística,0.064,0.0910224438903,0.501537822111,0.473987821634,0.531998006837,1552
Regressão Logística,0.0653333333333,0.0910224438903,0.501537822111,0.473987821634,0.531998006837,1552
Regressão Logística,0.0653333333333,0.0935162094763,0.501537822111,0.473987821634,0.531998006837,1552
Regressão Logística,0.072,0.0935162094763,0.501537822111,0.473987821634,0.531998006837,1552
Regressão Logística,0.072,0.0947630922693,0.501537822111,0.473987821634,0.531998006837,1552
Regressão Logística,0.0733333333333,0.0947630922693,0.501537822111,0.473987821634,0.531998006837,1552
Regressão Logística,0.0733333333333,0.0960099750623,0.501537822111,0.473987821634,0.531998006837,1552
Regressão Logística,0.0746666666667,0.0960099750623,0.501537822111,0.473987821634,0.531998006837,1552
Regressão Logística,0.0746666666667,0.0985037406484,0.501537822111,0.473987821634,0.531998006837,1552
Regressão Logística,0.076,0.0985037406484,0.501537822111,0.473987821634,0.531998006837,1552
Regressão Logística,0.076,0.100997506234,0.501537822111,0.473987821634,0.531998006837,1552
Regressão Logística,0.0773333333333,0.100997506234,0.501537822111,0.473987821634,0.531998006837,1552
Regressão Logística,0.0773333333333,0.10349127182,0.501537822111,0.473987821634,0.531998006837,1552
Regressão Logística,0.08,0.10349127182,0.501537822111,0.473987821634,0.531998006837,1552
Regressão Logística,0.08,0.104738154613,0.501537822111,0.473987821634,0.531998006837,1552
Regressão Logística,0.0826666666667,0.104738154613,0.501537822111,0.473987821634,0.531998006837,1552
Regressão Logística,0.0826666666667,0.110972568579,0.501537822111,0.473987821634,0.531998006837,1552
Regressão Logística,0.0853333333333,0.110972568579,0.501537822111,0.473987821634,0.531998006837,1552
Regressão Logística,0.0853333333333,0.114713216958,0.501537822111,0.473987821634,0.531998006837,1552
Regressão Logística,0.088,0.114713216958,0.501537822111,0.473987821634,0.531998006837,1552
Regressão Logística,0.088,0.115960099751,0.501537822111,0.473987821634,0.531998006837,1552
Regressão Logística,0.0906666666667,0.115960099751,0.501537822111,0.473987821634,0.531998006837,1552
Regressão Logística,0.0906666666667,0.11970074813,0.501537822111,0.473987821634,0.531998006837,1552
Regressão Logística,0.092,0.11970074813,0.501537822111,0.473987821634,0.531998006837,1552
Regressão Logística,0.092,0.124688279302,0.501537822111,0.473987821634,0.531998006837,1552
Regressão Logística,0.0946666666667,0.124688279302,0.501537822111,0.473987821634,0.531998006837,1552
Regressão Logística,0.0946666666667,0.127182044888,0.501537822111,0.473987821634,0.531998006837,1552
Regressão Logística,0.0973333333333,0.127182044888,0.501537822111,0.473987821634,0.531998006837,1552
Regressão Logística,0.0973333333333,0.128428927681,0.501537822111,0.473987821634,0.531998006837,1552
Regressão Logística,0.102666666667,0.128428927681,0.501537822111,0.473987821634,0.531998006837,1552
Regressão Logística,0.102666666667,0.129675810474,0.501537822111,0.473987821634,0.531998006837,1552
Regressão Logística,0.104,0.129675810474,0.501537822111,0.473987821634,0.531998006837,1552
Regressão Logística,0.104,0.130922693267,0.501537822111,0.473987821634,0.531998006837,1552
Regressão Logística,0.105333333333,0.130922693267,0.501537822111,0.473987821634,0.531998006837,1552
Regressão Logística,0.105333333333,0.13216957606,0.501537822111,0.473987821634,0.531998006837,1552
Regressão Logística,0.108,0.13216957606,0.501537822111,0.473987821634,0.531998006837,1552
Regressão Logística,0.108,0.133416458853,0.501537822111,0.473987821634,0.531998006837,1552
Regressão Logística,0.110666666667,0.133416458853,0.501537822111,0.473987821634,0.531998006837,1552
Regressão Logística,0.110666666667,0.134663341646,0.501537822111,0.473987821634,0.531998006837,1552
Regressão Logística,0.112,0.134663341646,0.501537822111,0.473987821634,0.531998006837,1552
Regressão Logística,0.112,0.135910224439,0.501537822111,0.473987821634,0.531998006837,1552
Regressão Logística,0.114666666667,0.135910224439,0.501537822111,0.473987821634,0.531998006837,1552
Regressão Logística,0.114666666667,0.138403990025,0.501537822111,0.473987821634,0.531998006837,1552
Regressão Logística,0.116,0.138403990025,0.501537822111,0.473987821634,0.531998006837,1552
Regressão Logística,0.116,0.139650872818,0.501537822111,0.473987821634,0.531998006837,1552
Regressão Logística,0.118666666667,0.139650872818,0.501537822111,0.473987821634,0.531998006837,1552
Regressão Logística,0.118666666667,0.140897755611,0.501537822111,0.473987821634,0.531998006837,1552
Regressão Logística,0.121333333333,0.140897755611,0.501537822111,0.473987821634,0.531998006837,1552
Regressão Logística,0.121333333333,0.142144638404,0.501537822111,0.473987821634,0.531998006837,1552
Regressão Logística,0.122666666667,0.142144638404,0.501537822111,0.473987821634,0.531998006837,1552
Regressão Logística,0.122666666667,0.147132169576,0.501537822111,0.473987821634,0.531998006837,1552
Regressão Logística,0.128,0.147132169576,0.501537822111,0.473987821634,0.531998006837,1552
Regressão Logística,0.128,0.148379052369,0.501537822111,0.473987821634,0.531998006837,1552
Regressão Logística,0.132,0.148379052369,0.501537822111,0.473987821634,0.531998006837,1552
Regressão Logística,0.132,0.150872817955,0.501537822111,0.473987821634,0.531998006837,1552
Regressão Logística,0.134666666667,0.150872817955,0.501537822111,0.473987821634,0.531998006837,1552
Regressão Logística,0.134666666667,0.153366583541,0.501537822111,0.473987821634,0.531998006837,1552
Regressão Logística,0.136,0.153366583541,0.501537822111,0.473987821634,0.531998006837,1552
Regressão Logística,0.136,0.154613466334,0.501537822111,0.473987821634,0.531998006837,1552
Regressão Logística,0.137333333333,0.154613466334,0.501537822111,0.473987821634,0.531998006837,1552
Regressão Logística,0.137333333333,0.15710723192,0.501537822111,0.473987821634,0.531998006837,1552
Regressão Logística,0.138666666667,0.15710723192,0.501537822111,0.473987821634,0.531998006837,1552
Regressão Logística,0.138666666667,0.162094763092,0.501537822111,0.473987821634,0.531998006837,1552
Regressão Logística,0.146666666667,0.162094763092,0.501537822111,0.473987821634,0.531998006837,1552
Regressão Logística,0.146666666667,0.163341645885,0.501537822111,0.473987821634,0.531998006837,1552
Regressão Logística,0.148,0.163341645885,0.501537822111,0.473987821634,0.531998006837,1552
Regressão Logística,0.148,0.164588528678,0.501537822111,0.473987821634,0.531998006837,1552
Regressão Logística,0.150666666667,0.164588528678,0.501537822111,0.473987821634,0.531998006837,1552
Regressão Logística,0.150666666667,0.167082294264,0.501537822111,0.473987821634,0.531998006837,1552
Regressão Logística,0.152,0.167082294264,0.501537822111,0.473987821634,0.531998006837,1552
Regressão Logística,0.152,0.168329177057,0.501537822111,0.473987821634,0.531998006837,1552
Regressão Logística,0.153333333333,0.168329177057,0.501537822111,0.473987821634,0.531998006837,1552
Regressão Logística,0.153333333333,0.16957605985,0.501537822111,0.473987821634,0.531998006837,1552
Regressão Logística,0.154666666667,0.16957605985,0.501537822111,0.473987821634,0.531998006837,1552
Regressão Logística,0.154666666667,0.170822942643,0.501537822111,0.473987821634,0.531998006837,1552
Regressão Logística,0.156,0.170822942643,0.501537822111,0.473987821634,0.531998006837,1552
Regressão Logística,0.156,0.173316708229,0.501537822111,0.473987821634,0.531998006837,1552
Regressão Logística,0.162666666667,0.173316708229,0.501537822111,0.473987821634,0.531998006837,1552
Regressão Logística,0.162666666667,0.175810473815,0.501537822111,0.473987821634,0.531998006837,1552
Regressão Logística,0.164,0.175810473815,0.501537822111,0.473987821634,0.531998006837,1552
Regressão Logística,0.164,0.178304239401,0.501537822111,0.473987821634,0.531998006837,1552
Regressão Logística,0.165333333333,0.178304239401,0.501537822111,0.473987821634,0.531998006837,1552
Regressão Logística,0.165333333333,0.179551122195,0.501537822111,0.473987821634,0.531998006837,1552
Regressão Logística,0.166666666667,0.179551122195,0.501537822111,0.473987821634,0.531998006837,1552
Regressão Logística,0.166666666667,0.182044887781,0.501537822111,0.473987821634,0.531998006837,1552
Regressão Logística,0.168,0.182044887781,0.501537822111,0.473987821634,0.531998006837,1552
Regressão Logística,0.168,0.184538653367,0.501537822111,0.473987821634,0.531998006837,1552
Regressão Logística,0.169333333333,0.184538653367,0.501537822111,0.473987821634,0.531998006837,1552
Regressão Logística,0.169333333333,0.187032418953,0.501537822111,0.473987821634,0.531998006837,1552
Regressão Logística,0.170666666667,0.187032418953,0.501537822111,0.473987821634,0.531998006837,1552
Regressão Logística,0.170666666667,0.189526184539,0.501537822111,0.473987821634,0.531998006837,1552
Regressão Logística,0.173333333333,0.189526184539,0.501537822111,0.473987821634,0.531998006837,1552
Regressão Logística,0.173333333333,0.192019950125,0.501537822111,0.473987821634,0.531998006837,1552
Regressão Logística,0.18,0.192019950125,0.501537822111,0.473987821634,0.531998006837,1552
Regressão Logística,0.18,0.194513715711,0.501537822111,0.473987821634,0.531998006837,1552
Regressão Logística,0.181333333333,0.194513715711,0.501537822111,0.473987821634,0.531998006837,1552
Regressão Logística,0.181333333333,0.195760598504,0.501537822111,0.473987821634,0.531998006837,1552
Regressão Logística,0.182666666667,0.195760598504,0.501537822111,0.473987821634,0.531998006837,1552
Regressão Logística,0.182666666667,0.197007481297,0.501537822111,0.473987821634,0.531998006837,1552
Regressão Logística,0.184,0.197007481297,0.501537822111,0.473987821634,0.531998006837,1552
Regressão Logística,0.184,0.203241895262,0.501537822111,0.473987821634,0.531998006837,1552
Regressão Logística,0.185333333333,0.203241895262,0.501537822111,0.473987821634,0.531998006837,1552
Regressão Logística,0.185333333333,0.205735660848,0.501537822111,0.473987821634,0.531998006837,1552
Regressão Logística,0.186666666667,0.205735660848,0.501537822111,0.473987821634,0.531998006837,1552
Regressão Logística,0.186666666667,0.206982543641,0.501537822111,0.473987821634,0.531998006837,1552
Regressão Logística,0.189333333333,0.206982543641,0.501537822111,0.473987821634,0.531998006837,1552
Regressão Logística,0.189333333333,0.209476309227,0.501537822111,0.473987821634,0.531998006837,1552
Regressão Logística,0.190666666667,0.209476309227,0.501537822111,0.473987821634,0.531998006837,1552
Regressão Logística,0.190666666667,0.213216957606,0.501537822111,0.473987821634,0.531998006837,1552
Regressão Logística,0.194666666667,0.213216957606,0.501537822111,0.473987821634,0.531998006837,1552
Regressão Logística,0.194666666667,0.215710723192,0.501537822111,0.473987821634,0.531998006837,1552
Regressão Logística,0.196,0.215710723192,0.501537822111,0.473987821634,0.531998006837,1552
Regressão Logística,0.196,0.216957605985,0.501537822111,0.473987821634,0.531998006837,1552
Regressão Logística,0.202666666667,0.216957605985,0.501537822111,0.473987821634,0.531998006837,1552
Regressão Logística,0.202666666667,0.218204488778,0.501537822111,0.473987821634,0.531998006837,1552
Regressão Logística,0.204,0.218204488778,0.501537822111,0.473987821634,0.531998006837,1552
Regressão Logística,0.204,0.221945137157,0.501537822111,0.473987821634,0.531998006837,1552
Regressão Logística,0.205333333333,0.221945137157,0.501537822111,0.473987821634,0.531998006837,1552
Regressão Logística,0.205333333333,0.224438902743,0.501537822111,0.473987821634,0.531998006837,1552
Regressão Logística,0.206666666667,0.224438902743,0.501537822111,0.473987821634,0.531998006837,1552
Regressão Logística,0.206666666667,0.228179551122,0.501537822111,0.473987821634,0.531998006837,1552
Regressão Logística,0.208,0.228179551122,0.501537822111,0.473987821634,0.531998006837,1552
Regressão Logística,0.208,0.229426433915,0.501537822111,0.473987821634,0.531998006837,1552
Regressão Logística,0.212,0.229426433915,0.501537822111,0.473987821634,0.531998006837,1552
Regressão Logística,0.212,0.230673316708,0.501537822111,0.473987821634,0.531998006837,1552
Regressão Logística,0.213333333333,0.230673316708,0.501537822111,0.473987821634,0.531998006837,1552
Regressão Logística,0.213333333333,0.231920199501,0.501537822111,0.473987821634,0.531998006837,1552
Regressão Logística,0.214666666667,0.231920199501,0.501537822111,0.473987821634,0.531998006837,1552
Regressão Logística,0.214666666667,0.23566084788,0.501537822111,0.473987821634,0.531998006837,1552
Regressão Logística,0.218666666667,0.23566084788,0.501537822111,0.473987821634,0.531998006837,1552
Regressão Logística,0.218666666667,0.238154613466,0.501537822111,0.473987821634,0.531998006837,1552
Regressão Logística,0.222666666667,0.238154613466,0.501537822111,0.473987821634,0.531998006837,1552
Regressão Logística,0.222666666667,0.239401496259,0.501537822111,0.473987821634,0.531998006837,1552
Regressão Logística,0.224,0.239401496259,0.501537822111,0.473987821634,0.531998006837,1552
Regressão Logística,0.224,0.241895261845,0.501537822111,0.473987821634,0.531998006837,1552
Regressão Logística,0.225333333333,0.241895261845,0.501537822111,0.473987821634,0.531998006837,1552
Regressão Logística,0.225333333333,0.245635910224,0.501537822111,0.473987821634,0.531998006837,1552
Regressão Logística,0.229333333333,0.245635910224,0.501537822111,0.473987821634,0.531998006837,1552
Regressão Logística,0.229333333333,0.24812967581,0.501537822111,0.473987821634,0.531998006837,1552
Regressão Logística,0.232,0.24812967581,0.501537822111,0.473987821634,0.531998006837,1552
Regressão Logística,0.232,0.249376558603,0.501537822111,0.473987821634,0.531998006837,1552
Regressão Logística,0.233333333333,0.249376558603,0.501537822111,0.473987821634,0.531998006837,1552
Regressão Logística,0.233333333333,0.250623441397,0.501537822111,0.473987821634,0.531998006837,1552
Regressão Logística,0.236,0.250623441397,0.501537822111,0.473987821634,0.531998006837,1552
Regressão Logística,0.236,0.25187032419,0.501537822111,0.473987821634,0.531998006837,1552
Regressão Logística,0.237333333333,0.25187032419,0.501537822111,0.473987821634,0.531998006837,1552
Regressão Logística,0.237333333333,0.258104738155,0.501537822111,0.473987821634,0.531998006837,1552
Regressão Logística,0.238666666667,0.258104738155,0.501537822111,0.473987821634,0.531998006837,1552
Regressão Logística,0.238666666667,0.261845386534,0.501537822111,0.473987821634,0.531998006837,1552
Regressão Logística,0.241333333333,0.261845386534,0.501537822111,0.473987821634,0.531998006837,1552
Regressão Logística,0.241333333333,0.263092269327,0.501537822111,0.473987821634,0.531998006837,1552
Regressão Logística,0.244,0.263092269327,0.501537822111,0.473987821634,0.531998006837,1552
Regressão Logística,0.244,0.265586034913,0.501537822111,0.473987821634,0.531998006837,1552
Regressão Logística,0.249333333333,0.265586034913,0.501537822111,0.473987821634,0.531998006837,1552
Regressão Logística,0.249333333333,0.268079800499,0.501537822111,0.473987821634,0.531998006837,1552
Regressão Logística,0.252,0.268079800499,0.501537822111,0.473987821634,0.531998006837,1552
Regressão Logística,0.252,0.269326683292,0.501537822111,0.473987821634,0.531998006837,1552
Regressão Logística,0.254666666667,0.269326683292,0.501537822111,0.473987821634,0.531998006837,1552
Regressão Logística,0.254666666667,0.271820448878,0.501537822111,0.473987821634,0.531998006837,1552
Regressão Logística,0.257333333333,0.271820448878,0.501537822111,0.473987821634,0.531998006837,1552
Regressão Logística,0.257333333333,0.273067331671,0.501537822111,0.473987821634,0.531998006837,1552
Regressão Logística,0.26,0.273067331671,0.501537822111,0.473987821634,0.531998006837,1552
Regressão Logística,0.26,0.279301745636,0.501537822111,0.473987821634,0.531998006837,1552
Regressão Logística,0.261333333333,0.279301745636,0.501537822111,0.473987821634,0.531998006837,1552
Regressão Logística,0.261333333333,0.281795511222,0.501537822111,0.473987821634,0.531998006837,1552
Regressão Logística,0.262666666667,0.281795511222,0.501537822111,0.473987821634,0.531998006837,1552
Regressão Logística,0.262666666667,0.288029925187,0.501537822111,0.473987821634,0.531998006837,1552
Regressão Logística,0.270666666667,0.288029925187,0.501537822111,0.473987821634,0.531998006837,1552
Regressão Logística,0.270666666667,0.290523690773,0.501537822111,0.473987821634,0.531998006837,1552
Regressão Logística,0.274666666667,0.290523690773,0.501537822111,0.473987821634,0.531998006837,1552
Regressão Logística,0.274666666667,0.291770573566,0.501537822111,0.473987821634,0.531998006837,1552
Regressão Logística,0.282666666667,0.291770573566,0.501537822111,0.473987821634,0.531998006837,1552
Regressão Logística,0.282666666667,0.294264339152,0.501537822111,0.473987821634,0.531998006837,1552
Regressão Logística,0.285333333333,0.294264339152,0.501537822111,0.473987821634,0.531998006837,1552
Regressão Logística,0.285333333333,0.296758104738,0.501537822111,0.473987821634,0.531998006837,1552
Regressão Logística,0.289333333333,0.296758104738,0.501537822111,0.473987821634,0.531998006837,1552
Regressão Logística,0.289333333333,0.298004987531,0.501537822111,0.473987821634,0.531998006837,1552
Regressão Logística,0.294666666667,0.298004987531,0.501537822111,0.473987821634,0.531998006837,1552
Regressão Logística,0.294666666667,0.299251870324,0.501537822111,0.473987821634,0.531998006837,1552
Regressão Logística,0.298666666667,0.299251870324,0.501537822111,0.473987821634,0.531998006837,1552
Regressão Logística,0.298666666667,0.30174563591,0.501537822111,0.473987821634,0.531998006837,1552
Regressão Logística,0.3,0.30174563591,0.501537822111,0.473987821634,0.531998006837,1552
Regressão Logística,0.3,0.302992518703,0.501537822111,0.473987821634,0.531998006837,1552
Regressão Logística,0.301333333333,0.302992518703,0.501537822111,0.473987821634,0.531998006837,1552
Regressão Logística,0.301333333333,0.304239401496,0.501537822111,0.473987821634,0.531998006837,1552
Regressão Logística,0.302666666667,0.304239401496,0.501537822111,0.473987821634,0.531998006837,1552
Regressão Logística,0.302666666667,0.306733167082,0.501537822111,0.473987821634,0.531998006837,1552
Regressão Logística,0.308,0.306733167082,0.501537822111,0.473987821634,0.531998006837,1552
Regressão Logística,0.308,0.307980049875,0.501537822111,0.473987821634,0.531998006837,1552
Regressão Logística,0.312,0.307980049875,0.501537822111,0.473987821634,0.531998006837,1552
Regressão Logística,0.312,0.312967581047,0.501537822111,0.473987821634,0.531998006837,1552
Regressão Logística,0.314666666667,0.312967581047,0.501537822111,0.473987821634,0.531998006837,1552
Regressão Logística,0.314666666667,0.316708229426,0.501537822111,0.473987821634,0.531998006837,1552
Regressão Logística,0.316,0.316708229426,0.501537822111,0.473987821634,0.531998006837,1552
Regressão Logística,0.316,0.322942643392,0.501537822111,0.473987821634,0.531998006837,1552
Regressão Logística,0.317333333333,0.322942643392,0.501537822111,0.473987821634,0.531998006837,1552
Regressão Logística,0.317333333333,0.329177057357,0.501537822111,0.473987821634,0.531998006837,1552
Regressão Logística,0.32,0.329177057357,0.501537822111,0.473987821634,0.531998006837,1552
Regressão Logística,0.32,0.33042394015,0.501537822111,0.473987821634,0.531998006837,1552
Regressão Logística,0.322666666667,0.33042394015,0.501537822111,0.473987821634,0.531998006837,1552
Regressão Logística,0.322666666667,0.337905236908,0.501537822111,0.473987821634,0.531998006837,1552
Regressão Logística,0.324,0.337905236908,0.501537822111,0.473987821634,0.531998006837,1552
Regressão Logística,0.324,0.340399002494,0.501537822111,0.473987821634,0.531998006837,1552
Regressão Logística,0.325333333333,0.340399002494,0.501537822111,0.473987821634,0.531998006837,1552
Regressão Logística,0.325333333333,0.344139650873,0.501537822111,0.473987821634,0.531998006837,1552
Regressão Logística,0.328,0.344139650873,0.501537822111,0.473987821634,0.531998006837,1552
Regressão Logística,0.328,0.345386533666,0.501537822111,0.473987821634,0.531998006837,1552
Regressão Logística,0.333333333333,0.345386533666,0.501537822111,0.473987821634,0.531998006837,1552
Regressão Logística,0.333333333333,0.346633416459,0.501537822111,0.473987821634,0.531998006837,1552
Regressão Logística,0.334666666667,0.346633416459,0.501537822111,0.473987821634,0.531998006837,1552
Regressão Logística,0.334666666667,0.347880299252,0.501537822111,0.473987821634,0.531998006837,1552
Regressão Logística,0.336,0.347880299252,0.501537822111,0.473987821634,0.531998006837,1552
Regressão Logística,0.336,0.349127182045,0.501537822111,0.473987821634,0.531998006837,1552
Regressão Logística,0.337333333333,0.349127182045,0.501537822111,0.473987821634,0.531998006837,1552
Regressão Logística,0.337333333333,0.350374064838,0.501537822111,0.473987821634,0.531998006837,1552
Regressão Logística,0.341333333333,0.350374064838,0.501537822111,0.473987821634,0.531998006837,1552
Regressão Logística,0.341333333333,0.351620947631,0.501537822111,0.473987821634,0.531998006837,1552
Regressão Logística,0.344,0.351620947631,0.501537822111,0.473987821634,0.531998006837,1552
Regressão Logística,0.344,0.35536159601,0.501537822111,0.473987821634,0.531998006837,1552
Regressão Logística,0.345333333333,0.35536159601,0.501537822111,0.473987821634,0.531998006837,1552
Regressão Logística,0.345333333333,0.357855361596,0.501537822111,0.473987821634,0.531998006837,1552
Regressão Logística,0.346666666667,0.357855361596,0.501537822111,0.473987821634,0.531998006837,1552
Regressão Logística,0.346666666667,0.360349127182,0.501537822111,0.473987821634,0.531998006837,1552
Regressão Logística,0.349333333333,0.360349127182,0.501537822111,0.473987821634,0.531998006837,1552
Regressão Logística,0.349333333333,0.362842892768,0.501537822111,0.473987821634,0.531998006837,1552
Regressão Logística,0.354666666667,0.362842892768,0.501537822111,0.473987821634,0.531998006837,1552
Regressão Logística,0.354666666667,0.364089775561,0.501537822111,0.473987821634,0.531998006837,1552
Regressão Logística,0.356,0.364089775561,0.501537822111,0.473987821634,0.531998006837,1552
Regressão Logística,0.356,0.365336658354,0.501537822111,0.473987821634,0.531998006837,1552
Regressão Logística,0.357333333333,0.365336658354,0.501537822111,0.473987821634,0.531998006837,1552
Regressão Logística,0.357333333333,0.366583541147,0.501537822111,0.473987821634,0.531998006837,1552
Regressão Logística,0.358666666667,0.366583541147,0.501537822111,0.473987821634,0.531998006837,1552
Regressão Logística,0.358666666667,0.36783042394,0.501537822111,0.473987821634,0.531998006837,1552
Regressão Logística,0.36,0.36783042394,0.501537822111,0.473987821634,0.531998006837,1552
Regressão Logística,0.36,0.369077306733,0.501537822111,0.473987821634,0.531998006837,1552
Regressão Logística,0.361333333333,0.369077306733,0.501537822111,0.473987821634,0.531998006837,1552
Regressão Logística,0.361333333333,0.371571072319,0.501537822111,0.473987821634,0.531998006837,1552
Regressão Logística,0.365333333333,0.371571072319,0.501537822111,0.473987821634,0.531998006837,1552
Regressão Logística,0.365333333333,0.375311720698,0.501537822111,0.473987821634,0.531998006837,1552
Regressão Logística,0.370666666667,0.375311720698,0.501537822111,0.473987821634,0.531998006837,1552
Regressão Logística,0.370666666667,0.376558603491,0.501537822111,0.473987821634,0.531998006837,1552
Regressão Logística,0.372,0.376558603491,0.501537822111,0.473987821634,0.531998006837,1552
Regressão Logística,0.372,0.377805486284,0.501537822111,0.473987821634,0.531998006837,1552
Regressão Logística,0.374666666667,0.377805486284,0.501537822111,0.473987821634,0.531998006837,1552
Regressão Logística,0.374666666667,0.379052369077,0.501537822111,0.473987821634,0.531998006837,1552
Regressão Logística,0.38,0.379052369077,0.501537822111,0.473987821634,0.531998006837,1552
Regressão Logística,0.38,0.385286783042,0.501537822111,0.473987821634,0.531998006837,1552
Regressão Logística,0.381333333333,0.385286783042,0.501537822111,0.473987821634,0.531998006837,1552
Regressão Logística,0.381333333333,0.390274314214,0.501537822111,0.473987821634,0.531998006837,1552
Regressão Logística,0.382666666667,0.390274314214,0.501537822111,0.473987821634,0.531998006837,1552
Regressão Logística,0.382666666667,0.391521197007,0.501537822111,0.473987821634,0.531998006837,1552
Regressão Logística,0.386666666667,0.391521197007,0.501537822111,0.473987821634,0.531998006837,1552
Regressão Logística,0.386666666667,0.394014962594,0.501537822111,0.473987821634,0.531998006837,1552
Regressão Logística,0.389333333333,0.394014962594,0.501537822111,0.473987821634,0.531998006837,1552
Regressão Logística,0.389333333333,0.399002493766,0.501537822111,0.473987821634,0.531998006837,1552
Regressão Logística,0.394666666667,0.399002493766,0.501537822111,0.473987821634,0.531998006837,1552
Regressão Logística,0.394666666667,0.401496259352,0.501537822111,0.473987821634,0.531998006837,1552
Regressão Logística,0.398666666667,0.401496259352,0.501537822111,0.473987821634,0.531998006837,1552
Regressão Logística,0.398666666667,0.405236907731,0.501537822111,0.473987821634,0.531998006837,1552
Regressão Logística,0.4,0.405236907731,0.501537822111,0.473987821634,0.531998006837,1552
Regressão Logística,0.4,0.407730673317,0.501537822111,0.473987821634,0.531998006837,1552
Regressão Logística,0.402666666667,0.407730673317,0.501537822111,0.473987821634,0.531998006837,1552
Regressão Logística,0.402666666667,0.411471321696,0.501537822111,0.473987821634,0.531998006837,1552
Regressão Logística,0.404,0.411471321696,0.501537822111,0.473987821634,0.531998006837,1552
Regressão Logística,0.404,0.416458852868,0.501537822111,0.473987821634,0.531998006837,1552
Regressão Logística,0.405333333333,0.416458852868,0.501537822111,0.473987821634,0.531998006837,1552
Regressão Logística,0.405333333333,0.420199501247,0.501537822111,0.473987821634,0.531998006837,1552
Regressão Logística,0.409333333333,0.420199501247,0.501537822111,0.473987821634,0.531998006837,1552
Regressão Logística,0.409333333333,0.42144638404,0.501537822111,0.473987821634,0.531998006837,1552
Regressão Logística,0.410666666667,0.42144638404,0.501537822111,0.473987821634,0.531998006837,1552
Regressão Logística,0.410666666667,0.422693266833,0.501537822111,0.473987821634,0.531998006837,1552
Regressão Logística,0.413333333333,0.422693266833,0.501537822111,0.473987821634,0.531998006837,1552
Regressão Logística,0.413333333333,0.423940149626,0.501537822111,0.473987821634,0.531998006837,1552
Regressão Logística,0.416,0.423940149626,0.501537822111,0.473987821634,0.531998006837,1552
Regressão Logística,0.416,0.427680798005,0.501537822111,0.473987821634,0.531998006837,1552
Regressão Logística,0.417333333333,0.427680798005,0.501537822111,0.473987821634,0.531998006837,1552
Regressão Logística,0.417333333333,0.431421446384,0.501537822111,0.473987821634,0.531998006837,1552
Regressão Logística,0.418666666667,0.431421446384,0.501537822111,0.473987821634,0.531998006837,1552
Regressão Logística,0.418666666667,0.432668329177,0.501537822111,0.473987821634,0.531998006837,1552
Regressão Logística,0.42,0.432668329177,0.501537822111,0.473987821634,0.531998006837,1552
Regressão Logística,0.42,0.435162094763,0.501537822111,0.473987821634,0.531998006837,1552
Regressão Logística,0.421333333333,0.435162094763,0.501537822111,0.473987821634,0.531998006837,1552
Regressão Logística,0.421333333333,0.436408977556,0.501537822111,0.473987821634,0.531998006837,1552
Regressão Logística,0.422666666667,0.436408977556,0.501537822111,0.473987821634,0.531998006837,1552
Regressão Logística,0.422666666667,0.442643391521,0.501537822111,0.473987821634,0.531998006837,1552
Regressão Logística,0.424,0.442643391521,0.501537822111,0.473987821634,0.531998006837,1552
Regressão Logística,0.424,0.4463840399,0.501537822111,0.473987821634,0.531998006837,1552
Regressão Logística,0.425333333333,0.4463840399,0.501537822111,0.473987821634,0.531998006837,1552
Regressão Logística,0.425333333333,0.452618453865,0.501537822111,0.473987821634,0.531998006837,1552
Regressão Logística,0.428,0.452618453865,0.501537822111,0.473987821634,0.531998006837,1552
Regressão Logística,0.428,0.455112219451,0.501537822111,0.473987821634,0.531998006837,1552
Regressão Logística,0.433333333333,0.455112219451,0.501537822111,0.473987821634,0.531998006837,1552
Regressão Logística,0.433333333333,0.456359102244,0.501537822111,0.473987821634,0.531998006837,1552
Regressão Logística,0.438666666667,0.456359102244,0.501537822111,0.473987821634,0.531998006837,1552
Regressão Logística,0.438666666667,0.460099750623,0.501537822111,0.473987821634,0.531998006837,1552
Regressão Logística,0.441333333333,0.460099750623,0.501537822111,0.473987821634,0.531998006837,1552
Regressão Logística,0.441333333333,0.462593516209,0.501537822111,0.473987821634,0.531998006837,1552
Regressão Logística,0.444,0.462593516209,0.501537822111,0.473987821634,0.531998006837,1552
Regressão Logística,0.444,0.465087281796,0.501537822111,0.473987821634,0.531998006837,1552
Regressão Logística,0.449333333333,0.465087281796,0.501537822111,0.473987821634,0.531998006837,1552
Regressão Logística,0.449333333333,0.467581047382,0.501537822111,0.473987821634,0.531998006837,1552
Regressão Logística,0.450666666667,0.467581047382,0.501537822111,0.473987821634,0.531998006837,1552
Regressão Logística,0.450666666667,0.468827930175,0.501537822111,0.473987821634,0.531998006837,1552
Regressão Logística,0.457333333333,0.468827930175,0.501537822111,0.473987821634,0.531998006837,1552
Regressão Logística,0.457333333333,0.470074812968,0.501537822111,0.473987821634,0.531998006837,1552
Regressão Logística,0.462666666667,0.470074812968,0.501537822111,0.473987821634,0.531998006837,1552
Regressão Logística,0.462666666667,0.472568578554,0.501537822111,0.473987821634,0.531998006837,1552
Regressão Logística,0.465333333333,0.472568578554,0.501537822111,0.473987821634,0.531998006837,1552
Regressão Logística,0.465333333333,0.476309226933,0.501537822111,0.473987821634,0.531998006837,1552
Regressão Logística,0.466666666667,0.476309226933,0.501537822111,0.473987821634,0.531998006837,1552
Regressão Logística,0.466666666667,0.478802992519,0.501537822111,0.473987821634,0.531998006837,1552
Regressão Logística,0.469333333333,0.478802992519,0.501537822111,0.473987821634,0.531998006837,1552
Regressão Logística,0.469333333333,0.483790523691,0.501537822111,0.473987821634,0.531998006837,1552
Regressão Logística,0.473333333333,0.483790523691,0.501537822111,0.473987821634,0.531998006837,1552
Regressão Logística,0.473333333333,0.485037406484,0.501537822111,0.473987821634,0.531998006837,1552
Regressão Logística,0.478666666667,0.485037406484,0.501537822111,0.473987821634,0.531998006837,1552
Regressão Logística,0.478666666667,0.490024937656,0.501537822111,0.473987821634,0.531998006837,1552
Regressão Logística,0.482666666667,0.490024937656,0.501537822111,0.473987821634,0.531998006837,1552
Regressão Logística,0.482666666667,0.491271820449,0.501537822111,0.473987821634,0.531998006837,1552
Regressão Logística,0.485333333333,0.491271820449,0.501537822111,0.473987821634,0.531998006837,1552
Regressão Logística,0.485333333333,0.495012468828,0.501537822111,0.473987821634,0.531998006837,1552
Regressão Logística,0.486666666667,0.495012468828,0.501537822111,0.473987821634,0.531998006837,1552
Regressão Logística,0.486666666667,0.496259351621,0.501537822111,0.473987821634,0.531998006837,1552
Regressão Logística,0.488,0.496259351621,0.501537822111,0.473987821634,0.531998006837,1552
Regressão Logística,0.488,0.497506234414,0.501537822111,0.473987821634,0.531998006837,1552
Regressão Logística,0.494666666667,0.497506234414,0.501537822111,0.473987821634,0.531998006837,1552
Regressão Logística,0.494666666667,0.502493765586,0.501537822111,0.473987821634,0.531998006837,1552
Regressão Logística,0.497333333333,0.502493765586,0.501537822111,0.473987821634,0.531998006837,1552
Regressão Logística,0.497333333333,0.504987531172,0.501537822111,0.473987821634,0.531998006837,1552
Regressão Logística,0.5,0.504987531172,0.501537822111,0.473987821634,0.531998006837,1552
Regressão Logística,0.5,0.506234413965,0.501537822111,0.473987821634,0.531998006837,1552
Regressão Logística,0.502666666667,0.506234413965,0.501537822111,0.473987821634,0.531998006837,1552
Regressão Logística,0.502666666667,0.508728179551,0.501537822111,0.473987821634,0.531998006837,1552
Regressão Logística,0.504,0.508728179551,0.501537822111,0.473987821634,0.531998006837,1552
Regressão Logística,0.504,0.509975062344,0.501537822111,0.473987821634,0.531998006837,1552
Regressão Logística,0.509333333333,0.509975062344,0.501537822111,0.473987821634,0.531998006837,1552
Regressão Logística,0.509333333333,0.511221945137,0.501537822111,0.473987821634,0.531998006837,1552
Regressão Logística,0.513333333333,0.511221945137,0.501537822111,0.473987821634,0.531998006837,1552
Regressão Logística,0.513333333333,0.514962593516,0.501537822111,0.473987821634,0.531998006837,1552
Regressão Logística,0.518666666667,0.514962593516,0.501537822111,0.473987821634,0.531998006837,1552
Regressão Logística,0.518666666667,0.516209476309,0.501537822111,0.473987821634,0.531998006837,1552
Regressão Logística,0.52,0.516209476309,0.501537822111,0.473987821634,0.531998006837,1552
Regressão Logística,0.52,0.517456359102,0.501537822111,0.473987821634,0.531998006837,1552
Regressão Logística,0.521333333333,0.517456359102,0.501537822111,0.473987821634,0.531998006837,1552
Regressão Logística,0.521333333333,0.518703241895,0.501537822111,0.473987821634,0.531998006837,1552
Regressão Logística,0.522666666667,0.518703241895,0.501537822111,0.473987821634,0.531998006837,1552
Regressão Logística,0.522666666667,0.519950124688,0.501537822111,0.473987821634,0.531998006837,1552
Regressão Logística,0.528,0.519950124688,0.501537822111,0.473987821634,0.531998006837,1552
Regressão Logística,0.528,0.522443890274,0.501537822111,0.473987821634,0.531998006837,1552
Regressão Logística,0.530666666667,0.522443890274,0.501537822111,0.473987821634,0.531998006837,1552
Regressão Logística,0.530666666667,0.529925187032,0.501537822111,0.473987821634,0.531998006837,1552
Regressão Logística,0.533333333333,0.529925187032,0.501537822111,0.473987821634,0.531998006837,1552
Regressão Logística,0.533333333333,0.532418952618,0.501537822111,0.473987821634,0.531998006837,1552
Regressão Logística,0.534666666667,0.532418952618,0.501537822111,0.473987821634,0.531998006837,1552
Regressão Logística,0.534666666667,0.534912718204,0.501537822111,0.473987821634,0.531998006837,1552
Regressão Logística,0.536,0.534912718204,0.501537822111,0.473987821634,0.531998006837,1552
Regressão Logística,0.536,0.539900249377,0.501537822111,0.473987821634,0.531998006837,1552
Regressão Logística,0.537333333333,0.539900249377,0.501537822111,0.473987821634,0.531998006837,1552
Regressão Logística,0.537333333333,0.54114713217,0.501537822111,0.473987821634,0.531998006837,1552
Regressão Logística,0.538666666667,0.54114713217,0.501537822111,0.473987821634,0.531998006837,1552
Regressão Logística,0.538666666667,0.542394014963,0.501537822111,0.473987821634,0.531998006837,1552
Regressão Logística,0.54,0.542394014963,0.501537822111,0.473987821634,0.531998006837,1552
Regressão Logística,0.54,0.543640897756,0.501537822111,0.473987821634,0.531998006837,1552
Regressão Logística,0.542666666667,0.543640897756,0.501537822111,0.473987821634,0.531998006837,1552
Regressão Logística,0.542666666667,0.546134663342,0.501537822111,0.473987821634,0.531998006837,1552
Regressão Logística,0.544,0.546134663342,0.501537822111,0.473987821634,0.531998006837,1552
Regressão Logística,0.544,0.548628428928,0.501537822111,0.473987821634,0.531998006837,1552
Regressão Logística,0.546666666667,0.548628428928,0.501537822111,0.473987821634,0.531998006837,1552
Regressão Logística,0.546666666667,0.549875311721,0.501537822111,0.473987821634,0.531998006837,1552
Regressão Logística,0.552,0.549875311721,0.501537822111,0.473987821634,0.531998006837,1552
Regressão Logística,0.552,0.551122194514,0.501537822111,0.473987821634,0.531998006837,1552
Regressão Logística,0.553333333333,0.551122194514,0.501537822111,0.473987821634,0.531998006837,1552
Regressão Logística,0.553333333333,0.552369077307,0.501537822111,0.473987821634,0.531998006837,1552
Regressão Logística,0.554666666667,0.552369077307,0.501537822111,0.473987821634,0.531998006837,1552
Regressão Logística,0.554666666667,0.5536159601,0.501537822111,0.473987821634,0.531998006837,1552
Regressão Logística,0.557333333333,0.5536159601,0.501537822111,0.473987821634,0.531998006837,1552
Regressão Logística,0.557333333333,0.554862842893,0.501537822111,0.473987821634,0.531998006837,1552
Regressão Logística,0.56,0.554862842893,0.501537822111,0.473987821634,0.531998006837,1552
Regressão Logística,0.56,0.557356608479,0.501537822111,0.473987821634,0.531998006837,1552
Regressão Logística,0.562666666667,0.557356608479,0.501537822111,0.473987821634,0.531998006837,1552
Regressão Logística,0.562666666667,0.558603491272,0.501537822111,0.473987821634,0.531998006837,1552
Regressão Logística,0.564,0.558603491272,0.501537822111,0.473987821634,0.531998006837,1552
Regressão Logística,0.564,0.559850374065,0.501537822111,0.473987821634,0.531998006837,1552
Regressão Logística,0.566666666667,0.559850374065,0.501537822111,0.473987821634,0.531998006837,1552
Regressão Logística,0.566666666667,0.561097256858,0.501537822111,0.473987821634,0.531998006837,1552
Regressão Logística,0.569333333333,0.561097256858,0.501537822111,0.473987821634,0.531998006837,1552
Regressão Logística,0.569333333333,0.562344139651,0.501537822111,0.473987821634,0.531998006837,1552
Regressão Logística,0.570666666667,0.562344139651,0.501537822111,0.473987821634,0.531998006837,1552
Regressão Logística,0.570666666667,0.567331670823,0.501537822111,0.473987821634,0.531998006837,1552
Regressão Logística,0.572,0.567331670823,0.501537822111,0.473987821634,0.531998006837,1552
Regressão Logística,0.572,0.568578553616,0.501537822111,0.473987821634,0.531998006837,1552
Regressão Logística,0.577333333333,0.568578553616,0.501537822111,0.473987821634,0.531998006837,1552
Regressão Logística,0.577333333333,0.569825436409,0.501537822111,0.473987821634,0.531998006837,1552
Regressão Logística,0.578666666667,0.569825436409,0.501537822111,0.473987821634,0.531998006837,1552
Regressão Logística,0.578666666667,0.572319201995,0.501537822111,0.473987821634,0.531998006837,1552
Regressão Logística,0.58,0.572319201995,0.501537822111,0.473987821634,0.531998006837,1552
Regressão Logística,0.58,0.573566084788,0.501537822111,0.473987821634,0.531998006837,1552
Regressão Logística,0.582666666667,0.573566084788,0.501537822111,0.473987821634,0.531998006837,1552
Regressão Logística,0.582666666667,0.574812967581,0.501537822111,0.473987821634,0.531998006837,1552
Regressão Logística,0.584,0.574812967581,0.501537822111,0.473987821634,0.531998006837,1552
Regressão Logística,0.584,0.577306733167,0.501537822111,0.473987821634,0.531998006837,1552
Regressão Logística,0.588,0.577306733167,0.501537822111,0.473987821634,0.531998006837,1552
Regressão Logística,0.588,0.579800498753,0.501537822111,0.473987821634,0.531998006837,1552
Regressão Logística,0.590666666667,0.579800498753,0.501537822111,0.473987821634,0.531998006837,1552
Regressão Logística,0.590666666667,0.581047381546,0.501537822111,0.473987821634,0.531998006837,1552
Regressão Logística,0.592,0.581047381546,0.501537822111,0.473987821634,0.531998006837,1552
Regressão Logística,0.592,0.586034912718,0.501537822111,0.473987821634,0.531998006837,1552
Regressão Logística,0.593333333333,0.586034912718,0.501537822111,0.473987821634,0.531998006837,1552
Regressão Logística,0.593333333333,0.588528678304,0.501537822111,0.473987821634,0.531998006837,1552
Regressão Logística,0.596,0.588528678304,0.501537822111,0.473987821634,0.531998006837,1552
Regressão Logística,0.596,0.59102244389,0.501537822111,0.473987821634,0.531998006837,1552
Regressão Logística,0.598666666667,0.59102244389,0.501537822111,0.473987821634,0.531998006837,1552
Regressão Logística,0.598666666667,0.594763092269,0.501537822111,0.473987821634,0.531998006837,1552
Regressão Logística,0.6,0.594763092269,0.501537822111,0.473987821634,0.531998006837,1552
Regressão Logística,0.6,0.596009975062,0.501537822111,0.473987821634,0.531998006837,1552
Regressão Logística,0.601333333333,0.596009975062,0.501537822111,0.473987821634,0.531998006837,1552
Regressão Logística,0.601333333333,0.598503740648,0.501537822111,0.473987821634,0.531998006837,1552
Regressão Logística,0.604,0.598503740648,0.501537822111,0.473987821634,0.531998006837,1552
Regressão Logística,0.604,0.602244389027,0.501537822111,0.473987821634,0.531998006837,1552
Regressão Logística,0.606666666667,0.602244389027,0.501537822111,0.473987821634,0.531998006837,1552
Regressão Logística,0.606666666667,0.60349127182,0.501537822111,0.473987821634,0.531998006837,1552
Regressão Logística,0.609333333333,0.60349127182,0.501537822111,0.473987821634,0.531998006837,1552
Regressão Logística,0.609333333333,0.604738154613,0.501537822111,0.473987821634,0.531998006837,1552
Regressão Logística,0.612,0.604738154613,0.501537822111,0.473987821634,0.531998006837,1552
Regressão Logística,0.612,0.6072319202,0.501537822111,0.473987821634,0.531998006837,1552
Regressão Logística,0.614666666667,0.6072319202,0.501537822111,0.473987821634,0.531998006837,1552
Regressão Logística,0.614666666667,0.608478802993,0.501537822111,0.473987821634,0.531998006837,1552
Regressão Logística,0.616,0.608478802993,0.501537822111,0.473987821634,0.531998006837,1552
Regressão Logística,0.616,0.610972568579,0.501537822111,0.473987821634,0.531998006837,1552
Regressão Logística,0.618666666667,0.610972568579,0.501537822111,0.473987821634,0.531998006837,1552
Regressão Logística,0.618666666667,0.613466334165,0.501537822111,0.473987821634,0.531998006837,1552
Regressão Logística,0.62,0.613466334165,0.501537822111,0.473987821634,0.531998006837,1552
Regressão Logística,0.62,0.614713216958,0.501537822111,0.473987821634,0.531998006837,1552
Regressão Logística,0.622666666667,0.614713216958,0.501537822111,0.473987821634,0.531998006837,1552
Regressão Logística,0.622666666667,0.615960099751,0.501537822111,0.473987821634,0.531998006837,1552
Regressão Logística,0.624,0.615960099751,0.501537822111,0.473987821634,0.531998006837,1552
Regressão Logística,0.624,0.61970074813,0.501537822111,0.473987821634,0.531998006837,1552
Regressão Logística,0.625333333333,0.61970074813,0.501537822111,0.473987821634,0.531998006837,1552
Regressão Logística,0.625333333333,0.620947630923,0.501537822111,0.473987821634,0.531998006837,1552
Regressão Logística,0.628,0.620947630923,0.501537822111,0.473987821634,0.531998006837,1552
Regressão Logística,0.628,0.625935162095,0.501537822111,0.473987821634,0.531998006837,1552
Regressão Logística,0.629333333333,0.625935162095,0.501537822111,0.473987821634,0.531998006837,1552
Regressão Logística,0.629333333333,0.628428927681,0.501537822111,0.473987821634,0.531998006837,1552
Regressão Logística,0.632,0.628428927681,0.501537822111,0.473987821634,0.531998006837,1552
Regressão Logística,0.632,0.630922693267,0.501537822111,0.473987821634,0.531998006837,1552
Regressão Logística,0.633333333333,0.630922693267,0.501537822111,0.473987821634,0.531998006837,1552
Regressão Logística,0.633333333333,0.63216957606,0.501537822111,0.473987821634,0.531998006837,1552
Regressão Logística,0.634666666667,0.63216957606,0.501537822111,0.473987821634,0.531998006837,1552
Regressão Logística,0.634666666667,0.634663341646,0.501537822111,0.473987821634,0.531998006837,1552
Regressão Logística,0.638666666667,0.634663341646,0.501537822111,0.473987821634,0.531998006837,1552
Regressão Logística,0.638666666667,0.639650872818,0.501537822111,0.473987821634,0.531998006837,1552
Regressão Logística,0.64,0.639650872818,0.501537822111,0.473987821634,0.531998006837,1552
Regressão Logística,0.64,0.640897755611,0.501537822111,0.473987821634,0.531998006837,1552
Regressão Logística,0.642666666667,0.640897755611,0.501537822111,0.473987821634,0.531998006837,1552
Regressão Logística,0.642666666667,0.642144638404,0.501537822111,0.473987821634,0.531998006837,1552
Regressão Logística,0.644,0.642144638404,0.501537822111,0.473987821634,0.531998006837,1552
Regressão Logística,0.644,0.643391521197,0.501537822111,0.473987821634,0.531998006837,1552
Regressão Logística,0.645333333333,0.643391521197,0.501537822111,0.473987821634,0.531998006837,1552
Regressão Logística,0.645333333333,0.645885286783,0.501537822111,0.473987821634,0.531998006837,1552
Regressão Logística,0.650666666667,0.645885286783,0.501537822111,0.473987821634,0.531998006837,1552
Regressão Logística,0.650666666667,0.648379052369,0.501537822111,0.473987821634,0.531998006837,1552
Regressão Logística,0.652,0.648379052369,0.501537822111,0.473987821634,0.531998006837,1552
Regressão Logística,0.652,0.649625935162,0.501537822111,0.473987821634,0.531998006837,1552
Regressão Logística,0.658666666667,0.649625935162,0.501537822111,0.473987821634,0.531998006837,1552
Regressão Logística,0.658666666667,0.650872817955,0.501537822111,0.473987821634,0.531998006837,1552
Regressão Logística,0.662666666667,0.650872817955,0.501537822111,0.473987821634,0.531998006837,1552
Regressão Logística,0.662666666667,0.653366583541,0.501537822111,0.473987821634,0.531998006837,1552
Regressão Logística,0.665333333333,0.653366583541,0.501537822111,0.473987821634,0.531998006837,1552
Regressão Logística,0.665333333333,0.655860349127,0.501537822111,0.473987821634,0.531998006837,1552
Regressão Logística,0.666666666667,0.655860349127,0.501537822111,0.473987821634,0.531998006837,1552
Regressão Logística,0.666666666667,0.659600997506,0.501537822111,0.473987821634,0.531998006837,1552
Regressão Logística,0.669333333333,0.659600997506,0.501537822111,0.473987821634,0.531998006837,1552
Regressão Logística,0.669333333333,0.660847880299,0.501537822111,0.473987821634,0.531998006837,1552
Regressão Logística,0.670666666667,0.660847880299,0.501537822111,0.473987821634,0.531998006837,1552
Regressão Logística,0.670666666667,0.662094763092,0.501537822111,0.473987821634,0.531998006837,1552
Regressão Logística,0.674666666667,0.662094763092,0.501537822111,0.473987821634,0.531998006837,1552
Regressão Logística,0.674666666667,0.663341645885,0.501537822111,0.473987821634,0.531998006837,1552
Regressão Logística,0.677333333333,0.663341645885,0.501537822111,0.473987821634,0.531998006837,1552
Regressão Logística,0.677333333333,0.664588528678,0.501537822111,0.473987821634,0.531998006837,1552
Regressão Logística,0.678666666667,0.664588528678,0.501537822111,0.473987821634,0.531998006837,1552
Regressão Logística,0.678666666667,0.665835411471,0.501537822111,0.473987821634,0.531998006837,1552
Regressão Logística,0.68,0.665835411471,0.501537822111,0.473987821634,0.531998006837,1552
Regressão Logística,0.68,0.667082294264,0.501537822111,0.473987821634,0.531998006837,1552
Regressão Logística,0.684,0.667082294264,0.501537822111,0.473987821634,0.531998006837,1552
Regressão Logística,0.684,0.668329177057,0.501537822111,0.473987821634,0.531998006837,1552
Regressão Logística,0.685333333333,0.668329177057,0.501537822111,0.473987821634,0.531998006837,1552
Regressão Logística,0.685333333333,0.66957605985,0.501537822111,0.473987821634,0.531998006837,1552
Regressão Logística,0.689333333333,0.66957605985,0.501537822111,0.473987821634,0.531998006837,1552
Regressão Logística,0.689333333333,0.670822942643,0.501537822111,0.473987821634,0.531998006837,1552
Regressão Logística,0.692,0.670822942643,0.501537822111,0.473987821634,0.531998006837,1552
Regressão Logística,0.692,0.672069825436,0.501537822111,0.473987821634,0.531998006837,1552
Regressão Logística,0.694666666667,0.672069825436,0.501537822111,0.473987821634,0.531998006837,1552
Regressão Logística,0.694666666667,0.675810473815,0.501537822111,0.473987821634,0.531998006837,1552
Regressão Logística,0.696,0.675810473815,0.501537822111,0.473987821634,0.531998006837,1552
Regressão Logística,0.696,0.677057356608,0.501537822111,0.473987821634,0.531998006837,1552
Regressão Logística,0.702666666667,0.677057356608,0.501537822111,0.473987821634,0.531998006837,1552
Regressão Logística,0.702666666667,0.679551122195,0.501537822111,0.473987821634,0.531998006837,1552
Regressão Logística,0.704,0.679551122195,0.501537822111,0.473987821634,0.531998006837,1552
Regressão Logística,0.704,0.683291770574,0.501537822111,0.473987821634,0.531998006837,1552
Regressão Logística,0.705333333333,0.683291770574,0.501537822111,0.473987821634,0.531998006837,1552
Regressão Logística,0.705333333333,0.687032418953,0.501537822111,0.473987821634,0.531998006837,1552
Regressão Logística,0.706666666667,0.687032418953,0.501537822111,0.473987821634,0.531998006837,1552
Regressão Logística,0.706666666667,0.692019950125,0.501537822111,0.473987821634,0.531998006837,1552
Regressão Logística,0.713333333333,0.692019950125,0.501537822111,0.473987821634,0.531998006837,1552
Regressão Logística,0.713333333333,0.694513715711,0.501537822111,0.473987821634,0.531998006837,1552
Regressão Logística,0.716,0.694513715711,0.501537822111,0.473987821634,0.531998006837,1552
Regressão Logística,0.716,0.697007481297,0.501537822111,0.473987821634,0.531998006837,1552
Regressão Logística,0.717333333333,0.697007481297,0.501537822111,0.473987821634,0.531998006837,1552
Regressão Logística,0.717333333333,0.700748129676,0.501537822111,0.473987821634,0.531998006837,1552
Regressão Logística,0.718666666667,0.700748129676,0.501537822111,0.473987821634,0.531998006837,1552
Regressão Logística,0.718666666667,0.701995012469,0.501537822111,0.473987821634,0.531998006837,1552
Regressão Logística,0.721333333333,0.701995012469,0.501537822111,0.473987821634,0.531998006837,1552
Regressão Logística,0.721333333333,0.704488778055,0.501537822111,0.473987821634,0.531998006837,1552
Regressão Logística,0.725333333333,0.704488778055,0.501537822111,0.473987821634,0.531998006837,1552
Regressão Logística,0.725333333333,0.705735660848,0.501537822111,0.473987821634,0.531998006837,1552
Regressão Logística,0.728,0.705735660848,0.501537822111,0.473987821634,0.531998006837,1552
Regressão Logística,0.728,0.706982543641,0.501537822111,0.473987821634,0.531998006837,1552
Regressão Logística,0.729333333333,0.706982543641,0.501537822111,0.473987821634,0.531998006837,1552
Regressão Logística,0.729333333333,0.709476309227,0.501537822111,0.473987821634,0.531998006837,1552
Regressão Logística,0.733333333333,0.709476309227,0.501537822111,0.473987821634,0.531998006837,1552
Regressão Logística,0.733333333333,0.714463840399,0.501537822111,0.473987821634,0.531998006837,1552
Regressão Logística,0.741333333333,0.714463840399,0.501537822111,0.473987821634,0.531998006837,1552
Regressão Logística,0.741333333333,0.715710723192,0.501537822111,0.473987821634,0.531998006837,1552
Regressão Logística,0.744,0.715710723192,0.501537822111,0.473987821634,0.531998006837,1552
Regressão Logística,0.744,0.718204488778,0.501537822111,0.473987821634,0.531998006837,1552
Regressão Logística,0.746666666667,0.718204488778,0.501537822111,0.473987821634,0.531998006837,1552
Regressão Logística,0.746666666667,0.719451371571,0.501537822111,0.473987821634,0.531998006837,1552
Regressão Logística,0.748,0.719451371571,0.501537822111,0.473987821634,0.531998006837,1552
Regressão Logística,0.748,0.720698254364,0.501537822111,0.473987821634,0.531998006837,1552
Regressão Logística,0.749333333333,0.720698254364,0.501537822111,0.473987821634,0.531998006837,1552
Regressão Logística,0.749333333333,0.721945137157,0.501537822111,0.473987821634,0.531998006837,1552
Regressão Logística,0.750666666667,0.721945137157,0.501537822111,0.473987821634,0.531998006837,1552
Regressão Logística,0.750666666667,0.72319201995,0.501537822111,0.473987821634,0.531998006837,1552
Regressão Logística,0.752,0.72319201995,0.501537822111,0.473987821634,0.531998006837,1552
Regressão Logística,0.752,0.724438902743,0.501537822111,0.473987821634,0.531998006837,1552
Regressão Logística,0.756,0.724438902743,0.501537822111,0.473987821634,0.531998006837,1552
Regressão Logística,0.756,0.725685785536,0.501537822111,0.473987821634,0.531998006837,1552
Regressão Logística,0.764,0.725685785536,0.501537822111,0.473987821634,0.531998006837,1552
Regressão Logística,0.764,0.729426433915,0.501537822111,0.473987821634,0.531998006837,1552
Regressão Logística,0.770666666667,0.729426433915,0.501537822111,0.473987821634,0.531998006837,1552
Regressão Logística,0.770666666667,0.731920199501,0.501537822111,0.473987821634,0.531998006837,1552
Regressão Logística,0.773333333333,0.731920199501,0.501537822111,0.473987821634,0.531998006837,1552
Regressão Logística,0.773333333333,0.73566084788,0.501537822111,0.473987821634,0.531998006837,1552
Regressão Logística,0.777333333333,0.73566084788,0.501537822111,0.473987821634,0.531998006837,1552
Regressão Logística,0.777333333333,0.736907730673,0.501537822111,0.473987821634,0.531998006837,1552
Regressão Logística,0.778666666667,0.736907730673,0.501537822111,0.473987821634,0.531998006837,1552
Regressão Logística,0.778666666667,0.738154613466,0.501537822111,0.473987821634,0.531998006837,1552
Regressão Logística,0.781333333333,0.738154613466,0.501537822111,0.473987821634,0.531998006837,1552
Regressão Logística,0.781333333333,0.740648379052,0.501537822111,0.473987821634,0.531998006837,1552
Regressão Logística,0.782666666667,0.740648379052,0.501537822111,0.473987821634,0.531998006837,1552
Regressão Logística,0.782666666667,0.741895261845,0.501537822111,0.473987821634,0.531998006837,1552
Regressão Logística,0.784,0.741895261845,0.501537822111,0.473987821634,0.531998006837,1552
Regressão Logística,0.784,0.743142144638,0.501537822111,0.473987821634,0.531998006837,1552
Regressão Logística,0.788,0.743142144638,0.501537822111,0.473987821634,0.531998006837,1552
Regressão Logística,0.788,0.746882793017,0.501537822111,0.473987821634,0.531998006837,1552
Regressão Logística,0.789333333333,0.746882793017,0.501537822111,0.473987821634,0.531998006837,1552
Regressão Logística,0.789333333333,0.749376558603,0.501537822111,0.473987821634,0.531998006837,1552
Regressão Logística,0.790666666667,0.749376558603,0.501537822111,0.473987821634,0.531998006837,1552
Regressão Logística,0.790666666667,0.750623441397,0.501537822111,0.473987821634,0.531998006837,1552
Regressão Logística,0.792,0.750623441397,0.501537822111,0.473987821634,0.531998006837,1552
Regressão Logística,0.792,0.754364089776,0.501537822111,0.473987821634,0.531998006837,1552
Regressão Logística,0.797333333333,0.754364089776,0.501537822111,0.473987821634,0.531998006837,1552
Regressão Logística,0.797333333333,0.758104738155,0.501537822111,0.473987821634,0.531998006837,1552
Regressão Logística,0.798666666667,0.758104738155,0.501537822111,0.473987821634,0.531998006837,1552
Regressão Logística,0.798666666667,0.759351620948,0.501537822111,0.473987821634,0.531998006837,1552
Regressão Logística,0.8,0.759351620948,0.501537822111,0.473987821634,0.531998006837,1552
Regressão Logística,0.8,0.76433915212,0.501537822111,0.473987821634,0.531998006837,1552
Regressão Logística,0.804,0.76433915212,0.501537822111,0.473987821634,0.531998006837,1552
Regressão Logística,0.804,0.771820448878,0.501537822111,0.473987821634,0.531998006837,1552
Regressão Logística,0.806666666667,0.771820448878,0.501537822111,0.473987821634,0.531998006837,1552
Regressão Logística,0.806666666667,0.780548628429,0.501537822111,0.473987821634,0.531998006837,1552
Regressão Logística,0.808,0.780548628429,0.501537822111,0.473987821634,0.531998006837,1552
Regressão Logística,0.808,0.783042394015,0.501537822111,0.473987821634,0.531998006837,1552
Regressão Logística,0.810666666667,0.783042394015,0.501537822111,0.473987821634,0.531998006837,1552
Regressão Logística,0.810666666667,0.786783042394,0.501537822111,0.473987821634,0.531998006837,1552
Regressão Logística,0.812,0.786783042394,0.501537822111,0.473987821634,0.531998006837,1552
Regressão Logística,0.812,0.790523690773,0.501537822111,0.473987821634,0.531998006837,1552
Regressão Logística,0.813333333333,0.790523690773,0.501537822111,0.473987821634,0.531998006837,1552
Regressão Logística,0.813333333333,0.791770573566,0.501537822111,0.473987821634,0.531998006837,1552
Regressão Logística,0.814666666667,0.791770573566,0.501537822111,0.473987821634,0.531998006837,1552
Regressão Logística,0.814666666667,0.793017456359,0.501537822111,0.473987821634,0.531998006837,1552
Regressão Logística,0.817333333333,0.793017456359,0.501537822111,0.473987821634,0.531998006837,1552
Regressão Logística,0.817333333333,0.800498753117,0.501537822111,0.473987821634,0.531998006837,1552
Regressão Logística,0.818666666667,0.800498753117,0.501537822111,0.473987821634,0.531998006837,1552
Regressão Logística,0.818666666667,0.804239401496,0.501537822111,0.473987821634,0.531998006837,1552
Regressão Logística,0.82,0.804239401496,0.501537822111,0.473987821634,0.531998006837,1552
Regressão Logística,0.82,0.805486284289,0.501537822111,0.473987821634,0.531998006837,1552
Regressão Logística,0.822666666667,0.805486284289,0.501537822111,0.473987821634,0.531998006837,1552
Regressão Logística,0.822666666667,0.810473815461,0.501537822111,0.473987821634,0.531998006837,1552
Regressão Logística,0.824,0.810473815461,0.501537822111,0.473987821634,0.531998006837,1552
Regressão Logística,0.824,0.81421446384,0.501537822111,0.473987821634,0.531998006837,1552
Regressão Logística,0.828,0.81421446384,0.501537822111,0.473987821634,0.531998006837,1552
Regressão Logística,0.828,0.815461346633,0.501537822111,0.473987821634,0.531998006837,1552
Regressão Logística,0.829333333333,0.815461346633,0.501537822111,0.473987821634,0.531998006837,1552
Regressão Logística,0.829333333333,0.816708229426,0.501537822111,0.473987821634,0.531998006837,1552
Regressão Logística,0.832,0.816708229426,0.501537822111,0.473987821634,0.531998006837,1552
Regressão Logística,0.832,0.817955112219,0.501537822111,0.473987821634,0.531998006837,1552
Regressão Logística,0.834666666667,0.817955112219,0.501537822111,0.473987821634,0.531998006837,1552
Regressão Logística,0.834666666667,0.820448877805,0.501537822111,0.473987821634,0.531998006837,1552
Regressão Logística,0.838666666667,0.820448877805,0.501537822111,0.473987821634,0.531998006837,1552
Regressão Logística,0.838666666667,0.821695760599,0.501537822111,0.473987821634,0.531998006837,1552
Regressão Logística,0.841333333333,0.821695760599,0.501537822111,0.473987821634,0.531998006837,1552
Regressão Logística,0.841333333333,0.822942643392,0.501537822111,0.473987821634,0.531998006837,1552
Regressão Logística,0.842666666667,0.822942643392,0.501537822111,0.473987821634,0.531998006837,1552
Regressão Logística,0.842666666667,0.825436408978,0.501537822111,0.473987821634,0.531998006837,1552
Regressão Logística,0.845333333333,0.825436408978,0.501537822111,0.473987821634,0.531998006837,1552
Regressão Logística,0.845333333333,0.826683291771,0.501537822111,0.473987821634,0.531998006837,1552
Regressão Logística,0.846666666667,0.826683291771,0.501537822111,0.473987821634,0.531998006837,1552
Regressão Logística,0.846666666667,0.827930174564,0.501537822111,0.473987821634,0.531998006837,1552
Regressão Logística,0.849333333333,0.827930174564,0.501537822111,0.473987821634,0.531998006837,1552
Regressão Logística,0.849333333333,0.829177057357,0.501537822111,0.473987821634,0.531998006837,1552
Regressão Logística,0.850666666667,0.829177057357,0.501537822111,0.473987821634,0.531998006837,1552
Regressão Logística,0.850666666667,0.832917705736,0.501537822111,0.473987821634,0.531998006837,1552
Regressão Logística,0.854666666667,0.832917705736,0.501537822111,0.473987821634,0.531998006837,1552
Regressão Logística,0.854666666667,0.834164588529,0.501537822111,0.473987821634,0.531998006837,1552
Regressão Logística,0.856,0.834164588529,0.501537822111,0.473987821634,0.531998006837,1552
Regressão Logística,0.856,0.836658354115,0.501537822111,0.473987821634,0.531998006837,1552
Regressão Logística,0.858666666667,0.836658354115,0.501537822111,0.473987821634,0.531998006837,1552
Regressão Logística,0.858666666667,0.837905236908,0.501537822111,0.473987821634,0.531998006837,1552
Regressão Logística,0.861333333333,0.837905236908,0.501537822111,0.473987821634,0.531998006837,1552
Regressão Logística,0.861333333333,0.841645885287,0.501537822111,0.473987821634,0.531998006837,1552
Regressão Logística,0.864,0.841645885287,0.501537822111,0.473987821634,0.531998006837,1552
Regressão Logística,0.864,0.84289276808,0.501537822111,0.473987821634,0.531998006837,1552
Regressão Logística,0.865333333333,0.84289276808,0.501537822111,0.473987821634,0.531998006837,1552
Regressão Logística,0.865333333333,0.845386533666,0.501537822111,0.473987821634,0.531998006837,1552
Regressão Logística,0.866666666667,0.845386533666,0.501537822111,0.473987821634,0.531998006837,1552
Regressão Logística,0.866666666667,0.847880299252,0.501537822111,0.473987821634,0.531998006837,1552
Regressão Logística,0.869333333333,0.847880299252,0.501537822111,0.473987821634,0.531998006837,1552
Regressão Logística,0.869333333333,0.856608478803,0.501537822111,0.473987821634,0.531998006837,1552
Regressão Logística,0.874666666667,0.856608478803,0.501537822111,0.473987821634,0.531998006837,1552
Regressão Logística,0.874666666667,0.857855361596,0.501537822111,0.473987821634,0.531998006837,1552
Regressão Logística,0.876,0.857855361596,0.501537822111,0.473987821634,0.531998006837,1552
Regressão Logística,0.876,0.861596009975,0.501537822111,0.473987821634,0.531998006837,1552
Regressão Logística,0.877333333333,0.861596009975,0.501537822111,0.473987821634,0.531998006837,1552
Regressão Logística,0.877333333333,0.862842892768,0.501537822111,0.473987821634,0.531998006837,1552
Regressão Logística,0.878666666667,0.862842892768,0.501537822111,0.473987821634,0.531998006837,1552
Regressão Logística,0.878666666667,0.865336658354,0.501537822111,0.473987821634,0.531998006837,1552
Regressão Logística,0.881333333333,0.865336658354,0.501537822111,0.473987821634,0.531998006837,1552
Regressão Logística,0.881333333333,0.86783042394,0.501537822111,0.473987821634,0.531998006837,1552
Regressão Logística,0.884,0.86783042394,0.501537822111,0.473987821634,0.531998006837,1552
Regressão Logística,0.884,0.872817955112,0.501537822111,0.473987821634,0.531998006837,1552
Regressão Logística,0.885333333333,0.872817955112,0.501537822111,0.473987821634,0.531998006837,1552
Regressão Logística,0.885333333333,0.876558603491,0.501537822111,0.473987821634,0.531998006837,1552
Regressão Logística,0.886666666667,0.876558603491,0.501537822111,0.473987821634,0.531998006837,1552
Regressão Logística,0.886666666667,0.879052369077,0.501537822111,0.473987821634,0.531998006837,1552
Regressão Logística,0.888,0.879052369077,0.501537822111,0.473987821634,0.531998006837,1552
Regressão Logística,0.888,0.881546134663,0.501537822111,0.473987821634,0.531998006837,1552
Regressão Logística,0.889333333333,0.881546134663,0.501537822111,0.473987821634,0.531998006837,1552
Regressão Logística,0.889333333333,0.882793017456,0.501537822111,0.473987821634,0.531998006837,1552
Regressão Logística,0.892,0.882793017456,0.501537822111,0.473987821634,0.531998006837,1552
Regressão Logística,0.892,0.884039900249,0.501537822111,0.473987821634,0.531998006837,1552
Regressão Logística,0.893333333333,0.884039900249,0.501537822111,0.473987821634,0.531998006837,1552
Regressão Logística,0.893333333333,0.885286783042,0.501537822111,0.473987821634,0.531998006837,1552
Regressão Logística,0.894666666667,0.885286783042,0.501537822111,0.473987821634,0.531998006837,1552
Regressão Logística,0.894666666667,0.890274314214,0.501537822111,0.473987821634,0.531998006837,1552
Regressão Logística,0.896,0.890274314214,0.501537822111,0.473987821634,0.531998006837,1552
Regressão Logística,0.896,0.8927680798,0.501537822111,0.473987821634,0.531998006837,1552
Regressão Logística,0.897333333333,0.8927680798,0.501537822111,0.473987821634,0.531998006837,1552
Regressão Logística,0.897333333333,0.894014962594,0.501537822111,0.473987821634,0.531998006837,1552
Regressão Logística,0.9,0.894014962594,0.501537822111,0.473987821634,0.531998006837,1552
Regressão Logística,0.9,0.900249376559,0.501537822111,0.473987821634,0.531998006837,1552
Regressão Logística,0.901333333333,0.900249376559,0.501537822111,0.473987821634,0.531998006837,1552
Regressão Logística,0.901333333333,0.901496259352,0.501537822111,0.473987821634,0.531998006837,1552
Regressão Logística,0.905333333333,0.901496259352,0.501537822111,0.473987821634,0.531998006837,1552
Regressão Logística,0.905333333333,0.910224438903,0.501537822111,0.473987821634,0.531998006837,1552
Regressão Logística,0.906666666667,0.910224438903,0.501537822111,0.473987821634,0.531998006837,1552
Regressão Logística,0.906666666667,0.912718204489,0.501537822111,0.473987821634,0.531998006837,1552
Regressão Logística,0.910666666667,0.912718204489,0.501537822111,0.473987821634,0.531998006837,1552
Regressão Logística,0.910666666667,0.913965087282,0.501537822111,0.473987821634,0.531998006837,1552
Regressão Logística,0.914666666667,0.913965087282,0.501537822111,0.473987821634,0.531998006837,1552
Regressão Logística,0.914666666667,0.916458852868,0.501537822111,0.473987821634,0.531998006837,1552
Regressão Logística,0.916,0.916458852868,0.501537822111,0.473987821634,0.531998006837,1552
Regressão Logística,0.916,0.917705735661,0.501537822111,0.473987821634,0.531998006837,1552
Regressão Logística,0.918666666667,0.917705735661,0.501537822111,0.473987821634,0.531998006837,1552
Regressão Logística,0.918666666667,0.92144638404,0.501537822111,0.473987821634,0.531998006837,1552
Regressão Logística,0.92,0.92144638404,0.501537822111,0.473987821634,0.531998006837,1552
Regressão Logística,0.92,0.923940149626,0.501537822111,0.473987821634,0.531998006837,1552
Regressão Logística,0.922666666667,0.923940149626,0.501537822111,0.473987821634,0.531998006837,1552
Regressão Logística,0.922666666667,0.925187032419,0.501537822111,0.473987821634,0.531998006837,1552
Regressão Logística,0.924,0.925187032419,0.501537822111,0.473987821634,0.531998006837,1552
Regressão Logística,0.924,0.927680798005,0.501537822111,0.473987821634,0.531998006837,1552
Regressão Logística,0.925333333333,0.927680798005,0.501537822111,0.473987821634,0.531998006837,1552
Regressão Logística,0.925333333333,0.928927680798,0.501537822111,0.473987821634,0.531998006837,1552
Regressão Logística,0.926666666667,0.928927680798,0.501537822111,0.473987821634,0.531998006837,1552
Regressão Logística,0.926666666667,0.931421446384,0.501537822111,0.473987821634,0.531998006837,1552
Regressão Logística,0.928,0.931421446384,0.501537822111,0.473987821634,0.531998006837,1552
Regressão Logística,0.928,0.932668329177,0.501537822111,0.473987821634,0.531998006837,1552
Regressão Logística,0.930666666667,0.932668329177,0.501537822111,0.473987821634,0.531998006837,1552
Regressão Logística,0.930666666667,0.93391521197,0.501537822111,0.473987821634,0.531998006837,1552
Regressão Logística,0.933333333333,0.93391521197,0.501537822111,0.473987821634,0.531998006837,1552
Regressão Logística,0.933333333333,0.937655860349,0.501537822111,0.473987821634,0.531998006837,1552
Regressão Logística,0.936,0.937655860349,0.501537822111,0.473987821634,0.531998006837,1552
Regressão Logística,0.936,0.942643391521,0.501537822111,0.473987821634,0.531998006837,1552
Regressão Logística,0.941333333333,0.942643391521,0.501537822111,0.473987821634,0.531998006837,1552
Regressão Logística,0.941333333333,0.945137157107,0.501537822111,0.473987821634,0.531998006837,1552
Regressão Logística,0.942666666667,0.945137157107,0.501537822111,0.473987821634,0.531998006837,1552
Regressão Logística,0.942666666667,0.950124688279,0.501537822111,0.473987821634,0.531998006837,1552
Regressão Logística,0.944,0.950124688279,0.501537822111,0.473987821634,0.531998006837,1552
Regressão Logística,0.944,0.952618453865,0.501537822111,0.473987821634,0.531998006837,1552
Regressão Logística,0.950666666667,0.952618453865,0.501537822111,0.473987821634,0.531998006837,1552
Regressão Logística,0.950666666667,0.953865336658,0.501537822111,0.473987821634,0.531998006837,1552
Regressão Logística,0.952,0.953865336658,0.501537822111,0.473987821634,0.531998006837,1552
Regressão Logística,0.952,0.956359102244,0.501537822111,0.473987821634,0.531998006837,1552
Regressão Logística,0.956,0.956359102244,0.501537822111,0.473987821634,0.531998006837,1552
Regressão Logística,0.956,0.957605985037,0.501537822111,0.473987821634,0.531998006837,1552
Regressão Logística,0.957333333333,0.957605985037,0.501537822111,0.473987821634,0.531998006837,1552
Regressão Logística,0.957333333333,0.960099750623,0.501537822111,0.473987821634,0.531998006837,1552
Regressão Logística,0.962666666667,0.960099750623,0.501537822111,0.473987821634,0.531998006837,1552
Regressão Logística,0.962666666667,0.961346633416,0.501537822111,0.473987821634,0.531998006837,1552
Regressão Logística,0.964,0.961346633416,0.501537822111,0.473987821634,0.531998006837,1552
Regressão Logística,0.964,0.965087281796,0.501537822111,0.473987821634,0.531998006837,1552
Regressão Logística,0.965333333333,0.965087281796,0.501537822111,0.473987821634,0.531998006837,1552
Regressão Logística,0.965333333333,0.966334164589,0.501537822111,0.473987821634,0.531998006837,1552
Regressão Logística,0.966666666667,0.966334164589,0.501537822111,0.473987821634,0.531998006837,1552
Regressão Logística,0.966666666667,0.968827930175,0.501537822111,0.473987821634,0.531998006837,1552
Regressão Logística,0.969333333333,0.968827930175,0.501537822111,0.473987821634,0.531998006837,1552
Regressão Logística,0.969333333333,0.970074812968,0.501537822111,0.473987821634,0.531998006837,1552
Regressão Logística,0.974666666667,0.970074812968,0.501537822111,0.473987821634,0.531998006837,1552
Regressão Logística,0.974666666667,0.972568578554,0.501537822111,0.473987821634,0.531998006837,1552
Regressão Logística,0.976,0.972568578554,0.501537822111,0.473987821634,0.531998006837,1552
Regressão Logística,0.976,0.973815461347,0.501537822111,0.473987821634,0.531998006837,1552
Regressão Logística,0.977333333333,0.973815461347,0.501537822111,0.473987821634,0.531998006837,1552
Regressão Logística,0.977333333333,0.977556109726,0.501537822111,0.473987821634,0.531998006837,1552
Regressão Logística,0.978666666667,0.977556109726,0.501537822111,0.473987821634,0.531998006837,1552
Regressão Logística,0.978666666667,0.978802992519,0.501537822111,0.473987821634,0.531998006837,1552
Regressão Logística,0.98,0.978802992519,0.501537822111,0.473987821634,0.531998006837,1552
Regressão Logística,0.98,0.980049875312,0.501537822111,0.473987821634,0.531998006837,1552
Regressão Logística,0.981333333333,0.980049875312,0.501537822111,0.473987821634,0.531998006837,1552
Regressão Logística,0.981333333333,0.983790523691,0.501537822111,0.473987821634,0.531998006837,1552
Regressão Logística,0.985333333333,0.983790523691,0.501537822111,0.473987821634,0.531998006837,1552
Regressão Logística,0.985333333333,0.991271820449,0.501537822111,0.473987821634,0.531998006837,1552
Regressão Logística,0.986666666667,0.991271820449,0.501537822111,0.473987821634,0.531998006837,1552
Regressão Logística,0.986666666667,0.993765586035,0.501537822111,0.473987821634,0.531998006837,1552
Regressão Logística,0.990666666667,0.993765586035,0.501537822111,0.473987821634,0.531998006837,1552
Regressão Logística,0.990666666667,0.995012468828,0.501537822111,0.473987821634,0.531998006837,1552
Regressão Logística,0.992,0.995012468828,0.501537822111,0.473987821634,0.531998006837,1552
Regressão Logística,0.992,0.997506234414,0.501537822111,0.473987821634,0.531998006837,1552
Regressão Logística,0.996,0.997506234414,0.501537822111,0.473987821634,0.531998006837,1552
Regressão Logística,0.996,1,0.501537822111,0.473987821634,0.531998006837,1552
Regressão Logística,1,1,0.501537822111,0.473987821634,0.531998006837,1552
Random Forest,0,0,0.491263507897,0.462855923105,0.521121860263,1552
Random Forest,0.00133333333333,0,0.491263507897,0.462855923105,0.521121860263,1552
Random Forest,0.00133333333333,0.00124688279302,0.491263507897,0.462855923105,0.521121860263,1552
Random Forest,0.00533333333333,0.00124688279302,0.491263507897,0.462855923105,0.521121860263,1552
Random Forest,0.00533333333333,0.00374064837905,0.491263507897,0.462855923105,0.521121860263,1552
Random Forest,0.00666666666667,0.00374064837905,0.491263507897,0.462855923105,0.521121860263,1552
Random Forest,0.00666666666667,0.00997506234414,0.491263507897,0.462855923105,0.521121860263,1552
Random Forest,0.0133333333333,0.00997506234414,0.491263507897,0.462855923105,0.521121860263,1552
Random Forest,0.0133333333333,0.0112219451372,0.491263507897,0.462855923105,0.521121860263,1552
Random Forest,0.016,0.0112219451372,0.491263507897,0.462855923105,0.521121860263,1552
Random Forest,0.016,0.0137157107232,0.491263507897,0.462855923105,0.521121860263,1552
Random Forest,0.0173333333333,0.0137157107232,0.491263507897,0.462855923105,0.521121860263,1552
Random Forest,0.0173333333333,0.0149625935162,0.491263507897,0.462855923105,0.521121860263,1552
Random Forest,0.0186666666667,0.0149625935162,0.491263507897,0.462855923105,0.521121860263,1552
Random Forest,0.0186666666667,0.0199501246883,0.491263507897,0.462855923105,0.521121860263,1552
Random Forest,0.02,0.0199501246883,0.491263507897,0.462855923105,0.521121860263,1552
Random Forest,0.02,0.0261845386534,0.491263507897,0.462855923105,0.521121860263,1552
Random Forest,0.0213333333333,0.0261845386534,0.491263507897,0.462855923105,0.521121860263,1552
Random Forest,0.0213333333333,0.0286783042394,0.491263507897,0.462855923105,0.521121860263,1552
Random Forest,0.0226666666667,0.0286783042394,0.491263507897,0.462855923105,0.521121860263,1552
Random Forest,0.0226666666667,0.0336658354115,0.491263507897,0.462855923105,0.521121860263,1552
Random Forest,0.024,0.0336658354115,0.491263507897,0.462855923105,0.521121860263,1552
Random Forest,0.024,0.0349127182045,0.491263507897,0.462855923105,0.521121860263,1552
Random Forest,0.0266666666667,0.0349127182045,0.491263507897,0.462855923105,0.521121860263,1552
Random Forest,0.0266666666667,0.0361596009975,0.491263507897,0.462855923105,0.521121860263,1552
Random Forest,0.028,0.0361596009975,0.491263507897,0.462855923105,0.521121860263,1552
Random Forest,0.028,0.0411471321696,0.491263507897,0.462855923105,0.521121860263,1552
Random Forest,0.0306666666667,0.0411471321696,0.491263507897,0.462855923105,0.521121860263,1552
Random Forest,0.0306666666667,0.0461346633416,0.491263507897,0.462855923105,0.521121860263,1552
Random Forest,0.032,0.0461346633416,0.491263507897,0.462855923105,0.521121860263,1552
Random Forest,0.032,0.0473815461347,0.491263507897,0.462855923105,0.521121860263,1552
Random Forest,0.0333333333333,0.0473815461347,0.491263507897,0.462855923105,0.521121860263,1552
Random Forest,0.0333333333333,0.0498753117207,0.491263507897,0.462855923105,0.521121860263,1552
Random Forest,0.036,0.0498753117207,0.491263507897,0.462855923105,0.521121860263,1552
Random Forest,0.036,0.0511221945137,0.491263507897,0.462855923105,0.521121860263,1552
Random Forest,0.0386666666667,0.0511221945137,0.491263507897,0.462855923105,0.521121860263,1552
Random Forest,0.0386666666667,0.0548628428928,0.491263507897,0.462855923105,0.521121860263,1552
Random Forest,0.0413333333333,0.0548628428928,0.491263507897,0.462855923105,0.521121860263,1552
Random Forest,0.0413333333333,0.0623441396509,0.491263507897,0.462855923105,0.521121860263,1552
Random Forest,0.0426666666667,0.0623441396509,0.491263507897,0.462855923105,0.521121860263,1552
Random Forest,0.0426666666667,0.0660847880299,0.491263507897,0.462855923105,0.521121860263,1552
Random Forest,0.0466666666667,0.0660847880299,0.491263507897,0.462855923105,0.521121860263,1552
Random Forest,0.0466666666667,0.0673316708229,0.491263507897,0.462855923105,0.521121860263,1552
Random Forest,0.0493333333333,0.0673316708229,0.491263507897,0.462855923105,0.521121860263,1552
Random Forest,0.0493333333333,0.073566084788,0.491263507897,0.462855923105,0.521121860263,1552
Random Forest,0.0533333333333,0.073566084788,0.491263507897,0.462855923105,0.521121860263,1552
Random Forest,0.0533333333333,0.074812967581,0.491263507897,0.462855923105,0.521121860263,1552
Random Forest,0.0546666666667,0.074812967581,0.491263507897,0.462855923105,0.521121860263,1552
Random Forest,0.0546666666667,0.0773067331671,0.491263507897,0.462855923105,0.521121860263,1552
Random Forest,0.0626666666667,0.0773067331671,0.491263507897,0.462855923105,0.521121860263,1552
Random Forest,0.0626666666667,0.0785536159601,0.491263507897,0.462855923105,0.521121860263,1552
Random Forest,0.064,0.0785536159601,0.491263507897,0.462855923105,0.521121860263,1552
Random Forest,0.064,0.0810473815461,0.491263507897,0.462855923105,0.521121860263,1552
Random Forest,0.068,0.0810473815461,0.491263507897,0.462855923105,0.521121860263,1552
Random Forest,0.068,0.0835411471322,0.491263507897,0.462855923105,0.521121860263,1552
Random Forest,0.072,0.0835411471322,0.491263507897,0.462855923105,0.521121860263,1552
Random Forest,0.072,0.0872817955112,0.491263507897,0.462855923105,0.521121860263,1552
Random Forest,0.0733333333333,0.0872817955112,0.491263507897,0.462855923105,0.521121860263,1552
Random Forest,0.0733333333333,0.0885286783042,0.491263507897,0.462855923105,0.521121860263,1552
Random Forest,0.0746666666667,0.0885286783042,0.491263507897,0.462855923105,0.521121860263,1552
Random Forest,0.0746666666667,0.0910224438903,0.491263507897,0.462855923105,0.521121860263,1552
Random Forest,0.0773333333333,0.0910224438903,0.491263507897,0.462855923105,0.521121860263,1552
Random Forest,0.0773333333333,0.0922693266833,0.491263507897,0.462855923105,0.521121860263,1552
Random Forest,0.08,0.0922693266833,0.491263507897,0.462855923105,0.521121860263,1552
Random Forest,0.08,0.0972568578554,0.491263507897,0.462855923105,0.521121860263,1552
Random Forest,0.0813333333333,0.0972568578554,0.491263507897,0.462855923105,0.521121860263,1552
Random Forest,0.0813333333333,0.0985037406484,0.491263507897,0.462855923105,0.521121860263,1552
Random Forest,0.0826666666667,0.0985037406484,0.491263507897,0.462855923105,0.521121860263,1552
Random Forest,0.0826666666667,0.0997506234414,0.491263507897,0.462855923105,0.521121860263,1552
Random Forest,0.084,0.0997506234414,0.491263507897,0.462855923105,0.521121860263,1552
Random Forest,0.084,0.10349127182,0.491263507897,0.462855923105,0.521121860263,1552
Random Forest,0.092,0.10349127182,0.491263507897,0.462855923105,0.521121860263,1552
Random Forest,0.092,0.104738154613,0.491263507897,0.462855923105,0.521121860263,1552
Random Forest,0.102666666667,0.104738154613,0.491263507897,0.462855923105,0.521121860263,1552
Random Forest,0.102666666667,0.105985037406,0.491263507897,0.462855923105,0.521121860263,1552
Random Forest,0.104,0.105985037406,0.491263507897,0.462855923105,0.521121860263,1552
Random Forest,0.104,0.1072319202,0.491263507897,0.462855923105,0.521121860263,1552
Random Forest,0.108,0.1072319202,0.491263507897,0.462855923105,0.521121860263,1552
Random Forest,0.108,0.109725685786,0.491263507897,0.462855923105,0.521121860263,1552
Random Forest,0.112,0.109725685786,0.491263507897,0.462855923105,0.521121860263,1552
Random Forest,0.112,0.110972568579,0.491263507897,0.462855923105,0.521121860263,1552
Random Forest,0.113333333333,0.110972568579,0.491263507897,0.462855923105,0.521121860263,1552
Random Forest,0.113333333333,0.114713216958,0.491263507897,0.462855923105,0.521121860263,1552
Random Forest,0.114666666667,0.114713216958,0.491263507897,0.462855923105,0.521121860263,1552
Random Forest,0.114666666667,0.11970074813,0.491263507897,0.462855923105,0.521121860263,1552
Random Forest,0.116,0.11970074813,0.491263507897,0.462855923105,0.521121860263,1552
Random Forest,0.116,0.124688279302,0.491263507897,0.462855923105,0.521121860263,1552
Random Forest,0.118666666667,0.124688279302,0.491263507897,0.462855923105,0.521121860263,1552
Random Forest,0.118666666667,0.130922693267,0.491263507897,0.462855923105,0.521121860263,1552
Random Forest,0.12,0.130922693267,0.491263507897,0.462855923105,0.521121860263,1552
Random Forest,0.12,0.133416458853,0.491263507897,0.462855923105,0.521121860263,1552
Random Forest,0.121333333333,0.133416458853,0.491263507897,0.462855923105,0.521121860263,1552
Random Forest,0.121333333333,0.137157107232,0.491263507897,0.462855923105,0.521121860263,1552
Random Forest,0.122666666667,0.137157107232,0.491263507897,0.462855923105,0.521121860263,1552
Random Forest,0.122666666667,0.138403990025,0.491263507897,0.462855923105,0.521121860263,1552
Random Forest,0.125333333333,0.138403990025,0.491263507897,0.462855923105,0.521121860263,1552
Random Forest,0.125333333333,0.142144638404,0.491263507897,0.462855923105,0.521121860263,1552
Random Forest,0.126666666667,0.142144638404,0.491263507897,0.462855923105,0.521121860263,1552
Random Forest,0.126666666667,0.143391521197,0.491263507897,0.462855923105,0.521121860263,1552
Random Forest,0.128,0.143391521197,0.491263507897,0.462855923105,0.521121860263,1552
Random Forest,0.128,0.14463840399,0.491263507897,0.462855923105,0.521121860263,1552
Random Forest,0.129333333333,0.14463840399,0.491263507897,0.462855923105,0.521121860263,1552
Random Forest,0.129333333333,0.148379052369,0.491263507897,0.462855923105,0.521121860263,1552
Random Forest,0.130666666667,0.148379052369,0.491263507897,0.462855923105,0.521121860263,1552
Random Forest,0.130666666667,0.149625935162,0.491263507897,0.462855923105,0.521121860263,1552
Random Forest,0.132,0.149625935162,0.491263507897,0.462855923105,0.521121860263,1552
Random Forest,0.132,0.150872817955,0.491263507897,0.462855923105,0.521121860263,1552
Random Forest,0.133333333333,0.150872817955,0.491263507897,0.462855923105,0.521121860263,1552
Random Forest,0.133333333333,0.153366583541,0.491263507897,0.462855923105,0.521121860263,1552
Random Forest,0.136,0.153366583541,0.491263507897,0.462855923105,0.521121860263,1552
Random Forest,0.136,0.15710723192,0.491263507897,0.462855923105,0.521121860263,1552
Random Forest,0.14,0.15710723192,0.491263507897,0.462855923105,0.521121860263,1552
Random Forest,0.14,0.160847880299,0.491263507897,0.462855923105,0.521121860263,1552
Random Forest,0.145333333333,0.160847880299,0.491263507897,0.462855923105,0.521121860263,1552
Random Forest,0.145333333333,0.162094763092,0.491263507897,0.462855923105,0.521121860263,1552
Random Forest,0.148,0.162094763092,0.491263507897,0.462855923105,0.521121860263,1552
Random Forest,0.148,0.170822942643,0.491263507897,0.462855923105,0.521121860263,1552
Random Forest,0.149333333333,0.170822942643,0.491263507897,0.462855923105,0.521121860263,1552
Random Forest,0.149333333333,0.174563591022,0.491263507897,0.462855923105,0.521121860263,1552
Random Forest,0.152,0.174563591022,0.491263507897,0.462855923105,0.521121860263,1552
Random Forest,0.152,0.175810473815,0.491263507897,0.462855923105,0.521121860263,1552
Random Forest,0.153333333333,0.175810473815,0.491263507897,0.462855923105,0.521121860263,1552
Random Forest,0.153333333333,0.178304239401,0.491263507897,0.462855923105,0.521121860263,1552
Random Forest,0.154666666667,0.178304239401,0.491263507897,0.462855923105,0.521121860263,1552
Random Forest,0.154666666667,0.180798004988,0.491263507897,0.462855923105,0.521121860263,1552
Random Forest,0.156,0.180798004988,0.491263507897,0.462855923105,0.521121860263,1552
Random Forest,0.156,0.184538653367,0.491263507897,0.462855923105,0.521121860263,1552
Random Forest,0.158666666667,0.184538653367,0.491263507897,0.462855923105,0.521121860263,1552
Random Forest,0.158666666667,0.18578553616,0.491263507897,0.462855923105,0.521121860263,1552
Random Forest,0.164,0.18578553616,0.491263507897,0.462855923105,0.521121860263,1552
Random Forest,0.164,0.188279301746,0.491263507897,0.462855923105,0.521121860263,1552
Random Forest,0.165333333333,0.188279301746,0.491263507897,0.462855923105,0.521121860263,1552
Random Forest,0.165333333333,0.190773067332,0.491263507897,0.462855923105,0.521121860263,1552
Random Forest,0.169333333333,0.190773067332,0.491263507897,0.462855923105,0.521121860263,1552
Random Forest,0.169333333333,0.193266832918,0.491263507897,0.462855923105,0.521121860263,1552
Random Forest,0.172,0.193266832918,0.491263507897,0.462855923105,0.521121860263,1552
Random Forest,0.172,0.195760598504,0.491263507897,0.462855923105,0.521121860263,1552
Random Forest,0.176,0.195760598504,0.491263507897,0.462855923105,0.521121860263,1552
Random Forest,0.176,0.197007481297,0.491263507897,0.462855923105,0.521121860263,1552
Random Forest,0.18,0.197007481297,0.491263507897,0.462855923105,0.521121860263,1552
Random Forest,0.18,0.19825436409,0.491263507897,0.462855923105,0.521121860263,1552
Random Forest,0.182666666667,0.19825436409,0.491263507897,0.462855923105,0.521121860263,1552
Random Forest,0.182666666667,0.200748129676,0.491263507897,0.462855923105,0.521121860263,1552
Random Forest,0.186666666667,0.200748129676,0.491263507897,0.462855923105,0.521121860263,1552
Random Forest,0.186666666667,0.209476309227,0.491263507897,0.462855923105,0.521121860263,1552
Random Forest,0.190666666667,0.209476309227,0.491263507897,0.462855923105,0.521121860263,1552
Random Forest,0.190666666667,0.211970074813,0.491263507897,0.462855923105,0.521121860263,1552
Random Forest,0.194666666667,0.211970074813,0.491263507897,0.462855923105,0.521121860263,1552
Random Forest,0.194666666667,0.213216957606,0.491263507897,0.462855923105,0.521121860263,1552
Random Forest,0.196,0.213216957606,0.491263507897,0.462855923105,0.521121860263,1552
Random Forest,0.196,0.214463840399,0.491263507897,0.462855923105,0.521121860263,1552
Random Forest,0.197333333333,0.214463840399,0.491263507897,0.462855923105,0.521121860263,1552
Random Forest,0.197333333333,0.216957605985,0.491263507897,0.462855923105,0.521121860263,1552
Random Forest,0.2,0.216957605985,0.491263507897,0.462855923105,0.521121860263,1552
Random Forest,0.2,0.219451371571,0.491263507897,0.462855923105,0.521121860263,1552
Random Forest,0.202666666667,0.219451371571,0.491263507897,0.462855923105,0.521121860263,1552
Random Forest,0.202666666667,0.22319201995,0.491263507897,0.462855923105,0.521121860263,1552
Random Forest,0.205333333333,0.22319201995,0.491263507897,0.462855923105,0.521121860263,1552
Random Forest,0.205333333333,0.224438902743,0.491263507897,0.462855923105,0.521121860263,1552
Random Forest,0.206666666667,0.224438902743,0.491263507897,0.462855923105,0.521121860263,1552
Random Forest,0.206666666667,0.230673316708,0.491263507897,0.462855923105,0.521121860263,1552
Random Forest,0.210666666667,0.230673316708,0.491263507897,0.462855923105,0.521121860263,1552
Random Forest,0.210666666667,0.233167082294,0.491263507897,0.462855923105,0.521121860263,1552
Random Forest,0.213333333333,0.233167082294,0.491263507897,0.462855923105,0.521121860263,1552
Random Forest,0.213333333333,0.238154613466,0.491263507897,0.462855923105,0.521121860263,1552
Random Forest,0.214666666667,0.238154613466,0.491263507897,0.462855923105,0.521121860263,1552
Random Forest,0.214666666667,0.239401496259,0.491263507897,0.462855923105,0.521121860263,1552
Random Forest,0.216,0.239401496259,0.491263507897,0.462855923105,0.521121860263,1552
Random Forest,0.216,0.243142144638,0.491263507897,0.462855923105,0.521121860263,1552
Random Forest,0.224,0.243142144638,0.491263507897,0.462855923105,0.521121860263,1552
Random Forest,0.224,0.244389027431,0.491263507897,0.462855923105,0.521121860263,1552
Random Forest,0.228,0.244389027431,0.491263507897,0.462855923105,0.521121860263,1552
Random Forest,0.228,0.246882793017,0.491263507897,0.462855923105,0.521121860263,1552
Random Forest,0.230666666667,0.246882793017,0.491263507897,0.462855923105,0.521121860263,1552
Random Forest,0.230666666667,0.24812967581,0.491263507897,0.462855923105,0.521121860263,1552
Random Forest,0.232,0.24812967581,0.491263507897,0.462855923105,0.521121860263,1552
Random Forest,0.232,0.249376558603,0.491263507897,0.462855923105,0.521121860263,1552
Random Forest,0.233333333333,0.249376558603,0.491263507897,0.462855923105,0.521121860263,1552
Random Forest,0.233333333333,0.25187032419,0.491263507897,0.462855923105,0.521121860263,1552
Random Forest,0.234666666667,0.25187032419,0.491263507897,0.462855923105,0.521121860263,1552
Random Forest,0.234666666667,0.253117206983,0.491263507897,0.462855923105,0.521121860263,1552
Random Forest,0.236,0.253117206983,0.491263507897,0.462855923105,0.521121860263,1552
Random Forest,0.236,0.254364089776,0.491263507897,0.462855923105,0.521121860263,1552
Random Forest,0.237333333333,0.254364089776,0.491263507897,0.462855923105,0.521121860263,1552
Random Forest,0.237333333333,0.256857855362,0.491263507897,0.462855923105,0.521121860263,1552
Random Forest,0.238666666667,0.256857855362,0.491263507897,0.462855923105,0.521121860263,1552
Random Forest,0.238666666667,0.258104738155,0.491263507897,0.462855923105,0.521121860263,1552
Random Forest,0.24,0.258104738155,0.491263507897,0.462855923105,0.521121860263,1552
Random Forest,0.24,0.259351620948,0.491263507897,0.462855923105,0.521121860263,1552
Random Forest,0.241333333333,0.259351620948,0.491263507897,0.462855923105,0.521121860263,1552
Random Forest,0.241333333333,0.26433915212,0.491263507897,0.462855923105,0.521121860263,1552
Random Forest,0.245333333333,0.26433915212,0.491263507897,0.462855923105,0.521121860263,1552
Random Forest,0.245333333333,0.265586034913,0.491263507897,0.462855923105,0.521121860263,1552
Random Forest,0.248,0.265586034913,0.491263507897,0.462855923105,0.521121860263,1552
Random Forest,0.248,0.266832917706,0.491263507897,0.462855923105,0.521121860263,1552
Random Forest,0.252,0.266832917706,0.491263507897,0.462855923105,0.521121860263,1552
Random Forest,0.252,0.270573566085,0.491263507897,0.462855923105,0.521121860263,1552
Random Forest,0.253333333333,0.270573566085,0.491263507897,0.462855923105,0.521121860263,1552
Random Forest,0.253333333333,0.274314214464,0.491263507897,0.462855923105,0.521121860263,1552
Random Forest,0.254666666667,0.274314214464,0.491263507897,0.462855923105,0.521121860263,1552
Random Forest,0.254666666667,0.279301745636,0.491263507897,0.462855923105,0.521121860263,1552
Random Forest,0.256,0.279301745636,0.491263507897,0.462855923105,0.521121860263,1552
Random Forest,0.256,0.280548628429,0.491263507897,0.462855923105,0.521121860263,1552
Random Forest,0.258666666667,0.280548628429,0.491263507897,0.462855923105,0.521121860263,1552
Random Forest,0.258666666667,0.283042394015,0.491263507897,0.462855923105,0.521121860263,1552
Random Forest,0.26,0.283042394015,0.491263507897,0.462855923105,0.521121860263,1552
Random Forest,0.26,0.284289276808,0.491263507897,0.462855923105,0.521121860263,1552
Random Forest,0.261333333333,0.284289276808,0.491263507897,0.462855923105,0.521121860263,1552
Random Forest,0.261333333333,0.285536159601,0.491263507897,0.462855923105,0.521121860263,1552
Random Forest,0.265333333333,0.285536159601,0.491263507897,0.462855923105,0.521121860263,1552
Random Forest,0.265333333333,0.286783042394,0.491263507897,0.462855923105,0.521121860263,1552
Random Forest,0.268,0.286783042394,0.491263507897,0.462855923105,0.521121860263,1552
Random Forest,0.268,0.28927680798,0.491263507897,0.462855923105,0.521121860263,1552
Random Forest,0.273333333333,0.28927680798,0.491263507897,0.462855923105,0.521121860263,1552
Random Forest,0.273333333333,0.290523690773,0.491263507897,0.462855923105,0.521121860263,1552
Random Forest,0.28,0.290523690773,0.491263507897,0.462855923105,0.521121860263,1552
Random Forest,0.28,0.291770573566,0.491263507897,0.462855923105,0.521121860263,1552
Random Forest,0.281333333333,0.291770573566,0.491263507897,0.462855923105,0.521121860263,1552
Random Forest,0.281333333333,0.294264339152,0.491263507897,0.462855923105,0.521121860263,1552
Random Forest,0.282666666667,0.294264339152,0.491263507897,0.462855923105,0.521121860263,1552
Random Forest,0.282666666667,0.295511221945,0.491263507897,0.462855923105,0.521121860263,1552
Random Forest,0.284,0.295511221945,0.491263507897,0.462855923105,0.521121860263,1552
Random Forest,0.284,0.296758104738,0.491263507897,0.462855923105,0.521121860263,1552
Random Forest,0.288,0.296758104738,0.491263507897,0.462855923105,0.521121860263,1552
Random Forest,0.288,0.300498753117,0.491263507897,0.462855923105,0.521121860263,1552
Random Forest,0.289333333333,0.300498753117,0.491263507897,0.462855923105,0.521121860263,1552
Random Forest,0.289333333333,0.30174563591,0.491263507897,0.462855923105,0.521121860263,1552
Random Forest,0.290666666667,0.30174563591,0.491263507897,0.462855923105,0.521121860263,1552
Random Forest,0.290666666667,0.306733167082,0.491263507897,0.462855923105,0.521121860263,1552
Random Forest,0.292,0.306733167082,0.491263507897,0.462855923105,0.521121860263,1552
Random Forest,0.292,0.307980049875,0.491263507897,0.462855923105,0.521121860263,1552
Random Forest,0.296,0.307980049875,0.491263507897,0.462855923105,0.521121860263,1552
Random Forest,0.296,0.309226932668,0.491263507897,0.462855923105,0.521121860263,1552
Random Forest,0.297333333333,0.309226932668,0.491263507897,0.462855923105,0.521121860263,1552
Random Forest,0.297333333333,0.312967581047,0.491263507897,0.462855923105,0.521121860263,1552
Random Forest,0.301333333333,0.312967581047,0.491263507897,0.462855923105,0.521121860263,1552
Random Forest,0.301333333333,0.315461346633,0.491263507897,0.462855923105,0.521121860263,1552
Random Forest,0.302666666667,0.315461346633,0.491263507897,0.462855923105,0.521121860263,1552
Random Forest,0.302666666667,0.316708229426,0.491263507897,0.462855923105,0.521121860263,1552
Random Forest,0.305333333333,0.316708229426,0.491263507897,0.462855923105,0.521121860263,1552
Random Forest,0.305333333333,0.319201995012,0.491263507897,0.462855923105,0.521121860263,1552
Random Forest,0.308,0.319201995012,0.491263507897,0.462855923105,0.521121860263,1552
Random Forest,0.308,0.320448877805,0.491263507897,0.462855923105,0.521121860263,1552
Random Forest,0.309333333333,0.320448877805,0.491263507897,0.462855923105,0.521121860263,1552
Random Forest,0.309333333333,0.321695760599,0.491263507897,0.462855923105,0.521121860263,1552
Random Forest,0.313333333333,0.321695760599,0.491263507897,0.462855923105,0.521121860263,1552
Random Forest,0.313333333333,0.325436408978,0.491263507897,0.462855923105,0.521121860263,1552
Random Forest,0.316,0.325436408978,0.491263507897,0.462855923105,0.521121860263,1552
Random Forest,0.316,0.326683291771,0.491263507897,0.462855923105,0.521121860263,1552
Random Forest,0.318666666667,0.326683291771,0.491263507897,0.462855923105,0.521121860263,1552
Random Forest,0.318666666667,0.327930174564,0.491263507897,0.462855923105,0.521121860263,1552
Random Forest,0.322666666667,0.327930174564,0.491263507897,0.462855923105,0.521121860263,1552
Random Forest,0.322666666667,0.329177057357,0.491263507897,0.462855923105,0.521121860263,1552
Random Forest,0.328,0.329177057357,0.491263507897,0.462855923105,0.521121860263,1552
Random Forest,0.328,0.335411471322,0.491263507897,0.462855923105,0.521121860263,1552
Random Forest,0.329333333333,0.335411471322,0.491263507897,0.462855923105,0.521121860263,1552
Random Forest,0.329333333333,0.336658354115,0.491263507897,0.462855923105,0.521121860263,1552
Random Forest,0.330666666667,0.336658354115,0.491263507897,0.462855923105,0.521121860263,1552
Random Forest,0.330666666667,0.337905236908,0.491263507897,0.462855923105,0.521121860263,1552
Random Forest,0.333333333333,0.337905236908,0.491263507897,0.462855923105,0.521121860263,1552
Random Forest,0.333333333333,0.340399002494,0.491263507897,0.462855923105,0.521121860263,1552
Random Forest,0.334666666667,0.340399002494,0.491263507897,0.462855923105,0.521121860263,1552
Random Forest,0.334666666667,0.341645885287,0.491263507897,0.462855923105,0.521121860263,1552
Random Forest,0.336,0.341645885287,0.491263507897,0.462855923105,0.521121860263,1552
Random Forest,0.336,0.34289276808,0.491263507897,0.462855923105,0.521121860263,1552
Random Forest,0.337333333333,0.34289276808,0.491263507897,0.462855923105,0.521121860263,1552
Random Forest,0.337333333333,0.344139650873,0.491263507897,0.462855923105,0.521121860263,1552
Random Forest,0.342666666667,0.344139650873,0.491263507897,0.462855923105,0.521121860263,1552
Random Forest,0.342666666667,0.345386533666,0.491263507897,0.462855923105,0.521121860263,1552
Random Forest,0.345333333333,0.345386533666,0.491263507897,0.462855923105,0.521121860263,1552
Random Forest,0.345333333333,0.347880299252,0.491263507897,0.462855923105,0.521121860263,1552
Random Forest,0.346666666667,0.347880299252,0.491263507897,0.462855923105,0.521121860263,1552
Random Forest,0.346666666667,0.350374064838,0.491263507897,0.462855923105,0.521121860263,1552
Random Forest,0.348,0.350374064838,0.491263507897,0.462855923105,0.521121860263,1552
Random Forest,0.348,0.351620947631,0.491263507897,0.462855923105,0.521121860263,1552
Random Forest,0.350666666667,0.351620947631,0.491263507897,0.462855923105,0.521121860263,1552
Random Forest,0.350666666667,0.356608478803,0.491263507897,0.462855923105,0.521121860263,1552
Random Forest,0.357333333333,0.356608478803,0.491263507897,0.462855923105,0.521121860263,1552
Random Forest,0.357333333333,0.359102244389,0.491263507897,0.462855923105,0.521121860263,1552
Random Forest,0.361333333333,0.359102244389,0.491263507897,0.462855923105,0.521121860263,1552
Random Forest,0.361333333333,0.361596009975,0.491263507897,0.462855923105,0.521121860263,1552
Random Forest,0.364,0.361596009975,0.491263507897,0.462855923105,0.521121860263,1552
Random Forest,0.364,0.362842892768,0.491263507897,0.462855923105,0.521121860263,1552
Random Forest,0.365333333333,0.362842892768,0.491263507897,0.462855923105,0.521121860263,1552
Random Forest,0.365333333333,0.364089775561,0.491263507897,0.462855923105,0.521121860263,1552
Random Forest,0.366666666667,0.364089775561,0.491263507897,0.462855923105,0.521121860263,1552
Random Forest,0.366666666667,0.365336658354,0.491263507897,0.462855923105,0.521121860263,1552
Random Forest,0.368,0.365336658354,0.491263507897,0.462855923105,0.521121860263,1552
Random Forest,0.368,0.366583541147,0.491263507897,0.462855923105,0.521121860263,1552
Random Forest,0.369333333333,0.366583541147,0.491263507897,0.462855923105,0.521121860263,1552
Random Forest,0.369333333333,0.36783042394,0.491263507897,0.462855923105,0.521121860263,1552
Random Forest,0.376,0.36783042394,0.491263507897,0.462855923105,0.521121860263,1552
Random Forest,0.376,0.369077306733,0.491263507897,0.462855923105,0.521121860263,1552
Random Forest,0.38,0.369077306733,0.491263507897,0.462855923105,0.521121860263,1552
Random Forest,0.38,0.371571072319,0.491263507897,0.462855923105,0.521121860263,1552
Random Forest,0.382666666667,0.371571072319,0.491263507897,0.462855923105,0.521121860263,1552
Random Forest,0.382666666667,0.372817955112,0.491263507897,0.462855923105,0.521121860263,1552
Random Forest,0.384,0.372817955112,0.491263507897,0.462855923105,0.521121860263,1552
Random Forest,0.384,0.374064837905,0.491263507897,0.462855923105,0.521121860263,1552
Random Forest,0.385333333333,0.374064837905,0.491263507897,0.462855923105,0.521121860263,1552
Random Forest,0.385333333333,0.376558603491,0.491263507897,0.462855923105,0.521121860263,1552
Random Forest,0.386666666667,0.376558603491,0.491263507897,0.462855923105,0.521121860263,1552
Random Forest,0.386666666667,0.379052369077,0.491263507897,0.462855923105,0.521121860263,1552
Random Forest,0.388,0.379052369077,0.491263507897,0.462855923105,0.521121860263,1552
Random Forest,0.388,0.382793017456,0.491263507897,0.462855923105,0.521121860263,1552
Random Forest,0.389333333333,0.382793017456,0.491263507897,0.462855923105,0.521121860263,1552
Random Forest,0.389333333333,0.386533665835,0.491263507897,0.462855923105,0.521121860263,1552
Random Forest,0.396,0.386533665835,0.491263507897,0.462855923105,0.521121860263,1552
Random Forest,0.396,0.390274314214,0.491263507897,0.462855923105,0.521121860263,1552
Random Forest,0.397333333333,0.390274314214,0.491263507897,0.462855923105,0.521121860263,1552
Random Forest,0.397333333333,0.3927680798,0.491263507897,0.462855923105,0.521121860263,1552
Random Forest,0.398666666667,0.3927680798,0.491263507897,0.462855923105,0.521121860263,1552
Random Forest,0.398666666667,0.395261845387,0.491263507897,0.462855923105,0.521121860263,1552
Random Forest,0.4,0.395261845387,0.491263507897,0.462855923105,0.521121860263,1552
Random Forest,0.4,0.39650872818,0.491263507897,0.462855923105,0.521121860263,1552
Random Forest,0.401333333333,0.39650872818,0.491263507897,0.462855923105,0.521121860263,1552
Random Forest,0.401333333333,0.397755610973,0.491263507897,0.462855923105,0.521121860263,1552
Random Forest,0.402666666667,0.397755610973,0.491263507897,0.462855923105,0.521121860263,1552
Random Forest,0.402666666667,0.399002493766,0.491263507897,0.462855923105,0.521121860263,1552
Random Forest,0.404,0.399002493766,0.491263507897,0.462855923105,0.521121860263,1552
Random Forest,0.404,0.402743142145,0.491263507897,0.462855923105,0.521121860263,1552
Random Forest,0.405333333333,0.402743142145,0.491263507897,0.462855923105,0.521121860263,1552
Random Forest,0.405333333333,0.403990024938,0.491263507897,0.462855923105,0.521121860263,1552
Random Forest,0.409333333333,0.403990024938,0.491263507897,0.462855923105,0.521121860263,1552
Random Forest,0.409333333333,0.405236907731,0.491263507897,0.462855923105,0.521121860263,1552
Random Forest,0.410666666667,0.405236907731,0.491263507897,0.462855923105,0.521121860263,1552
Random Forest,0.410666666667,0.406483790524,0.491263507897,0.462855923105,0.521121860263,1552
Random Forest,0.414666666667,0.406483790524,0.491263507897,0.462855923105,0.521121860263,1552
Random Forest,0.414666666667,0.40897755611,0.491263507897,0.462855923105,0.521121860263,1552
Random Forest,0.417333333333,0.40897755611,0.491263507897,0.462855923105,0.521121860263,1552
Random Forest,0.417333333333,0.410224438903,0.491263507897,0.462855923105,0.521121860263,1552
Random Forest,0.418666666667,0.410224438903,0.491263507897,0.462855923105,0.521121860263,1552
Random Forest,0.418666666667,0.411471321696,0.491263507897,0.462855923105,0.521121860263,1552
Random Forest,0.426666666667,0.411471321696,0.491263507897,0.462855923105,0.521121860263,1552
Random Forest,0.426666666667,0.413965087282,0.491263507897,0.462855923105,0.521121860263,1552
Random Forest,0.429333333333,0.413965087282,0.491263507897,0.462855923105,0.521121860263,1552
Random Forest,0.429333333333,0.415211970075,0.491263507897,0.462855923105,0.521121860263,1552
Random Forest,0.430666666667,0.415211970075,0.491263507897,0.462855923105,0.521121860263,1552
Random Forest,0.430666666667,0.417705735661,0.491263507897,0.462855923105,0.521121860263,1552
Random Forest,0.432,0.417705735661,0.491263507897,0.462855923105,0.521121860263,1552
Random Forest,0.432,0.418952618454,0.491263507897,0.462855923105,0.521121860263,1552
Random Forest,0.433333333333,0.418952618454,0.491263507897,0.462855923105,0.521121860263,1552
Random Forest,0.433333333333,0.420199501247,0.491263507897,0.462855923105,0.521121860263,1552
Random Forest,0.434666666667,0.420199501247,0.491263507897,0.462855923105,0.521121860263,1552
Random Forest,0.434666666667,0.42144638404,0.491263507897,0.462855923105,0.521121860263,1552
Random Forest,0.437333333333,0.42144638404,0.491263507897,0.462855923105,0.521121860263,1552
Random Forest,0.437333333333,0.422693266833,0.491263507897,0.462855923105,0.521121860263,1552
Random Forest,0.444,0.422693266833,0.491263507897,0.462855923105,0.521121860263,1552
Random Forest,0.444,0.423940149626,0.491263507897,0.462855923105,0.521121860263,1552
Random Forest,0.445333333333,0.423940149626,0.491263507897,0.462855923105,0.521121860263,1552
Random Forest,0.445333333333,0.425187032419,0.491263507897,0.462855923105,0.521121860263,1552
Random Forest,0.446666666667,0.425187032419,0.491263507897,0.462855923105,0.521121860263,1552
Random Forest,0.446666666667,0.427680798005,0.491263507897,0.462855923105,0.521121860263,1552
Random Forest,0.456,0.427680798005,0.491263507897,0.462855923105,0.521121860263,1552
Random Forest,0.456,0.428927680798,0.491263507897,0.462855923105,0.521121860263,1552
Random Forest,0.462666666667,0.428927680798,0.491263507897,0.462855923105,0.521121860263,1552
Random Forest,0.462666666667,0.431421446384,0.491263507897,0.462855923105,0.521121860263,1552
Random Forest,0.464,0.431421446384,0.491263507897,0.462855923105,0.521121860263,1552
Random Forest,0.464,0.432668329177,0.491263507897,0.462855923105,0.521121860263,1552
Random Forest,0.465333333333,0.432668329177,0.491263507897,0.462855923105,0.521121860263,1552
Random Forest,0.465333333333,0.436408977556,0.491263507897,0.462855923105,0.521121860263,1552
Random Forest,0.466666666667,0.436408977556,0.491263507897,0.462855923105,0.521121860263,1552
Random Forest,0.466666666667,0.437655860349,0.491263507897,0.462855923105,0.521121860263,1552
Random Forest,0.470666666667,0.437655860349,0.491263507897,0.462855923105,0.521121860263,1552
Random Forest,0.470666666667,0.441396508728,0.491263507897,0.462855923105,0.521121860263,1552
Random Forest,0.472,0.441396508728,0.491263507897,0.462855923105,0.521121860263,1552
Random Forest,0.472,0.442643391521,0.491263507897,0.462855923105,0.521121860263,1552
Random Forest,0.473333333333,0.442643391521,0.491263507897,0.462855923105,0.521121860263,1552
Random Forest,0.473333333333,0.445137157107,0.491263507897,0.462855923105,0.521121860263,1552
Random Forest,0.476,0.445137157107,0.491263507897,0.462855923105,0.521121860263,1552
Random Forest,0.476,0.4463840399,0.491263507897,0.462855923105,0.521121860263,1552
Random Forest,0.478666666667,0.4463840399,0.491263507897,0.462855923105,0.521121860263,1552
Random Forest,0.478666666667,0.450124688279,0.491263507897,0.462855923105,0.521121860263,1552
Random Forest,0.482666666667,0.450124688279,0.491263507897,0.462855923105,0.521121860263,1552
Random Forest,0.482666666667,0.452618453865,0.491263507897,0.462855923105,0.521121860263,1552
Random Forest,0.485333333333,0.452618453865,0.491263507897,0.462855923105,0.521121860263,1552
Random Forest,0.485333333333,0.453865336658,0.491263507897,0.462855923105,0.521121860263,1552
Random Forest,0.490666666667,0.453865336658,0.491263507897,0.462855923105,0.521121860263,1552
Random Forest,0.490666666667,0.457605985037,0.491263507897,0.462855923105,0.521121860263,1552
Random Forest,0.494666666667,0.457605985037,0.491263507897,0.462855923105,0.521121860263,1552
Random Forest,0.494666666667,0.460099750623,0.491263507897,0.462855923105,0.521121860263,1552
Random Forest,0.496,0.460099750623,0.491263507897,0.462855923105,0.521121860263,1552
Random Forest,0.496,0.462593516209,0.491263507897,0.462855923105,0.521121860263,1552
Random Forest,0.497333333333,0.462593516209,0.491263507897,0.462855923105,0.521121860263,1552
Random Forest,0.497333333333,0.467581047382,0.491263507897,0.462855923105,0.521121860263,1552
Random Forest,0.498666666667,0.467581047382,0.491263507897,0.462855923105,0.521121860263,1552
Random Forest,0.498666666667,0.468827930175,0.491263507897,0.462855923105,0.521121860263,1552
Random Forest,0.505333333333,0.468827930175,0.491263507897,0.462855923105,0.521121860263,1552
Random Forest,0.505333333333,0.470074812968,0.491263507897,0.462855923105,0.521121860263,1552
Random Forest,0.508,0.470074812968,0.491263507897,0.462855923105,0.521121860263,1552
Random Forest,0.508,0.471321695761,0.491263507897,0.462855923105,0.521121860263,1552
Random Forest,0.510666666667,0.471321695761,0.491263507897,0.462855923105,0.521121860263,1552
Random Forest,0.510666666667,0.47506234414,0.491263507897,0.462855923105,0.521121860263,1552
Random Forest,0.512,0.47506234414,0.491263507897,0.462855923105,0.521121860263,1552
Random Forest,0.512,0.477556109726,0.491263507897,0.462855923105,0.521121860263,1552
Random Forest,0.514666666667,0.477556109726,0.491263507897,0.462855923105,0.521121860263,1552
Random Forest,0.514666666667,0.478802992519,0.491263507897,0.462855923105,0.521121860263,1552
Random Forest,0.516,0.478802992519,0.491263507897,0.462855923105,0.521121860263,1552
Random Forest,0.516,0.481296758105,0.491263507897,0.462855923105,0.521121860263,1552
Random Forest,0.517333333333,0.481296758105,0.491263507897,0.462855923105,0.521121860263,1552
Random Forest,0.517333333333,0.482543640898,0.491263507897,0.462855923105,0.521121860263,1552
Random Forest,0.52,0.482543640898,0.491263507897,0.462855923105,0.521121860263,1552
Random Forest,0.52,0.483790523691,0.491263507897,0.462855923105,0.521121860263,1552
Random Forest,0.522666666667,0.483790523691,0.491263507897,0.462855923105,0.521121860263,1552
Random Forest,0.522666666667,0.48753117207,0.491263507897,0.462855923105,0.521121860263,1552
Random Forest,0.524,0.48753117207,0.491263507897,0.462855923105,0.521121860263,1552
Random Forest,0.524,0.488778054863,0.491263507897,0.462855923105,0.521121860263,1552
Random Forest,0.525333333333,0.488778054863,0.491263507897,0.462855923105,0.521121860263,1552
Random Forest,0.525333333333,0.491271820449,0.491263507897,0.462855923105,0.521121860263,1552
Random Forest,0.526666666667,0.491271820449,0.491263507897,0.462855923105,0.521121860263,1552
Random Forest,0.526666666667,0.492518703242,0.491263507897,0.462855923105,0.521121860263,1552
Random Forest,0.529333333333,0.492518703242,0.491263507897,0.462855923105,0.521121860263,1552
Random Forest,0.529333333333,0.493765586035,0.491263507897,0.462855923105,0.521121860263,1552
Random Forest,0.534666666667,0.493765586035,0.491263507897,0.462855923105,0.521121860263,1552
Random Forest,0.534666666667,0.495012468828,0.491263507897,0.462855923105,0.521121860263,1552
Random Forest,0.537333333333,0.495012468828,0.491263507897,0.462855923105,0.521121860263,1552
Random Forest,0.537333333333,0.496259351621,0.491263507897,0.462855923105,0.521121860263,1552
Random Forest,0.538666666667,0.496259351621,0.491263507897,0.462855923105,0.521121860263,1552
Random Forest,0.538666666667,0.497506234414,0.491263507897,0.462855923105,0.521121860263,1552
Random Forest,0.54,0.497506234414,0.491263507897,0.462855923105,0.521121860263,1552
Random Forest,0.54,0.498753117207,0.491263507897,0.462855923105,0.521121860263,1552
Random Forest,0.541333333333,0.498753117207,0.491263507897,0.462855923105,0.521121860263,1552
Random Forest,0.541333333333,0.5,0.491263507897,0.462855923105,0.521121860263,1552
Random Forest,0.546666666667,0.5,0.491263507897,0.462855923105,0.521121860263,1552
Random Forest,0.546666666667,0.501246882793,0.491263507897,0.462855923105,0.521121860263,1552
Random Forest,0.548,0.501246882793,0.491263507897,0.462855923105,0.521121860263,1552
Random Forest,0.548,0.503740648379,0.491263507897,0.462855923105,0.521121860263,1552
Random Forest,0.549333333333,0.503740648379,0.491263507897,0.462855923105,0.521121860263,1552
Random Forest,0.549333333333,0.506234413965,0.491263507897,0.462855923105,0.521121860263,1552
Random Forest,0.553333333333,0.506234413965,0.491263507897,0.462855923105,0.521121860263,1552
Random Forest,0.553333333333,0.508728179551,0.491263507897,0.462855923105,0.521121860263,1552
Random Forest,0.554666666667,0.508728179551,0.491263507897,0.462855923105,0.521121860263,1552
Random Forest,0.554666666667,0.511221945137,0.491263507897,0.462855923105,0.521121860263,1552
Random Forest,0.556,0.511221945137,0.491263507897,0.462855923105,0.521121860263,1552
Random Forest,0.556,0.513715710723,0.491263507897,0.462855923105,0.521121860263,1552
Random Forest,0.557333333333,0.513715710723,0.491263507897,0.462855923105,0.521121860263,1552
Random Forest,0.557333333333,0.514962593516,0.491263507897,0.462855923105,0.521121860263,1552
Random Forest,0.558666666667,0.514962593516,0.491263507897,0.462855923105,0.521121860263,1552
Random Forest,0.558666666667,0.517456359102,0.491263507897,0.462855923105,0.521121860263,1552
Random Forest,0.56,0.517456359102,0.491263507897,0.462855923105,0.521121860263,1552
Random Forest,0.56,0.518703241895,0.491263507897,0.462855923105,0.521121860263,1552
Random Forest,0.562666666667,0.518703241895,0.491263507897,0.462855923105,0.521121860263,1552
Random Forest,0.562666666667,0.522443890274,0.491263507897,0.462855923105,0.521121860263,1552
Random Forest,0.565333333333,0.522443890274,0.491263507897,0.462855923105,0.521121860263,1552
Random Forest,0.565333333333,0.526184538653,0.491263507897,0.462855923105,0.521121860263,1552
Random Forest,0.566666666667,0.526184538653,0.491263507897,0.462855923105,0.521121860263,1552
Random Forest,0.566666666667,0.527431421446,0.491263507897,0.462855923105,0.521121860263,1552
Random Forest,0.568,0.527431421446,0.491263507897,0.462855923105,0.521121860263,1552
Random Forest,0.568,0.529925187032,0.491263507897,0.462855923105,0.521121860263,1552
Random Forest,0.569333333333,0.529925187032,0.491263507897,0.462855923105,0.521121860263,1552
Random Forest,0.569333333333,0.534912718204,0.491263507897,0.462855923105,0.521121860263,1552
Random Forest,0.572,0.534912718204,0.491263507897,0.462855923105,0.521121860263,1552
Random Forest,0.572,0.536159600998,0.491263507897,0.462855923105,0.521121860263,1552
Random Forest,0.574666666667,0.536159600998,0.491263507897,0.462855923105,0.521121860263,1552
Random Forest,0.574666666667,0.537406483791,0.491263507897,0.462855923105,0.521121860263,1552
Random Forest,0.576,0.537406483791,0.491263507897,0.462855923105,0.521121860263,1552
Random Forest,0.576,0.538653366584,0.491263507897,0.462855923105,0.521121860263,1552
Random Forest,0.581333333333,0.538653366584,0.491263507897,0.462855923105,0.521121860263,1552
Random Forest,0.581333333333,0.543640897756,0.491263507897,0.462855923105,0.521121860263,1552
Random Forest,0.584,0.543640897756,0.491263507897,0.462855923105,0.521121860263,1552
Random Forest,0.584,0.546134663342,0.491263507897,0.462855923105,0.521121860263,1552
Random Forest,0.588,0.546134663342,0.491263507897,0.462855923105,0.521121860263,1552
Random Forest,0.588,0.548628428928,0.491263507897,0.462855923105,0.521121860263,1552
Random Forest,0.589333333333,0.548628428928,0.491263507897,0.462855923105,0.521121860263,1552
Random Forest,0.589333333333,0.549875311721,0.491263507897,0.462855923105,0.521121860263,1552
Random Forest,0.596,0.549875311721,0.491263507897,0.462855923105,0.521121860263,1552
Random Forest,0.596,0.552369077307,0.491263507897,0.462855923105,0.521121860263,1552
Random Forest,0.598666666667,0.552369077307,0.491263507897,0.462855923105,0.521121860263,1552
Random Forest,0.598666666667,0.5536159601,0.491263507897,0.462855923105,0.521121860263,1552
Random Forest,0.6,0.5536159601,0.491263507897,0.462855923105,0.521121860263,1552
Random Forest,0.6,0.554862842893,0.491263507897,0.462855923105,0.521121860263,1552
Random Forest,0.602666666667,0.554862842893,0.491263507897,0.462855923105,0.521121860263,1552
Random Forest,0.602666666667,0.557356608479,0.491263507897,0.462855923105,0.521121860263,1552
Random Forest,0.606666666667,0.557356608479,0.491263507897,0.462855923105,0.521121860263,1552
Random Forest,0.606666666667,0.562344139651,0.491263507897,0.462855923105,0.521121860263,1552
Random Forest,0.608,0.562344139651,0.491263507897,0.462855923105,0.521121860263,1552
Random Forest,0.608,0.563591022444,0.491263507897,0.462855923105,0.521121860263,1552
Random Forest,0.610666666667,0.563591022444,0.491263507897,0.462855923105,0.521121860263,1552
Random Forest,0.610666666667,0.567331670823,0.491263507897,0.462855923105,0.521121860263,1552
Random Forest,0.617333333333,0.567331670823,0.491263507897,0.462855923105,0.521121860263,1552
Random Forest,0.617333333333,0.571072319202,0.491263507897,0.462855923105,0.521121860263,1552
Random Forest,0.621333333333,0.571072319202,0.491263507897,0.462855923105,0.521121860263,1552
Random Forest,0.621333333333,0.573566084788,0.491263507897,0.462855923105,0.521121860263,1552
Random Forest,0.622666666667,0.573566084788,0.491263507897,0.462855923105,0.521121860263,1552
Random Forest,0.622666666667,0.576059850374,0.491263507897,0.462855923105,0.521121860263,1552
Random Forest,0.624,0.576059850374,0.491263507897,0.462855923105,0.521121860263,1552
Random Forest,0.624,0.57855361596,0.491263507897,0.462855923105,0.521121860263,1552
Random Forest,0.625333333333,0.57855361596,0.491263507897,0.462855923105,0.521121860263,1552
Random Forest,0.625333333333,0.582294264339,0.491263507897,0.462855923105,0.521121860263,1552
Random Forest,0.626666666667,0.582294264339,0.491263507897,0.462855923105,0.521121860263,1552
Random Forest,0.626666666667,0.583541147132,0.491263507897,0.462855923105,0.521121860263,1552
Random Forest,0.628,0.583541147132,0.491263507897,0.462855923105,0.521121860263,1552
Random Forest,0.628,0.587281795511,0.491263507897,0.462855923105,0.521121860263,1552
Random Forest,0.632,0.587281795511,0.491263507897,0.462855923105,0.521121860263,1552
Random Forest,0.632,0.588528678304,0.491263507897,0.462855923105,0.521121860263,1552
Random Forest,0.633333333333,0.588528678304,0.491263507897,0.462855923105,0.521121860263,1552
Random Forest,0.633333333333,0.592269326683,0.491263507897,0.462855923105,0.521121860263,1552
Random Forest,0.636,0.592269326683,0.491263507897,0.462855923105,0.521121860263,1552
Random Forest,0.636,0.597256857855,0.491263507897,0.462855923105,0.521121860263,1552
Random Forest,0.637333333333,0.597256857855,0.491263507897,0.462855923105,0.521121860263,1552
Random Forest,0.637333333333,0.605985037406,0.491263507897,0.462855923105,0.521121860263,1552
Random Forest,0.64,0.605985037406,0.491263507897,0.462855923105,0.521121860263,1552
Random Forest,0.64,0.609725685786,0.491263507897,0.462855923105,0.521121860263,1552
Random Forest,0.641333333333,0.609725685786,0.491263507897,0.462855923105,0.521121860263,1552
Random Forest,0.641333333333,0.612219451372,0.491263507897,0.462855923105,0.521121860263,1552
Random Forest,0.644,0.612219451372,0.491263507897,0.462855923105,0.521121860263,1552
Random Forest,0.644,0.614713216958,0.491263507897,0.462855923105,0.521121860263,1552
Random Forest,0.646666666667,0.614713216958,0.491263507897,0.462855923105,0.521121860263,1552
Random Forest,0.646666666667,0.617206982544,0.491263507897,0.462855923105,0.521121860263,1552
Random Forest,0.650666666667,0.617206982544,0.491263507897,0.462855923105,0.521121860263,1552
Random Forest,0.650666666667,0.61970074813,0.491263507897,0.462855923105,0.521121860263,1552
Random Forest,0.652,0.61970074813,0.491263507897,0.462855923105,0.521121860263,1552
Random Forest,0.652,0.628428927681,0.491263507897,0.462855923105,0.521121860263,1552
Random Forest,0.653333333333,0.628428927681,0.491263507897,0.462855923105,0.521121860263,1552
Random Forest,0.653333333333,0.629675810474,0.491263507897,0.462855923105,0.521121860263,1552
Random Forest,0.656,0.629675810474,0.491263507897,0.462855923105,0.521121860263,1552
Random Forest,0.656,0.630922693267,0.491263507897,0.462855923105,0.521121860263,1552
Random Forest,0.662666666667,0.630922693267,0.491263507897,0.462855923105,0.521121860263,1552
Random Forest,0.662666666667,0.63216957606,0.491263507897,0.462855923105,0.521121860263,1552
Random Forest,0.664,0.63216957606,0.491263507897,0.462855923105,0.521121860263,1552
Random Forest,0.664,0.633416458853,0.491263507897,0.462855923105,0.521121860263,1552
Random Forest,0.665333333333,0.633416458853,0.491263507897,0.462855923105,0.521121860263,1552
Random Forest,0.665333333333,0.637157107232,0.491263507897,0.462855923105,0.521121860263,1552
Random Forest,0.668,0.637157107232,0.491263507897,0.462855923105,0.521121860263,1552
Random Forest,0.668,0.638403990025,0.491263507897,0.462855923105,0.521121860263,1552
Random Forest,0.673333333333,0.638403990025,0.491263507897,0.462855923105,0.521121860263,1552
Random Forest,0.673333333333,0.639650872818,0.491263507897,0.462855923105,0.521121860263,1552
Random Forest,0.674666666667,0.639650872818,0.491263507897,0.462855923105,0.521121860263,1552
Random Forest,0.674666666667,0.643391521197,0.491263507897,0.462855923105,0.521121860263,1552
Random Forest,0.676,0.643391521197,0.491263507897,0.462855923105,0.521121860263,1552
Random Forest,0.676,0.653366583541,0.491263507897,0.462855923105,0.521121860263,1552
Random Forest,0.677333333333,0.653366583541,0.491263507897,0.462855923105,0.521121860263,1552
Random Forest,0.677333333333,0.654613466334,0.491263507897,0.462855923105,0.521121860263,1552
Random Forest,0.68,0.654613466334,0.491263507897,0.462855923105,0.521121860263,1552
Random Forest,0.68,0.65710723192,0.491263507897,0.462855923105,0.521121860263,1552
Random Forest,0.682666666667,0.65710723192,0.491263507897,0.462855923105,0.521121860263,1552
Random Forest,0.682666666667,0.659600997506,0.491263507897,0.462855923105,0.521121860263,1552
Random Forest,0.689333333333,0.659600997506,0.491263507897,0.462855923105,0.521121860263,1552
Random Forest,0.689333333333,0.663341645885,0.491263507897,0.462855923105,0.521121860263,1552
Random Forest,0.693333333333,0.663341645885,0.491263507897,0.462855923105,0.521121860263,1552
Random Forest,0.693333333333,0.665835411471,0.491263507897,0.462855923105,0.521121860263,1552
Random Forest,0.696,0.665835411471,0.491263507897,0.462855923105,0.521121860263,1552
Random Forest,0.696,0.667082294264,0.491263507897,0.462855923105,0.521121860263,1552
Random Forest,0.697333333333,0.667082294264,0.491263507897,0.462855923105,0.521121860263,1552
Random Forest,0.697333333333,0.668329177057,0.491263507897,0.462855923105,0.521121860263,1552
Random Forest,0.698666666667,0.668329177057,0.491263507897,0.462855923105,0.521121860263,1552
Random Forest,0.698666666667,0.66957605985,0.491263507897,0.462855923105,0.521121860263,1552
Random Forest,0.7,0.66957605985,0.491263507897,0.462855923105,0.521121860263,1552
Random Forest,0.7,0.670822942643,0.491263507897,0.462855923105,0.521121860263,1552
Random Forest,0.702666666667,0.670822942643,0.491263507897,0.462855923105,0.521121860263,1552
Random Forest,0.702666666667,0.678304239401,0.491263507897,0.462855923105,0.521121860263,1552
Random Forest,0.704,0.678304239401,0.491263507897,0.462855923105,0.521121860263,1552
Random Forest,0.704,0.682044887781,0.491263507897,0.462855923105,0.521121860263,1552
Random Forest,0.709333333333,0.682044887781,0.491263507897,0.462855923105,0.521121860263,1552
Random Forest,0.709333333333,0.683291770574,0.491263507897,0.462855923105,0.521121860263,1552
Random Forest,0.712,0.683291770574,0.491263507897,0.462855923105,0.521121860263,1552
Random Forest,0.712,0.68578553616,0.491263507897,0.462855923105,0.521121860263,1552
Random Forest,0.718666666667,0.68578553616,0.491263507897,0.462855923105,0.521121860263,1552
Random Forest,0.718666666667,0.689526184539,0.491263507897,0.462855923105,0.521121860263,1552
Random Forest,0.72,0.689526184539,0.491263507897,0.462855923105,0.521121860263,1552
Random Forest,0.72,0.692019950125,0.491263507897,0.462855923105,0.521121860263,1552
Random Forest,0.721333333333,0.692019950125,0.491263507897,0.462855923105,0.521121860263,1552
Random Forest,0.721333333333,0.693266832918,0.491263507897,0.462855923105,0.521121860263,1552
Random Forest,0.722666666667,0.693266832918,0.491263507897,0.462855923105,0.521121860263,1552
Random Forest,0.722666666667,0.694513715711,0.491263507897,0.462855923105,0.521121860263,1552
Random Forest,0.724,0.694513715711,0.491263507897,0.462855923105,0.521121860263,1552
Random Forest,0.724,0.69825436409,0.491263507897,0.462855923105,0.521121860263,1552
Random Forest,0.725333333333,0.69825436409,0.491263507897,0.462855923105,0.521121860263,1552
Random Forest,0.725333333333,0.700748129676,0.491263507897,0.462855923105,0.521121860263,1552
Random Forest,0.726666666667,0.700748129676,0.491263507897,0.462855923105,0.521121860263,1552
Random Forest,0.726666666667,0.701995012469,0.491263507897,0.462855923105,0.521121860263,1552
Random Forest,0.729333333333,0.701995012469,0.491263507897,0.462855923105,0.521121860263,1552
Random Forest,0.729333333333,0.703241895262,0.491263507897,0.462855923105,0.521121860263,1552
Random Forest,0.730666666667,0.703241895262,0.491263507897,0.462855923105,0.521121860263,1552
Random Forest,0.730666666667,0.704488778055,0.491263507897,0.462855923105,0.521121860263,1552
Random Forest,0.732,0.704488778055,0.491263507897,0.462855923105,0.521121860263,1552
Random Forest,0.732,0.706982543641,0.491263507897,0.462855923105,0.521121860263,1552
Random Forest,0.734666666667,0.706982543641,0.491263507897,0.462855923105,0.521121860263,1552
Random Forest,0.734666666667,0.708229426434,0.491263507897,0.462855923105,0.521121860263,1552
Random Forest,0.736,0.708229426434,0.491263507897,0.462855923105,0.521121860263,1552
Random Forest,0.736,0.711970074813,0.491263507897,0.462855923105,0.521121860263,1552
Random Forest,0.737333333333,0.711970074813,0.491263507897,0.462855923105,0.521121860263,1552
Random Forest,0.737333333333,0.713216957606,0.491263507897,0.462855923105,0.521121860263,1552
Random Forest,0.738666666667,0.713216957606,0.491263507897,0.462855923105,0.521121860263,1552
Random Forest,0.738666666667,0.716957605985,0.491263507897,0.462855923105,0.521121860263,1552
Random Forest,0.741333333333,0.716957605985,0.491263507897,0.462855923105,0.521121860263,1552
Random Forest,0.741333333333,0.719451371571,0.491263507897,0.462855923105,0.521121860263,1552
Random Forest,0.742666666667,0.719451371571,0.491263507897,0.462855923105,0.521121860263,1552
Random Forest,0.742666666667,0.720698254364,0.491263507897,0.462855923105,0.521121860263,1552
Random Forest,0.745333333333,0.720698254364,0.491263507897,0.462855923105,0.521121860263,1552
Random Forest,0.745333333333,0.721945137157,0.491263507897,0.462855923105,0.521121860263,1552
Random Forest,0.746666666667,0.721945137157,0.491263507897,0.462855923105,0.521121860263,1552
Random Forest,0.746666666667,0.72319201995,0.491263507897,0.462855923105,0.521121860263,1552
Random Forest,0.748,0.72319201995,0.491263507897,0.462855923105,0.521121860263,1552
Random Forest,0.748,0.724438902743,0.491263507897,0.462855923105,0.521121860263,1552
Random Forest,0.752,0.724438902743,0.491263507897,0.462855923105,0.521121860263,1552
Random Forest,0.752,0.736907730673,0.491263507897,0.462855923105,0.521121860263,1552
Random Forest,0.753333333333,0.736907730673,0.491263507897,0.462855923105,0.521121860263,1552
Random Forest,0.753333333333,0.739401496259,0.491263507897,0.462855923105,0.521121860263,1552
Random Forest,0.754666666667,0.739401496259,0.491263507897,0.462855923105,0.521121860263,1552
Random Forest,0.754666666667,0.740648379052,0.491263507897,0.462855923105,0.521121860263,1552
Random Forest,0.756,0.740648379052,0.491263507897,0.462855923105,0.521121860263,1552
Random Forest,0.756,0.743142144638,0.491263507897,0.462855923105,0.521121860263,1552
Random Forest,0.758666666667,0.743142144638,0.491263507897,0.462855923105,0.521121860263,1552
Random Forest,0.758666666667,0.746882793017,0.491263507897,0.462855923105,0.521121860263,1552
Random Forest,0.76,0.746882793017,0.491263507897,0.462855923105,0.521121860263,1552
Random Forest,0.76,0.75187032419,0.491263507897,0.462855923105,0.521121860263,1552
Random Forest,0.761333333333,0.75187032419,0.491263507897,0.462855923105,0.521121860263,1552
Random Forest,0.761333333333,0.755610972569,0.491263507897,0.462855923105,0.521121860263,1552
Random Forest,0.762666666667,0.755610972569,0.491263507897,0.462855923105,0.521121860263,1552
Random Forest,0.762666666667,0.758104738155,0.491263507897,0.462855923105,0.521121860263,1552
Random Forest,0.765333333333,0.758104738155,0.491263507897,0.462855923105,0.521121860263,1552
Random Forest,0.765333333333,0.760598503741,0.491263507897,0.462855923105,0.521121860263,1552
Random Forest,0.766666666667,0.760598503741,0.491263507897,0.462855923105,0.521121860263,1552
Random Forest,0.766666666667,0.763092269327,0.491263507897,0.462855923105,0.521121860263,1552
Random Forest,0.768,0.763092269327,0.491263507897,0.462855923105,0.521121860263,1552
Random Forest,0.768,0.76433915212,0.491263507897,0.462855923105,0.521121860263,1552
Random Forest,0.769333333333,0.76433915212,0.491263507897,0.462855923105,0.521121860263,1552
Random Forest,0.769333333333,0.765586034913,0.491263507897,0.462855923105,0.521121860263,1552
Random Forest,0.773333333333,0.765586034913,0.491263507897,0.462855923105,0.521121860263,1552
Random Forest,0.773333333333,0.779301745636,0.491263507897,0.462855923105,0.521121860263,1552
Random Forest,0.777333333333,0.779301745636,0.491263507897,0.462855923105,0.521121860263,1552
Random Forest,0.777333333333,0.783042394015,0.491263507897,0.462855923105,0.521121860263,1552
Random Forest,0.778666666667,0.783042394015,0.491263507897,0.462855923105,0.521121860263,1552
Random Forest,0.778666666667,0.784289276808,0.491263507897,0.462855923105,0.521121860263,1552
Random Forest,0.781333333333,0.784289276808,0.491263507897,0.462855923105,0.521121860263,1552
Random Forest,0.781333333333,0.785536159601,0.491263507897,0.462855923105,0.521121860263,1552
Random Forest,0.782666666667,0.785536159601,0.491263507897,0.462855923105,0.521121860263,1552
Random Forest,0.782666666667,0.786783042394,0.491263507897,0.462855923105,0.521121860263,1552
Random Forest,0.784,0.786783042394,0.491263507897,0.462855923105,0.521121860263,1552
Random Forest,0.784,0.793017456359,0.491263507897,0.462855923105,0.521121860263,1552
Random Forest,0.786666666667,0.793017456359,0.491263507897,0.462855923105,0.521121860263,1552
Random Forest,0.786666666667,0.794264339152,0.491263507897,0.462855923105,0.521121860263,1552
Random Forest,0.789333333333,0.794264339152,0.491263507897,0.462855923105,0.521121860263,1552
Random Forest,0.789333333333,0.798004987531,0.491263507897,0.462855923105,0.521121860263,1552
Random Forest,0.792,0.798004987531,0.491263507897,0.462855923105,0.521121860263,1552
Random Forest,0.792,0.800498753117,0.491263507897,0.462855923105,0.521121860263,1552
Random Forest,0.794666666667,0.800498753117,0.491263507897,0.462855923105,0.521121860263,1552
Random Forest,0.794666666667,0.802992518703,0.491263507897,0.462855923105,0.521121860263,1552
Random Forest,0.796,0.802992518703,0.491263507897,0.462855923105,0.521121860263,1552
Random Forest,0.796,0.806733167082,0.491263507897,0.462855923105,0.521121860263,1552
Random Forest,0.798666666667,0.806733167082,0.491263507897,0.462855923105,0.521121860263,1552
Random Forest,0.798666666667,0.807980049875,0.491263507897,0.462855923105,0.521121860263,1552
Random Forest,0.8,0.807980049875,0.491263507897,0.462855923105,0.521121860263,1552
Random Forest,0.8,0.809226932668,0.491263507897,0.462855923105,0.521121860263,1552
Random Forest,0.801333333333,0.809226932668,0.491263507897,0.462855923105,0.521121860263,1552
Random Forest,0.801333333333,0.812967581047,0.491263507897,0.462855923105,0.521121860263,1552
Random Forest,0.802666666667,0.812967581047,0.491263507897,0.462855923105,0.521121860263,1552
Random Forest,0.802666666667,0.81421446384,0.491263507897,0.462855923105,0.521121860263,1552
Random Forest,0.809333333333,0.81421446384,0.491263507897,0.462855923105,0.521121860263,1552
Random Forest,0.809333333333,0.816708229426,0.491263507897,0.462855923105,0.521121860263,1552
Random Forest,0.812,0.816708229426,0.491263507897,0.462855923105,0.521121860263,1552
Random Forest,0.812,0.817955112219,0.491263507897,0.462855923105,0.521121860263,1552
Random Forest,0.814666666667,0.817955112219,0.491263507897,0.462855923105,0.521121860263,1552
Random Forest,0.814666666667,0.819201995012,0.491263507897,0.462855923105,0.521121860263,1552
Random Forest,0.816,0.819201995012,0.491263507897,0.462855923105,0.521121860263,1552
Random Forest,0.816,0.821695760599,0.491263507897,0.462855923105,0.521121860263,1552
Random Forest,0.817333333333,0.821695760599,0.491263507897,0.462855923105,0.521121860263,1552
Random Forest,0.817333333333,0.822942643392,0.491263507897,0.462855923105,0.521121860263,1552
Random Forest,0.824,0.822942643392,0.491263507897,0.462855923105,0.521121860263,1552
Random Forest,0.824,0.824189526185,0.491263507897,0.462855923105,0.521121860263,1552
Random Forest,0.825333333333,0.824189526185,0.491263507897,0.462855923105,0.521121860263,1552
Random Forest,0.825333333333,0.825436408978,0.491263507897,0.462855923105,0.521121860263,1552
Random Forest,0.830666666667,0.825436408978,0.491263507897,0.462855923105,0.521121860263,1552
Random Forest,0.830666666667,0.827930174564,0.491263507897,0.462855923105,0.521121860263,1552
Random Forest,0.833333333333,0.827930174564,0.491263507897,0.462855923105,0.521121860263,1552
Random Forest,0.833333333333,0.829177057357,0.491263507897,0.462855923105,0.521121860263,1552
Random Forest,0.838666666667,0.829177057357,0.491263507897,0.462855923105,0.521121860263,1552
Random Forest,0.838666666667,0.83042394015,0.491263507897,0.462855923105,0.521121860263,1552
Random Forest,0.84,0.83042394015,0.491263507897,0.462855923105,0.521121860263,1552
Random Forest,0.84,0.831670822943,0.491263507897,0.462855923105,0.521121860263,1552
Random Forest,0.844,0.831670822943,0.491263507897,0.462855923105,0.521121860263,1552
Random Forest,0.844,0.832917705736,0.491263507897,0.462855923105,0.521121860263,1552
Random Forest,0.849333333333,0.832917705736,0.491263507897,0.462855923105,0.521121860263,1552
Random Forest,0.849333333333,0.837905236908,0.491263507897,0.462855923105,0.521121860263,1552
Random Forest,0.850666666667,0.837905236908,0.491263507897,0.462855923105,0.521121860263,1552
Random Forest,0.850666666667,0.839152119701,0.491263507897,0.462855923105,0.521121860263,1552
Random Forest,0.853333333333,0.839152119701,0.491263507897,0.462855923105,0.521121860263,1552
Random Forest,0.853333333333,0.844139650873,0.491263507897,0.462855923105,0.521121860263,1552
Random Forest,0.857333333333,0.844139650873,0.491263507897,0.462855923105,0.521121860263,1552
Random Forest,0.857333333333,0.846633416459,0.491263507897,0.462855923105,0.521121860263,1552
Random Forest,0.858666666667,0.846633416459,0.491263507897,0.462855923105,0.521121860263,1552
Random Forest,0.858666666667,0.847880299252,0.491263507897,0.462855923105,0.521121860263,1552
Random Forest,0.861333333333,0.847880299252,0.491263507897,0.462855923105,0.521121860263,1552
Random Forest,0.861333333333,0.850374064838,0.491263507897,0.462855923105,0.521121860263,1552
Random Forest,0.862666666667,0.850374064838,0.491263507897,0.462855923105,0.521121860263,1552
Random Forest,0.862666666667,0.851620947631,0.491263507897,0.462855923105,0.521121860263,1552
Random Forest,0.864,0.851620947631,0.491263507897,0.462855923105,0.521121860263,1552
Random Forest,0.864,0.85536159601,0.491263507897,0.462855923105,0.521121860263,1552
Random Forest,0.869333333333,0.85536159601,0.491263507897,0.462855923105,0.521121860263,1552
Random Forest,0.869333333333,0.861596009975,0.491263507897,0.462855923105,0.521121860263,1552
Random Forest,0.870666666667,0.861596009975,0.491263507897,0.462855923105,0.521121860263,1552
Random Forest,0.870666666667,0.862842892768,0.491263507897,0.462855923105,0.521121860263,1552
Random Forest,0.873333333333,0.862842892768,0.491263507897,0.462855923105,0.521121860263,1552
Random Forest,0.873333333333,0.864089775561,0.491263507897,0.462855923105,0.521121860263,1552
Random Forest,0.874666666667,0.864089775561,0.491263507897,0.462855923105,0.521121860263,1552
Random Forest,0.874666666667,0.865336658354,0.491263507897,0.462855923105,0.521121860263,1552
Random Forest,0.876,0.865336658354,0.491263507897,0.462855923105,0.521121860263,1552
Random Forest,0.876,0.866583541147,0.491263507897,0.462855923105,0.521121860263,1552
Random Forest,0.881333333333,0.866583541147,0.491263507897,0.462855923105,0.521121860263,1552
Random Forest,0.881333333333,0.869077306733,0.491263507897,0.462855923105,0.521121860263,1552
Random Forest,0.884,0.869077306733,0.491263507897,0.462855923105,0.521121860263,1552
Random Forest,0.884,0.870324189526,0.491263507897,0.462855923105,0.521121860263,1552
Random Forest,0.885333333333,0.870324189526,0.491263507897,0.462855923105,0.521121860263,1552
Random Forest,0.885333333333,0.872817955112,0.491263507897,0.462855923105,0.521121860263,1552
Random Forest,0.886666666667,0.872817955112,0.491263507897,0.462855923105,0.521121860263,1552
Random Forest,0.886666666667,0.874064837905,0.491263507897,0.462855923105,0.521121860263,1552
Random Forest,0.892,0.874064837905,0.491263507897,0.462855923105,0.521121860263,1552
Random Forest,0.892,0.879052369077,0.491263507897,0.462855923105,0.521121860263,1552
Random Forest,0.894666666667,0.879052369077,0.491263507897,0.462855923105,0.521121860263,1552
Random Forest,0.894666666667,0.881546134663,0.491263507897,0.462855923105,0.521121860263,1552
Random Forest,0.901333333333,0.881546134663,0.491263507897,0.462855923105,0.521121860263,1552
Random Forest,0.901333333333,0.884039900249,0.491263507897,0.462855923105,0.521121860263,1552
Random Forest,0.902666666667,0.884039900249,0.491263507897,0.462855923105,0.521121860263,1552
Random Forest,0.902666666667,0.885286783042,0.491263507897,0.462855923105,0.521121860263,1552
Random Forest,0.904,0.885286783042,0.491263507897,0.462855923105,0.521121860263,1552
Random Forest,0.904,0.889027431421,0.491263507897,0.462855923105,0.521121860263,1552
Random Forest,0.905333333333,0.889027431421,0.491263507897,0.462855923105,0.521121860263,1552
Random Forest,0.905333333333,0.891521197007,0.491263507897,0.462855923105,0.521121860263,1552
Random Forest,0.908,0.891521197007,0.491263507897,0.462855923105,0.521121860263,1552
Random Forest,0.908,0.8927680798,0.491263507897,0.462855923105,0.521121860263,1552
Random Forest,0.912,0.8927680798,0.491263507897,0.462855923105,0.521121860263,1552
Random Forest,0.912,0.894014962594,0.491263507897,0.462855923105,0.521121860263,1552
Random Forest,0.913333333333,0.894014962594,0.491263507897,0.462855923105,0.521121860263,1552
Random Forest,0.913333333333,0.895261845387,0.491263507897,0.462855923105,0.521121860263,1552
Random Forest,0.917333333333,0.895261845387,0.491263507897,0.462855923105,0.521121860263,1552
Random Forest,0.917333333333,0.89650872818,0.491263507897,0.462855923105,0.521121860263,1552
Random Forest,0.918666666667,0.89650872818,0.491263507897,0.462855923105,0.521121860263,1552
Random Forest,0.918666666667,0.897755610973,0.491263507897,0.462855923105,0.521121860263,1552
Random Forest,0.922666666667,0.897755610973,0.491263507897,0.462855923105,0.521121860263,1552
Random Forest,0.922666666667,0.899002493766,0.491263507897,0.462855923105,0.521121860263,1552
Random Forest,0.926666666667,0.899002493766,0.491263507897,0.462855923105,0.521121860263,1552
Random Forest,0.926666666667,0.900249376559,0.491263507897,0.462855923105,0.521121860263,1552
Random Forest,0.928,0.900249376559,0.491263507897,0.462855923105,0.521121860263,1552
Random Forest,0.928,0.901496259352,0.491263507897,0.462855923105,0.521121860263,1552
Random Forest,0.930666666667,0.901496259352,0.491263507897,0.462855923105,0.521121860263,1552
Random Forest,0.930666666667,0.906483790524,0.491263507897,0.462855923105,0.521121860263,1552
Random Forest,0.932,0.906483790524,0.491263507897,0.462855923105,0.521121860263,1552
Random Forest,0.932,0.912718204489,0.491263507897,0.462855923105,0.521121860263,1552
Random Forest,0.934666666667,0.912718204489,0.491263507897,0.462855923105,0.521121860263,1552
Random Forest,0.934666666667,0.913965087282,0.491263507897,0.462855923105,0.521121860263,1552
Random Forest,0.937333333333,0.913965087282,0.491263507897,0.462855923105,0.521121860263,1552
Random Forest,0.937333333333,0.915211970075,0.491263507897,0.462855923105,0.521121860263,1552
Random Forest,0.938666666667,0.915211970075,0.491263507897,0.462855923105,0.521121860263,1552
Random Forest,0.938666666667,0.916458852868,0.491263507897,0.462855923105,0.521121860263,1552
Random Forest,0.941333333333,0.916458852868,0.491263507897,0.462855923105,0.521121860263,1552
Random Forest,0.941333333333,0.92144638404,0.491263507897,0.462855923105,0.521121860263,1552
Random Forest,0.945333333333,0.92144638404,0.491263507897,0.462855923105,0.521121860263,1552
Random Forest,0.945333333333,0.922693266833,0.491263507897,0.462855923105,0.521121860263,1552
Random Forest,0.946666666667,0.922693266833,0.491263507897,0.462855923105,0.521121860263,1552
Random Forest,0.946666666667,0.923940149626,0.491263507897,0.462855923105,0.521121860263,1552
Random Forest,0.948,0.923940149626,0.491263507897,0.462855923105,0.521121860263,1552
Random Forest,0.948,0.925187032419,0.491263507897,0.462855923105,0.521121860263,1552
Random Forest,0.949333333333,0.925187032419,0.491263507897,0.462855923105,0.521121860263,1552
Random Forest,0.949333333333,0.931421446384,0.491263507897,0.462855923105,0.521121860263,1552
Random Forest,0.950666666667,0.931421446384,0.491263507897,0.462855923105,0.521121860263,1552
Random Forest,0.950666666667,0.937655860349,0.491263507897,0.462855923105,0.521121860263,1552
Random Forest,0.952,0.937655860349,0.491263507897,0.462855923105,0.521121860263,1552
Random Forest,0.952,0.938902743142,0.491263507897,0.462855923105,0.521121860263,1552
Random Forest,0.953333333333,0.938902743142,0.491263507897,0.462855923105,0.521121860263,1552
Random Forest,0.953333333333,0.940149625935,0.491263507897,0.462855923105,0.521121860263,1552
Random Forest,0.96,0.940149625935,0.491263507897,0.462855923105,0.521121860263,1552
Random Forest,0.96,0.941396508728,0.491263507897,0.462855923105,0.521121860263,1552
Random Forest,0.962666666667,0.941396508728,0.491263507897,0.462855923105,0.521121860263,1552
Random Forest,0.962666666667,0.942643391521,0.491263507897,0.462855923105,0.521121860263,1552
Random Forest,0.964,0.942643391521,0.491263507897,0.462855923105,0.521121860263,1552
Random Forest,0.964,0.9463840399,0.491263507897,0.462855923105,0.521121860263,1552
Random Forest,0.966666666667,0.9463840399,0.491263507897,0.462855923105,0.521121860263,1552
Random Forest,0.966666666667,0.948877805486,0.491263507897,0.462855923105,0.521121860263,1552
Random Forest,0.968,0.948877805486,0.491263507897,0.462855923105,0.521121860263,1552
Random Forest,0.968,0.950124688279,0.491263507897,0.462855923105,0.521121860263,1552
Random Forest,0.973333333333,0.950124688279,0.491263507897,0.462855923105,0.521121860263,1552
Random Forest,0.973333333333,0.956359102244,0.491263507897,0.462855923105,0.521121860263,1552
Random Forest,0.976,0.956359102244,0.491263507897,0.462855923105,0.521121860263,1552
Random Forest,0.976,0.961346633416,0.491263507897,0.462855923105,0.521121860263,1552
Random Forest,0.978666666667,0.961346633416,0.491263507897,0.462855923105,0.521121860263,1552
Random Forest,0.978666666667,0.963840399002,0.491263507897,0.462855923105,0.521121860263,1552
Random Forest,0.98,0.963840399002,0.491263507897,0.462855923105,0.521121860263,1552
Random Forest,0.98,0.965087281796,0.491263507897,0.462855923105,0.521121860263,1552
Random Forest,0.981333333333,0.965087281796,0.491263507897,0.462855923105,0.521121860263,1552
Random Forest,0.981333333333,0.970074812968,0.491263507897,0.462855923105,0.521121860263,1552
Random Forest,0.985333333333,0.970074812968,0.491263507897,0.462855923105,0.521121860263,1552
Random Forest,0.985333333333,0.972568578554,0.491263507897,0.462855923105,0.521121860263,1552
Random Forest,0.986666666667,0.972568578554,0.491263507897,0.462855923105,0.521121860263,1552
Random Forest,0.986666666667,0.977556109726,0.491263507897,0.462855923105,0.521121860263,1552
Random Forest,0.989333333333,0.977556109726,0.491263507897,0.462855923105,0.521121860263,1552
Random Forest,0.989333333333,0.980049875312,0.491263507897,0.462855923105,0.521121860263,1552
Random Forest,0.992,0.980049875312,0.491263507897,0.462855923105,0.521121860263,1552
Random Forest,0.992,0.982543640898,0.491263507897,0.462855923105,0.521121860263,1552
Random Forest,0.993333333333,0.982543640898,0.491263507897,0.462855923105,0.521121860263,1552
Random Forest,0.993333333333,0.990024937656,0.491263507897,0.462855923105,0.521121860263,1552
Random Forest,0.997333333333,0.990024937656,0.491263507897,0.462855923105,0.521121860263,1552
Random Forest,0.997333333333,0.991271820449,0.491263507897,0.462855923105,0.521121860263,1552
Random Forest,0.998666666667,0.991271820449,0.491263507897,0.462855923105,0.521121860263,1552
Random Forest,0.998666666667,0.995012468828,0.491263507897,0.462855923105,0.521121860263,1552
Random Forest,1,0.995012468828,0.491263507897,0.462855923105,0.521121860263,1552
Random Forest,1,1,0.491263507897,0.462855923105,0.521121860263,1552
