data,serie,patrimonio,cagr,sharpe,limiar
2019-08-05,Regressão Logística,1,-0.0504129854562,-0.307662259137,sem look-ahead (quantis dos 60 pregões anteriores)
2019-08-06,Regressão Logística,1,-0.0504129854562,-0.307662259137,sem look-ahead (quantis dos 60 pregões anteriores)
2019-08-07,Regressão Logística,1,-0.0504129854562,-0.307662259137,sem look-ahead (quantis dos 60 pregões anteriores)
2019-08-08,Regressão Logística,1,-0.0504129854562,-0.307662259137,sem look-ahead (quantis dos 60 pregões anteriores)
2019-08-09,Regressão Logística,1,-0.0504129854562,-0.307662259137,sem look-ahead (quantis dos 60 pregões anteriores)
2019-08-12,Regressão Logística,1,-0.0504129854562,-0.307662259137,sem look-ahead (quantis dos 60 pregões anteriores)
2019-08-13,Regressão Logística,1,-0.0504129854562,-0.307662259137,sem look-ahead (quantis dos 60 pregões anteriores)
2019-08-14,Regressão Logística,1,-0.0504129854562,-0.307662259137,sem look-ahead (quantis dos 60 pregões anteriores)
2019-08-15,Regressão Logística,1,-0.0504129854562,-0.307662259137,sem look-ahead (quantis dos 60 pregões anteriores)
2019-08-16,Regressão Logística,1,-0.0504129854562,-0.307662259137,sem look-ahead (quantis dos 60 pregões anteriores)
2019-08-19,Regressão Logística,1,-0.0504129854562,-0.307662259137,sem look-ahead (quantis dos 60 pregões anteriores)
2019-08-20,Regressão Logística,1,-0.0504129854562,-0.307662259137,sem look-ahead (quantis dos 60 pregões anteriores)
2019-08-21,Regressão Logística,1,-0.0504129854562,-0.307662259137,sem look-ahead (quantis dos 60 pregões anteriores)
2019-08-22,Regressão Logística,1,-0.0504129854562,-0.307662259137,sem look-ahead (quantis dos 60 pregões anteriores)
2019-08-23,Regressão Logística,1,-0.0504129854562,-0.307662259137,sem look-ahead (quantis dos 60 pregões anteriores)
2019-08-26,Regressão Logística,1,-0.0504129854562,-0.307662259137,sem look-ahead (quantis dos 60 pregões anteriores)
2019-08-27,Regressão Logística,1,-0.0504129854562,-0.307662259137,sem look-ahead (quantis dos 60 pregões anteriores)
2019-08-28,Regressão Logística,1,-0.0504129854562,-0.307662259137,sem look-ahead (quantis dos 60 pregões anteriores)
2019-08-29,Regressão Logística,1,-0.0504129854562,-0.307662259137,sem look-ahead (quantis dos 60 pregões anteriores)
2019-08-30,Regressão Logística,1,-0.0504129854562,-0.307662259137,sem look-ahead (quantis dos 60 pregões anteriores)
2019-09-02,Regressão Logística,1,-0.0504129854562,-0.307662259137,sem look-ahead (quantis dos 60 pregões anteriores)
2019-09-03,Regressão Logística,1,-0.0504129854562,-0.307662259137,sem look-ahead (quantis dos 60 pregões anteriores)
2019-09-04,Regressão Logística,1,-0.0504129854562,-0.307662259137,sem look-ahead (quantis dos 60 pregões anteriores)
2019-09-05,Regressão Logística,1,-0.0504129854562,-0.307662259137,sem look-ahead (quantis dos 60 pregões anteriores)
2019-09-06,Regressão Logística,1,-0.0504129854562,-0.307662259137,sem look-ahead (quantis dos 60 pregões anteriores)
2019-09-09,Regressão Logística,1,-0.0504129854562,-0.307662259137,sem look-ahead (quantis dos 60 pregões anteriores)
2019-09-10,Regressão Logística,1,-0.0504129854562,-0.307662259137,sem look-ahead (quantis dos 60 pregões anteriores)
2019-09-11,Regressão Logística,1,-0.0504129854562,-0.307662259137,sem look-ahead (quantis dos 60 pregões anteriores)
2019-09-12,Regressão Logística,1,-0.0504129854562,-0.307662259137,sem look-ahead (quantis dos 60 pregões anteriores)
2019-09-13,Regressão Logística,1,-0.0504129854562,-0.307662259137,sem look-ahead (quantis dos 60 pregões anteriores)
2019-09-16,Regressão Logística,1,-0.0504129854562,-0.307662259137,sem look-ahead (quantis dos 60 pregões anteriores)
2019-09-17,Regressão Logística,1,-0.0504129854562,-0.307662259137,sem look-ahead (quantis dos 60 pregões anteriores)
2019-09-18,Regressão Logística,1,-0.0504129854562,-0.307662259137,sem look-ahead (quantis dos 60 pregões anteriores)
2019-09-19,Regressão Logística,1,-0.0504129854562,-0.307662259137,sem look-ahead (quantis dos 60 pregões anteriores)
2019-09-20,Regressão Logística,1,-0.0504129854562,-0.307662259137,sem look-ahead (quantis dos 60 pregões anteriores)
2019-09-23,Regressão Logística,1,-0.0504129854562,-0.307662259137,sem look-ahead (quantis dos 60 pregões anteriores)
2019-09-24,Regressão Logística,1,-0.0504129854562,-0.307662259137,sem look-ahead (quantis dos 60 pregões anteriores)
2019-09-25,Regressão Logística,1,-0.0504129854562,-0.307662259137,sem look-ahead (quantis dos 60 pregões anteriores)
2019-09-26,Regressão Logística,1,-0.0504129854562,-0.307662259137,sem look-ahead (quantis dos 60 pregões anteriores)
2019-09-27,Regressão Logística,1,-0.0504129854562,-0.307662259137,sem look-ahead (quantis dos 60 pregões anteriores)
2019-09-30,Regressão Logística,1,-0.0504129854562,-0.307662259137,sem look-ahead (quantis dos 60 pregões anteriores)
2019-10-01,Regressão Logística,1,-0.0504129854562,-0.307662259137,sem look-ahead (quantis dos 60 pregões anteriores)
2019-10-02,Regressão Logística,1,-0.0504129854562,-0.307662259137,sem look-ahead (quantis dos 60 pregões anteriores)
2019-10-03,Regressão Logística,1,-0.0504129854562,-0.307662259137,sem look-ahead (quantis dos 60 pregões anteriores)
2019-10-04,Regressão Logística,1,-0.0504129854562,-0.307662259137,sem look-ahead (quantis dos 60 pregões anteriores)
2019-10-07,Regressão Logística,1,-0.0504129854562,-0.307662259137,sem look-ahead (quantis dos 60 pregões anteriores)
2019-10-08,Regressão Logística,1,-0.0504129854562,-0.307662259137,sem look-ahead (quantis dos 60 pregões anteriores)
2019-10-09,Regressão Logística,1,-0.0504129854562,-0.307662259137,sem look-ahead (quantis dos 60 pregões anteriores)
2019-10-10,Regressão Logística,1,-0.0504129854562,-0.307662259137,sem look-ahead (quantis dos 60 pregões anteriores)
2019-10-11,Regressão Logística,1,-0.0504129854562,-0.307662259137,sem look-ahead (quantis dos 60 pregões anteriores)
2019-10-14,Regressão Logística,1,-0.0504129854562,-0.307662259137,sem look-ahead (quantis dos 60 pregões anteriores)
2019-10-15,Regressão Logística,1,-0.0504129854562,-0.307662259137,sem look-ahead (quantis dos 60 pregões anteriores)
2019-10-16,Regressão Logística,1,-0.0504129854562,-0.307662259137,sem look-ahead (quantis dos 60 pregões anteriores)
2019-10-17,Regressão Logística,1,-0.0504129854562,-0.307662259137,sem look-ahead (quantis dos 60 pregões anteriores)
2019-10-18,Regressão Logística,1,-0.0504129854562,-0.307662259137,sem look-ahead (quantis dos 60 pregões anteriores)
2019-10-21,Regressão Logística,1,-0.0504129854562,-0.307662259137,sem look-ahead (quantis dos 60 pregões anteriores)
2019-10-22,Regressão Logística,1,-0.0504129854562,-0.307662259137,sem look-ahead (quantis dos 60 pregões anteriores)
2019-10-23,Regressão Logística,1,-0.0504129854562,-0.307662259137,sem look-ahead (quantis dos 60 pregões anteriores)
2019-10-24,Regressão Logística,1,-0.0504129854562,-0.307662259137,sem look-ahead (quantis dos 60 pregões anteriores)
2019-10-25,Regressão Logística,1,-0.0504129854562,-0.307662259137,sem look-ahead (quantis dos 60 pregões anteriores)
2019-10-28,Regressão Logística,1,-0.0504129854562,-0.307662259137,sem look-ahead (quantis dos 60 pregões anteriores)
2019-10-29,Regressão Logística,1,-0.0504129854562,-0.307662259137,sem look-ahead (quantis dos 60 pregões anteriores)
2019-10-30,Regressão Logística,1,-0.0504129854562,-0.307662259137,sem look-ahead (quantis dos 60 pregões anteriores)
2019-10-31,Regressão Logística,1,-0.0504129854562,-0.307662259137,sem look-ahead (quantis dos 60 pregões anteriores)
2019-11-01,Regressão Logística,0.9995,-0.0504129854562,-0.307662259137,sem look-ahead (quantis dos 60 pregões anteriores)
2019-11-04,Regressão Logística,1.00324133517,-0.0504129854562,-0.307662259137,sem look-ahead (quantis dos 60 pregões anteriores)
2019-11-05,Regressão Logística,1.00135403481,-0.0504129854562,-0.307662259137,sem look-ahead (quantis dos 60 pregões anteriores)
2019-11-06,Regressão Logística,1.00085335779,-0.0504129854562,-0.307662259137,sem look-ahead (quantis dos 60 pregões anteriores)
2019-11-07,Regressão Logística,1.01235518941,-0.0504129854562,-0.307662259137,sem look-ahead (quantis dos 60 pregões anteriores)
2019-11-08,Regressão Logística,0.994321795579,-0.0504129854562,-0.307662259137,sem look-ahead (quantis dos 60 pregões anteriores)
2019-11-11,Regressão Logística,0.999735509096,-0.0504129854562,-0.307662259137,sem look-ahead (quantis dos 60 pregões anteriores)
2019-11-12,Regressão Logística,0.986524569966,-0.0504129854562,-0.307662259137,sem look-ahead (quantis dos 60 pregões anteriores)
2019-11-13,Regressão Logística,0.978477907041,-0.0504129854562,-0.307662259137,sem look-ahead (quantis dos 60 pregões anteriores)
2019-11-14,Regressão Logística,0.98441821044,-0.0504129854562,-0.307662259137,sem look-ahead (quantis dos 60 pregões anteriores)
2019-11-18,Regressão Logística,0.982478142456,-0.0504129854562,-0.307662259137,sem look-ahead (quantis dos 60 pregões anteriores)
2019-11-19,Regressão Logística,0.975743335025,-0.0504129854562,-0.307662259137,sem look-ahead (quantis dos 60 pregões anteriores)
2019-11-21,Regressão Logística,0.993102324274,-0.0504129854562,-0.307662259137,sem look-ahead (quantis dos 60 pregões anteriores)
2019-11-22,Regressão Logística,1.00364568378,-0.0504129854562,-0.307662259137,sem look-ahead (quantis dos 60 pregões anteriores)
2019-11-25,Regressão Logística,1.00314386094,-0.0504129854562,-0.307662259137,sem look-ahead (quantis dos 60 pregões anteriores)
2019-11-26,Regressão Logística,0.990514817832,-0.0504129854562,-0.307662259137,sem look-ahead (quantis dos 60 pregões anteriores)
2019-11-27,Regressão Logística,0.996519395838,-0.0504129854562,-0.307662259137,sem look-ahead (quantis dos 60 pregões anteriores)
2019-11-28,Regressão Logística,1.00140582705,-0.0504129854562,-0.307662259137,sem look-ahead (quantis dos 60 pregões anteriores)
2019-11-29,Regressão Logística,1.00140582705,-0.0504129854562,-0.307662259137,sem look-ahead (quantis dos 60 pregões anteriores)
2019-12-02,Regressão Logística,1.00090512414,-0.0504129854562,-0.307662259137,sem look-ahead (quantis dos 60 pregões anteriores)
2019-12-03,Regressão Logística,0.999441036195,-0.0504129854562,-0.307662259137,sem look-ahead (quantis dos 60 pregões anteriores)
2019-12-04,Regressão Logística,0.998941315677,-0.0504129854562,-0.307662259137,sem look-ahead (quantis dos 60 pregões anteriores)
2019-12-05,Regressão Logística,1.00184845308,-0.0504129854562,-0.307662259137,sem look-ahead (quantis dos 60 pregões anteriores)
2019-12-06,Regressão Logística,1.00641293049,-0.0504129854562,-0.307662259137,sem look-ahead (quantis dos 60 pregões anteriores)
2019-12-09,Regressão Logística,1.00506351157,-0.0504129854562,-0.307662259137,sem look-ahead (quantis dos 60 pregões anteriores)
2019-12-10,Regressão Logística,1.00179874646,-0.0504129854562,-0.307662259137,sem look-ahead (quantis dos 60 pregões anteriores)
2019-12-11,Regressão Logística,1.00179874646,-0.0504129854562,-0.307662259137,sem look-ahead (quantis dos 60 pregões anteriores)
2019-12-12,Regressão Logística,1.00179874646,-0.0504129854562,-0.307662259137,sem look-ahead (quantis dos 60 pregões anteriores)
2019-12-13,Regressão Logística,1.00179874646,-0.0504129854562,-0.307662259137,sem look-ahead (quantis dos 60 pregões anteriores)
2019-12-16,Regressão Logística,1.00179874646,-0.0504129854562,-0.307662259137,sem look-ahead (quantis dos 60 pregões anteriores)
2019-12-17,Regressão Logística,1.00179874646,-0.0504129854562,-0.307662259137,sem look-ahead (quantis dos 60 pregões anteriores)
2019-12-18,Regressão Logística,1.00179874646,-0.0504129854562,-0.307662259137,sem look-ahead (quantis dos 60 pregões anteriores)
2019-12-19,Regressão Logística,1.00179874646,-0.0504129854562,-0.307662259137,sem look-ahead (quantis dos 60 pregões anteriores)
2019-12-20,Regressão Logística,1.00179874646,-0.0504129854562,-0.307662259137,sem look-ahead (quantis dos 60 pregões anteriores)
2019-12-23,Regressão Logística,1.00179874646,-0.0504129854562,-0.307662259137,sem look-ahead (quantis dos 60 pregões anteriores)
2019-12-26,Regressão Logística,1.00179874646,-0.0504129854562,-0.307662259137,sem look-ahead (quantis dos 60 pregões anteriores)
2019-12-27,Regressão Logística,1.00179874646,-0.0504129854562,-0.307662259137,sem look-ahead (quantis dos 60 pregões anteriores)
2019-12-30,Regressão Logística,1.00129784709,-0.0504129854562,-0.307662259137,sem look-ahead (quantis dos 60 pregões anteriores)
2020-01-02,Regressão Logística,1.02382540808,-0.0504129854562,-0.307662259137,sem look-ahead (quantis dos 60 pregões anteriores)
2020-01-03,Regressão Logística,1.01634788113,-0.0504129854562,-0.307662259137,sem look-ahead (quantis dos 60 pregões anteriores)
2020-01-06,Regressão Logística,1.00868165887,-0.0504129854562,-0.307662259137,sem look-ahead (quantis dos 60 pregões anteriores)
2020-01-07,Regressão Logística,1.00868165887,-0.0504129854562,-0.307662259137,sem look-ahead (quantis dos 60 pregões anteriores)
2020-01-08,Regressão Logística,1.00868165887,-0.0504129854562,-0.307662259137,sem look-ahead (quantis dos 60 pregões anteriores)
2020-01-09,Regressão Logística,1.00868165887,-0.0504129854562,-0.307662259137,sem look-ahead (quantis dos 60 pregões anteriores)
2020-01-10,Regressão Logística,1.00868165887,-0.0504129854562,-0.307662259137,sem look-ahead (quantis dos 60 pregões anteriores)
2020-01-13,Regressão Logística,1.00868165887,-0.0504129854562,-0.307662259137,sem look-ahead (quantis dos 60 pregões anteriores)
2020-01-14,Regressão Logística,1.00868165887,-0.0504129854562,-0.307662259137,sem look-ahead (quantis dos 60 pregões anteriores)
2020-01-15,Regressão Logística,1.00868165887,-0.0504129854562,-0.307662259137,sem look-ahead (quantis dos 60 pregões anteriores)
2020-01-16,Regressão Logística,1.00868165887,-0.0504129854562,-0.307662259137,sem look-ahead (quantis dos 60 pregões anteriores)
2020-01-17,Regressão Logística,1.00868165887,-0.0504129854562,-0.307662259137,sem look-ahead (quantis dos 60 pregões anteriores)
2020-01-20,Regressão Logística,1.00868165887,-0.0504129854562,-0.307662259137,sem look-ahead (quantis dos 60 pregões anteriores)
2020-01-21,Regressão Logística,1.00868165887,-0.0504129854562,-0.307662259137,sem look-ahead (quantis dos 60 pregões anteriores)
2020-01-22,Regressão Logística,1.00868165887,-0.0504129854562,-0.307662259137,sem look-ahead (quantis dos 60 pregões anteriores)
2020-01-23,Regressão Logística,1.00868165887,-0.0504129854562,-0.307662259137,sem look-ahead (quantis dos 60 pregões anteriores)
2020-01-24,Regressão Logística,1.00868165887,-0.0504129854562,-0.307662259137,sem look-ahead (quantis dos 60 pregões anteriores)
2020-01-27,Regressão Logística,1.00868165887,-0.0504129854562,-0.307662259137,sem look-ahead (quantis dos 60 pregões anteriores)
2020-01-28,Regressão Logística,1.00868165887,-0.0504129854562,-0.307662259137,sem look-ahead (quantis dos 60 pregões anteriores)
2020-01-29,Regressão Logística,1.00868165887,-0.0504129854562,-0.307662259137,sem look-ahead (quantis dos 60 pregões anteriores)
2020-01-30,Regressão Logística,1.00868165887,-0.0504129854562,-0.307662259137,sem look-ahead (quantis dos 60 pregões anteriores)
2020-01-31,Regressão Logística,1.00868165887,-0.0504129854562,-0.307662259137,sem look-ahead (quantis dos 60 pregões anteriores)
2020-02-03,Regressão Logística,1.00868165887,-0.0504129854562,-0.307662259137,sem look-ahead (quantis dos 60 pregões anteriores)
2020-02-04,Regressão Logística,1.00868165887,-0.0504129854562,-0.307662259137,sem look-ahead (quantis dos 60 pregões anteriores)
2020-02-05,Regressão Logística,1.00868165887,-0.0504129854562,-0.307662259137,sem look-ahead (quantis dos 60 pregões anteriores)
2020-02-06,Regressão Logística,1.00868165887,-0.0504129854562,-0.307662259137,sem look-ahead (quantis dos 60 pregões anteriores)
2020-02-07,Regressão Logística,1.00868165887,-0.0504129854562,-0.307662259137,sem look-ahead (quantis dos 60 pregões anteriores)
2020-02-10,Regressão Logística,1.00817731804,-0.0504129854562,-0.307662259137,sem look-ahead (quantis dos 60 pregões anteriores)
2020-02-11,Regressão Logística,1.03326308394,-0.0504129854562,-0.307662259137,sem look-ahead (quantis dos 60 pregões anteriores)
2020-02-12,Regressão Logística,1.04493275655,-0.0504129854562,-0.307662259137,sem look-ahead (quantis dos 60 pregões anteriores)
2020-02-13,Regressão Logística,1.03586928097,-0.0504129854562,-0.307662259137,sem look-ahead (quantis dos 60 pregões anteriores)
2020-02-14,Regressão Logística,1.02439664044,-0.0504129854562,-0.307662259137,sem look-ahead (quantis dos 60 pregões anteriores)
2020-02-17,Regressão Logística,1.03270781172,-0.0504129854562,-0.307662259137,sem look-ahead (quantis dos 60 pregões anteriores)
2020-02-18,Regressão Logística,1.02973441855,-0.0504129854562,-0.307662259137,sem look-ahead (quantis dos 60 pregões anteriores)
2020-02-19,Regressão Logística,1.04353562,-0.0504129854562,-0.307662259137,sem look-ahead (quantis dos 60 pregões anteriores)
2020-02-20,Regressão Logística,1.02623262117,-0.0504129854562,-0.307662259137,sem look-ahead (quantis dos 60 pregões anteriores)
2020-02-21,Regressão Logística,1.01812743797,-0.0504129854562,-0.307662259137,sem look-ahead (quantis dos 60 pregões anteriores)
2020-02-26,Regressão Logística,0.946810781811,-0.0504129854562,-0.307662259137,sem look-ahead (quantis dos 60 pregões anteriores)
2020-02-27,Regressão Logística,0.922325068144,-0.0504129854562,-0.307662259137,sem look-ahead (quantis dos 60 pregões anteriores)
2020-02-28,Regressão Logística,0.932964800344,-0.0504129854562,-0.307662259137,sem look-ahead (quantis dos 60 pregões anteriores)
2020-03-02,Regressão Logística,0.954933877018,-0.0504129854562,-0.307662259137,sem look-ahead (quantis dos 60 pregões anteriores)
2020-03-03,Regressão Logística,0.945189745171,-0.0504129854562,-0.307662259137,sem look-ahead (quantis dos 60 pregões anteriores)
2020-03-04,Regressão Logística,0.960298523136,-0.0504129854562,-0.307662259137,sem look-ahead (quantis dos 60 pregões anteriores)
2020-03-05,Regressão Logística,0.915599109488,-0.0504129854562,-0.307662259137,sem look-ahead (quantis dos 60 pregões anteriores)
2020-03-06,Regressão Logística,0.87766147851,-0.0504129854562,-0.307662259137,sem look-ahead (quantis dos 60 pregões anteriores)
2020-03-09,Regressão Logística,0.770816356327,-0.0504129854562,-0.307662259137,sem look-ahead (quantis dos 60 pregões anteriores)
2020-03-10,Regressão Logística,0.825868910062,-0.0504129854562,-0.307662259137,sem look-ahead (quantis dos 60 pregões anteriores)
2020-03-11,Regressão Logística,0.762791777158,-0.0504129854562,-0.307662259137,sem look-ahead (quantis dos 60 pregões anteriores)
2020-03-12,Regressão Logística,0.64967220876,-0.0504129854562,-0.307662259137,sem look-ahead (quantis dos 60 pregões anteriores)
2020-03-13,Regressão Logística,0.64967220876,-0.0504129854562,-0.307662259137,sem look-ahead (quantis dos 60 pregões anteriores)
2020-03-16,Regressão Logística,0.64967220876,-0.0504129854562,-0.307662259137,sem look-ahead (quantis dos 60 pregões anteriores)
2020-03-17,Regressão Logística,0.64967220876,-0.0504129854562,-0.307662259137,sem look-ahead (quantis dos 60 pregões anteriores)
2020-03-18,Regressão Logística,0.64967220876,-0.0504129854562,-0.307662259137,sem look-ahead (quantis dos 60 pregões anteriores)
2020-03-19,Regressão Logística,0.64967220876,-0.0504129854562,-0.307662259137,sem look-ahead (quantis dos 60 pregões anteriores)
2020-03-20,Regressão Logística,0.64967220876,-0.0504129854562,-0.307662259137,sem look-ahead (quantis dos 60 pregões anteriores)
2020-03-23,Regressão Logística,0.64967220876,-0.0504129854562,-0.307662259137,sem look-ahead (quantis dos 60 pregões anteriores)
2020-03-24,Regressão Logística,0.64967220876,-0.0504129854562,-0.307662259137,sem look-ahead (quantis dos 60 pregões anteriores)
2020-03-25,Regressão Logística,0.64967220876,-0.0504129854562,-0.307662259137,sem look-ahead (quantis dos 60 pregões anteriores)
2020-03-26,Regressão Logística,0.64967220876,-0.0504129854562,-0.307662259137,sem look-ahead (quantis dos 60 pregões anteriores)
2020-03-27,Regressão Logística,0.64967220876,-0.0504129854562,-0.307662259137,sem look-ahead (quantis dos 60 pregões anteriores)
2020-03-30,Regressão Logística,0.64967220876,-0.0504129854562,-0.307662259137,sem look-ahead (quantis dos 60 pregões anteriores)
2020-03-31,Regressão Logística,0.64967220876,-0.0504129854562,-0.307662259137,sem look-ahead (quantis dos 60 pregões anteriores)
2020-04-01,Regressão Logística,0.64967220876,-0.0504129854562,-0.307662259137,sem look-ahead (quantis dos 60 pregões anteriores)
2020-04-02,Regressão Logística,0.64967220876,-0.0504129854562,-0.307662259137,sem look-ahead (quantis dos 60 pregões anteriores)
2020-04-03,Regressão Logística,0.64967220876,-0.0504129854562,-0.307662259137,sem look-ahead (quantis dos 60 pregões anteriores)
2020-04-06,Regressão Logística,0.649347372655,-0.0504129854562,-0.307662259137,sem look-ahead (quantis dos 60 pregões anteriores)
2020-04-07,Regressão Logística,0.669378406183,-0.0504129854562,-0.307662259137,sem look-ahead (quantis dos 60 pregões anteriores)
2020-04-08,Regressão Logística,0.688916956808,-0.0504129854562,-0.307662259137,sem look-ahead (quantis dos 60 pregões anteriores)
2020-04-09,Regressão Logística,0.688916956808,-0.0504129854562,-0.307662259137,sem look-ahead (quantis dos 60 pregões anteriores)
2020-04-13,Regressão Logística,0.688916956808,-0.0504129854562,-0.307662259137,sem look-ahead (quantis dos 60 pregões anteriores)
2020-04-14,Regressão Logística,0.688916956808,-0.0504129854562,-0.307662259137,sem look-ahead (quantis dos 60 pregões anteriores)
2020-04-15,Regressão Logística,0.688916956808,-0.0504129854562,-0.307662259137,sem look-ahead (quantis dos 60 pregões anteriores)
2020-04-16,Regressão Logística,0.688916956808,-0.0504129854562,-0.307662259137,sem look-ahead (quantis dos 60 pregões anteriores)
2020-04-17,Regressão Logística,0.688916956808,-0.0504129854562,-0.307662259137,sem look-ahead (quantis dos 60 pregões anteriores)
2020-04-20,Regressão Logística,0.688916956808,-0.0504129854562,-0.307662259137,sem look-ahead (quantis dos 60 pregões anteriores)
2020-04-22,Regressão Logística,0.68857249833,-0.0504129854562,-0.307662259137,sem look-ahead (quantis dos 60 pregões anteriores)
2020-04-23,Regressão Logística,0.679919152521,-0.0504129854562,-0.307662259137,sem look-ahead (quantis dos 60 pregões anteriores)
2020-04-24,Regressão Logística,0.642865082005,-0.0504129854562,-0.307662259137,sem look-ahead (quantis dos 60 pregões anteriores)
2020-04-27,Regressão Logística,0.667681580637,-0.0504129854562,-0.307662259137,sem look-ahead (quantis dos 60 pregões anteriores)
2020-04-28,Regressão Logística,0.693906168084,-0.0504129854562,-0.307662259137,sem look-ahead (quantis dos 60 pregões anteriores)
2020-04-29,Regressão Logística,0.709423682317,-0.0504129854562,-0.307662259137,sem look-ahead (quantis dos 60 pregões anteriores)
2020-04-30,Regressão Logística,0.709423682317,-0.0504129854562,-0.307662259137,sem look-ahead (quantis dos 60 pregões anteriores)
2020-05-04,Regressão Logística,0.709423682317,-0.0504129854562,-0.307662259137,sem look-ahead (quantis dos 60 pregões anteriores)
2020-05-05,Regressão Logística,0.709423682317,-0.0504129854562,-0.307662259137,sem look-ahead (quantis dos 60 pregões anteriores)
2020-05-06,Regressão Logística,0.709423682317,-0.0504129854562,-0.307662259137,sem look-ahead (quantis dos 60 pregões anteriores)
2020-05-07,Regressão Logística,0.709423682317,-0.0504129854562,-0.307662259137,sem look-ahead (quantis dos 60 pregões anteriores)
2020-05-08,Regressão Logística,0.709423682317,-0.0504129854562,-0.307662259137,sem look-ahead (quantis dos 60 pregões anteriores)
2020-05-11,Regressão Logística,0.709423682317,-0.0504129854562,-0.307662259137,sem look-ahead (quantis dos 60 pregões anteriores)
2020-05-12,Regressão Logística,0.709423682317,-0.0504129854562,-0.307662259137,sem look-ahead (quantis dos 60 pregões anteriores)
2020-05-13,Regressão Logística,0.709423682317,-0.0504129854562,-0.307662259137,sem look-ahead (quantis dos 60 pregões anteriores)
2020-05-14,Regressão Logística,0.709423682317,-0.0504129854562,-0.307662259137,sem look-ahead (quantis dos 60 pregões anteriores)
2020-05-15,Regressão Logística,0.709423682317,-0.0504129854562,-0.307662259137,sem look-ahead (quantis dos 60 pregões anteriores)
2020-05-18,Regressão Logística,0.709423682317,-0.0504129854562,-0.307662259137,sem look-ahead (quantis dos 60 pregões anteriores)
2020-05-19,Regressão Logística,0.709423682317,-0.0504129854562,-0.307662259137,sem look-ahead (quantis dos 60 pregões anteriores)
2020-05-20,Regressão Logística,0.709423682317,-0.0504129854562,-0.307662259137,sem look-ahead (quantis dos 60 pregões anteriores)
2020-05-21,Regressão Logística,0.709423682317,-0.0504129854562,-0.307662259137,sem look-ahead (quantis dos 60 pregões anteriores)
2020-05-22,Regressão Logística,0.709423682317,-0.0504129854562,-0.307662259137,sem look-ahead (quantis dos 60 pregões anteriores)
2020-05-25,Regressão Logística,0.709423682317,-0.0504129854562,-0.307662259137,sem look-ahead (quantis dos 60 pregões anteriores)
2020-05-26,Regressão Logística,0.709423682317,-0.0504129854562,-0.307662259137,sem look-ahead (quantis dos 60 pregões anteriores)
2020-05-27,Regressão Logística,0.709423682317,-0.0504129854562,-0.307662259137,sem look-ahead (quantis dos 60 pregões anteriores)
2020-05-28,Regressão Logística,0.709423682317,-0.0504129854562,-0.307662259137,sem look-ahead (quantis dos 60 pregões anteriores)
2020-05-29,Regressão Logística,0.709423682317,-0.0504129854562,-0.307662259137,sem look-ahead (quantis dos 60 pregões anteriores)
2020-06-01,Regressão Logística,0.709423682317,-0.0504129854562,-0.307662259137,sem look-ahead (quantis dos 60 pregões anteriores)
2020-06-02,Regressão Logística,0.709423682317,-0.0504129854562,-0.307662259137,sem look-ahead (quantis dos 60 pregões anteriores)
2020-06-03,Regressão Logística,0.709423682317,-0.0504129854562,-0.307662259137,sem look-ahead (quantis dos 60 pregões anteriores)
2020-06-04,Regressão Logística,0.709423682317,-0.0504129854562,-0.307662259137,sem look-ahead (quantis dos 60 pregões anteriores)
2020-06-05,Regressão Logística,0.709423682317,-0.0504129854562,-0.307662259137,sem look-ahead (quantis dos 60 pregões anteriores)
2020-06-08,Regressão Logística,0.709423682317,-0.0504129854562,-0.307662259137,sem look-ahead (quantis dos 60 pregões anteriores)
2020-06-09,Regressão Logística,0.709423682317,-0.0504129854562,-0.307662259137,sem look-ahead (quantis dos 60 pregões anteriores)
2020-06-10,Regressão Logística,0.709423682317,-0.0504129854562,-0.307662259137,sem look-ahead (quantis dos 60 pregões anteriores)
2020-06-12,Regressão Logística,0.709423682317,-0.0504129854562,-0.307662259137,sem look-ahead (quantis dos 60 pregões anteriores)
2020-06-15,Regressão Logística,0.709423682317,-0.0504129854562,-0.307662259137,sem look-ahead (quantis dos 60 pregões anteriores)
2020-06-16,Regressão Logística,0.709423682317,-0.0504129854562,-0.307662259137,sem look-ahead (quantis dos 60 pregões anteriores)
2020-06-17,Regressão Logística,0.709423682317,-0.0504129854562,-0.307662259137,sem look-ahead (quantis dos 60 pregões anteriores)
2020-06-18,Regressão Logística,0.709423682317,-0.0504129854562,-0.307662259137,sem look-ahead (quantis dos 60 pregões anteriores)
2020-06-19,Regressão Logística,0.709423682317,-0.0504129854562,-0.307662259137,sem look-ahead (quantis dos 60 pregões anteriores)
2020-06-22,Regressão Logística,0.709423682317,-0.0504129854562,-0.307662259137,sem look-ahead (quantis dos 60 pregões anteriores)
2020-06-23,Regressão Logística,0.709423682317,-0.0504129854562,-0.307662259137,sem look-ahead (quantis dos 60 pregões anteriores)
2020-06-24,Regressão Logística,0.709423682317,-0.0504129854562,-0.307662259137,sem look-ahead (quantis dos 60 pregões anteriores)
2020-06-25,Regressão Logística,0.709423682317,-0.0504129854562,-0.307662259137,sem look-ahead (quantis dos 60 pregões anteriores)
2020-06-26,Regressão Logística,0.709423682317,-0.0504129854562,-0.307662259137,sem look-ahead (quantis dos 60 pregões anteriores)
2020-06-29,Regressão Logística,0.709423682317,-0.0504129854562,-0.307662259137,sem look-ahead (quantis dos 60 pregões anteriores)
2020-06-30,Regressão Logística,0.709423682317,-0.0504129854562,-0.307662259137,sem look-ahead (quantis dos 60 pregões anteriores)
2020-07-01,Regressão Logística,0.709423682317,-0.0504129854562,-0.307662259137,sem look-ahead (quantis dos 60 pregões anteriores)
2020-07-02,Regressão Logística,0.709068970476,-0.0504129854562,-0.307662259137,sem look-ahead (quantis dos 60 pregões anteriores)
2020-07-03,Regressão Logística,0.712974062743,-0.0504129854562,-0.307662259137,sem look-ahead (quantis dos 60 pregões anteriores)
2020-07-06,Regressão Logística,0.72862108591,-0.0504129854562,-0.307662259137,sem look-ahead (quantis dos 60 pregões anteriores)
2020-07-07,Regressão Logística,0.72862108591,-0.0504129854562,-0.307662259137,sem look-ahead (quantis dos 60 pregões anteriores)
2020-07-08,Regressão Logística,0.72862108591,-0.0504129854562,-0.307662259137,sem look-ahead (quantis dos 60 pregões anteriores)
2020-07-09,Regressão Logística,0.72862108591,-0.0504129854562,-0.307662259137,sem look-ahead (quantis dos 60 pregões anteriores)
2020-07-10,Regressão Logística,0.72862108591,-0.0504129854562,-0.307662259137,sem look-ahead (quantis dos 60 pregões anteriores)
2020-07-13,Regressão Logística,0.72862108591,-0.0504129854562,-0.307662259137,sem look-ahead (quantis dos 60 pregões anteriores)
2020-07-14,Regressão Logística,0.72862108591,-0.0504129854562,-0.307662259137,sem look-ahead (quantis dos 60 pregões anteriores)
2020-07-15,Regressão Logística,0.72862108591,-0.0504129854562,-0.307662259137,sem look-ahead (quantis dos 60 pregões anteriores)
2020-07-16,Regressão Logística,0.72862108591,-0.0504129854562,-0.307662259137,sem look-ahead (quantis dos 60 pregões anteriores)
2020-07-17,Regressão Logística,0.72862108591,-0.0504129854562,-0.307662259137,sem look-ahead (quantis dos 60 pregões anteriores)
2020-07-20,Regressão Logística,0.72862108591,-0.0504129854562,-0.307662259137,sem look-ahead (quantis dos 60 pregões anteriores)
2020-07-21,Regressão Logística,0.72862108591,-0.0504129854562,-0.307662259137,sem look-ahead (quantis dos 60 pregões anteriores)
2020-07-22,Regressão Logística,0.72862108591,-0.0504129854562,-0.307662259137,sem look-ahead (quantis dos 60 pregões anteriores)
2020-07-23,Regressão Logística,0.72862108591,-0.0504129854562,-0.307662259137,sem look-ahead (quantis dos 60 pregões anteriores)
2020-07-24,Regressão Logística,0.72862108591,-0.0504129854562,-0.307662259137,sem look-ahead (quantis dos 60 pregões anteriores)
2020-07-27,Regressão Logística,0.72862108591,-0.0504129854562,-0.307662259137,sem look-ahead (quantis dos 60 pregões anteriores)
2020-07-28,Regressão Logística,0.72862108591,-0.0504129854562,-0.307662259137,sem look-ahead (quantis dos 60 pregões anteriores)
2020-07-29,Regressão Logística,0.72862108591,-0.0504129854562,-0.307662259137,sem look-ahead (quantis dos 60 pregões anteriores)
2020-07-30,Regressão Logística,0.72862108591,-0.0504129854562,-0.307662259137,sem look-ahead (quantis dos 60 pregões anteriores)
2020-07-31,Regressão Logística,0.72862108591,-0.0504129854562,-0.307662259137,sem look-ahead (quantis dos 60 pregões anteriores)
2020-08-03,Regressão Logística,0.72862108591,-0.0504129854562,-0.307662259137,sem look-ahead (quantis dos 60 pregões anteriores)
2020-08-04,Regressão Logística,0.72862108591,-0.0504129854562,-0.307662259137,sem look-ahead (quantis dos 60 pregões anteriores)
2020-08-05,Regressão Logística,0.72862108591,-0.0504129854562,-0.307662259137,sem look-ahead (quantis dos 60 pregões anteriores)
2020-08-06,Regressão Logística,0.72862108591,-0.0504129854562,-0.307662259137,sem look-ahead (quantis dos 60 pregões anteriores)
2020-08-07,Regressão Logística,0.72862108591,-0.0504129854562,-0.307662259137,sem look-ahead (quantis dos 60 pregões anteriores)
2020-08-10,Regressão Logística,0.72862108591,-0.0504129854562,-0.307662259137,sem look-ahead (quantis dos 60 pregões anteriores)
2020-08-11,Regressão Logística,0.72862108591,-0.0504129854562,-0.307662259137,sem look-ahead (quantis dos 60 pregões anteriores)
2020-08-12,Regressão Logística,0.72862108591,-0.0504129854562,-0.307662259137,sem look-ahead (quantis dos 60 pregões anteriores)
2020-08-13,Regressão Logística,0.72862108591,-0.0504129854562,-0.307662259137,sem look-ahead (quantis dos 60 pregões anteriores)
2020-08-14,Regressão Logística,0.72862108591,-0.0504129854562,-0.307662259137,sem look-ahead (quantis dos 60 pregões anteriores)
2020-08-17,Regressão Logística,0.72862108591,-0.0504129854562,-0.307662259137,sem look-ahead (quantis dos 60 pregões anteriores)
2020-08-18,Regressão Logística,0.728256775367,-0.0504129854562,-0.307662259137,sem look-ahead (quantis dos 60 pregões anteriores)
2020-08-19,Regressão Logística,0.719616017468,-0.0504129854562,-0.307662259137,sem look-ahead (quantis dos 60 pregões anteriores)
2020-08-20,Regressão Logística,0.723997045833,-0.0504129854562,-0.307662259137,sem look-ahead (quantis dos 60 pregões anteriores)
2020-08-21,Regressão Logística,0.724375212776,-0.0504129854562,-0.307662259137,sem look-ahead (quantis dos 60 pregões anteriores)
2020-08-24,Regressão Logística,0.729557095267,-0.0504129854562,-0.307662259137,sem look-ahead (quantis dos 60 pregões anteriores)
2020-08-25,Regressão Logística,0.729557095267,-0.0504129854562,-0.307662259137,sem look-ahead (quantis dos 60 pregões anteriores)
2020-08-26,Regressão Logística,0.729192316719,-0.0504129854562,-0.307662259137,sem look-ahead (quantis dos 60 pregões anteriores)
2020-08-27,Regressão Logística,0.729170577256,-0.0504129854562,-0.307662259137,sem look-ahead (quantis dos 60 pregões anteriores)
2020-08-28,Regressão Logística,0.740177992056,-0.0504129854562,-0.307662259137,sem look-ahead (quantis dos 60 pregões anteriores)
2020-08-31,Regressão Logística,0.71970614621,-0.0504129854562,-0.307662259137,sem look-ahead (quantis dos 60 pregões anteriores)
2020-09-01,Regressão Logística,0.71970614621,-0.0504129854562,-0.307662259137,sem look-ahead (quantis dos 60 pregões anteriores)
2020-09-02,Regressão Logística,0.71970614621,-0.0504129854562,-0.307662259137,sem look-ahead (quantis dos 60 pregões anteriores)
2020-09-03,Regressão Logística,0.71970614621,-0.0504129854562,-0.307662259137,sem look-ahead (quantis dos 60 pregões anteriores)
2020-09-04,Regressão Logística,0.71970614621,-0.0504129854562,-0.307662259137,sem look-ahead (quantis dos 60 pregões anteriores)
2020-09-08,Regressão Logística,0.71970614621,-0.0504129854562,-0.307662259137,sem look-ahead (quantis dos 60 pregões anteriores)
2020-09-09,Regressão Logística,0.719346293137,-0.0504129854562,-0.307662259137,sem look-ahead (quantis dos 60 pregões anteriores)
2020-09-10,Regressão Logística,0.701537721338,-0.0504129854562,-0.307662259137,sem look-ahead (quantis dos 60 pregões anteriores)
2020-09-11,Regressão Logística,0.701537721338,-0.0504129854562,-0.307662259137,sem look-ahead (quantis dos 60 pregões anteriores)
2020-09-14,Regressão Logística,0.701537721338,-0.0504129854562,-0.307662259137,sem look-ahead (quantis dos 60 pregões anteriores)
2020-09-15,Regressão Logística,0.701537721338,-0.0504129854562,-0.307662259137,sem look-ahead (quantis dos 60 pregões anteriores)
2020-09-16,Regressão Logística,0.701537721338,-0.0504129854562,-0.307662259137,sem look-ahead (quantis dos 60 pregões anteriores)
2020-09-17,Regressão Logística,0.701537721338,-0.0504129854562,-0.307662259137,sem look-ahead (quantis dos 60 pregões anteriores)
2020-09-18,Regressão Logística,0.701537721338,-0.0504129854562,-0.307662259137,sem look-ahead (quantis dos 60 pregões anteriores)
2020-09-21,Regressão Logística,0.701186952478,-0.0504129854562,-0.307662259137,sem look-ahead (quantis dos 60 pregões anteriores)
2020-09-22,Regressão Logística,0.70302686788,-0.0504129854562,-0.307662259137,sem look-ahead (quantis dos 60 pregões anteriores)
2020-09-23,Regressão Logística,0.70302686788,-0.0504129854562,-0.307662259137,sem look-ahead (quantis dos 60 pregões anteriores)
2020-09-24,Regressão Logística,0.70302686788,-0.0504129854562,-0.307662259137,sem look-ahead (quantis dos 60 pregões anteriores)
2020-09-25,Regressão Logística,0.70302686788,-0.0504129854562,-0.307662259137,sem look-ahead (quantis dos 60 pregões anteriores)
2020-09-28,Regressão Logística,0.70302686788,-0.0504129854562,-0.307662259137,sem look-ahead (quantis dos 60 pregões anteriores)
2020-09-29,Regressão Logística,0.70302686788,-0.0504129854562,-0.307662259137,sem look-ahead (quantis dos 60 pregões anteriores)
2020-09-30,Regressão Logística,0.70302686788,-0.0504129854562,-0.307662259137,sem look-ahead (quantis dos 60 pregões anteriores)
2020-10-01,Regressão Logística,0.70302686788,-0.0504129854562,-0.307662259137,sem look-ahead (quantis dos 60 pregões anteriores)
2020-10-02,Regressão Logística,0.70302686788,-0.0504129854562,-0.307662259137,sem look-ahead (quantis dos 60 pregões anteriores)
2020-10-05,Regressão Logística,0.70302686788,-0.0504129854562,-0.307662259137,sem look-ahead (quantis dos 60 pregões anteriores)
2020-10-06,Regressão Logística,0.70302686788,-0.0504129854562,-0.307662259137,sem look-ahead (quantis dos 60 pregões anteriores)
2020-10-07,Regressão Logística,0.70302686788,-0.0504129854562,-0.307662259137,sem look-ahead (quantis dos 60 pregões anteriores)
2020-10-08,Regressão Logística,0.70302686788,-0.0504129854562,-0.307662259137,sem look-ahead (quantis dos 60 pregões anteriores)
2020-10-09,Regressão Logística,0.70302686788,-0.0504129854562,-0.307662259137,sem look-ahead (quantis dos 60 pregões anteriores)
2020-10-13,Regressão Logística,0.70302686788,-0.0504129854562,-0.307662259137,sem look-ahead (quantis dos 60 pregões anteriores)
2020-10-14,Regressão Logística,0.70302686788,-0.0504129854562,-0.307662259137,sem look-ahead (quantis dos 60 pregões anteriores)
2020-10-15,Regressão Logística,0.70302686788,-0.0504129854562,-0.307662259137,sem look-ahead (quantis dos 60 pregões anteriores)
2020-10-16,Regressão Logística,0.702675354446,-0.0504129854562,-0.307662259137,sem look-ahead (quantis dos 60 pregões anteriores)
2020-10-20,Regressão Logística,0.71607958945,-0.0504129854562,-0.307662259137,sem look-ahead (quantis dos 60 pregões anteriores)
2020-10-22,Regressão Logística,0.725449498569,-0.0504129854562,-0.307662259137,sem look-ahead (quantis dos 60 pregões anteriores)
2020-10-23,Regressão Logística,0.725449498569,-0.0504129854562,-0.307662259137,sem look-ahead (quantis dos 60 pregões anteriores)
2020-10-26,Regressão Logística,0.725449498569,-0.0504129854562,-0.307662259137,sem look-ahead (quantis dos 60 pregões anteriores)
2020-10-27,Regressão Logística,0.725449498569,-0.0504129854562,-0.307662259137,sem look-ahead (quantis dos 60 pregões anteriores)
2020-10-28,Regressão Logística,0.725449498569,-0.0504129854562,-0.307662259137,sem look-ahead (quantis dos 60 pregões anteriores)
2020-10-29,Regressão Logística,0.72508677382,-0.0504129854562,-0.307662259137,sem look-ahead (quantis dos 60 pregões anteriores)
2020-10-30,Regressão Logística,0.704979575993,-0.0504129854562,-0.307662259137,sem look-ahead (quantis dos 60 pregões anteriores)
2020-11-03,Regressão Logística,0.704979575993,-0.0504129854562,-0.307662259137,sem look-ahead (quantis dos 60 pregões anteriores)
2020-11-04,Regressão Logística,0.704979575993,-0.0504129854562,-0.307662259137,sem look-ahead (quantis dos 60 pregões anteriores)
2020-11-05,Regressão Logística,0.704979575993,-0.0504129854562,-0.307662259137,sem look-ahead (quantis dos 60 pregões anteriores)
2020-11-06,Regressão Logística,0.704979575993,-0.0504129854562,-0.307662259137,sem look-ahead (quantis dos 60 pregões anteriores)
2020-11-09,Regressão Logística,0.704979575993,-0.0504129854562,-0.307662259137,sem look-ahead (quantis dos 60 pregões anteriores)
2020-11-10,Regressão Logística,0.704979575993,-0.0504129854562,-0.307662259137,sem look-ahead (quantis dos 60 pregões anteriores)
2020-11-11,Regressão Logística,0.704979575993,-0.0504129854562,-0.307662259137,sem look-ahead (quantis dos 60 pregões anteriores)
2020-11-12,Regressão Logística,0.704979575993,-0.0504129854562,-0.307662259137,sem look-ahead (quantis dos 60 pregões anteriores)
2020-11-16,Regressão Logística,0.704979575993,-0.0504129854562,-0.307662259137,sem look-ahead (quantis dos 60 pregões anteriores)
2020-11-17,Regressão Logística,0.704979575993,-0.0504129854562,-0.307662259137,sem look-ahead (quantis dos 60 pregões anteriores)
2020-11-18,Regressão Logística,0.704979575993,-0.0504129854562,-0.307662259137,sem look-ahead (quantis dos 60 pregões anteriores)
2020-11-19,Regressão Logística,0.704979575993,-0.0504129854562,-0.307662259137,sem look-ahead (quantis dos 60 pregões anteriores)
2020-11-23,Regressão Logística,0.704979575993,-0.0504129854562,-0.307662259137,sem look-ahead (quantis dos 60 pregões anteriores)
2020-11-24,Regressão Logística,0.704979575993,-0.0504129854562,-0.307662259137,sem look-ahead (quantis dos 60 pregões anteriores)
2020-11-25,Regressão Logística,0.704979575993,-0.0504129854562,-0.307662259137,sem look-ahead (quantis dos 60 pregões anteriores)
2020-11-26,Regressão Logística,0.704979575993,-0.0504129854562,-0.307662259137,sem look-ahead (quantis dos 60 pregões anteriores)
2020-11-27,Regressão Logística,0.704979575993,-0.0504129854562,-0.307662259137,sem look-ahead (quantis dos 60 pregões anteriores)
2020-11-30,Regressão Logística,0.704979575993,-0.0504129854562,-0.307662259137,sem look-ahead (quantis dos 60 pregões anteriores)
2020-12-01,Regressão Logística,0.704627086205,-0.0504129854562,-0.307662259137,sem look-ahead (quantis dos 60 pregões anteriores)
2020-12-02,Regressão Logística,0.70730631148,-0.0504129854562,-0.307662259137,sem look-ahead (quantis dos 60 pregões anteriores)
2020-12-03,Regressão Logística,0.70730631148,-0.0504129854562,-0.307662259137,sem look-ahead (quantis dos 60 pregões anteriores)
2020-12-04,Regressão Logística,0.70730631148,-0.0504129854562,-0.307662259137,sem look-ahead (quantis dos 60 pregões anteriores)
2020-12-07,Regressão Logística,0.70730631148,-0.0504129854562,-0.307662259137,sem look-ahead (quantis dos 60 pregões anteriores)
2020-12-08,Regressão Logística,0.70730631148,-0.0504129854562,-0.307662259137,sem look-ahead (quantis dos 60 pregões anteriores)
2020-12-09,Regressão Logística,0.70730631148,-0.0504129854562,-0.307662259137,sem look-ahead (quantis dos 60 pregões anteriores)
2020-12-10,Regressão Logística,0.70730631148,-0.0504129854562,-0.307662259137,sem look-ahead (quantis dos 60 pregões anteriores)
2020-12-11,Regressão Logística,0.70730631148,-0.0504129854562,-0.307662259137,sem look-ahead (quantis dos 60 pregões anteriores)
2020-12-14,Regressão Logística,0.70730631148,-0.0504129854562,-0.307662259137,sem look-ahead (quantis dos 60 pregões anteriores)
2020-12-15,Regressão Logística,0.70730631148,-0.0504129854562,-0.307662259137,sem look-ahead (quantis dos 60 pregões anteriores)
2020-12-16,Regressão Logística,0.70730631148,-0.0504129854562,-0.307662259137,sem look-ahead (quantis dos 60 pregões anteriores)
2020-12-17,Regressão Logística,0.70730631148,-0.0504129854562,-0.307662259137,sem look-ahead (quantis dos 60 pregões anteriores)
2020-12-18,Regressão Logística,0.70730631148,-0.0504129854562,-0.307662259137,sem look-ahead (quantis dos 60 pregões anteriores)
2020-12-21,Regressão Logística,0.70730631148,-0.0504129854562,-0.307662259137,sem look-ahead (quantis dos 60 pregões anteriores)
2020-12-22,Regressão Logística,0.706952658324,-0.0504129854562,-0.307662259137,sem look-ahead (quantis dos 60 pregões anteriores)
2020-12-23,Regressão Logística,0.716121630385,-0.0504129854562,-0.307662259137,sem look-ahead (quantis dos 60 pregões anteriores)
2020-12-28,Regressão Logística,0.723376602315,-0.0504129854562,-0.307662259137,sem look-ahead (quantis dos 60 pregões anteriores)
2020-12-29,Regressão Logística,0.725952907255,-0.0504129854562,-0.307662259137,sem look-ahead (quantis dos 60 pregões anteriores)
2020-12-30,Regressão Logística,0.724926030993,-0.0504129854562,-0.307662259137,sem look-ahead (quantis dos 60 pregões anteriores)
2021-01-04,Regressão Logística,0.720381040203,-0.0504129854562,-0.307662259137,sem look-ahead (quantis dos 60 pregões anteriores)
2021-01-05,Regressão Logística,0.724421707149,-0.0504129854562,-0.307662259137,sem look-ahead (quantis dos 60 pregões anteriores)
2021-01-06,Regressão Logística,0.728237555031,-0.0504129854562,-0.307662259137,sem look-ahead (quantis dos 60 pregões anteriores)
2021-01-07,Regressão Logística,0.741027936867,-0.0504129854562,-0.307662259137,sem look-ahead (quantis dos 60 pregões anteriores)
2021-01-08,Regressão Logística,0.759991728652,-0.0504129854562,-0.307662259137,sem look-ahead (quantis dos 60 pregões anteriores)
2021-01-11,Regressão Logística,0.745818779454,-0.0504129854562,-0.307662259137,sem look-ahead (quantis dos 60 pregões anteriores)
2021-01-12,Regressão Logística,0.745818779454,-0.0504129854562,-0.307662259137,sem look-ahead (quantis dos 60 pregões anteriores)
2021-01-13,Regressão Logística,0.745818779454,-0.0504129854562,-0.307662259137,sem look-ahead (quantis dos 60 pregões anteriores)
2021-01-14,Regressão Logística,0.745818779454,-0.0504129854562,-0.307662259137,sem look-ahead (quantis dos 60 pregões anteriores)
2021-01-15,Regressão Logística,0.745818779454,-0.0504129854562,-0.307662259137,sem look-ahead (quantis dos 60 pregões anteriores)
2021-01-18,Regressão Logística,0.745818779454,-0.0504129854562,-0.307662259137,sem look-ahead (quantis dos 60 pregões anteriores)
2021-01-19,Regressão Logística,0.745818779454,-0.0504129854562,-0.307662259137,sem look-ahead (quantis dos 60 pregões anteriores)
2021-01-20,Regressão Logística,0.745818779454,-0.0504129854562,-0.307662259137,sem look-ahead (quantis dos 60 pregões anteriores)
2021-01-21,Regressão Logística,0.745818779454,-0.0504129854562,-0.307662259137,sem look-ahead (quantis dos 60 pregões anteriores)
2021-01-22,Regressão Logística,0.745818779454,-0.0504129854562,-0.307662259137,sem look-ahead (quantis dos 60 pregões anteriores)
2021-01-26,Regressão Logística,0.745818779454,-0.0504129854562,-0.307662259137,sem look-ahead (quantis dos 60 pregões anteriores)
2021-01-27,Regressão Logística,0.745818779454,-0.0504129854562,-0.307662259137,sem look-ahead (quantis dos 60 pregões anteriores)
2021-01-28,Regressão Logística,0.745818779454,-0.0504129854562,-0.307662259137,sem look-ahead (quantis dos 60 pregões anteriores)
2021-01-29,Regressão Logística,0.745445870065,-0.0504129854562,-0.307662259137,sem look-ahead (quantis dos 60 pregões anteriores)
2021-02-01,Regressão Logística,0.754172201162,-0.0504129854562,-0.307662259137,sem look-ahead (quantis dos 60 pregões anteriores)
2021-02-02,Regressão Logística,0.759379195859,-0.0504129854562,-0.307662259137,sem look-ahead (quantis dos 60 pregões anteriores)
2021-02-03,Regressão Logística,0.758999506261,-0.0504129854562,-0.307662259137,sem look-ahead (quantis dos 60 pregões anteriores)
2021-02-04,Regressão Logística,0.756057967143,-0.0504129854562,-0.307662259137,sem look-ahead (quantis dos 60 pregões anteriores)
2021-02-05,Regressão Logística,0.760267411053,-0.0504129854562,-0.307662259137,sem look-ahead (quantis dos 60 pregões anteriores)
2021-02-08,Regressão Logística,0.757674545753,-0.0504129854562,-0.307662259137,sem look-ahead (quantis dos 60 pregões anteriores)
2021-02-09,Regressão Logística,0.757123007168,-0.0504129854562,-0.307662259137,sem look-ahead (quantis dos 60 pregões anteriores)
2021-02-10,Regressão Logística,0.750789822731,-0.0504129854562,-0.307662259137,sem look-ahead (quantis dos 60 pregões anteriores)
2021-02-11,Regressão Logística,0.755517744608,-0.0504129854562,-0.307662259137,sem look-ahead (quantis dos 60 pregões anteriores)
2021-02-12,Regressão Logística,0.755517744608,-0.0504129854562,-0.307662259137,sem look-ahead (quantis dos 60 pregões anteriores)
2021-02-17,Regressão Logística,0.755517744608,-0.0504129854562,-0.307662259137,sem look-ahead (quantis dos 60 pregões anteriores)
2021-02-18,Regressão Logística,0.755139985736,-0.0504129854562,-0.307662259137,sem look-ahead (quantis dos 60 pregões anteriores)
2021-02-19,Regressão Logística,0.752277818845,-0.0504129854562,-0.307662259137,sem look-ahead (quantis dos 60 pregões anteriores)
2021-02-22,Regressão Logística,0.752277818845,-0.0504129854562,-0.307662259137,sem look-ahead (quantis dos 60 pregões anteriores)
2021-02-23,Regressão Logística,0.752277818845,-0.0504129854562,-0.307662259137,sem look-ahead (quantis dos 60 pregões anteriores)
2021-02-24,Regressão Logística,0.752277818845,-0.0504129854562,-0.307662259137,sem look-ahead (quantis dos 60 pregões anteriores)
2021-02-25,Regressão Logística,0.752277818845,-0.0504129854562,-0.307662259137,sem look-ahead (quantis dos 60 pregões anteriores)
2021-02-26,Regressão Logística,0.752277818845,-0.0504129854562,-0.307662259137,sem look-ahead (quantis dos 60 pregões anteriores)
2021-03-01,Regressão Logística,0.752277818845,-0.0504129854562,-0.307662259137,sem look-ahead (quantis dos 60 pregões anteriores)
2021-03-02,Regressão Logística,0.752277818845,-0.0504129854562,-0.307662259137,sem look-ahead (quantis dos 60 pregões anteriores)
2021-03-03,Regressão Logística,0.752277818845,-0.0504129854562,-0.307662259137,sem look-ahead (quantis dos 60 pregões anteriores)
2021-03-04,Regressão Logística,0.752277818845,-0.0504129854562,-0.307662259137,sem look-ahead (quantis dos 60 pregões anteriores)
2021-03-05,Regressão Logística,0.752277818845,-0.0504129854562,-0.307662259137,sem look-ahead (quantis dos 60 pregões anteriores)
2021-03-08,Regressão Logística,0.752277818845,-0.0504129854562,-0.307662259137,sem look-ahead (quantis dos 60 pregões anteriores)
2021-03-09,Regressão Logística,0.752277818845,-0.0504129854562,-0.307662259137,sem look-ahead (quantis dos 60 pregões anteriores)
2021-03-10,Regressão Logística,0.752277818845,-0.0504129854562,-0.307662259137,sem look-ahead (quantis dos 60 pregões anteriores)
2021-03-11,Regressão Logística,0.752277818845,-0.0504129854562,-0.307662259137,sem look-ahead (quantis dos 60 pregões anteriores)
2021-03-12,Regressão Logística,0.752277818845,-0.0504129854562,-0.307662259137,sem look-ahead (quantis dos 60 pregões anteriores)
2021-03-15,Regressão Logística,0.751901679936,-0.0504129854562,-0.307662259137,sem look-ahead (quantis dos 60 pregões anteriores)
2021-03-16,Regressão Logística,0.746078826607,-0.0504129854562,-0.307662259137,sem look-ahead (quantis dos 60 pregões anteriores)
2021-03-17,Regressão Logística,0.746078826607,-0.0504129854562,-0.307662259137,sem look-ahead (quantis dos 60 pregões anteriores)
2021-03-18,Regressão Logística,0.746078826607,-0.0504129854562,-0.307662259137,sem look-ahead (quantis dos 60 pregões anteriores)
2021-03-19,Regressão Logística,0.745705787194,-0.0504129854562,-0.307662259137,sem look-ahead (quantis dos 60 pregões anteriores)
2021-03-22,Regressão Logística,0.73735757427,-0.0504129854562,-0.307662259137,sem look-ahead (quantis dos 60 pregões anteriores)
2021-03-23,Regressão Logística,0.736988895483,-0.0504129854562,-0.307662259137,sem look-ahead (quantis dos 60 pregões anteriores)
2021-03-24,Regressão Logística,0.729193582873,-0.0504129854562,-0.307662259137,sem look-ahead (quantis dos 60 pregões anteriores)
2021-03-25,Regressão Logística,0.740164281587,-0.0504129854562,-0.307662259137,sem look-ahead (quantis dos 60 pregões anteriores)
2021-03-26,Regressão Logística,0.746502853287,-0.0504129854562,-0.307662259137,sem look-ahead (quantis dos 60 pregões anteriores)
2021-03-29,Regressão Logística,0.746502853287,-0.0504129854562,-0.307662259137,sem look-ahead (quantis dos 60 pregões anteriores)
2021-03-30,Regressão Logística,0.74612960186,-0.0504129854562,-0.307662259137,sem look-ahead (quantis dos 60 pregões anteriores)
2021-03-31,Regressão Logística,0.744750363572,-0.0504129854562,-0.307662259137,sem look-ahead (quantis dos 60 pregões anteriores)
2021-04-01,Regressão Logística,0.735932178033,-0.0504129854562,-0.307662259137,sem look-ahead (quantis dos 60 pregões anteriores)
2021-04-05,Regressão Logística,0.750027057885,-0.0504129854562,-0.307662259137,sem look-ahead (quantis dos 60 pregões anteriores)
2021-04-06,Regressão Logística,0.750027057885,-0.0504129854562,-0.307662259137,sem look-ahead (quantis dos 60 pregões anteriores)
2021-04-07,Regressão Logística,0.750027057885,-0.0504129854562,-0.307662259137,sem look-ahead (quantis dos 60 pregões anteriores)
2021-04-08,Regressão Logística,0.750027057885,-0.0504129854562,-0.307662259137,sem look-ahead (quantis dos 60 pregões anteriores)
2021-04-09,Regressão Logística,0.750027057885,-0.0504129854562,-0.307662259137,sem look-ahead (quantis dos 60 pregões anteriores)
2021-04-12,Regressão Logística,0.750027057885,-0.0504129854562,-0.307662259137,sem look-ahead (quantis dos 60 pregões anteriores)
2021-04-13,Regressão Logística,0.750027057885,-0.0504129854562,-0.307662259137,sem look-ahead (quantis dos 60 pregões anteriores)
2021-04-14,Regressão Logística,0.749652044356,-0.0504129854562,-0.307662259137,sem look-ahead (quantis dos 60 pregões anteriores)
2021-04-15,Regressão Logística,0.751807321248,-0.0504129854562,-0.307662259137,sem look-ahead (quantis dos 60 pregões anteriores)
2021-04-16,Regressão Logística,0.751807321248,-0.0504129854562,-0.307662259137,sem look-ahead (quantis dos 60 pregões anteriores)
2021-04-19,Regressão Logística,0.751807321248,-0.0504129854562,-0.307662259137,sem look-ahead (quantis dos 60 pregões anteriores)
2021-04-20,Regressão Logística,0.751807321248,-0.0504129854562,-0.307662259137,sem look-ahead (quantis dos 60 pregões anteriores)
2021-04-22,Regressão Logística,0.751807321248,-0.0504129854562,-0.307662259137,sem look-ahead (quantis dos 60 pregões anteriores)
2021-04-23,Regressão Logística,0.751807321248,-0.0504129854562,-0.307662259137,sem look-ahead (quantis dos 60 pregões anteriores)
2021-04-26,Regressão Logística,0.751807321248,-0.0504129854562,-0.307662259137,sem look-ahead (quantis dos 60 pregões anteriores)
2021-04-27,Regressão Logística,0.751807321248,-0.0504129854562,-0.307662259137,sem look-ahead (quantis dos 60 pregões anteriores)
2021-04-28,Regressão Logística,0.751807321248,-0.0504129854562,-0.307662259137,sem look-ahead (quantis dos 60 pregões anteriores)
2021-04-29,Regressão Logística,0.751807321248,-0.0504129854562,-0.307662259137,sem look-ahead (quantis dos 60 pregões anteriores)
2021-04-30,Regressão Logística,0.751807321248,-0.0504129854562,-0.307662259137,sem look-ahead (quantis dos 60 pregões anteriores)
2021-05-03,Regressão Logística,0.751807321248,-0.0504129854562,-0.307662259137,sem look-ahead (quantis dos 60 pregões anteriores)
2021-05-04,Regressão Logística,0.751807321248,-0.0504129854562,-0.307662259137,sem look-ahead (quantis dos 60 pregões anteriores)
2021-05-05,Regressão Logística,0.751807321248,-0.0504129854562,-0.307662259137,sem look-ahead (quantis dos 60 pregões anteriores)
2021-05-06,Regressão Logística,0.751807321248,-0.0504129854562,-0.307662259137,sem look-ahead (quantis dos 60 pregões anteriores)
2021-05-07,Regressão Logística,0.751807321248,-0.0504129854562,-0.307662259137,sem look-ahead (quantis dos 60 pregões anteriores)
2021-05-10,Regressão Logística,0.751807321248,-0.0504129854562,-0.307662259137,sem look-ahead (quantis dos 60 pregões anteriores)
2021-05-11,Regressão Logística,0.751807321248,-0.0504129854562,-0.307662259137,sem look-ahead (quantis dos 60 pregões anteriores)
2021-05-12,Regressão Logística,0.751807321248,-0.0504129854562,-0.307662259137,sem look-ahead (quantis dos 60 pregões anteriores)
2021-05-13,Regressão Logística,0.751807321248,-0.0504129854562,-0.307662259137,sem look-ahead (quantis dos 60 pregões anteriores)
2021-05-14,Regressão Logística,0.751807321248,-0.0504129854562,-0.307662259137,sem look-ahead (quantis dos 60 pregões anteriores)
2021-05-17,Regressão Logística,0.751807321248,-0.0504129854562,-0.307662259137,sem look-ahead (quantis dos 60 pregões anteriores)
2021-05-18,Regressão Logística,0.751807321248,-0.0504129854562,-0.307662259137,sem look-ahead (quantis dos 60 pregões anteriores)
2021-05-19,Regressão Logística,0.751807321248,-0.0504129854562,-0.307662259137,sem look-ahead (quantis dos 60 pregões anteriores)
2021-05-20,Regressão Logística,0.751807321248,-0.0504129854562,-0.307662259137,sem look-ahead (quantis dos 60 pregões anteriores)
2021-05-21,Regressão Logística,0.751807321248,-0.0504129854562,-0.307662259137,sem look-ahead (quantis dos 60 pregões anteriores)
2021-05-24,Regressão Logística,0.751807321248,-0.0504129854562,-0.307662259137,sem look-ahead (quantis dos 60 pregões anteriores)
2021-05-25,Regressão Logística,0.751807321248,-0.0504129854562,-0.307662259137,sem look-ahead (quantis dos 60 pregões anteriores)
2021-05-26,Regressão Logística,0.751807321248,-0.0504129854562,-0.307662259137,sem look-ahead (quantis dos 60 pregões anteriores)
2021-05-27,Regressão Logística,0.751807321248,-0.0504129854562,-0.307662259137,sem look-ahead (quantis dos 60 pregões anteriores)
2021-05-28,Regressão Logística,0.751807321248,-0.0504129854562,-0.307662259137,sem look-ahead (quantis dos 60 pregões anteriores)
2021-05-31,Regressão Logística,0.751807321248,-0.0504129854562,-0.307662259137,sem look-ahead (quantis dos 60 pregões anteriores)
2021-06-01,Regressão Logística,0.751807321248,-0.0504129854562,-0.307662259137,sem look-ahead (quantis dos 60 pregões anteriores)
2021-06-02,Regressão Logística,0.751431417587,-0.0504129854562,-0.307662259137,sem look-ahead (quantis dos 60 pregões anteriores)
2021-06-04,Regressão Logística,0.754475387111,-0.0504129854562,-0.307662259137,sem look-ahead (quantis dos 60 pregões anteriores)
2021-06-07,Regressão Logística,0.75786687359,-0.0504129854562,-0.307662259137,sem look-ahead (quantis dos 60 pregões anteriores)
2021-06-08,Regressão Logística,0.75786687359,-0.0504129854562,-0.307662259137,sem look-ahead (quantis dos 60 pregões anteriores)
2021-06-09,Regressão Logística,0.75786687359,-0.0504129854562,-0.307662259137,sem look-ahead (quantis dos 60 pregões anteriores)
2021-06-10,Regressão Logística,0.75786687359,-0.0504129854562,-0.307662259137,sem look-ahead (quantis dos 60 pregões anteriores)
2021-06-11,Regressão Logística,0.75786687359,-0.0504129854562,-0.307662259137,sem look-ahead (quantis dos 60 pregões anteriores)
2021-06-14,Regressão Logística,0.75786687359,-0.0504129854562,-0.307662259137,sem look-ahead (quantis dos 60 pregões anteriores)
2021-06-15,Regressão Logística,0.75786687359,-0.0504129854562,-0.307662259137,sem look-ahead (quantis dos 60 pregões anteriores)
2021-06-16,Regressão Logística,0.75786687359,-0.0504129854562,-0.307662259137,sem look-ahead (quantis dos 60 pregões anteriores)
2021-06-17,Regressão Logística,0.75786687359,-0.0504129854562,-0.307662259137,sem look-ahead (quantis dos 60 pregões anteriores)
2021-06-18,Regressão Logística,0.75786687359,-0.0504129854562,-0.307662259137,sem look-ahead (quantis dos 60 pregões anteriores)
2021-06-21,Regressão Logística,0.75786687359,-0.0504129854562,-0.307662259137,sem look-ahead (quantis dos 60 pregões anteriores)
2021-06-22,Regressão Logística,0.75786687359,-0.0504129854562,-0.307662259137,sem look-ahead (quantis dos 60 pregões anteriores)
2021-06-23,Regressão Logística,0.75786687359,-0.0504129854562,-0.307662259137,sem look-ahead (quantis dos 60 pregões anteriores)
2021-06-24,Regressão Logística,0.75786687359,-0.0504129854562,-0.307662259137,sem look-ahead (quantis dos 60 pregões anteriores)
2021-06-25,Regressão Logística,0.75786687359,-0.0504129854562,-0.307662259137,sem look-ahead (quantis dos 60 pregões anteriores)
2021-06-28,Regressão Logística,0.75786687359,-0.0504129854562,-0.307662259137,sem look-ahead (quantis dos 60 pregões anteriores)
2021-06-29,Regressão Logística,0.75786687359,-0.0504129854562,-0.307662259137,sem look-ahead (quantis dos 60 pregões anteriores)
2021-06-30,Regressão Logística,0.75786687359,-0.0504129854562,-0.307662259137,sem look-ahead (quantis dos 60 pregões anteriores)
2021-07-01,Regressão Logística,0.75786687359,-0.0504129854562,-0.307662259137,sem look-ahead (quantis dos 60 pregões anteriores)
2021-07-02,Regressão Logística,0.757487940153,-0.0504129854562,-0.307662259137,sem look-ahead (quantis dos 60 pregões anteriores)
2021-07-05,Regressão Logística,0.753321287585,-0.0504129854562,-0.307662259137,sem look-ahead (quantis dos 60 pregões anteriores)
2021-07-06,Regressão Logística,0.74248917799,-0.0504129854562,-0.307662259137,sem look-ahead (quantis dos 60 pregões anteriores)
2021-07-07,Regressão Logística,0.753908892434,-0.0504129854562,-0.307662259137,sem look-ahead (quantis dos 60 pregões anteriores)
2021-07-08,Regressão Logística,0.744465667028,-0.0504129854562,-0.307662259137,sem look-ahead (quantis dos 60 pregões anteriores)
2021-07-12,Regressão Logística,0.757321748882,-0.0504129854562,-0.307662259137,sem look-ahead (quantis dos 60 pregões anteriores)
2021-07-13,Regressão Logística,0.760728669928,-0.0504129854562,-0.307662259137,sem look-ahead (quantis dos 60 pregões anteriores)
2021-07-14,Regressão Logística,0.761766866794,-0.0504129854562,-0.307662259137,sem look-ahead (quantis dos 60 pregões anteriores)
2021-07-15,Regressão Logística,0.761766866794,-0.0504129854562,-0.307662259137,sem look-ahead (quantis dos 60 pregões anteriores)
2021-07-16,Regressão Logística,0.761766866794,-0.0504129854562,-0.307662259137,sem look-ahead (quantis dos 60 pregões anteriores)
2021-07-19,Regressão Logística,0.761766866794,-0.0504129854562,-0.307662259137,sem look-ahead (quantis dos 60 pregões anteriores)
2021-07-20,Regressão Logística,0.761385983361,-0.0504129854562,-0.307662259137,sem look-ahead (quantis dos 60 pregões anteriores)
2021-07-21,Regressão Logística,0.764211100524,-0.0504129854562,-0.307662259137,sem look-ahead (quantis dos 60 pregões anteriores)
2021-07-22,Regressão Logística,0.764211100524,-0.0504129854562,-0.307662259137,sem look-ahead (quantis dos 60 pregões anteriores)
2021-07-23,Regressão Logística,0.764211100524,-0.0504129854562,-0.307662259137,sem look-ahead (quantis dos 60 pregões anteriores)
2021-07-26,Regressão Logística,0.763828994974,-0.0504129854562,-0.307662259137,sem look-ahead (quantis dos 60 pregões anteriores)
2021-07-27,Regressão Logística,0.7553907711,-0.0504129854562,-0.307662259137,sem look-ahead (quantis dos 60 pregões anteriores)
2021-07-28,Regressão Logística,0.765538462741,-0.0504129854562,-0.307662259137,sem look-ahead (quantis dos 60 pregões anteriores)
2021-07-29,Regressão Logística,0.76145184668,-0.0504129854562,-0.307662259137,sem look-ahead (quantis dos 60 pregões anteriores)
2021-07-30,Regressão Logística,0.76145184668,-0.0504129854562,-0.307662259137,sem look-ahead (quantis dos 60 pregões anteriores)
2021-08-02,Regressão Logística,0.76145184668,-0.0504129854562,-0.307662259137,sem look-ahead (quantis dos 60 pregões anteriores)
2021-08-03,Regressão Logística,0.76145184668,-0.0504129854562,-0.307662259137,sem look-ahead (quantis dos 60 pregões anteriores)
2021-08-04,Regressão Logística,0.761071120757,-0.0504129854562,-0.307662259137,sem look-ahead (quantis dos 60 pregões anteriores)
2021-08-05,Regressão Logística,0.759640840545,-0.0504129854562,-0.307662259137,sem look-ahead (quantis dos 60 pregões anteriores)
2021-08-06,Regressão Logística,0.759640840545,-0.0504129854562,-0.307662259137,sem look-ahead (quantis dos 60 pregões anteriores)
2021-08-09,Regressão Logística,0.759640840545,-0.0504129854562,-0.307662259137,sem look-ahead (quantis dos 60 pregões anteriores)
2021-08-10,Regressão Logística,0.759261020125,-0.0504129854562,-0.307662259137,sem look-ahead (quantis dos 60 pregões anteriores)
2021-08-11,Regressão Logística,0.758353898237,-0.0504129854562,-0.307662259137,sem look-ahead (quantis dos 60 pregões anteriores)
2021-08-12,Regressão Logística,0.749935061538,-0.0504129854562,-0.307662259137,sem look-ahead (quantis dos 60 pregões anteriores)
2021-08-13,Regressão Logística,0.752998151201,-0.0504129854562,-0.307662259137,sem look-ahead (quantis dos 60 pregões anteriores)
2021-08-16,Regressão Logística,0.740484839679,-0.0504129854562,-0.307662259137,sem look-ahead (quantis dos 60 pregões anteriores)
2021-08-17,Regressão Logística,0.732556842906,-0.0504129854562,-0.307662259137,sem look-ahead (quantis dos 60 pregões anteriores)
2021-08-18,Regressão Logística,0.724722043587,-0.0504129854562,-0.307662259137,sem look-ahead (quantis dos 60 pregões anteriores)
2021-08-19,Regressão Logística,0.727965314994,-0.0504129854562,-0.307662259137,sem look-ahead (quantis dos 60 pregões anteriores)
2021-08-20,Regressão Logística,0.733118621627,-0.0504129854562,-0.307662259137,sem look-ahead (quantis dos 60 pregões anteriores)
2021-08-23,Regressão Logística,0.733118621627,-0.0504129854562,-0.307662259137,sem look-ahead (quantis dos 60 pregões anteriores)
2021-08-24,Regressão Logística,0.733118621627,-0.0504129854562,-0.307662259137,sem look-ahead (quantis dos 60 pregões anteriores)
2021-08-25,Regressão Logística,0.733118621627,-0.0504129854562,-0.307662259137,sem look-ahead (quantis dos 60 pregões anteriores)
2021-08-26,Regressão Logística,0.733118621627,-0.0504129854562,-0.307662259137,sem look-ahead (quantis dos 60 pregões anteriores)
2021-08-27,Regressão Logística,0.733118621627,-0.0504129854562,-0.307662259137,sem look-ahead (quantis dos 60 pregões anteriores)
2021-08-30,Regressão Logística,0.733118621627,-0.0504129854562,-0.307662259137,sem look-ahead (quantis dos 60 pregões anteriores)
2021-08-31,Regressão Logística,0.733118621627,-0.0504129854562,-0.307662259137,sem look-ahead (quantis dos 60 pregões anteriores)
2021-09-01,Regressão Logística,0.733118621627,-0.0504129854562,-0.307662259137,sem look-ahead (quantis dos 60 pregões anteriores)
2021-09-02,Regressão Logística,0.733118621627,-0.0504129854562,-0.307662259137,sem look-ahead (quantis dos 60 pregões anteriores)
2021-09-03,Regressão Logística,0.733118621627,-0.0504129854562,-0.307662259137,sem look-ahead (quantis dos 60 pregões anteriores)
2021-09-06,Regressão Logística,0.733118621627,-0.0504129854562,-0.307662259137,sem look-ahead (quantis dos 60 pregões anteriores)
2021-09-08,Regressão Logística,0.733118621627,-0.0504129854562,-0.307662259137,sem look-ahead (quantis dos 60 pregões anteriores)
2021-09-09,Regressão Logística,0.733118621627,-0.0504129854562,-0.307662259137,sem look-ahead (quantis dos 60 pregões anteriores)
2021-09-10,Regressão Logística,0.732752062316,-0.0504129854562,-0.307662259137,sem look-ahead (quantis dos 60 pregões anteriores)
2021-09-13,Regressão Logística,0.746331755962,-0.0504129854562,-0.307662259137,sem look-ahead (quantis dos 60 pregões anteriores)
2021-09-14,Regressão Logística,0.744901977075,-0.0504129854562,-0.307662259137,sem look-ahead (quantis dos 60 pregões anteriores)
2021-09-15,Regressão Logística,0.737361396957,-0.0504129854562,-0.307662259137,sem look-ahead (quantis dos 60 pregões anteriores)
2021-09-16,Regressão Logística,0.737361396957,-0.0504129854562,-0.307662259137,sem look-ahead (quantis dos 60 pregões anteriores)
2021-09-17,Regressão Logística,0.737361396957,-0.0504129854562,-0.307662259137,sem look-ahead (quantis dos 60 pregões anteriores)
2021-09-20,Regressão Logística,0.737361396957,-0.0504129854562,-0.307662259137,sem look-ahead (quantis dos 60 pregões anteriores)
2021-09-21,Regressão Logística,0.737361396957,-0.0504129854562,-0.307662259137,sem look-ahead (quantis dos 60 pregões anteriores)
2021-09-22,Regressão Logística,0.737361396957,-0.0504129854562,-0.307662259137,sem look-ahead (quantis dos 60 pregões anteriores)
2021-09-23,Regressão Logística,0.737361396957,-0.0504129854562,-0.307662259137,sem look-ahead (quantis dos 60 pregões anteriores)
2021-09-24,Regressão Logística,0.737361396957,-0.0504129854562,-0.307662259137,sem look-ahead (quantis dos 60 pregões anteriores)
2021-09-27,Regressão Logística,0.737361396957,-0.0504129854562,-0.307662259137,sem look-ahead (quantis dos 60 pregões anteriores)
2021-09-28,Regressão Logística,0.736992716259,-0.0504129854562,-0.307662259137,sem look-ahead (quantis dos 60 pregões anteriores)
2021-09-29,Regressão Logística,0.743571335271,-0.0504129854562,-0.307662259137,sem look-ahead (quantis dos 60 pregões anteriores)
2021-09-30,Regressão Logística,0.74234292373,-0.0504129854562,-0.307662259137,sem look-ahead (quantis dos 60 pregões anteriores)
2021-10-01,Regressão Logística,0.74234292373,-0.0504129854562,-0.307662259137,sem look-ahead (quantis dos 60 pregões anteriores)
2021-10-04,Regressão Logística,0.74234292373,-0.0504129854562,-0.307662259137,sem look-ahead (quantis dos 60 pregões anteriores)
2021-10-05,Regressão Logística,0.74234292373,-0.0504129854562,-0.307662259137,sem look-ahead (quantis dos 60 pregões anteriores)
2021-10-06,Regressão Logística,0.74234292373,-0.0504129854562,-0.307662259137,sem look-ahead (quantis dos 60 pregões anteriores)
2021-10-07,Regressão Logística,0.74234292373,-0.0504129854562,-0.307662259137,sem look-ahead (quantis dos 60 pregões anteriores)
2021-10-08,Regressão Logística,0.74234292373,-0.0504129854562,-0.307662259137,sem look-ahead (quantis dos 60 pregões anteriores)
2021-10-11,Regressão Logística,0.74234292373,-0.0504129854562,-0.307662259137,sem look-ahead (quantis dos 60 pregões anteriores)
2021-10-13,Regressão Logística,0.74234292373,-0.0504129854562,-0.307662259137,sem look-ahead (quantis dos 60 pregões anteriores)
2021-10-14,Regressão Logística,0.74234292373,-0.0504129854562,-0.307662259137,sem look-ahead (quantis dos 60 pregões anteriores)
2021-10-15,Regressão Logística,0.741971752268,-0.0504129854562,-0.307662259137,sem look-ahead (quantis dos 60 pregões anteriores)
2021-10-18,Regressão Logística,0.740176984158,-0.0504129854562,-0.307662259137,sem look-ahead (quantis dos 60 pregões anteriores)
2021-10-19,Regressão Logística,0.740176984158,-0.0504129854562,-0.307662259137,sem look-ahead (quantis dos 60 pregões anteriores)
2021-10-20,Regressão Logística,0.740176984158,-0.0504129854562,-0.307662259137,sem look-ahead (quantis dos 60 pregões anteriores)
2021-10-21,Regressão Logística,0.740176984158,-0.0504129854562,-0.307662259137,sem look-ahead (quantis dos 60 pregões anteriores)
2021-10-22,Regressão Logística,0.740176984158,-0.0504129854562,-0.307662259137,sem look-ahead (quantis dos 60 pregões anteriores)
2021-10-25,Regressão Logística,0.740176984158,-0.0504129854562,-0.307662259137,sem look-ahead (quantis dos 60 pregões anteriores)
2021-10-26,Regressão Logística,0.740176984158,-0.0504129854562,-0.307662259137,sem look-ahead (quantis dos 60 pregões anteriores)
2021-10-27,Regressão Logística,0.740176984158,-0.0504129854562,-0.307662259137,sem look-ahead (quantis dos 60 pregões anteriores)
2021-10-28,Regressão Logística,0.740176984158,-0.0504129854562,-0.307662259137,sem look-ahead (quantis dos 60 pregões anteriores)
2021-10-29,Regressão Logística,0.739806895666,-0.0504129854562,-0.307662259137,sem look-ahead (quantis dos 60 pregões anteriores)
2021-11-01,Regressão Logística,0.75445993415,-0.0504129854562,-0.307662259137,sem look-ahead (quantis dos 60 pregões anteriores)
2021-11-03,Regressão Logística,0.754931690511,-0.0504129854562,-0.307662259137,sem look-ahead (quantis dos 60 pregões anteriores)
2021-11-04,Regressão Logística,0.738793273516,-0.0504129854562,-0.307662259137,sem look-ahead (quantis dos 60 pregões anteriores)
2021-11-05,Regressão Logística,0.738423876879,-0.0504129854562,-0.307662259137,sem look-ahead (quantis dos 60 pregões anteriores)
2021-11-08,Regressão Logística,0.737751755047,-0.0504129854562,-0.307662259137,sem look-ahead (quantis dos 60 pregões anteriores)
2021-11-09,Regressão Logística,0.737382879169,-0.0504129854562,-0.307662259137,sem look-ahead (quantis dos 60 pregões anteriores)
2021-11-10,Regressão Logística,0.740039599079,-0.0504129854562,-0.307662259137,sem look-ahead (quantis dos 60 pregões anteriores)
2021-11-11,Regressão Logística,0.740039599079,-0.0504129854562,-0.307662259137,sem look-ahead (quantis dos 60 pregões anteriores)
2021-11-12,Regressão Logística,0.740039599079,-0.0504129854562,-0.307662259137,sem look-ahead (quantis dos 60 pregões anteriores)
2021-11-16,Regressão Logística,0.740039599079,-0.0504129854562,-0.307662259137,sem look-ahead (quantis dos 60 pregões anteriores)
2021-11-17,Regressão Logística,0.740039599079,-0.0504129854562,-0.307662259137,sem look-ahead (quantis dos 60 pregões anteriores)
2021-11-18,Regressão Logística,0.740039599079,-0.0504129854562,-0.307662259137,sem look-ahead (quantis dos 60 pregões anteriores)
2021-11-19,Regressão Logística,0.740039599079,-0.0504129854562,-0.307662259137,sem look-ahead (quantis dos 60 pregões anteriores)
2021-11-22,Regressão Logística,0.740039599079,-0.0504129854562,-0.307662259137,sem look-ahead (quantis dos 60 pregões anteriores)
2021-11-23,Regressão Logística,0.740039599079,-0.0504129854562,-0.307662259137,sem look-ahead (quantis dos 60 pregões anteriores)
2021-11-24,Regressão Logística,0.740039599079,-0.0504129854562,-0.307662259137,sem look-ahead (quantis dos 60 pregões anteriores)
2021-11-25,Regressão Logística,0.740039599079,-0.0504129854562,-0.307662259137,sem look-ahead (quantis dos 60 pregões anteriores)
2021-11-26,Regressão Logística,0.740039599079,-0.0504129854562,-0.307662259137,sem look-ahead (quantis dos 60 pregões anteriores)
2021-11-29,Regressão Logística,0.739669579279,-0.0504129854562,-0.307662259137,sem look-ahead (quantis dos 60 pregões anteriores)
2021-11-30,Regressão Logística,0.733201948881,-0.0504129854562,-0.307662259137,sem look-ahead (quantis dos 60 pregões anteriores)
2021-12-01,Regressão Logística,0.725000504327,-0.0504129854562,-0.307662259137,sem look-ahead (quantis dos 60 pregões anteriores)
2021-12-02,Regressão Logística,0.751554479633,-0.0504129854562,-0.307662259137,sem look-ahead (quantis dos 60 pregões anteriores)
2021-12-03,Regressão Logística,0.755524029157,-0.0504129854562,-0.307662259137,sem look-ahead (quantis dos 60 pregões anteriores)
2021-12-06,Regressão Logística,0.755524029157,-0.0504129854562,-0.307662259137,sem look-ahead (quantis dos 60 pregões anteriores)
2021-12-07,Regressão Logística,0.755524029157,-0.0504129854562,-0.307662259137,sem look-ahead (quantis dos 60 pregões anteriores)
2021-12-08,Regressão Logística,0.755524029157,-0.0504129854562,-0.307662259137,sem look-ahead (quantis dos 60 pregões anteriores)
2021-12-09,Regressão Logística,0.755524029157,-0.0504129854562,-0.307662259137,sem look-ahead (quantis dos 60 pregões anteriores)
2021-12-10,Regressão Logística,0.755524029157,-0.0504129854562,-0.307662259137,sem look-ahead (quantis dos 60 pregões anteriores)
2021-12-13,Regressão Logística,0.755524029157,-0.0504129854562,-0.307662259137,sem look-ahead (quantis dos 60 pregões anteriores)
2021-12-14,Regressão Logística,0.755524029157,-0.0504129854562,-0.307662259137,sem look-ahead (quantis dos 60 pregões anteriores)
2021-12-15,Regressão Logística,0.755524029157,-0.0504129854562,-0.307662259137,sem look-ahead (quantis dos 60 pregões anteriores)
2021-12-16,Regressão Logística,0.755524029157,-0.0504129854562,-0.307662259137,sem look-ahead (quantis dos 60 pregões anteriores)
2021-12-17,Regressão Logística,0.755146267142,-0.0504129854562,-0.307662259137,sem look-ahead (quantis dos 60 pregões anteriores)
2021-12-20,Regressão Logística,0.739405273811,-0.0504129854562,-0.307662259137,sem look-ahead (quantis dos 60 pregões anteriores)
2021-12-21,Regressão Logística,0.739405273811,-0.0504129854562,-0.307662259137,sem look-ahead (quantis dos 60 pregões anteriores)
2021-12-22,Regressão Logística,0.739405273811,-0.0504129854562,-0.307662259137,sem look-ahead (quantis dos 60 pregões anteriores)
2021-12-23,Regressão Logística,0.739405273811,-0.0504129854562,-0.307662259137,sem look-ahead (quantis dos 60 pregões anteriores)
2021-12-27,Regressão Logística,0.739405273811,-0.0504129854562,-0.307662259137,sem look-ahead (quantis dos 60 pregões anteriores)
2021-12-28,Regressão Logística,0.739405273811,-0.0504129854562,-0.307662259137,sem look-ahead (quantis dos 60 pregões anteriores)
2021-12-29,Regressão Logística,0.739405273811,-0.0504129854562,-0.307662259137,sem look-ahead (quantis dos 60 pregões anteriores)
2021-12-30,Regressão Logística,0.739405273811,-0.0504129854562,-0.307662259137,sem look-ahead (quantis dos 60 pregões anteriores)
2022-01-03,Regressão Logística,0.739035571174,-0.0504129854562,-0.307662259137,sem look-ahead (quantis dos 60 pregões anteriores)
2022-01-04,Regressão Logística,0.736134101677,-0.0504129854562,-0.307662259137,sem look-ahead (quantis dos 60 pregões anteriores)
2022-01-05,Regressão Logística,0.717930530955,-0.0504129854562,-0.307662259137,sem look-ahead (quantis dos 60 pregões anteriores)
2022-01-06,Regressão Logística,0.717930530955,-0.0504129854562,-0.307662259137,sem look-ahead (quantis dos 60 pregões anteriores)
2022-01-07,Regressão Logística,0.717930530955,-0.0504129854562,-0.307662259137,sem look-ahead (quantis dos 60 pregões anteriores)
2022-01-10,Regressão Logística,0.717930530955,-0.0504129854562,-0.307662259137,sem look-ahead (quantis dos 60 pregões anteriores)
2022-01-11,Regressão Logística,0.71757156569,-0.0504129854562,-0.307662259137,sem look-ahead (quantis dos 60 pregões anteriores)
2022-01-12,Regressão Logística,0.730398578342,-0.0504129854562,-0.307662259137,sem look-ahead (quantis dos 60 pregões anteriores)
2022-01-13,Regressão Logística,0.730398578342,-0.0504129854562,-0.307662259137,sem look-ahead (quantis dos 60 pregões anteriores)
2022-01-14,Regressão Logística,0.730398578342,-0.0504129854562,-0.307662259137,sem look-ahead (quantis dos 60 pregões anteriores)
2022-01-17,Regressão Logística,0.730398578342,-0.0504129854562,-0.307662259137,sem look-ahead (quantis dos 60 pregões anteriores)
2022-01-18,Regressão Logística,0.730398578342,-0.0504129854562,-0.307662259137,sem look-ahead (quantis dos 60 pregões anteriores)
2022-01-19,Regressão Logística,0.730033379052,-0.0504129854562,-0.307662259137,sem look-ahead (quantis dos 60 pregões anteriores)
2022-01-20,Regressão Logística,0.737028646308,-0.0504129854562,-0.307662259137,sem look-ahead (quantis dos 60 pregões anteriores)
2022-01-21,Regressão Logística,0.737028646308,-0.0504129854562,-0.307662259137,sem look-ahead (quantis dos 60 pregões anteriores)
2022-01-24,Regressão Logística,0.737028646308,-0.0504129854562,-0.307662259137,sem look-ahead (quantis dos 60 pregões anteriores)
2022-01-25,Regressão Logística,0.736660131985,-0.0504129854562,-0.307662259137,sem look-ahead (quantis dos 60 pregões anteriores)
2022-01-26,Regressão Logística,0.747880392279,-0.0504129854562,-0.307662259137,sem look-ahead (quantis dos 60 pregões anteriores)
2022-01-27,Regressão Logística,0.747880392279,-0.0504129854562,-0.307662259137,sem look-ahead (quantis dos 60 pregões anteriores)
2022-01-28,Regressão Logística,0.747880392279,-0.0504129854562,-0.307662259137,sem look-ahead (quantis dos 60 pregões anteriores)
2022-01-31,Regressão Logística,0.747880392279,-0.0504129854562,-0.307662259137,sem look-ahead (quantis dos 60 pregões anteriores)
2022-02-01,Regressão Logística,0.747880392279,-0.0504129854562,-0.307662259137,sem look-ahead (quantis dos 60 pregões anteriores)
2022-02-02,Regressão Logística,0.747880392279,-0.0504129854562,-0.307662259137,sem look-ahead (quantis dos 60 pregões anteriores)
2022-02-03,Regressão Logística,0.747880392279,-0.0504129854562,-0.307662259137,sem look-ahead (quantis dos 60 pregões anteriores)
2022-02-04,Regressão Logística,0.747880392279,-0.0504129854562,-0.307662259137,sem look-ahead (quantis dos 60 pregões anteriores)
2022-02-07,Regressão Logística,0.747880392279,-0.0504129854562,-0.307662259137,sem look-ahead (quantis dos 60 pregões anteriores)
2022-02-08,Regressão Logística,0.747880392279,-0.0504129854562,-0.307662259137,sem look-ahead (quantis dos 60 pregões anteriores)
2022-02-09,Regressão Logística,0.747880392279,-0.0504129854562,-0.307662259137,sem look-ahead (quantis dos 60 pregões anteriores)
2022-02-10,Regressão Logística,0.747880392279,-0.0504129854562,-0.307662259137,sem look-ahead (quantis dos 60 pregões anteriores)
2022-02-11,Regressão Logística,0.747880392279,-0.0504129854562,-0.307662259137,sem look-ahead (quantis dos 60 pregões anteriores)
2022-02-14,Regressão Logística,0.747880392279,-0.0504129854562,-0.307662259137,sem look-ahead (quantis dos 60 pregões anteriores)
2022-02-15,Regressão Logística,0.747880392279,-0.0504129854562,-0.307662259137,sem look-ahead (quantis dos 60 pregões anteriores)
2022-02-16,Regressão Logística,0.747880392279,-0.0504129854562,-0.307662259137,sem look-ahead (quantis dos 60 pregões anteriores)
2022-02-17,Regressão Logística,0.747880392279,-0.0504129854562,-0.307662259137,sem look-ahead (quantis dos 60 pregões anteriores)
2022-02-18,Regressão Logística,0.747880392279,-0.0504129854562,-0.307662259137,sem look-ahead (quantis dos 60 pregões anteriores)
2022-02-21,Regressão Logística,0.747880392279,-0.0504129854562,-0.307662259137,sem look-ahead (quantis dos 60 pregões anteriores)
2022-02-22,Regressão Logística,0.747880392279,-0.0504129854562,-0.307662259137,sem look-ahead (quantis dos 60 pregões anteriores)
2022-02-23,Regressão Logística,0.747880392279,-0.0504129854562,-0.307662259137,sem look-ahead (quantis dos 60 pregões anteriores)
2022-02-24,Regressão Logística,0.747880392279,-0.0504129854562,-0.307662259137,sem look-ahead (quantis dos 60 pregões anteriores)
2022-02-25,Regressão Logística,0.747880392279,-0.0504129854562,-0.307662259137,sem look-ahead (quantis dos 60 pregões anteriores)
2022-03-02,Regressão Logística,0.747506452083,-0.0504129854562,-0.307662259137,sem look-ahead (quantis dos 60 pregões anteriores)
2022-03-03,Regressão Logística,0.747454530194,-0.0504129854562,-0.307662259137,sem look-ahead (quantis dos 60 pregões anteriores)
2022-03-04,Regressão Logística,0.742963286816,-0.0504129854562,-0.307662259137,sem look-ahead (quantis dos 60 pregões anteriores)
2022-03-07,Regressão Logística,0.724264916624,-0.0504129854562,-0.307662259137,sem look-ahead (quantis dos 60 pregões anteriores)
2022-03-08,Regressão Logística,0.721371592088,-0.0504129854562,-0.307662259137,sem look-ahead (quantis dos 60 pregões anteriores)
2022-03-09,Regressão Logística,0.721371592088,-0.0504129854562,-0.307662259137,sem look-ahead (quantis dos 60 pregões anteriores)
2022-03-10,Regressão Logística,0.721371592088,-0.0504129854562,-0.307662259137,sem look-ahead (quantis dos 60 pregões anteriores)
2022-03-11,Regressão Logística,0.721371592088,-0.0504129854562,-0.307662259137,sem look-ahead (quantis dos 60 pregões anteriores)
2022-03-14,Regressão Logística,0.721371592088,-0.0504129854562,-0.307662259137,sem look-ahead (quantis dos 60 pregões anteriores)
2022-03-15,Regressão Logística,0.721010906292,-0.0504129854562,-0.307662259137,sem look-ahead (quantis dos 60 pregões anteriores)
2022-03-16,Regressão Logística,0.735257884341,-0.0504129854562,-0.307662259137,sem look-ahead (quantis dos 60 pregões anteriores)
2022-03-17,Regressão Logística,0.747886569792,-0.0504129854562,-0.307662259137,sem look-ahead (quantis dos 60 pregões anteriores)
2022-03-18,Regressão Logística,0.747886569792,-0.0504129854562,-0.307662259137,sem look-ahead (quantis dos 60 pregões anteriores)
2022-03-21,Regressão Logística,0.747886569792,-0.0504129854562,-0.307662259137,sem look-ahead (quantis dos 60 pregões anteriores)
2022-03-22,Regressão Logística,0.747886569792,-0.0504129854562,-0.307662259137,sem look-ahead (quantis dos 60 pregões anteriores)
2022-03-23,Regressão Logística,0.747512626508,-0.0504129854562,-0.307662259137,sem look-ahead (quantis dos 60 pregões anteriores)
2022-03-24,Regressão Logística,0.757296035386,-0.0504129854562,-0.307662259137,sem look-ahead (quantis dos 60 pregões anteriores)
2022-03-25,Regressão Logística,0.757296035386,-0.0504129854562,-0.307662259137,sem look-ahead (quantis dos 60 pregões anteriores)
2022-03-28,Regressão Logística,0.757296035386,-0.0504129854562,-0.307662259137,sem look-ahead (quantis dos 60 pregões anteriores)
2022-03-29,Regressão Logística,0.757296035386,-0.0504129854562,-0.307662259137,sem look-ahead (quantis dos 60 pregões anteriores)
2022-03-30,Regressão Logística,0.757296035386,-0.0504129854562,-0.307662259137,sem look-ahead (quantis dos 60 pregões anteriores)
2022-03-31,Regressão Logística,0.757296035386,-0.0504129854562,-0.307662259137,sem look-ahead (quantis dos 60 pregões anteriores)
2022-04-01,Regressão Logística,0.757296035386,-0.0504129854562,-0.307662259137,sem look-ahead (quantis dos 60 pregões anteriores)
2022-04-04,Regressão Logística,0.757296035386,-0.0504129854562,-0.307662259137,sem look-ahead (quantis dos 60 pregões anteriores)
2022-04-05,Regressão Logística,0.757296035386,-0.0504129854562,-0.307662259137,sem look-ahead (quantis dos 60 pregões anteriores)
2022-04-06,Regressão Logística,0.757296035386,-0.0504129854562,-0.307662259137,sem look-ahead (quantis dos 60 pregões anteriores)
2022-04-07,Regressão Logística,0.756917387368,-0.0504129854562,-0.307662259137,sem look-ahead (quantis dos 60 pregões anteriores)
2022-04-08,Regressão Logística,0.753100189724,-0.0504129854562,-0.307662259137,sem look-ahead (quantis dos 60 pregões anteriores)
2022-04-11,Regressão Logística,0.753100189724,-0.0504129854562,-0.307662259137,sem look-ahead (quantis dos 60 pregões anteriores)
2022-04-12,Regressão Logística,0.753100189724,-0.0504129854562,-0.307662259137,sem look-ahead (quantis dos 60 pregões anteriores)
2022-04-13,Regressão Logística,0.753100189724,-0.0504129854562,-0.307662259137,sem look-ahead (quantis dos 60 pregões anteriores)
2022-04-14,Regressão Logística,0.753100189724,-0.0504129854562,-0.307662259137,sem look-ahead (quantis dos 60 pregões anteriores)
2022-04-18,Regressão Logística,0.753100189724,-0.0504129854562,-0.307662259137,sem look-ahead (quantis dos 60 pregões anteriores)
2022-04-19,Regressão Logística,0.753100189724,-0.0504129854562,-0.307662259137,sem look-ahead (quantis dos 60 pregões anteriores)
2022-04-20,Regressão Logística,0.753100189724,-0.0504129854562,-0.307662259137,sem look-ahead (quantis dos 60 pregões anteriores)
2022-04-22,Regressão Logística,0.753100189724,-0.0504129854562,-0.307662259137,sem look-ahead (quantis dos 60 pregões anteriores)
2022-04-25,Regressão Logística,0.753100189724,-0.0504129854562,-0.307662259137,sem look-ahead (quantis dos 60 pregões anteriores)
2022-04-26,Regressão Logística,0.753100189724,-0.0504129854562,-0.307662259137,sem look-ahead (quantis dos 60 pregões anteriores)
2022-04-27,Regressão Logística,0.753100189724,-0.0504129854562,-0.307662259137,sem look-ahead (quantis dos 60 pregões anteriores)
2022-04-28,Regressão Logística,0.753100189724,-0.0504129854562,-0.307662259137,sem look-ahead (quantis dos 60 pregões anteriores)
2022-04-29,Regressão Logística,0.753100189724,-0.0504129854562,-0.307662259137,sem look-ahead (quantis dos 60 pregões anteriores)
2022-05-02,Regressão Logística,0.753100189724,-0.0504129854562,-0.307662259137,sem look-ahead (quantis dos 60 pregões anteriores)
2022-05-03,Regressão Logística,0.753100189724,-0.0504129854562,-0.307662259137,sem look-ahead (quantis dos 60 pregões anteriores)
2022-05-04,Regressão Logística,0.753100189724,-0.0504129854562,-0.307662259137,sem look-ahead (quantis dos 60 pregões anteriores)
2022-05-05,Regressão Logística,0.753100189724,-0.0504129854562,-0.307662259137,sem look-ahead (quantis dos 60 pregões anteriores)
2022-05-06,Regressão Logística,0.753100189724,-0.0504129854562,-0.307662259137,sem look-ahead (quantis dos 60 pregões anteriores)
2022-05-09,Regressão Logística,0.753100189724,-0.0504129854562,-0.307662259137,sem look-ahead (quantis dos 60 pregões anteriores)
2022-05-10,Regressão Logística,0.753100189724,-0.0504129854562,-0.307662259137,sem look-ahead (quantis dos 60 pregões anteriores)
2022-05-11,Regressão Logística,0.753100189724,-0.0504129854562,-0.307662259137,sem look-ahead (quantis dos 60 pregões anteriores)
2022-05-12,Regressão Logística,0.753100189724,-0.0504129854562,-0.307662259137,sem look-ahead (quantis dos 60 pregões anteriores)
2022-05-13,Regressão Logística,0.753100189724,-0.0504129854562,-0.307662259137,sem look-ahead (quantis dos 60 pregões anteriores)
2022-05-16,Regressão Logística,0.753100189724,-0.0504129854562,-0.307662259137,sem look-ahead (quantis dos 60 pregões anteriores)
2022-05-17,Regressão Logística,0.753100189724,-0.0504129854562,-0.307662259137,sem look-ahead (quantis dos 60 pregões anteriores)
2022-05-18,Regressão Logística,0.753100189724,-0.0504129854562,-0.307662259137,sem look-ahead (quantis dos 60 pregões anteriores)
2022-05-19,Regressão Logística,0.752723639629,-0.0504129854562,-0.307662259137,sem look-ahead (quantis dos 60 pregões anteriores)
2022-05-20,Regressão Logística,0.762779399276,-0.0504129854562,-0.307662259137,sem look-ahead (quantis dos 60 pregões anteriores)
2022-05-23,Regressão Logística,0.762779399276,-0.0504129854562,-0.307662259137,sem look-ahead (quantis dos 60 pregões anteriores)
2022-05-24,Regressão Logística,0.762779399276,-0.0504129854562,-0.307662259137,sem look-ahead (quantis dos 60 pregões anteriores)
2022-05-25,Regressão Logística,0.762779399276,-0.0504129854562,-0.307662259137,sem look-ahead (quantis dos 60 pregões anteriores)
2022-05-26,Regressão Logística,0.762779399276,-0.0504129854562,-0.307662259137,sem look-ahead (quantis dos 60 pregões anteriores)
2022-05-27,Regressão Logística,0.762779399276,-0.0504129854562,-0.307662259137,sem look-ahead (quantis dos 60 pregões anteriores)
2022-05-30,Regressão Logística,0.762779399276,-0.0504129854562,-0.307662259137,sem look-ahead (quantis dos 60 pregões anteriores)
2022-05-31,Regressão Logística,0.762779399276,-0.0504129854562,-0.307662259137,sem look-ahead (quantis dos 60 pregões anteriores)
2022-06-01,Regressão Logística,0.762779399276,-0.0504129854562,-0.307662259137,sem look-ahead (quantis dos 60 pregões anteriores)
2022-06-02,Regressão Logística,0.762398009576,-0.0504129854562,-0.307662259137,sem look-ahead (quantis dos 60 pregões anteriores)
2022-06-03,Regressão Logística,0.753640739725,-0.0504129854562,-0.307662259137,sem look-ahead (quantis dos 60 pregões anteriores)
2022-06-06,Regressão Logística,0.747427215958,-0.0504129854562,-0.307662259137,sem look-ahead (quantis dos 60 pregões anteriores)
2022-06-07,Regressão Logística,0.746640350503,-0.0504129854562,-0.307662259137,sem look-ahead (quantis dos 60 pregões anteriores)
2022-06-08,Regressão Logística,0.734721814769,-0.0504129854562,-0.307662259137,sem look-ahead (quantis dos 60 pregões anteriores)
2022-06-09,Regressão Logística,0.734721814769,-0.0504129854562,-0.307662259137,sem look-ahead (quantis dos 60 pregões anteriores)
2022-06-10,Regressão Logística,0.734721814769,-0.0504129854562,-0.307662259137,sem look-ahead (quantis dos 60 pregões anteriores)
2022-06-13,Regressão Logística,0.734721814769,-0.0504129854562,-0.307662259137,sem look-ahead (quantis dos 60 pregões anteriores)
2022-06-14,Regressão Logística,0.734721814769,-0.0504129854562,-0.307662259137,sem look-ahead (quantis dos 60 pregões anteriores)
2022-06-15,Regressão Logística,0.734721814769,-0.0504129854562,-0.307662259137,sem look-ahead (quantis dos 60 pregões anteriores)
2022-06-17,Regressão Logística,0.734721814769,-0.0504129854562,-0.307662259137,sem look-ahead (quantis dos 60 pregões anteriores)
2022-06-20,Regressão Logística,0.734354453861,-0.0504129854562,-0.307662259137,sem look-ahead (quantis dos 60 pregões anteriores)
2022-06-21,Regressão Logística,0.73275174492,-0.0504129854562,-0.307662259137,sem look-ahead (quantis dos 60 pregões anteriores)
2022-06-22,Regressão Logística,0.73275174492,-0.0504129854562,-0.307662259137,sem look-ahead (quantis dos 60 pregões anteriores)
2022-06-23,Regressão Logística,0.73275174492,-0.0504129854562,-0.307662259137,sem look-ahead (quantis dos 60 pregões anteriores)
2022-06-24,Regressão Logística,0.732385369048,-0.0504129854562,-0.307662259137,sem look-ahead (quantis dos 60 pregões anteriores)
2022-06-27,Regressão Logística,0.747913078956,-0.0504129854562,-0.307662259137,sem look-ahead (quantis dos 60 pregões anteriores)
2022-06-28,Regressão Logística,0.746255043155,-0.0504129854562,-0.307662259137,sem look-ahead (quantis dos 60 pregões anteriores)
2022-06-29,Regressão Logística,0.746255043155,-0.0504129854562,-0.307662259137,sem look-ahead (quantis dos 60 pregões anteriores)
2022-06-30,Regressão Logística,0.746255043155,-0.0504129854562,-0.307662259137,sem look-ahead (quantis dos 60 pregões anteriores)
2022-07-01,Regressão Logística,0.746255043155,-0.0504129854562,-0.307662259137,sem look-ahead (quantis dos 60 pregões anteriores)
2022-07-04,Regressão Logística,0.745881915634,-0.0504129854562,-0.307662259137,sem look-ahead (quantis dos 60 pregões anteriores)
2022-07-05,Regressão Logística,0.743133867723,-0.0504129854562,-0.307662259137,sem look-ahead (quantis dos 60 pregões anteriores)
2022-07-06,Regressão Logística,0.743133867723,-0.0504129854562,-0.307662259137,sem look-ahead (quantis dos 60 pregões anteriores)
2022-07-07,Regressão Logística,0.742762300789,-0.0504129854562,-0.307662259137,sem look-ahead (quantis dos 60 pregões anteriores)
2022-07-08,Regressão Logística,0.739510457499,-0.0504129854562,-0.307662259137,sem look-ahead (quantis dos 60 pregões anteriores)
2022-07-11,Regressão Logística,0.723825331489,-0.0504129854562,-0.307662259137,sem look-ahead (quantis dos 60 pregões anteriores)
2022-07-12,Regressão Logística,0.723825331489,-0.0504129854562,-0.307662259137,sem look-ahead (quantis dos 60 pregões anteriores)
2022-07-13,Regressão Logística,0.723463418824,-0.0504129854562,-0.307662259137,sem look-ahead (quantis dos 60 pregões anteriores)
2022-07-14,Regressão Logística,0.710454810236,-0.0504129854562,-0.307662259137,sem look-ahead (quantis dos 60 pregões anteriores)
2022-07-15,Regressão Logística,0.713633049834,-0.0504129854562,-0.307662259137,sem look-ahead (quantis dos 60 pregões anteriores)
2022-07-18,Regressão Logística,0.716330857865,-0.0504129854562,-0.307662259137,sem look-ahead (quantis dos 60 pregões anteriores)
2022-07-19,Regressão Logística,0.725795670171,-0.0504129854562,-0.307662259137,sem look-ahead (quantis dos 60 pregões anteriores)
2022-07-20,Regressão Logística,0.725795670171,-0.0504129854562,-0.307662259137,sem look-ahead (quantis dos 60 pregões anteriores)
2022-07-21,Regressão Logística,0.725795670171,-0.0504129854562,-0.307662259137,sem look-ahead (quantis dos 60 pregões anteriores)
2022-07-22,Regressão Logística,0.725795670171,-0.0504129854562,-0.307662259137,sem look-ahead (quantis dos 60 pregões anteriores)
2022-07-25,Regressão Logística,0.725795670171,-0.0504129854562,-0.307662259137,sem look-ahead (quantis dos 60 pregões anteriores)
2022-07-26,Regressão Logística,0.725795670171,-0.0504129854562,-0.307662259137,sem look-ahead (quantis dos 60 pregões anteriores)
2022-07-27,Regressão Logística,0.725795670171,-0.0504129854562,-0.307662259137,sem look-ahead (quantis dos 60 pregões anteriores)
2022-07-28,Regressão Logística,0.725795670171,-0.0504129854562,-0.307662259137,sem look-ahead (quantis dos 60 pregões anteriores)
2022-07-29,Regressão Logística,0.725795670171,-0.0504129854562,-0.307662259137,sem look-ahead (quantis dos 60 pregões anteriores)
2022-08-01,Regressão Logística,0.725795670171,-0.0504129854562,-0.307662259137,sem look-ahead (quantis dos 60 pregões anteriores)
2022-08-02,Regressão Logística,0.725795670171,-0.0504129854562,-0.307662259137,sem look-ahead (quantis dos 60 pregões anteriores)
2022-08-03,Regressão Logística,0.725432772336,-0.0504129854562,-0.307662259137,sem look-ahead (quantis dos 60 pregões anteriores)
2022-08-04,Regressão Logística,0.740231530987,-0.0504129854562,-0.307662259137,sem look-ahead (quantis dos 60 pregões anteriores)
2022-08-05,Regressão Logística,0.743915869646,-0.0504129854562,-0.307662259137,sem look-ahead (quantis dos 60 pregões anteriores)
2022-08-08,Regressão Logística,0.743915869646,-0.0504129854562,-0.307662259137,sem look-ahead (quantis dos 60 pregões anteriores)
2022-08-09,Regressão Logística,0.743915869646,-0.0504129854562,-0.307662259137,sem look-ahead (quantis dos 60 pregões anteriores)
2022-08-10,Regressão Logística,0.743915869646,-0.0504129854562,-0.307662259137,sem look-ahead (quantis dos 60 pregões anteriores)
2022-08-11,Regressão Logística,0.743915869646,-0.0504129854562,-0.307662259137,sem look-ahead (quantis dos 60 pregões anteriores)
2022-08-12,Regressão Logística,0.743915869646,-0.0504129854562,-0.307662259137,sem look-ahead (quantis dos 60 pregões anteriores)
2022-08-15,Regressão Logística,0.743915869646,-0.0504129854562,-0.307662259137,sem look-ahead (quantis dos 60 pregões anteriores)
2022-08-16,Regressão Logística,0.743543911712,-0.0504129854562,-0.307662259137,sem look-ahead (quantis dos 60 pregões anteriores)
2022-08-17,Regressão Logística,0.744827781317,-0.0504129854562,-0.307662259137,sem look-ahead (quantis dos 60 pregões anteriores)
2022-08-18,Regressão Logística,0.745515568606,-0.0504129854562,-0.307662259137,sem look-ahead (quantis dos 60 pregões anteriores)
2022-08-19,Regressão Logística,0.729965637982,-0.0504129854562,-0.307662259137,sem look-ahead (quantis dos 60 pregões anteriores)
2022-08-22,Regressão Logística,0.729965637982,-0.0504129854562,-0.307662259137,sem look-ahead (quantis dos 60 pregões anteriores)
2022-08-23,Regressão Logística,0.729965637982,-0.0504129854562,-0.307662259137,sem look-ahead (quantis dos 60 pregões anteriores)
2022-08-24,Regressão Logística,0.729965637982,-0.0504129854562,-0.307662259137,sem look-ahead (quantis dos 60 pregões anteriores)
2022-08-25,Regressão Logística,0.729965637982,-0.0504129854562,-0.307662259137,sem look-ahead (quantis dos 60 pregões anteriores)
2022-08-26,Regressão Logística,0.729965637982,-0.0504129854562,-0.307662259137,sem look-ahead (quantis dos 60 pregões anteriores)
2022-08-29,Regressão Logística,0.729965637982,-0.0504129854562,-0.307662259137,sem look-ahead (quantis dos 60 pregões anteriores)
2022-08-30,Regressão Logística,0.729600655163,-0.0504129854562,-0.307662259137,sem look-ahead (quantis dos 60 pregões anteriores)
2022-08-31,Regressão Logística,0.723236838301,-0.0504129854562,-0.307662259137,sem look-ahead (quantis dos 60 pregões anteriores)
2022-09-01,Regressão Logística,0.723236838301,-0.0504129854562,-0.307662259137,sem look-ahead (quantis dos 60 pregões anteriores)
2022-09-02,Regressão Logística,0.723236838301,-0.0504129854562,-0.307662259137,sem look-ahead (quantis dos 60 pregões anteriores)
2022-09-05,Regressão Logística,0.723236838301,-0.0504129854562,-0.307662259137,sem look-ahead (quantis dos 60 pregões anteriores)
2022-09-06,Regressão Logística,0.723236838301,-0.0504129854562,-0.307662259137,sem look-ahead (quantis dos 60 pregões anteriores)
2022-09-08,Regressão Logística,0.723236838301,-0.0504129854562,-0.307662259137,sem look-ahead (quantis dos 60 pregões anteriores)
2022-09-09,Regressão Logística,0.723236838301,-0.0504129854562,-0.307662259137,sem look-ahead (quantis dos 60 pregões anteriores)
2022-09-12,Regressão Logística,0.723236838301,-0.0504129854562,-0.307662259137,sem look-ahead (quantis dos 60 pregões anteriores)
2022-09-13,Regressão Logística,0.723236838301,-0.0504129854562,-0.307662259137,sem look-ahead (quantis dos 60 pregões anteriores)
2022-09-14,Regressão Logística,0.723236838301,-0.0504129854562,-0.307662259137,sem look-ahead (quantis dos 60 pregões anteriores)
2022-09-15,Regressão Logística,0.723236838301,-0.0504129854562,-0.307662259137,sem look-ahead (quantis dos 60 pregões anteriores)
2022-09-16,Regressão Logística,0.723236838301,-0.0504129854562,-0.307662259137,sem look-ahead (quantis dos 60 pregões anteriores)
2022-09-19,Regressão Logística,0.723236838301,-0.0504129854562,-0.307662259137,sem look-ahead (quantis dos 60 pregões anteriores)
2022-09-20,Regressão Logística,0.723236838301,-0.0504129854562,-0.307662259137,sem look-ahead (quantis dos 60 pregões anteriores)
2022-09-21,Regressão Logística,0.723236838301,-0.0504129854562,-0.307662259137,sem look-ahead (quantis dos 60 pregões anteriores)
2022-09-22,Regressão Logística,0.723236838301,-0.0504129854562,-0.307662259137,sem look-ahead (quantis dos 60 pregões anteriores)
2022-09-23,Regressão Logística,0.722875219882,-0.0504129854562,-0.307662259137,sem look-ahead (quantis dos 60 pregões anteriores)
2022-09-26,Regressão Logística,0.706038586614,-0.0504129854562,-0.307662259137,sem look-ahead (quantis dos 60 pregões anteriores)
2022-09-27,Regressão Logística,0.701263246356,-0.0504129854562,-0.307662259137,sem look-ahead (quantis dos 60 pregões anteriores)
2022-09-28,Regressão Logística,0.70139791354,-0.0504129854562,-0.307662259137,sem look-ahead (quantis dos 60 pregões anteriores)
2022-09-29,Regressão Logística,0.701047214583,-0.0504129854562,-0.307662259137,sem look-ahead (quantis dos 60 pregões anteriores)
2022-09-30,Regressão Logística,0.716148327922,-0.0504129854562,-0.307662259137,sem look-ahead (quantis dos 60 pregões anteriores)
2022-10-03,Regressão Logística,0.715790253758,-0.0504129854562,-0.307662259137,sem look-ahead (quantis dos 60 pregões anteriores)
2022-10-04,Regressão Logística,0.71638194839,-0.0504129854562,-0.307662259137,sem look-ahead (quantis dos 60 pregões anteriores)
2022-10-05,Regressão Logística,0.722348202593,-0.0504129854562,-0.307662259137,sem look-ahead (quantis dos 60 pregões anteriores)
2022-10-06,Regressão Logística,0.724585547919,-0.0504129854562,-0.307662259137,sem look-ahead (quantis dos 60 pregões anteriores)
2022-10-07,Regressão Logística,0.716913361049,-0.0504129854562,-0.307662259137,sem look-ahead (quantis dos 60 pregões anteriores)
2022-10-10,Regressão Logística,0.716913361049,-0.0504129854562,-0.307662259137,sem look-ahead (quantis dos 60 pregões anteriores)
2022-10-11,Regressão Logística,0.716913361049,-0.0504129854562,-0.307662259137,sem look-ahead (quantis dos 60 pregões anteriores)
2022-10-13,Regressão Logística,0.716913361049,-0.0504129854562,-0.307662259137,sem look-ahead (quantis dos 60 pregões anteriores)
2022-10-14,Regressão Logística,0.716913361049,-0.0504129854562,-0.307662259137,sem look-ahead (quantis dos 60 pregões anteriores)
2022-10-17,Regressão Logística,0.716913361049,-0.0504129854562,-0.307662259137,sem look-ahead (quantis dos 60 pregões anteriores)
2022-10-18,Regressão Logística,0.716913361049,-0.0504129854562,-0.307662259137,sem look-ahead (quantis dos 60 pregões anteriores)
2022-10-19,Regressão Logística,0.716913361049,-0.0504129854562,-0.307662259137,sem look-ahead (quantis dos 60 pregões anteriores)
2022-10-20,Regressão Logística,0.716913361049,-0.0504129854562,-0.307662259137,sem look-ahead (quantis dos 60 pregões anteriores)
2022-10-21,Regressão Logística,0.716913361049,-0.0504129854562,-0.307662259137,sem look-ahead (quantis dos 60 pregões anteriores)
2022-10-24,Regressão Logística,0.716913361049,-0.0504129854562,-0.307662259137,sem look-ahead (quantis dos 60 pregões anteriores)
2022-10-25,Regressão Logística,0.716913361049,-0.0504129854562,-0.307662259137,sem look-ahead (quantis dos 60 pregões anteriores)
2022-10-26,Regressão Logística,0.716913361049,-0.0504129854562,-0.307662259137,sem look-ahead (quantis dos 60 pregões anteriores)
2022-10-27,Regressão Logística,0.716913361049,-0.0504129854562,-0.307662259137,sem look-ahead (quantis dos 60 pregões anteriores)
2022-10-28,Regressão Logística,0.716913361049,-0.0504129854562,-0.307662259137,sem look-ahead (quantis dos 60 pregões anteriores)
2022-10-31,Regressão Logística,0.716554904369,-0.0504129854562,-0.307662259137,sem look-ahead (quantis dos 60 pregões anteriores)
2022-11-01,Regressão Logística,0.722063207537,-0.0504129854562,-0.307662259137,sem look-ahead (quantis dos 60 pregões anteriores)
2022-11-03,Regressão Logística,0.72185942502,-0.0504129854562,-0.307662259137,sem look-ahead (quantis dos 60 pregões anteriores)
2022-11-04,Regressão Logística,0.729634036779,-0.0504129854562,-0.307662259137,sem look-ahead (quantis dos 60 pregões anteriores)
2022-11-07,Regressão Logística,0.711898304052,-0.0504129854562,-0.307662259137,sem look-ahead (quantis dos 60 pregões anteriores)
2022-11-08,Regressão Logística,0.711898304052,-0.0504129854562,-0.307662259137,sem look-ahead (quantis dos 60 pregões anteriores)
2022-11-09,Regressão Logística,0.711898304052,-0.0504129854562,-0.307662259137,sem look-ahead (quantis dos 60 pregões anteriores)
2022-11-10,Regressão Logística,0.711898304052,-0.0504129854562,-0.307662259137,sem look-ahead (quantis dos 60 pregões anteriores)
2022-11-11,Regressão Logística,0.711898304052,-0.0504129854562,-0.307662259137,sem look-ahead (quantis dos 60 pregões anteriores)
2022-11-14,Regressão Logística,0.711898304052,-0.0504129854562,-0.307662259137,sem look-ahead (quantis dos 60 pregões anteriores)
2022-11-16,Regressão Logística,0.711898304052,-0.0504129854562,-0.307662259137,sem look-ahead (quantis dos 60 pregões anteriores)
2022-11-17,Regressão Logística,0.711898304052,-0.0504129854562,-0.307662259137,sem look-ahead (quantis dos 60 pregões anteriores)
2022-11-18,Regressão Logística,0.711898304052,-0.0504129854562,-0.307662259137,sem look-ahead (quantis dos 60 pregões anteriores)
2022-11-21,Regressão Logística,0.711898304052,-0.0504129854562,-0.307662259137,sem look-ahead (quantis dos 60 pregões anteriores)
2022-11-22,Regressão Logística,0.711898304052,-0.0504129854562,-0.307662259137,sem look-ahead (quantis dos 60 pregões anteriores)
2022-11-23,Regressão Logística,0.711898304052,-0.0504129854562,-0.307662259137,sem look-ahead (quantis dos 60 pregões anteriores)
2022-11-24,Regressão Logística,0.711898304052,-0.0504129854562,-0.307662259137,sem look-ahead (quantis dos 60 pregões anteriores)
2022-11-25,Regressão Logística,0.711898304052,-0.0504129854562,-0.307662259137,sem look-ahead (quantis dos 60 pregões anteriores)
2022-11-28,Regressão Logística,0.711898304052,-0.0504129854562,-0.307662259137,sem look-ahead (quantis dos 60 pregões anteriores)
2022-11-29,Regressão Logística,0.711898304052,-0.0504129854562,-0.307662259137,sem look-ahead (quantis dos 60 pregões anteriores)
2022-11-30,Regressão Logística,0.711898304052,-0.0504129854562,-0.307662259137,sem look-ahead (quantis dos 60 pregões anteriores)
2022-12-01,Regressão Logística,0.711898304052,-0.0504129854562,-0.307662259137,sem look-ahead (quantis dos 60 pregões anteriores)
2022-12-02,Regressão Logística,0.711898304052,-0.0504129854562,-0.307662259137,sem look-ahead (quantis dos 60 pregões anteriores)
2022-12-05,Regressão Logística,0.711898304052,-0.0504129854562,-0.307662259137,sem look-ahead (quantis dos 60 pregões anteriores)
2022-12-06,Regressão Logística,0.711898304052,-0.0504129854562,-0.307662259137,sem look-ahead (quantis dos 60 pregões anteriores)
2022-12-07,Regressão Logística,0.711898304052,-0.0504129854562,-0.307662259137,sem look-ahead (quantis dos 60 pregões anteriores)
2022-12-08,Regressão Logística,0.711898304052,-0.0504129854562,-0.307662259137,sem look-ahead (quantis dos 60 pregões anteriores)
2022-12-09,Regressão Logística,0.711898304052,-0.0504129854562,-0.307662259137,sem look-ahead (quantis dos 60 pregões anteriores)
2022-12-12,Regressão Logística,0.711898304052,-0.0504129854562,-0.307662259137,sem look-ahead (quantis dos 60 pregões anteriores)
2022-12-13,Regressão Logística,0.711898304052,-0.0504129854562,-0.307662259137,sem look-ahead (quantis dos 60 pregões anteriores)
2022-12-14,Regressão Logística,0.711898304052,-0.0504129854562,-0.307662259137,sem look-ahead (quantis dos 60 pregões anteriores)
2022-12-15,Regressão Logística,0.711898304052,-0.0504129854562,-0.307662259137,sem look-ahead (quantis dos 60 pregões anteriores)
2022-12-16,Regressão Logística,0.711898304052,-0.0504129854562,-0.307662259137,sem look-ahead (quantis dos 60 pregões anteriores)
2022-12-19,Regressão Logística,0.711898304052,-0.0504129854562,-0.307662259137,sem look-ahead (quantis dos 60 pregões anteriores)
2022-12-20,Regressão Logística,0.711898304052,-0.0504129854562,-0.307662259137,sem look-ahead (quantis dos 60 pregões anteriores)
2022-12-21,Regressão Logística,0.711898304052,-0.0504129854562,-0.307662259137,sem look-ahead (quantis dos 60 pregões anteriores)
2022-12-22,Regressão Logística,0.711898304052,-0.0504129854562,-0.307662259137,sem look-ahead (quantis dos 60 pregões anteriores)
2022-12-23,Regressão Logística,0.711898304052,-0.0504129854562,-0.307662259137,sem look-ahead (quantis dos 60 pregões anteriores)
2022-12-26,Regressão Logística,0.711898304052,-0.0504129854562,-0.307662259137,sem look-ahead (quantis dos 60 pregões anteriores)
2022-12-27,Regressão Logística,0.711898304052,-0.0504129854562,-0.307662259137,sem look-ahead (quantis dos 60 pregões anteriores)
2022-12-28,Regressão Logística,0.711898304052,-0.0504129854562,-0.307662259137,sem look-ahead (quantis dos 60 pregões anteriores)
2022-12-29,Regressão Logística,0.711898304052,-0.0504129854562,-0.307662259137,sem look-ahead (quantis dos 60 pregões anteriores)
2023-01-02,Regressão Logística,0.711898304052,-0.0504129854562,-0.307662259137,sem look-ahead (quantis dos 60 pregões anteriores)
2023-01-03,Regressão Logística,0.7115423549,-0.0504129854562,-0.307662259137,sem look-ahead (quantis dos 60 pregões anteriores)
2023-01-04,Regressão Logística,0.719520788079,-0.0504129854562,-0.307662259137,sem look-ahead (quantis dos 60 pregões anteriores)
2023-01-05,Regressão Logística,0.734439365188,-0.0504129854562,-0.307662259137,sem look-ahead (quantis dos 60 pregões anteriores)
2023-01-06,Regressão Logística,0.743075206233,-0.0504129854562,-0.307662259137,sem look-ahead (quantis dos 60 pregões anteriores)
2023-01-09,Regressão Logística,0.743075206233,-0.0504129854562,-0.307662259137,sem look-ahead (quantis dos 60 pregões anteriores)
2023-01-10,Regressão Logística,0.743075206233,-0.0504129854562,-0.307662259137,sem look-ahead (quantis dos 60 pregões anteriores)
2023-01-11,Regressão Logística,0.743075206233,-0.0504129854562,-0.307662259137,sem look-ahead (quantis dos 60 pregões anteriores)
2023-01-12,Regressão Logística,0.743075206233,-0.0504129854562,-0.307662259137,sem look-ahead (quantis dos 60 pregões anteriores)
2023-01-13,Regressão Logística,0.743075206233,-0.0504129854562,-0.307662259137,sem look-ahead (quantis dos 60 pregões anteriores)
2023-01-16,Regressão Logística,0.743075206233,-0.0504129854562,-0.307662259137,sem look-ahead (quantis dos 60 pregões anteriores)
2023-01-17,Regressão Logística,0.743075206233,-0.0504129854562,-0.307662259137,sem look-ahead (quantis dos 60 pregões anteriores)
2023-01-18,Regressão Logística,0.743075206233,-0.0504129854562,-0.307662259137,sem look-ahead (quantis dos 60 pregões anteriores)
2023-01-19,Regressão Logística,0.743075206233,-0.0504129854562,-0.307662259137,sem look-ahead (quantis dos 60 pregões anteriores)
2023-01-20,Regressão Logística,0.743075206233,-0.0504129854562,-0.307662259137,sem look-ahead (quantis dos 60 pregões anteriores)
2023-01-23,Regressão Logística,0.743075206233,-0.0504129854562,-0.307662259137,sem look-ahead (quantis dos 60 pregões anteriores)
2023-01-24,Regressão Logística,0.743075206233,-0.0504129854562,-0.307662259137,sem look-ahead (quantis dos 60 pregões anteriores)
2023-01-25,Regressão Logística,0.743075206233,-0.0504129854562,-0.307662259137,sem look-ahead (quantis dos 60 pregões anteriores)
2023-01-26,Regressão Logística,0.74270366863,-0.0504129854562,-0.307662259137,sem look-ahead (quantis dos 60 pregões anteriores)
2023-01-27,Regressão Logística,0.732244153644,-0.0504129854562,-0.307662259137,sem look-ahead (quantis dos 60 pregões anteriores)
2023-01-30,Regressão Logística,0.727881676744,-0.0504129854562,-0.307662259137,sem look-ahead (quantis dos 60 pregões anteriores)
2023-01-31,Regressão Logística,0.727881676744,-0.0504129854562,-0.307662259137,sem look-ahead (quantis dos 60 pregões anteriores)
2023-02-01,Regressão Logística,0.727881676744,-0.0504129854562,-0.307662259137,sem look-ahead (quantis dos 60 pregões anteriores)
2023-02-02,Regressão Logística,0.727881676744,-0.0504129854562,-0.307662259137,sem look-ahead (quantis dos 60 pregões anteriores)
2023-02-03,Regressão Logística,0.727881676744,-0.0504129854562,-0.307662259137,sem look-ahead (quantis dos 60 pregões anteriores)
2023-02-06,Regressão Logística,0.727881676744,-0.0504129854562,-0.307662259137,sem look-ahead (quantis dos 60 pregões anteriores)
2023-02-07,Regressão Logística,0.727881676744,-0.0504129854562,-0.307662259137,sem look-ahead (quantis dos 60 pregões anteriores)
2023-02-08,Regressão Logística,0.727881676744,-0.0504129854562,-0.307662259137,sem look-ahead (quantis dos 60 pregões anteriores)
2023-02-09,Regressão Logística,0.727881676744,-0.0504129854562,-0.307662259137,sem look-ahead (quantis dos 60 pregões anteriores)
2023-02-10,Regressão Logística,0.727881676744,-0.0504129854562,-0.307662259137,sem look-ahead (quantis dos 60 pregões anteriores)
2023-02-13,Regressão Logística,0.727881676744,-0.0504129854562,-0.307662259137,sem look-ahead (quantis dos 60 pregões anteriores)
2023-02-14,Regressão Logística,0.727881676744,-0.0504129854562,-0.307662259137,sem look-ahead (quantis dos 60 pregões anteriores)
2023-02-15,Regressão Logística,0.727881676744,-0.0504129854562,-0.307662259137,sem look-ahead (quantis dos 60 pregões anteriores)
2023-02-16,Regressão Logística,0.727881676744,-0.0504129854562,-0.307662259137,sem look-ahead (quantis dos 60 pregões anteriores)
2023-02-17,Regressão Logística,0.727881676744,-0.0504129854562,-0.307662259137,sem look-ahead (quantis dos 60 pregões anteriores)
2023-02-22,Regressão Logística,0.727881676744,-0.0504129854562,-0.307662259137,sem look-ahead (quantis dos 60 pregões anteriores)
2023-02-23,Regressão Logística,0.727517735906,-0.0504129854562,-0.307662259137,sem look-ahead (quantis dos 60 pregões anteriores)
2023-02-24,Regressão Logística,0.715043494742,-0.0504129854562,-0.307662259137,sem look-ahead (quantis dos 60 pregões anteriores)
2023-02-27,Regressão Logística,0.713591859801,-0.0504129854562,-0.307662259137,sem look-ahead (quantis dos 60 pregões anteriores)
2023-02-28,Regressão Logística,0.713591859801,-0.0504129854562,-0.307662259137,sem look-ahead (quantis dos 60 pregões anteriores)
2023-03-01,Regressão Logística,0.713591859801,-0.0504129854562,-0.307662259137,sem look-ahead (quantis dos 60 pregões anteriores)
2023-03-02,Regressão Logística,0.713591859801,-0.0504129854562,-0.307662259137,sem look-ahead (quantis dos 60 pregões anteriores)
2023-03-03,Regressão Logística,0.713591859801,-0.0504129854562,-0.307662259137,sem look-ahead (quantis dos 60 pregões anteriores)
2023-03-06,Regressão Logística,0.713591859801,-0.0504129854562,-0.307662259137,sem look-ahead (quantis dos 60 pregões anteriores)
2023-03-07,Regressão Logística,0.713591859801,-0.0504129854562,-0.307662259137,sem look-ahead (quantis dos 60 pregões anteriores)
2023-03-08,Regressão Logística,0.713591859801,-0.0504129854562,-0.307662259137,sem look-ahead (quantis dos 60 pregões anteriores)
2023-03-09,Regressão Logística,0.713235063871,-0.0504129854562,-0.307662259137,sem look-ahead (quantis dos 60 pregões anteriores)
2023-03-10,Regressão Logística,0.703371918495,-0.0504129854562,-0.307662259137,sem look-ahead (quantis dos 60 pregões anteriores)
2023-03-13,Regressão Logística,0.699646534496,-0.0504129854562,-0.307662259137,sem look-ahead (quantis dos 60 pregões anteriores)
2023-03-14,Regressão Logística,0.699296711228,-0.0504129854562,-0.307662259137,sem look-ahead (quantis dos 60 pregões anteriores)
2023-03-15,Regressão Logística,0.69720106304,-0.0504129854562,-0.307662259137,sem look-ahead (quantis dos 60 pregões anteriores)
2023-03-16,Regressão Logística,0.69720106304,-0.0504129854562,-0.307662259137,sem look-ahead (quantis dos 60 pregões anteriores)
2023-03-17,Regressão Logística,0.69720106304,-0.0504129854562,-0.307662259137,sem look-ahead (quantis dos 60 pregões anteriores)
2023-03-20,Regressão Logística,0.69720106304,-0.0504129854562,-0.307662259137,sem look-ahead (quantis dos 60 pregões anteriores)
2023-03-21,Regressão Logística,0.69720106304,-0.0504129854562,-0.307662259137,sem look-ahead (quantis dos 60 pregões anteriores)
2023-03-22,Regressão Logística,0.69720106304,-0.0504129854562,-0.307662259137,sem look-ahead (quantis dos 60 pregões anteriores)
2023-03-27,Regressão Logística,0.69720106304,-0.0504129854562,-0.307662259137,sem look-ahead (quantis dos 60 pregões anteriores)
2023-03-28,Regressão Logística,0.69720106304,-0.0504129854562,-0.307662259137,sem look-ahead (quantis dos 60 pregões anteriores)
2023-03-29,Regressão Logística,0.69720106304,-0.0504129854562,-0.307662259137,sem look-ahead (quantis dos 60 pregões anteriores)
2023-03-30,Regressão Logística,0.69720106304,-0.0504129854562,-0.307662259137,sem look-ahead (quantis dos 60 pregões anteriores)
2023-03-31,Regressão Logística,0.69720106304,-0.0504129854562,-0.307662259137,sem look-ahead (quantis dos 60 pregões anteriores)
2023-04-03,Regressão Logística,0.696852462508,-0.0504129854562,-0.307662259137,sem look-ahead (quantis dos 60 pregões anteriores)
2023-04-04,Regressão Logística,0.699344506761,-0.0504129854562,-0.307662259137,sem look-ahead (quantis dos 60 pregões anteriores)
2023-04-05,Regressão Logística,0.693227670868,-0.0504129854562,-0.307662259137,sem look-ahead (quantis dos 60 pregões anteriores)
2023-04-06,Regressão Logística,0.692156709702,-0.0504129854562,-0.307662259137,sem look-ahead (quantis dos 60 pregões anteriores)
2023-04-10,Regressão Logística,0.698847395421,-0.0504129854562,-0.307662259137,sem look-ahead (quantis dos 60 pregões anteriores)
2023-04-11,Regressão Logística,0.698847395421,-0.0504129854562,-0.307662259137,sem look-ahead (quantis dos 60 pregões anteriores)
2023-04-12,Regressão Logística,0.698847395421,-0.0504129854562,-0.307662259137,sem look-ahead (quantis dos 60 pregões anteriores)
2023-04-13,Regressão Logística,0.698847395421,-0.0504129854562,-0.307662259137,sem look-ahead (quantis dos 60 pregões anteriores)
2023-04-14,Regressão Logística,0.698497971723,-0.0504129854562,-0.307662259137,sem look-ahead (quantis dos 60 pregões anteriores)
2023-04-17,Regressão Logística,0.696769455586,-0.0504129854562,-0.307662259137,sem look-ahead (quantis dos 60 pregões anteriores)
2023-04-18,Regressão Logística,0.697735584378,-0.0504129854562,-0.307662259137,sem look-ahead (quantis dos 60 pregões anteriores)
2023-04-19,Regressão Logística,0.682947898792,-0.0504129854562,-0.307662259137,sem look-ahead (quantis dos 60 pregões anteriores)
2023-04-20,Regressão Logística,0.685931725128,-0.0504129854562,-0.307662259137,sem look-ahead (quantis dos 60 pregões anteriores)
2023-04-24,Regressão Logística,0.682828391289,-0.0504129854562,-0.307662259137,sem look-ahead (quantis dos 60 pregões anteriores)
2023-04-25,Regressão Logística,0.682828391289,-0.0504129854562,-0.307662259137,sem look-ahead (quantis dos 60 pregões anteriores)
2023-04-26,Regressão Logística,0.682828391289,-0.0504129854562,-0.307662259137,sem look-ahead (quantis dos 60 pregões anteriores)
2023-04-27,Regressão Logística,0.682828391289,-0.0504129854562,-0.307662259137,sem look-ahead (quantis dos 60 pregões anteriores)
2023-04-28,Regressão Logística,0.682828391289,-0.0504129854562,-0.307662259137,sem look-ahead (quantis dos 60 pregões anteriores)
2023-05-02,Regressão Logística,0.682828391289,-0.0504129854562,-0.307662259137,sem look-ahead (quantis dos 60 pregões anteriores)
2023-05-03,Regressão Logística,0.682486977093,-0.0504129854562,-0.307662259137,sem look-ahead (quantis dos 60 pregões anteriores)
2023-05-04,Regressão Logística,0.685014532821,-0.0504129854562,-0.307662259137,sem look-ahead (quantis dos 60 pregões anteriores)
2023-05-05,Regressão Logística,0.704953394181,-0.0504129854562,-0.307662259137,sem look-ahead (quantis dos 60 pregões anteriores)
2023-05-08,Regressão Logística,0.710947120494,-0.0504129854562,-0.307662259137,sem look-ahead (quantis dos 60 pregões anteriores)
2023-05-09,Regressão Logística,0.717778754996,-0.0504129854562,-0.307662259137,sem look-ahead (quantis dos 60 pregões anteriores)
2023-05-10,Regressão Logística,0.717778754996,-0.0504129854562,-0.307662259137,sem look-ahead (quantis dos 60 pregões anteriores)
2023-05-11,Regressão Logística,0.717778754996,-0.0504129854562,-0.307662259137,sem look-ahead (quantis dos 60 pregões anteriores)
2023-05-12,Regressão Logística,0.717778754996,-0.0504129854562,-0.307662259137,sem look-ahead (quantis dos 60 pregões anteriores)
2023-05-15,Regressão Logística,0.717778754996,-0.0504129854562,-0.307662259137,sem look-ahead (quantis dos 60 pregões anteriores)
2023-05-16,Regressão Logística,0.717419865619,-0.0504129854562,-0.307662259137,sem look-ahead (quantis dos 60 pregões anteriores)
2023-05-17,Regressão Logística,0.725455831453,-0.0504129854562,-0.307662259137,sem look-ahead (quantis dos 60 pregões anteriores)
2023-05-18,Regressão Logística,0.725455831453,-0.0504129854562,-0.307662259137,sem look-ahead (quantis dos 60 pregões anteriores)
2023-05-19,Regressão Logística,0.725455831453,-0.0504129854562,-0.307662259137,sem look-ahead (quantis dos 60 pregões anteriores)
2023-05-22,Regressão Logística,0.725455831453,-0.0504129854562,-0.307662259137,sem look-ahead (quantis dos 60 pregões anteriores)
2023-05-23,Regressão Logística,0.725455831453,-0.0504129854562,-0.307662259137,sem look-ahead (quantis dos 60 pregões anteriores)
2023-05-24,Regressão Logística,0.725455831453,-0.0504129854562,-0.307662259137,sem look-ahead (quantis dos 60 pregões anteriores)
2023-05-25,Regressão Logística,0.725093103537,-0.0504129854562,-0.307662259137,sem look-ahead (quantis dos 60 pregões anteriores)
2023-05-26,Regressão Logística,0.730343976981,-0.0504129854562,-0.307662259137,sem look-ahead (quantis dos 60 pregões anteriores)
2023-05-29,Regressão Logística,0.730343976981,-0.0504129854562,-0.307662259137,sem look-ahead (quantis dos 60 pregões anteriores)
2023-05-30,Regressão Logística,0.730343976981,-0.0504129854562,-0.307662259137,sem look-ahead (quantis dos 60 pregões anteriores)
2023-05-31,Regressão Logística,0.730343976981,-0.0504129854562,-0.307662259137,sem look-ahead (quantis dos 60 pregões anteriores)
2023-06-01,Regressão Logística,0.730343976981,-0.0504129854562,-0.307662259137,sem look-ahead (quantis dos 60 pregões anteriores)
2023-06-02,Regressão Logística,0.730343976981,-0.0504129854562,-0.307662259137,sem look-ahead (quantis dos 60 pregões anteriores)
2023-06-05,Regressão Logística,0.730343976981,-0.0504129854562,-0.307662259137,sem look-ahead (quantis dos 60 pregões anteriores)
2023-06-06,Regressão Logística,0.730343976981,-0.0504129854562,-0.307662259137,sem look-ahead (quantis dos 60 pregões anteriores)
2023-06-07,Regressão Logística,0.729978804992,-0.0504129854562,-0.307662259137,sem look-ahead (quantis dos 60 pregões anteriores)
2023-06-09,Regressão Logística,0.739655979681,-0.0504129854562,-0.307662259137,sem look-ahead (quantis dos 60 pregões anteriores)
2023-06-12,Regressão Logística,0.74128985148,-0.0504129854562,-0.307662259137,sem look-ahead (quantis dos 60 pregões anteriores)
2023-06-13,Regressão Logística,0.74128985148,-0.0504129854562,-0.307662259137,sem look-ahead (quantis dos 60 pregões anteriores)
2023-06-14,Regressão Logística,0.74128985148,-0.0504129854562,-0.307662259137,sem look-ahead (quantis dos 60 pregões anteriores)
2023-06-15,Regressão Logística,0.74128985148,-0.0504129854562,-0.307662259137,sem look-ahead (quantis dos 60 pregões anteriores)
2023-06-16,Regressão Logística,0.74128985148,-0.0504129854562,-0.307662259137,sem look-ahead (quantis dos 60 pregões anteriores)
2023-06-19,Regressão Logística,0.74128985148,-0.0504129854562,-0.307662259137,sem look-ahead (quantis dos 60 pregões anteriores)
2023-06-20,Regressão Logística,0.74128985148,-0.0504129854562,-0.307662259137,sem look-ahead (quantis dos 60 pregões anteriores)
2023-06-21,Regressão Logística,0.740919206554,-0.0504129854562,-0.307662259137,sem look-ahead (quantis dos 60 pregões anteriores)
2023-06-22,Regressão Logística,0.731776157717,-0.0504129854562,-0.307662259137,sem look-ahead (quantis dos 60 pregões anteriores)
2023-06-23,Regressão Logística,0.732040727771,-0.0504129854562,-0.307662259137,sem look-ahead (quantis dos 60 pregões anteriores)
2023-06-26,Regressão Logística,0.72752457848,-0.0504129854562,-0.307662259137,sem look-ahead (quantis dos 60 pregões anteriores)
2023-06-27,Regressão Logística,0.723094568276,-0.0504129854562,-0.307662259137,sem look-ahead (quantis dos 60 pregões anteriores)
2023-06-28,Regressão Logística,0.717913917455,-0.0504129854562,-0.307662259137,sem look-ahead (quantis dos 60 pregões anteriores)
2023-06-29,Regressão Logística,0.728027012394,-0.0504129854562,-0.307662259137,sem look-ahead (quantis dos 60 pregões anteriores)
2023-06-30,Regressão Logística,0.727662998888,-0.0504129854562,-0.307662259137,sem look-ahead (quantis dos 60 pregões anteriores)
2023-07-03,Regressão Logística,0.737436077349,-0.0504129854562,-0.307662259137,sem look-ahead (quantis dos 60 pregões anteriores)
2023-07-04,Regressão Logística,0.733757308218,-0.0504129854562,-0.307662259137,sem look-ahead (quantis dos 60 pregões anteriores)
2023-07-05,Regressão Logística,0.736305099244,-0.0504129854562,-0.307662259137,sem look-ahead (quantis dos 60 pregões anteriores)
2023-07-06,Regressão Logística,0.736305099244,-0.0504129854562,-0.307662259137,sem look-ahead (quantis dos 60 pregões anteriores)
2023-07-07,Regressão Logística,0.736305099244,-0.0504129854562,-0.307662259137,sem look-ahead (quantis dos 60 pregões anteriores)
2023-07-10,Regressão Logística,0.736305099244,-0.0504129854562,-0.307662259137,sem look-ahead (quantis dos 60 pregões anteriores)
2023-07-11,Regressão Logística,0.736305099244,-0.0504129854562,-0.307662259137,sem look-ahead (quantis dos 60 pregões anteriores)
2023-07-12,Regressão Logística,0.736305099244,-0.0504129854562,-0.307662259137,sem look-ahead (quantis dos 60 pregões anteriores)
2023-07-13,Regressão Logística,0.736305099244,-0.0504129854562,-0.307662259137,sem look-ahead (quantis dos 60 pregões anteriores)
2023-07-14,Regressão Logística,0.736305099244,-0.0504129854562,-0.307662259137,sem look-ahead (quantis dos 60 pregões anteriores)
2023-07-17,Regressão Logística,0.735936946694,-0.0504129854562,-0.307662259137,sem look-ahead (quantis dos 60 pregões anteriores)
2023-07-18,Regressão Logística,0.733583821005,-0.0504129854562,-0.307662259137,sem look-ahead (quantis dos 60 pregões anteriores)
2023-07-19,Regressão Logística,0.731784738137,-0.0504129854562,-0.307662259137,sem look-ahead (quantis dos 60 pregões anteriores)
2023-07-20,Regressão Logística,0.734724427093,-0.0504129854562,-0.307662259137,sem look-ahead (quantis dos 60 pregões anteriores)
2023-07-21,Regressão Logística,0.734724427093,-0.0504129854562,-0.307662259137,sem look-ahead (quantis dos 60 pregões anteriores)
2023-07-24,Regressão Logística,0.734724427093,-0.0504129854562,-0.307662259137,sem look-ahead (quantis dos 60 pregões anteriores)
2023-07-25,Regressão Logística,0.734724427093,-0.0504129854562,-0.307662259137,sem look-ahead (quantis dos 60 pregões anteriores)
2023-07-26,Regressão Logística,0.734724427093,-0.0504129854562,-0.307662259137,sem look-ahead (quantis dos 60 pregões anteriores)
2023-07-27,Regressão Logística,0.734724427093,-0.0504129854562,-0.307662259137,sem look-ahead (quantis dos 60 pregões anteriores)
2023-07-28,Regressão Logística,0.734724427093,-0.0504129854562,-0.307662259137,sem look-ahead (quantis dos 60 pregões anteriores)
2023-07-31,Regressão Logística,0.734724427093,-0.0504129854562,-0.307662259137,sem look-ahead (quantis dos 60 pregões anteriores)
2023-08-01,Regressão Logística,0.734724427093,-0.0504129854562,-0.307662259137,sem look-ahead (quantis dos 60 pregões anteriores)
2023-08-02,Regressão Logística,0.734724427093,-0.0504129854562,-0.307662259137,sem look-ahead (quantis dos 60 pregões anteriores)
2023-08-03,Regressão Logística,0.73435706488,-0.0504129854562,-0.307662259137,sem look-ahead (quantis dos 60 pregões anteriores)
2023-08-04,Regressão Logística,0.727792149252,-0.0504129854562,-0.307662259137,sem look-ahead (quantis dos 60 pregões anteriores)
2023-08-07,Regressão Logística,0.727012641645,-0.0504129854562,-0.307662259137,sem look-ahead (quantis dos 60 pregões anteriores)
2023-08-08,Regressão Logística,0.724883063401,-0.0504129854562,-0.307662259137,sem look-ahead (quantis dos 60 pregões anteriores)
2023-08-09,Regressão Logística,0.724883063401,-0.0504129854562,-0.307662259137,sem look-ahead (quantis dos 60 pregões anteriores)
2023-08-10,Regressão Logística,0.724883063401,-0.0504129854562,-0.307662259137,sem look-ahead (quantis dos 60 pregões anteriores)
2023-08-11,Regressão Logística,0.724883063401,-0.0504129854562,-0.307662259137,sem look-ahead (quantis dos 60 pregões anteriores)
2023-08-14,Regressão Logística,0.72452062187,-0.0504129854562,-0.307662259137,sem look-ahead (quantis dos 60 pregões anteriores)
2023-08-15,Regressão Logística,0.720194927971,-0.0504129854562,-0.307662259137,sem look-ahead (quantis dos 60 pregões anteriores)
2023-08-16,Regressão Logística,0.720194927971,-0.0504129854562,-0.307662259137,sem look-ahead (quantis dos 60 pregões anteriores)
2023-08-17,Regressão Logística,0.719834830507,-0.0504129854562,-0.307662259137,sem look-ahead (quantis dos 60 pregões anteriores)
2023-08-18,Regressão Logística,0.722508026943,-0.0504129854562,-0.307662259137,sem look-ahead (quantis dos 60 pregões anteriores)
2023-08-21,Regressão Logística,0.716011567994,-0.0504129854562,-0.307662259137,sem look-ahead (quantis dos 60 pregões anteriores)
2023-08-22,Regressão Logística,0.716011567994,-0.0504129854562,-0.307662259137,sem look-ahead (quantis dos 60 pregões anteriores)
2023-08-23,Regressão Logística,0.716011567994,-0.0504129854562,-0.307662259137,sem look-ahead (quantis dos 60 pregões anteriores)
2023-08-24,Regressão Logística,0.716011567994,-0.0504129854562,-0.307662259137,sem look-ahead (quantis dos 60 pregões anteriores)
2023-08-25,Regressão Logística,0.716011567994,-0.0504129854562,-0.307662259137,sem look-ahead (quantis dos 60 pregões anteriores)
2023-08-28,Regressão Logística,0.716011567994,-0.0504129854562,-0.307662259137,sem look-ahead (quantis dos 60 pregões anteriores)
2023-08-29,Regressão Logística,0.716011567994,-0.0504129854562,-0.307662259137,sem look-ahead (quantis dos 60 pregões anteriores)
2023-08-30,Regressão Logística,0.716011567994,-0.0504129854562,-0.307662259137,sem look-ahead (quantis dos 60 pregões anteriores)
2023-08-31,Regressão Logística,0.716011567994,-0.0504129854562,-0.307662259137,sem look-ahead (quantis dos 60 pregões anteriores)
2023-09-01,Regressão Logística,0.716011567994,-0.0504129854562,-0.307662259137,sem look-ahead (quantis dos 60 pregões anteriores)
2023-09-04,Regressão Logística,0.716011567994,-0.0504129854562,-0.307662259137,sem look-ahead (quantis dos 60 pregões anteriores)
2023-09-05,Regressão Logística,0.716011567994,-0.0504129854562,-0.307662259137,sem look-ahead (quantis dos 60 pregões anteriores)
2023-09-06,Regressão Logística,0.71565356221,-0.0504129854562,-0.307662259137,sem look-ahead (quantis dos 60 pregões anteriores)
2023-09-08,Regressão Logística,0.71150717092,-0.0504129854562,-0.307662259137,sem look-ahead (quantis dos 60 pregões anteriores)
2023-09-11,Regressão Logística,0.721194424381,-0.0504129854562,-0.307662259137,sem look-ahead (quantis dos 60 pregões anteriores)
2023-09-12,Regressão Logística,0.72752852144,-0.0504129854562,-0.307662259137,sem look-ahead (quantis dos 60 pregões anteriores)
2023-09-13,Regressão Logística,0.72752852144,-0.0504129854562,-0.307662259137,sem look-ahead (quantis dos 60 pregões anteriores)
2023-09-14,Regressão Logística,0.72752852144,-0.0504129854562,-0.307662259137,sem look-ahead (quantis dos 60 pregões anteriores)
2023-09-15,Regressão Logística,0.72752852144,-0.0504129854562,-0.307662259137,sem look-ahead (quantis dos 60 pregões anteriores)
2023-09-18,Regressão Logística,0.72752852144,-0.0504129854562,-0.307662259137,sem look-ahead (quantis dos 60 pregões anteriores)
2023-09-19,Regressão Logística,0.72752852144,-0.0504129854562,-0.307662259137,sem look-ahead (quantis dos 60 pregões anteriores)
2023-09-20,Regressão Logística,0.72752852144,-0.0504129854562,-0.307662259137,sem look-ahead (quantis dos 60 pregões anteriores)
2023-09-21,Regressão Logística,0.72752852144,-0.0504129854562,-0.307662259137,sem look-ahead (quantis dos 60 pregões anteriores)
2023-09-22,Regressão Logística,0.72752852144,-0.0504129854562,-0.307662259137,sem look-ahead (quantis dos 60 pregões anteriores)
2023-09-25,Regressão Logística,0.72752852144,-0.0504129854562,-0.307662259137,sem look-ahead (quantis dos 60 pregões anteriores)
2023-09-26,Regressão Logística,0.727164757179,-0.0504129854562,-0.307662259137,sem look-ahead (quantis dos 60 pregões anteriores)
2023-09-27,Regressão Logística,0.728018050091,-0.0504129854562,-0.307662259137,sem look-ahead (quantis dos 60 pregões anteriores)
2023-09-28,Regressão Logística,0.73695852209,-0.0504129854562,-0.307662259137,sem look-ahead (quantis dos 60 pregões anteriores)
2023-09-29,Regressão Logística,0.742269315287,-0.0504129854562,-0.307662259137,sem look-ahead (quantis dos 60 pregões anteriores)
2023-10-02,Regressão Logística,0.732295451444,-0.0504129854562,-0.307662259137,sem look-ahead (quantis dos 60 pregões anteriores)
2023-10-03,Regressão Logística,0.731929303719,-0.0504129854562,-0.307662259137,sem look-ahead (quantis dos 60 pregões anteriores)
2023-10-04,Regressão Logística,0.733142528214,-0.0504129854562,-0.307662259137,sem look-ahead (quantis dos 60 pregões anteriores)
2023-10-05,Regressão Logística,0.730691534013,-0.0504129854562,-0.307662259137,sem look-ahead (quantis dos 60 pregões anteriores)
2023-10-06,Regressão Logística,0.730691534013,-0.0504129854562,-0.307662259137,sem look-ahead (quantis dos 60 pregões anteriores)
2023-10-09,Regressão Logística,0.730691534013,-0.0504129854562,-0.307662259137,sem look-ahead (quantis dos 60 pregões anteriores)
2023-10-10,Regressão Logística,0.730691534013,-0.0504129854562,-0.307662259137,sem look-ahead (quantis dos 60 pregões anteriores)
2023-10-11,Regressão Logística,0.730691534013,-0.0504129854562,-0.307662259137,sem look-ahead (quantis dos 60 pregões anteriores)
2023-10-13,Regressão Logística,0.730691534013,-0.0504129854562,-0.307662259137,sem look-ahead (quantis dos 60 pregões anteriores)
2023-10-16,Regressão Logística,0.730691534013,-0.0504129854562,-0.307662259137,sem look-ahead (quantis dos 60 pregões anteriores)
2023-10-17,Regressão Logística,0.730691534013,-0.0504129854562,-0.307662259137,sem look-ahead (quantis dos 60 pregões anteriores)
2023-10-18,Regressão Logística,0.730691534013,-0.0504129854562,-0.307662259137,sem look-ahead (quantis dos 60 pregões anteriores)
2023-10-19,Regressão Logística,0.730691534013,-0.0504129854562,-0.307662259137,sem look-ahead (quantis dos 60 pregões anteriores)
2023-10-20,Regressão Logística,0.730691534013,-0.0504129854562,-0.307662259137,sem look-ahead (quantis dos 60 pregões anteriores)
2023-10-23,Regressão Logística,0.730691534013,-0.0504129854562,-0.307662259137,sem look-ahead (quantis dos 60 pregões anteriores)
2023-10-24,Regressão Logística,0.730691534013,-0.0504129854562,-0.307662259137,sem look-ahead (quantis dos 60 pregões anteriores)
2023-10-25,Regressão Logística,0.730691534013,-0.0504129854562,-0.307662259137,sem look-ahead (quantis dos 60 pregões anteriores)
2023-10-26,Regressão Logística,0.730326188246,-0.0504129854562,-0.307662259137,sem look-ahead (quantis dos 60 pregões anteriores)
2023-10-27,Regressão Logística,0.720569235387,-0.0504129854562,-0.307662259137,sem look-ahead (quantis dos 60 pregões anteriores)
2023-10-30,Regressão Logística,0.720569235387,-0.0504129854562,-0.307662259137,sem look-ahead (quantis dos 60 pregões anteriores)
2023-10-31,Regressão Logística,0.720569235387,-0.0504129854562,-0.307662259137,sem look-ahead (quantis dos 60 pregões anteriores)
2023-11-01,Regressão Logística,0.720208950769,-0.0504129854562,-0.307662259137,sem look-ahead (quantis dos 60 pregões anteriores)
2023-11-03,Regressão Logística,0.739658154267,-0.0504129854562,-0.307662259137,sem look-ahead (quantis dos 60 pregões anteriores)
2023-11-06,Regressão Logística,0.741335280306,-0.0504129854562,-0.307662259137,sem look-ahead (quantis dos 60 pregões anteriores)
2023-11-07,Regressão Logística,0.741335280306,-0.0504129854562,-0.307662259137,sem look-ahead (quantis dos 60 pregões anteriores)
2023-11-08,Regressão Logística,0.741335280306,-0.0504129854562,-0.307662259137,sem look-ahead (quantis dos 60 pregões anteriores)
2023-11-09,Regressão Logística,0.741335280306,-0.0504129854562,-0.307662259137,sem look-ahead (quantis dos 60 pregões anteriores)
2023-11-10,Regressão Logística,0.741335280306,-0.0504129854562,-0.307662259137,sem look-ahead (quantis dos 60 pregões anteriores)
2023-11-13,Regressão Logística,0.741335280306,-0.0504129854562,-0.307662259137,sem look-ahead (quantis dos 60 pregões anteriores)
2023-11-14,Regressão Logística,0.741335280306,-0.0504129854562,-0.307662259137,sem look-ahead (quantis dos 60 pregões anteriores)
2023-11-16,Regressão Logística,0.741335280306,-0.0504129854562,-0.307662259137,sem look-ahead (quantis dos 60 pregões anteriores)
2023-11-17,Regressão Logística,0.741335280306,-0.0504129854562,-0.307662259137,sem look-ahead (quantis dos 60 pregões anteriores)
2023-11-20,Regressão Logística,0.741335280306,-0.0504129854562,-0.307662259137,sem look-ahead (quantis dos 60 pregões anteriores)
2023-11-21,Regressão Logística,0.741335280306,-0.0504129854562,-0.307662259137,sem look-ahead (quantis dos 60 pregões anteriores)
2023-11-22,Regressão Logística,0.741335280306,-0.0504129854562,-0.307662259137,sem look-ahead (quantis dos 60 pregões anteriores)
2023-11-23,Regressão Logística,0.741335280306,-0.0504129854562,-0.307662259137,sem look-ahead (quantis dos 60 pregões anteriores)
2023-11-24,Regressão Logística,0.741335280306,-0.0504129854562,-0.307662259137,sem look-ahead (quantis dos 60 pregões anteriores)
2023-11-27,Regressão Logística,0.741335280306,-0.0504129854562,-0.307662259137,sem look-ahead (quantis dos 60 pregões anteriores)
2023-11-28,Regressão Logística,0.741335280306,-0.0504129854562,-0.307662259137,sem look-ahead (quantis dos 60 pregões anteriores)
2023-11-29,Regressão Logística,0.741335280306,-0.0504129854562,-0.307662259137,sem look-ahead (quantis dos 60 pregões anteriores)
2023-11-30,Regressão Logística,0.741335280306,-0.0504129854562,-0.307662259137,sem look-ahead (quantis dos 60 pregões anteriores)
2023-12-01,Regressão Logística,0.740964612666,-0.0504129854562,-0.307662259137,sem look-ahead (quantis dos 60 pregões anteriores)
2023-12-04,Regressão Logística,0.733445241562,-0.0504129854562,-0.307662259137,sem look-ahead (quantis dos 60 pregões anteriores)
2023-12-05,Regressão Logística,0.734023654724,-0.0504129854562,-0.307662259137,sem look-ahead (quantis dos 60 pregões anteriores)
2023-12-06,Regressão Logística,0.726619966253,-0.0504129854562,-0.307662259137,sem look-ahead (quantis dos 60 pregões anteriores)
2023-12-07,Regressão Logística,0.728858425189,-0.0504129854562,-0.307662259137,sem look-ahead (quantis dos 60 pregões anteriores)
2023-12-08,Regressão Logística,0.73476399465,-0.0504129854562,-0.307662259137,sem look-ahead (quantis dos 60 pregões anteriores)
2023-12-11,Regressão Logística,0.73476399465,-0.0504129854562,-0.307662259137,sem look-ahead (quantis dos 60 pregões anteriores)
2023-12-12,Regressão Logística,0.73476399465,-0.0504129854562,-0.307662259137,sem look-ahead (quantis dos 60 pregões anteriores)
2023-12-13,Regressão Logística,0.734396612653,-0.0504129854562,-0.307662259137,sem look-ahead (quantis dos 60 pregões anteriores)
2023-12-14,Regressão Logística,0.741840514919,-0.0504129854562,-0.307662259137,sem look-ahead (quantis dos 60 pregões anteriores)
2023-12-15,Regressão Logística,0.741840514919,-0.0504129854562,-0.307662259137,sem look-ahead (quantis dos 60 pregões anteriores)
2023-12-18,Regressão Logística,0.741840514919,-0.0504129854562,-0.307662259137,sem look-ahead (quantis dos 60 pregões anteriores)
2023-12-19,Regressão Logística,0.741840514919,-0.0504129854562,-0.307662259137,sem look-ahead (quantis dos 60 pregões anteriores)
2023-12-20,Regressão Logística,0.741840514919,-0.0504129854562,-0.307662259137,sem look-ahead (quantis dos 60 pregões anteriores)
2023-12-21,Regressão Logística,0.741840514919,-0.0504129854562,-0.307662259137,sem look-ahead (quantis dos 60 pregões anteriores)
2023-12-22,Regressão Logística,0.741840514919,-0.0504129854562,-0.307662259137,sem look-ahead (quantis dos 60 pregões anteriores)
2023-12-26,Regressão Logística,0.741840514919,-0.0504129854562,-0.307662259137,sem look-ahead (quantis dos 60 pregões anteriores)
2023-12-27,Regressão Logística,0.741840514919,-0.0504129854562,-0.307662259137,sem look-ahead (quantis dos 60 pregões anteriores)
2023-12-28,Regressão Logística,0.741840514919,-0.0504129854562,-0.307662259137,sem look-ahead (quantis dos 60 pregões anteriores)
2024-01-02,Regressão Logística,0.741840514919,-0.0504129854562,-0.307662259137,sem look-ahead (quantis dos 60 pregões anteriores)
2024-01-03,Regressão Logística,0.741840514919,-0.0504129854562,-0.307662259137,sem look-ahead (quantis dos 60 pregões anteriores)
2024-01-04,Regressão Logística,0.741469594662,-0.0504129854562,-0.307662259137,sem look-ahead (quantis dos 60 pregões anteriores)
2024-01-05,Regressão Logística,0.745972903967,-0.0504129854562,-0.307662259137,sem look-ahead (quantis dos 60 pregões anteriores)
2024-01-08,Regressão Logística,0.747882648958,-0.0504129854562,-0.307662259137,sem look-ahead (quantis dos 60 pregões anteriores)
2024-01-09,Regressão Logística,0.747882648958,-0.0504129854562,-0.307662259137,sem look-ahead (quantis dos 60 pregões anteriores)
2024-01-10,Regressão Logística,0.747882648958,-0.0504129854562,-0.307662259137,sem look-ahead (quantis dos 60 pregões anteriores)
2024-01-11,Regressão Logística,0.747882648958,-0.0504129854562,-0.307662259137,sem look-ahead (quantis dos 60 pregões anteriores)
2024-01-12,Regressão Logística,0.747882648958,-0.0504129854562,-0.307662259137,sem look-ahead (quantis dos 60 pregões anteriores)
2024-01-15,Regressão Logística,0.747882648958,-0.0504129854562,-0.307662259137,sem look-ahead (quantis dos 60 pregões anteriores)
2024-01-16,Regressão Logística,0.747882648958,-0.0504129854562,-0.307662259137,sem look-ahead (quantis dos 60 pregões anteriores)
2024-01-17,Regressão Logística,0.747882648958,-0.0504129854562,-0.307662259137,sem look-ahead (quantis dos 60 pregões anteriores)
2024-01-18,Regressão Logística,0.747882648958,-0.0504129854562,-0.307662259137,sem look-ahead (quantis dos 60 pregões anteriores)
2024-01-19,Regressão Logística,0.747882648958,-0.0504129854562,-0.307662259137,sem look-ahead (quantis dos 60 pregões anteriores)
2024-01-22,Regressão Logística,0.747882648958,-0.0504129854562,-0.307662259137,sem look-ahead (quantis dos 60 pregões anteriores)
2024-01-23,Regressão Logística,0.747882648958,-0.0504129854562,-0.307662259137,sem look-ahead (quantis dos 60 pregões anteriores)
2024-01-24,Regressão Logística,0.747882648958,-0.0504129854562,-0.307662259137,sem look-ahead (quantis dos 60 pregões anteriores)
2024-01-25,Regressão Logística,0.747882648958,-0.0504129854562,-0.307662259137,sem look-ahead (quantis dos 60 pregões anteriores)
2024-01-26,Regressão Logística,0.747882648958,-0.0504129854562,-0.307662259137,sem look-ahead (quantis dos 60 pregões anteriores)
2024-01-29,Regressão Logística,0.747882648958,-0.0504129854562,-0.307662259137,sem look-ahead (quantis dos 60 pregões anteriores)
2024-01-30,Regressão Logística,0.747882648958,-0.0504129854562,-0.307662259137,sem look-ahead (quantis dos 60 pregões anteriores)
2024-01-31,Regressão Logística,0.747882648958,-0.0504129854562,-0.307662259137,sem look-ahead (quantis dos 60 pregões anteriores)
2024-02-01,Regressão Logística,0.747882648958,-0.0504129854562,-0.307662259137,sem look-ahead (quantis dos 60 pregões anteriores)
2024-02-02,Regressão Logística,0.747508707633,-0.0504129854562,-0.307662259137,sem look-ahead (quantis dos 60 pregões anteriores)
2024-02-05,Regressão Logística,0.749924348831,-0.0504129854562,-0.307662259137,sem look-ahead (quantis dos 60 pregões anteriores)
2024-02-06,Regressão Logística,0.766141491527,-0.0504129854562,-0.307662259137,sem look-ahead (quantis dos 60 pregões anteriores)
2024-02-07,Regressão Logística,0.766141491527,-0.0504129854562,-0.307662259137,sem look-ahead (quantis dos 60 pregões anteriores)
2024-02-08,Regressão Logística,0.766141491527,-0.0504129854562,-0.307662259137,sem look-ahead (quantis dos 60 pregões anteriores)
2024-02-09,Regressão Logística,0.766141491527,-0.0504129854562,-0.307662259137,sem look-ahead (quantis dos 60 pregões anteriores)
2024-02-14,Regressão Logística,0.766141491527,-0.0504129854562,-0.307662259137,sem look-ahead (quantis dos 60 pregões anteriores)
2024-02-15,Regressão Logística,0.766141491527,-0.0504129854562,-0.307662259137,sem look-ahead (quantis dos 60 pregões anteriores)
2024-02-16,Regressão Logística,0.766141491527,-0.0504129854562,-0.307662259137,sem look-ahead (quantis dos 60 pregões anteriores)
2024-02-19,Regressão Logística,0.766141491527,-0.0504129854562,-0.307662259137,sem look-ahead (quantis dos 60 pregões anteriores)
2024-02-20,Regressão Logística,0.766141491527,-0.0504129854562,-0.307662259137,sem look-ahead (quantis dos 60 pregões anteriores)
2024-02-21,Regressão Logística,0.766141491527,-0.0504129854562,-0.307662259137,sem look-ahead (quantis dos 60 pregões anteriores)
2024-02-22,Regressão Logística,0.766141491527,-0.0504129854562,-0.307662259137,sem look-ahead (quantis dos 60 pregões anteriores)
2024-02-23,Regressão Logística,0.765758420782,-0.0504129854562,-0.307662259137,sem look-ahead (quantis dos 60 pregões anteriores)
2024-02-26,Regressão Logística,0.766882630519,-0.0504129854562,-0.307662259137,sem look-ahead (quantis dos 60 pregões anteriores)
2024-02-27,Regressão Logística,0.778806327376,-0.0504129854562,-0.307662259137,sem look-ahead (quantis dos 60 pregões anteriores)
2024-02-28,Regressão Logística,0.778806327376,-0.0504129854562,-0.307662259137,sem look-ahead (quantis dos 60 pregões anteriores)
2024-02-29,Regressão Logística,0.778806327376,-0.0504129854562,-0.307662259137,sem look-ahead (quantis dos 60 pregões anteriores)
2024-03-01,Regressão Logística,0.778806327376,-0.0504129854562,-0.307662259137,sem look-ahead (quantis dos 60 pregões anteriores)
2024-03-04,Regressão Logística,0.778806327376,-0.0504129854562,-0.307662259137,sem look-ahead (quantis dos 60 pregões anteriores)
2024-03-05,Regressão Logística,0.778806327376,-0.0504129854562,-0.307662259137,sem look-ahead (quantis dos 60 pregões anteriores)
2024-03-06,Regressão Logística,0.778806327376,-0.0504129854562,-0.307662259137,sem look-ahead (quantis dos 60 pregões anteriores)
2024-03-07,Regressão Logística,0.778806327376,-0.0504129854562,-0.307662259137,sem look-ahead (quantis dos 60 pregões anteriores)
2024-03-08,Regressão Logística,0.778806327376,-0.0504129854562,-0.307662259137,sem look-ahead (quantis dos 60 pregões anteriores)
2024-03-11,Regressão Logística,0.778806327376,-0.0504129854562,-0.307662259137,sem look-ahead (quantis dos 60 pregões anteriores)
2024-03-12,Regressão Logística,0.778806327376,-0.0504129854562,-0.307662259137,sem look-ahead (quantis dos 60 pregões anteriores)
2024-03-13,Regressão Logística,0.778806327376,-0.0504129854562,-0.307662259137,sem look-ahead (quantis dos 60 pregões anteriores)
2024-03-14,Regressão Logística,0.778806327376,-0.0504129854562,-0.307662259137,sem look-ahead (quantis dos 60 pregões anteriores)
2024-03-15,Regressão Logística,0.778806327376,-0.0504129854562,-0.307662259137,sem look-ahead (quantis dos 60 pregões anteriores)
2024-03-18,Regressão Logística,0.778806327376,-0.0504129854562,-0.307662259137,sem look-ahead (quantis dos 60 pregões anteriores)
2024-03-19,Regressão Logística,0.778806327376,-0.0504129854562,-0.307662259137,sem look-ahead (quantis dos 60 pregões anteriores)
2024-03-20,Regressão Logística,0.778806327376,-0.0504129854562,-0.307662259137,sem look-ahead (quantis dos 60 pregões anteriores)
2024-03-21,Regressão Logística,0.778806327376,-0.0504129854562,-0.307662259137,sem look-ahead (quantis dos 60 pregões anteriores)
2024-03-22,Regressão Logística,0.778806327376,-0.0504129854562,-0.307662259137,sem look-ahead (quantis dos 60 pregões anteriores)
2024-03-25,Regressão Logística,0.778806327376,-0.0504129854562,-0.307662259137,sem look-ahead (quantis dos 60 pregões anteriores)
2024-03-26,Regressão Logística,0.778416924213,-0.0504129854562,-0.307662259137,sem look-ahead (quantis dos 60 pregões anteriores)
2024-03-27,Regressão Logística,0.783497437942,-0.0504129854562,-0.307662259137,sem look-ahead (quantis dos 60 pregões anteriores)
2024-03-28,Regressão Logística,0.786043830693,-0.0504129854562,-0.307662259137,sem look-ahead (quantis dos 60 pregões anteriores)
2024-04-01,Regressão Logística,0.779196181753,-0.0504129854562,-0.307662259137,sem look-ahead (quantis dos 60 pregões anteriores)
2024-04-02,Regressão Logística,0.782626142109,-0.0504129854562,-0.307662259137,sem look-ahead (quantis dos 60 pregões anteriores)
2024-04-03,Regressão Logística,0.781208752409,-0.0504129854562,-0.307662259137,sem look-ahead (quantis dos 60 pregões anteriores)
2024-04-04,Regressão Logística,0.781493095509,-0.0504129854562,-0.307662259137,sem look-ahead (quantis dos 60 pregões anteriores)
2024-04-05,Regressão Logística,0.781493095509,-0.0504129854562,-0.307662259137,sem look-ahead (quantis dos 60 pregões anteriores)
2024-04-08,Regressão Logística,0.781493095509,-0.0504129854562,-0.307662259137,sem look-ahead (quantis dos 60 pregões anteriores)
2024-04-09,Regressão Logística,0.781493095509,-0.0504129854562,-0.307662259137,sem look-ahead (quantis dos 60 pregões anteriores)
2024-04-10,Regressão Logística,0.781493095509,-0.0504129854562,-0.307662259137,sem look-ahead (quantis dos 60 pregões anteriores)
2024-04-11,Regressão Logística,0.781493095509,-0.0504129854562,-0.307662259137,sem look-ahead (quantis dos 60 pregões anteriores)
2024-04-12,Regressão Logística,0.781493095509,-0.0504129854562,-0.307662259137,sem look-ahead (quantis dos 60 pregões anteriores)
2024-04-15,Regressão Logística,0.781493095509,-0.0504129854562,-0.307662259137,sem look-ahead (quantis dos 60 pregões anteriores)
2024-04-16,Regressão Logística,0.781493095509,-0.0504129854562,-0.307662259137,sem look-ahead (quantis dos 60 pregões anteriores)
2024-04-17,Regressão Logística,0.781493095509,-0.0504129854562,-0.307662259137,sem look-ahead (quantis dos 60 pregões anteriores)
2024-04-18,Regressão Logística,0.781493095509,-0.0504129854562,-0.307662259137,sem look-ahead (quantis dos 60 pregões anteriores)
2024-04-19,Regressão Logística,0.781493095509,-0.0504129854562,-0.307662259137,sem look-ahead (quantis dos 60 pregões anteriores)
2024-04-22,Regressão Logística,0.781493095509,-0.0504129854562,-0.307662259137,sem look-ahead (quantis dos 60 pregões anteriores)
2024-04-23,Regressão Logística,0.781493095509,-0.0504129854562,-0.307662259137,sem look-ahead (quantis dos 60 pregões anteriores)
2024-04-24,Regressão Logística,0.781493095509,-0.0504129854562,-0.307662259137,sem look-ahead (quantis dos 60 pregões anteriores)
2024-04-25,Regressão Logística,0.781493095509,-0.0504129854562,-0.307662259137,sem look-ahead (quantis dos 60 pregões anteriores)
2024-04-26,Regressão Logística,0.781102348962,-0.0504129854562,-0.307662259137,sem look-ahead (quantis dos 60 pregões anteriores)
2024-04-29,Regressão Logística,0.785811070192,-0.0504129854562,-0.307662259137,sem look-ahead (quantis dos 60 pregões anteriores)
2024-04-30,Regressão Logística,0.785811070192,-0.0504129854562,-0.307662259137,sem look-ahead (quantis dos 60 pregões anteriores)
2024-05-02,Regressão Logística,0.785811070192,-0.0504129854562,-0.307662259137,sem look-ahead (quantis dos 60 pregões anteriores)
2024-05-03,Regressão Logística,0.785811070192,-0.0504129854562,-0.307662259137,sem look-ahead (quantis dos 60 pregões anteriores)
2024-05-06,Regressão Logística,0.785811070192,-0.0504129854562,-0.307662259137,sem look-ahead (quantis dos 60 pregões anteriores)
2024-05-07,Regressão Logística,0.785811070192,-0.0504129854562,-0.307662259137,sem look-ahead (quantis dos 60 pregões anteriores)
2024-05-08,Regressão Logística,0.785811070192,-0.0504129854562,-0.307662259137,sem look-ahead (quantis dos 60 pregões anteriores)
2024-05-09,Regressão Logística,0.785811070192,-0.0504129854562,-0.307662259137,sem look-ahead (quantis dos 60 pregões anteriores)
2024-05-10,Regressão Logística,0.785811070192,-0.0504129854562,-0.307662259137,sem look-ahead (quantis dos 60 pregões anteriores)
2024-05-13,Regressão Logística,0.785811070192,-0.0504129854562,-0.307662259137,sem look-ahead (quantis dos 60 pregões anteriores)
2024-05-14,Regressão Logística,0.785418164656,-0.0504129854562,-0.307662259137,sem look-ahead (quantis dos 60 pregões anteriores)
2024-05-15,Regressão Logística,0.782049159841,-0.0504129854562,-0.307662259137,sem look-ahead (quantis dos 60 pregões anteriores)
2024-05-16,Regressão Logística,0.781658135261,-0.0504129854562,-0.307662259137,sem look-ahead (quantis dos 60 pregões anteriores)
2024-05-17,Regressão Logística,0.780456912598,-0.0504129854562,-0.307662259137,sem look-ahead (quantis dos 60 pregões anteriores)
2024-05-20,Regressão Logística,0.780456912598,-0.0504129854562,-0.307662259137,sem look-ahead (quantis dos 60 pregões anteriores)
2024-05-21,Regressão Logística,0.780456912598,-0.0504129854562,-0.307662259137,sem look-ahead (quantis dos 60 pregões anteriores)
2024-05-22,Regressão Logística,0.780456912598,-0.0504129854562,-0.307662259137,sem look-ahead (quantis dos 60 pregões anteriores)
2024-05-23,Regressão Logística,0.780456912598,-0.0504129854562,-0.307662259137,sem look-ahead (quantis dos 60 pregões anteriores)
2024-05-24,Regressão Logística,0.780456912598,-0.0504129854562,-0.307662259137,sem look-ahead (quantis dos 60 pregões anteriores)
2024-05-27,Regressão Logística,0.780456912598,-0.0504129854562,-0.307662259137,sem look-ahead (quantis dos 60 pregões anteriores)
2024-05-28,Regressão Logística,0.780066684141,-0.0504129854562,-0.307662259137,sem look-ahead (quantis dos 60 pregões anteriores)
2024-05-29,Regressão Logística,0.773304593722,-0.0504129854562,-0.307662259137,sem look-ahead (quantis dos 60 pregões anteriores)
2024-05-31,Regressão Logística,0.769466650511,-0.0504129854562,-0.307662259137,sem look-ahead (quantis dos 60 pregões anteriores)
2024-06-03,Regressão Logística,0.769050715779,-0.0504129854562,-0.307662259137,sem look-ahead (quantis dos 60 pregões anteriores)
2024-06-04,Regressão Logística,0.7672167209,-0.0504129854562,-0.307662259137,sem look-ahead (quantis dos 60 pregões anteriores)
2024-06-05,Regressão Logística,0.7672167209,-0.0504129854562,-0.307662259137,sem look-ahead (quantis dos 60 pregões anteriores)
2024-06-06,Regressão Logística,0.7672167209,-0.0504129854562,-0.307662259137,sem look-ahead (quantis dos 60 pregões anteriores)
2024-06-07,Regressão Logística,0.7672167209,-0.0504129854562,-0.307662259137,sem look-ahead (quantis dos 60 pregões anteriores)
2024-06-10,Regressão Logística,0.7672167209,-0.0504129854562,-0.307662259137,sem look-ahead (quantis dos 60 pregões anteriores)
2024-06-11,Regressão Logística,0.7672167209,-0.0504129854562,-0.307662259137,sem look-ahead (quantis dos 60 pregões anteriores)
2024-06-12,Regressão Logística,0.7672167209,-0.0504129854562,-0.307662259137,sem look-ahead (quantis dos 60 pregões anteriores)
2024-06-13,Regressão Logística,0.7672167209,-0.0504129854562,-0.307662259137,sem look-ahead (quantis dos 60 pregões anteriores)
2024-06-14,Regressão Logística,0.7672167209,-0.0504129854562,-0.307662259137,sem look-ahead (quantis dos 60 pregões anteriores)
2024-06-17,Regressão Logística,0.7672167209,-0.0504129854562,-0.307662259137,sem look-ahead (quantis dos 60 pregões anteriores)
2024-06-18,Regressão Logística,0.7672167209,-0.0504129854562,-0.307662259137,sem look-ahead (quantis dos 60 pregões anteriores)
2024-06-19,Regressão Logística,0.7672167209,-0.0504129854562,-0.307662259137,sem look-ahead (quantis dos 60 pregões anteriores)
2024-06-20,Regressão Logística,0.7672167209,-0.0504129854562,-0.307662259137,sem look-ahead (quantis dos 60 pregões anteriores)
2024-06-21,Regressão Logística,0.7672167209,-0.0504129854562,-0.307662259137,sem look-ahead (quantis dos 60 pregões anteriores)
2024-06-24,Regressão Logística,0.766833112539,-0.0504129854562,-0.307662259137,sem look-ahead (quantis dos 60 pregões anteriores)
2024-06-25,Regressão Logística,0.764919734583,-0.0504129854562,-0.307662259137,sem look-ahead (quantis dos 60 pregões anteriores)
2024-06-26,Regressão Logística,0.766858124016,-0.0504129854562,-0.307662259137,sem look-ahead (quantis dos 60 pregões anteriores)
2024-06-27,Regressão Logística,0.77728165687,-0.0504129854562,-0.307662259137,sem look-ahead (quantis dos 60 pregões anteriores)
2024-06-28,Regressão Logística,0.774774256345,-0.0504129854562,-0.307662259137,sem look-ahead (quantis dos 60 pregões anteriores)
2024-07-01,Regressão Logística,0.779845333217,-0.0504129854562,-0.307662259137,sem look-ahead (quantis dos 60 pregões anteriores)
2024-07-02,Regressão Logística,0.780276781187,-0.0504129854562,-0.307662259137,sem look-ahead (quantis dos 60 pregões anteriores)
2024-07-03,Regressão Logística,0.785748041683,-0.0504129854562,-0.307662259137,sem look-ahead (quantis dos 60 pregões anteriores)
2024-07-04,Regressão Logística,0.78849410797,-0.0504129854562,-0.307662259137,sem look-ahead (quantis dos 60 pregões anteriores)
2024-07-05,Regressão Logística,0.78849410797,-0.0504129854562,-0.307662259137,sem look-ahead (quantis dos 60 pregões anteriores)
2024-07-08,Regressão Logística,0.78849410797,-0.0504129854562,-0.307662259137,sem look-ahead (quantis dos 60 pregões anteriores)
2024-07-09,Regressão Logística,0.78849410797,-0.0504129854562,-0.307662259137,sem look-ahead (quantis dos 60 pregões anteriores)
2024-07-10,Regressão Logística,0.78849410797,-0.0504129854562,-0.307662259137,sem look-ahead (quantis dos 60 pregões anteriores)
2024-07-11,Regressão Logística,0.788099860916,-0.0504129854562,-0.307662259137,sem look-ahead (quantis dos 60 pregões anteriores)
2024-07-12,Regressão Logística,0.791409992133,-0.0504129854562,-0.307662259137,sem look-ahead (quantis dos 60 pregões anteriores)
2024-07-15,Regressão Logística,0.791409992133,-0.0504129854562,-0.307662259137,sem look-ahead (quantis dos 60 pregões anteriores)
2024-07-16,Regressão Logística,0.791409992133,-0.0504129854562,-0.307662259137,sem look-ahead (quantis dos 60 pregões anteriores)
2024-07-17,Regressão Logística,0.791409992133,-0.0504129854562,-0.307662259137,sem look-ahead (quantis dos 60 pregões anteriores)
2024-07-18,Regressão Logística,0.791014287137,-0.0504129854562,-0.307662259137,sem look-ahead (quantis dos 60 pregões anteriores)
2024-07-19,Regressão Logística,0.790791207872,-0.0504129854562,-0.307662259137,sem look-ahead (quantis dos 60 pregões anteriores)
2024-07-22,Regressão Logística,0.791907793953,-0.0504129854562,-0.307662259137,sem look-ahead (quantis dos 60 pregões anteriores)
2024-07-23,Regressão Logística,0.791907793953,-0.0504129854562,-0.307662259137,sem look-ahead (quantis dos 60 pregões anteriores)
2024-07-24,Regressão Logística,0.791907793953,-0.0504129854562,-0.307662259137,sem look-ahead (quantis dos 60 pregões anteriores)
2024-07-25,Regressão Logística,0.791907793953,-0.0504129854562,-0.307662259137,sem look-ahead (quantis dos 60 pregões anteriores)
2024-07-26,Regressão Logística,0.791907793953,-0.0504129854562,-0.307662259137,sem look-ahead (quantis dos 60 pregões anteriores)
2024-07-29,Regressão Logística,0.791907793953,-0.0504129854562,-0.307662259137,sem look-ahead (quantis dos 60 pregões anteriores)
2024-07-30,Regressão Logística,0.791907793953,-0.0504129854562,-0.307662259137,sem look-ahead (quantis dos 60 pregões anteriores)
2024-07-31,Regressão Logística,0.791907793953,-0.0504129854562,-0.307662259137,sem look-ahead (quantis dos 60 pregões anteriores)
2024-08-01,Regressão Logística,0.791907793953,-0.0504129854562,-0.307662259137,sem look-ahead (quantis dos 60 pregões anteriores)
2024-08-02,Regressão Logística,0.791907793953,-0.0504129854562,-0.307662259137,sem look-ahead (quantis dos 60 pregões anteriores)
2024-08-05,Regressão Logística,0.791907793953,-0.0504129854562,-0.307662259137,sem look-ahead (quantis dos 60 pregões anteriores)
2024-08-06,Regressão Logística,0.791907793953,-0.0504129854562,-0.307662259137,sem look-ahead (quantis dos 60 pregões anteriores)
2024-08-07,Regressão Logística,0.791907793953,-0.0504129854562,-0.307662259137,sem look-ahead (quantis dos 60 pregões anteriores)
2024-08-08,Regressão Logística,0.791907793953,-0.0504129854562,-0.307662259137,sem look-ahead (quantis dos 60 pregões anteriores)
2024-08-09,Regressão Logística,0.791907793953,-0.0504129854562,-0.307662259137,sem look-ahead (quantis dos 60 pregões anteriores)
2024-08-12,Regressão Logística,0.791907793953,-0.0504129854562,-0.307662259137,sem look-ahead (quantis dos 60 pregões anteriores)
2024-08-13,Regressão Logística,0.791907793953,-0.0504129854562,-0.307662259137,sem look-ahead (quantis dos 60 pregões anteriores)
2024-08-14,Regressão Logística,0.791907793953,-0.0504129854562,-0.307662259137,sem look-ahead (quantis dos 60 pregões anteriores)
2024-08-15,Regressão Logística,0.791907793953,-0.0504129854562,-0.307662259137,sem look-ahead (quantis dos 60 pregões anteriores)
2024-08-16,Regressão Logística,0.791907793953,-0.0504129854562,-0.307662259137,sem look-ahead (quantis dos 60 pregões anteriores)
2024-08-19,Regressão Logística,0.791907793953,-0.0504129854562,-0.307662259137,sem look-ahead (quantis dos 60 pregões anteriores)
2024-08-20,Regressão Logística,0.791907793953,-0.0504129854562,-0.307662259137,sem look-ahead (quantis dos 60 pregões anteriores)
2024-08-21,Regressão Logística,0.791907793953,-0.0504129854562,-0.307662259137,sem look-ahead (quantis dos 60 pregões anteriores)
2024-08-22,Regressão Logística,0.791907793953,-0.0504129854562,-0.307662259137,sem look-ahead (quantis dos 60 pregões anteriores)
2024-08-23,Regressão Logística,0.791511840056,-0.0504129854562,-0.307662259137,sem look-ahead (quantis dos 60 pregões anteriores)
2024-08-26,Regressão Logística,0.798592978325,-0.0504129854562,-0.307662259137,sem look-ahead (quantis dos 60 pregões anteriores)
2024-08-27,Regressão Logística,0.798592978325,-0.0504129854562,-0.307662259137,sem look-ahead (quantis dos 60 pregões anteriores)
2024-08-28,Regressão Logística,0.798592978325,-0.0504129854562,-0.307662259137,sem look-ahead (quantis dos 60 pregões anteriores)
2024-08-29,Regressão Logística,0.798592978325,-0.0504129854562,-0.307662259137,sem look-ahead (quantis dos 60 pregões anteriores)
2024-08-30,Regressão Logística,0.798592978325,-0.0504129854562,-0.307662259137,sem look-ahead (quantis dos 60 pregões anteriores)
2024-09-02,Regressão Logística,0.798592978325,-0.0504129854562,-0.307662259137,sem look-ahead (quantis dos 60 pregões anteriores)
2024-09-03,Regressão Logística,0.798592978325,-0.0504129854562,-0.307662259137,sem look-ahead (quantis dos 60 pregões anteriores)
2024-09-04,Regressão Logística,0.798193681836,-0.0504129854562,-0.307662259137,sem look-ahead (quantis dos 60 pregões anteriores)
2024-09-05,Regressão Logística,0.80008752039,-0.0504129854562,-0.307662259137,sem look-ahead (quantis dos 60 pregões anteriores)
2024-09-06,Regressão Logística,0.80008752039,-0.0504129854562,-0.307662259137,sem look-ahead (quantis dos 60 pregões anteriores)
2024-09-09,Regressão Logística,0.80008752039,-0.0504129854562,-0.307662259137,sem look-ahead (quantis dos 60 pregões anteriores)
2024-09-10,Regressão Logística,0.80008752039,-0.0504129854562,-0.307662259137,sem look-ahead (quantis dos 60 pregões anteriores)
2024-09-11,Regressão Logística,0.80008752039,-0.0504129854562,-0.307662259137,sem look-ahead (quantis dos 60 pregões anteriores)
2024-09-12,Regressão Logística,0.80008752039,-0.0504129854562,-0.307662259137,sem look-ahead (quantis dos 60 pregões anteriores)
2024-09-13,Regressão Logística,0.80008752039,-0.0504129854562,-0.307662259137,sem look-ahead (quantis dos 60 pregões anteriores)
2024-09-16,Regressão Logística,0.80008752039,-0.0504129854562,-0.307662259137,sem look-ahead (quantis dos 60 pregões anteriores)
2024-09-17,Regressão Logística,0.80008752039,-0.0504129854562,-0.307662259137,sem look-ahead (quantis dos 60 pregões anteriores)
2024-09-18,Regressão Logística,0.80008752039,-0.0504129854562,-0.307662259137,sem look-ahead (quantis dos 60 pregões anteriores)
2024-09-19,Regressão Logística,0.80008752039,-0.0504129854562,-0.307662259137,sem look-ahead (quantis dos 60 pregões anteriores)
2024-09-20,Regressão Logística,0.80008752039,-0.0504129854562,-0.307662259137,sem look-ahead (quantis dos 60 pregões anteriores)
2024-09-23,Regressão Logística,0.80008752039,-0.0504129854562,-0.307662259137,sem look-ahead (quantis dos 60 pregões anteriores)
2024-09-24,Regressão Logística,0.80008752039,-0.0504129854562,-0.307662259137,sem look-ahead (quantis dos 60 pregões anteriores)
2024-09-25,Regressão Logística,0.80008752039,-0.0504129854562,-0.307662259137,sem look-ahead (quantis dos 60 pregões anteriores)
2024-09-26,Regressão Logística,0.80008752039,-0.0504129854562,-0.307662259137,sem look-ahead (quantis dos 60 pregões anteriores)
2024-09-27,Regressão Logística,0.80008752039,-0.0504129854562,-0.307662259137,sem look-ahead (quantis dos 60 pregões anteriores)
2024-09-30,Regressão Logística,0.80008752039,-0.0504129854562,-0.307662259137,sem look-ahead (quantis dos 60 pregões anteriores)
2024-10-01,Regressão Logística,0.80008752039,-0.0504129854562,-0.307662259137,sem look-ahead (quantis dos 60 pregões anteriores)
2024-10-02,Regressão Logística,0.80008752039,-0.0504129854562,-0.307662259137,sem look-ahead (quantis dos 60 pregões anteriores)
2024-10-03,Regressão Logística,0.80008752039,-0.0504129854562,-0.307662259137,sem look-ahead (quantis dos 60 pregões anteriores)
2024-10-04,Regressão Logística,0.80008752039,-0.0504129854562,-0.307662259137,sem look-ahead (quantis dos 60 pregões anteriores)
2024-10-07,Regressão Logística,0.80008752039,-0.0504129854562,-0.307662259137,sem look-ahead (quantis dos 60 pregões anteriores)
2024-10-08,Regressão Logística,0.80008752039,-0.0504129854562,-0.307662259137,sem look-ahead (quantis dos 60 pregões anteriores)
2024-10-09,Regressão Logística,0.80008752039,-0.0504129854562,-0.307662259137,sem look-ahead (quantis dos 60 pregões anteriores)
2024-10-10,Regressão Logística,0.80008752039,-0.0504129854562,-0.307662259137,sem look-ahead (quantis dos 60 pregões anteriores)
2024-10-11,Regressão Logística,0.80008752039,-0.0504129854562,-0.307662259137,sem look-ahead (quantis dos 60 pregões anteriores)
2024-10-14,Regressão Logística,0.80008752039,-0.0504129854562,-0.307662259137,sem look-ahead (quantis dos 60 pregões anteriores)
2024-10-15,Regressão Logística,0.79968747663,-0.0504129854562,-0.307662259137,sem look-ahead (quantis dos 60 pregões anteriores)
2024-10-16,Regressão Logística,0.804001931015,-0.0504129854562,-0.307662259137,sem look-ahead (quantis dos 60 pregões anteriores)
2024-10-17,Regressão Logística,0.798161856267,-0.0504129854562,-0.307662259137,sem look-ahead (quantis dos 60 pregões anteriores)
2024-10-18,Regressão Logística,0.796367726721,-0.0504129854562,-0.307662259137,sem look-ahead (quantis dos 60 pregões anteriores)
2024-10-21,Regressão Logística,0.795531686762,-0.0504129854562,-0.307662259137,sem look-ahead (quantis dos 60 pregões anteriores)
2024-10-22,Regressão Logística,0.79122223031,-0.0504129854562,-0.307662259137,sem look-ahead (quantis dos 60 pregões anteriores)
2024-10-23,Regressão Logística,0.79122223031,-0.0504129854562,-0.307662259137,sem look-ahead (quantis dos 60 pregões anteriores)
2024-10-24,Regressão Logística,0.79122223031,-0.0504129854562,-0.307662259137,sem look-ahead (quantis dos 60 pregões anteriores)
2024-10-25,Regressão Logística,0.79122223031,-0.0504129854562,-0.307662259137,sem look-ahead (quantis dos 60 pregões anteriores)
2024-10-28,Regressão Logística,0.790826619195,-0.0504129854562,-0.307662259137,sem look-ahead (quantis dos 60 pregões anteriores)
2024-10-29,Regressão Logística,0.787915556594,-0.0504129854562,-0.307662259137,sem look-ahead (quantis dos 60 pregões anteriores)
2024-10-30,Regressão Logística,0.787367095524,-0.0504129854562,-0.307662259137,sem look-ahead (quantis dos 60 pregões anteriores)
2024-10-31,Regressão Logística,0.781786052111,-0.0504129854562,-0.307662259137,sem look-ahead (quantis dos 60 pregões anteriores)
2024-11-01,Regressão Logística,0.771800103886,-0.0504129854562,-0.307662259137,sem look-ahead (quantis dos 60 pregões anteriores)
2024-11-04,Regressão Logística,0.771800103886,-0.0504129854562,-0.307662259137,sem look-ahead (quantis dos 60 pregões anteriores)
2024-11-05,Regressão Logística,0.771800103886,-0.0504129854562,-0.307662259137,sem look-ahead (quantis dos 60 pregões anteriores)
2024-11-06,Regressão Logística,0.771800103886,-0.0504129854562,-0.307662259137,sem look-ahead (quantis dos 60 pregões anteriores)
2024-11-07,Regressão Logística,0.771800103886,-0.0504129854562,-0.307662259137,sem look-ahead (quantis dos 60 pregões anteriores)
2024-11-08,Regressão Logística,0.771800103886,-0.0504129854562,-0.307662259137,sem look-ahead (quantis dos 60 pregões anteriores)
2024-11-11,Regressão Logística,0.771800103886,-0.0504129854562,-0.307662259137,sem look-ahead (quantis dos 60 pregões anteriores)
2024-11-12,Regressão Logística,0.771800103886,-0.0504129854562,-0.307662259137,sem look-ahead (quantis dos 60 pregões anteriores)
2024-11-13,Regressão Logística,0.771800103886,-0.0504129854562,-0.307662259137,sem look-ahead (quantis dos 60 pregões anteriores)
2024-11-14,Regressão Logística,0.771800103886,-0.0504129854562,-0.307662259137,sem look-ahead (quantis dos 60 pregões anteriores)
2024-11-18,Regressão Logística,0.771800103886,-0.0504129854562,-0.307662259137,sem look-ahead (quantis dos 60 pregões anteriores)
2024-11-19,Regressão Logística,0.771800103886,-0.0504129854562,-0.307662259137,sem look-ahead (quantis dos 60 pregões anteriores)
2024-11-21,Regressão Logística,0.771800103886,-0.0504129854562,-0.307662259137,sem look-ahead (quantis dos 60 pregões anteriores)
2024-11-22,Regressão Logística,0.771414203834,-0.0504129854562,-0.307662259137,sem look-ahead (quantis dos 60 pregões anteriores)
2024-11-25,Regressão Logística,0.770490825943,-0.0504129854562,-0.307662259137,sem look-ahead (quantis dos 60 pregões anteriores)
2024-11-26,Regressão Logística,0.770490825943,-0.0504129854562,-0.307662259137,sem look-ahead (quantis dos 60 pregões anteriores)
2024-11-27,Regressão Logística,0.770490825943,-0.0504129854562,-0.307662259137,sem look-ahead (quantis dos 60 pregões anteriores)
2024-11-28,Regressão Logística,0.770490825943,-0.0504129854562,-0.307662259137,sem look-ahead (quantis dos 60 pregões anteriores)
2024-11-29,Regressão Logística,0.770490825943,-0.0504129854562,-0.307662259137,sem look-ahead (quantis dos 60 pregões anteriores)
2024-12-02,Regressão Logística,0.770490825943,-0.0504129854562,-0.307662259137,sem look-ahead (quantis dos 60 pregões anteriores)
2024-12-03,Regressão Logística,0.770490825943,-0.0504129854562,-0.307662259137,sem look-ahead (quantis dos 60 pregões anteriores)
2024-12-04,Regressão Logística,0.770490825943,-0.0504129854562,-0.307662259137,sem look-ahead (quantis dos 60 pregões anteriores)
2024-12-05,Regressão Logística,0.770490825943,-0.0504129854562,-0.307662259137,sem look-ahead (quantis dos 60 pregões anteriores)
2024-12-06,Regressão Logística,0.770490825943,-0.0504129854562,-0.307662259137,sem look-ahead (quantis dos 60 pregões anteriores)
2024-12-09,Regressão Logística,0.770490825943,-0.0504129854562,-0.307662259137,sem look-ahead (quantis dos 60 pregões anteriores)
2024-12-10,Regressão Logística,0.770490825943,-0.0504129854562,-0.307662259137,sem look-ahead (quantis dos 60 pregões anteriores)
2024-12-11,Regressão Logística,0.770490825943,-0.0504129854562,-0.307662259137,sem look-ahead (quantis dos 60 pregões anteriores)
2024-12-12,Regressão Logística,0.770490825943,-0.0504129854562,-0.307662259137,sem look-ahead (quantis dos 60 pregões anteriores)
2024-12-13,Regressão Logística,0.77010558053,-0.0504129854562,-0.307662259137,sem look-ahead (quantis dos 60 pregões anteriores)
2024-12-16,Regressão Logística,0.763219138863,-0.0504129854562,-0.307662259137,sem look-ahead (quantis dos 60 pregões anteriores)
2024-12-17,Regressão Logística,0.763219138863,-0.0504129854562,-0.307662259137,sem look-ahead (quantis dos 60 pregões anteriores)
2024-12-18,Regressão Logística,0.762837529293,-0.0504129854562,-0.307662259137,sem look-ahead (quantis dos 60 pregões anteriores)
2024-12-19,Regressão Logística,0.765465128507,-0.0504129854562,-0.307662259137,sem look-ahead (quantis dos 60 pregões anteriores)
2024-12-20,Regressão Logística,0.771238267163,-0.0504129854562,-0.307662259137,sem look-ahead (quantis dos 60 pregões anteriores)
2024-12-23,Regressão Logística,0.762805947572,-0.0504129854562,-0.307662259137,sem look-ahead (quantis dos 60 pregões anteriores)
2024-12-26,Regressão Logística,0.764770330638,-0.0504129854562,-0.307662259137,sem look-ahead (quantis dos 60 pregões anteriores)
2024-12-27,Regressão Logística,0.759660408129,-0.0504129854562,-0.307662259137,sem look-ahead (quantis dos 60 pregões anteriores)
2024-12-30,Regressão Logística,0.759369006745,-0.0504129854562,-0.307662259137,sem look-ahead (quantis dos 60 pregões anteriores)
2025-01-02,Regressão Logística,0.759369006745,-0.0504129854562,-0.307662259137,sem look-ahead (quantis dos 60 pregões anteriores)
2019-08-05,Random Forest,1,-0.0548264219769,-0.247872214578,sem look-ahead (quantis dos 60 pregões anteriores)
2019-08-06,Random Forest,1,-0.0548264219769,-0.247872214578,sem look-ahead (quantis dos 60 pregões anteriores)
2019-08-07,Random Forest,1,-0.0548264219769,-0.247872214578,sem look-ahead (quantis dos 60 pregões anteriores)
2019-08-08,Random Forest,1,-0.0548264219769,-0.247872214578,sem look-ahead (quantis dos 60 pregões anteriores)
2019-08-09,Random Forest,1,-0.0548264219769,-0.247872214578,sem look-ahead (quantis dos 60 pregões anteriores)
2019-08-12,Random Forest,1,-0.0548264219769,-0.247872214578,sem look-ahead (quantis dos 60 pregões anteriores)
2019-08-13,Random Forest,1,-0.0548264219769,-0.247872214578,sem look-ahead (quantis dos 60 pregões anteriores)
2019-08-14,Random Forest,1,-0.0548264219769,-0.247872214578,sem look-ahead (quantis dos 60 pregões anteriores)
2019-08-15,Random Forest,1,-0.0548264219769,-0.247872214578,sem look-ahead (quantis dos 60 pregões anteriores)
2019-08-16,Random Forest,1,-0.0548264219769,-0.247872214578,sem look-ahead (quantis dos 60 pregões anteriores)
2019-08-19,Random Forest,1,-0.0548264219769,-0.247872214578,sem look-ahead (quantis dos 60 pregões anteriores)
2019-08-20,Random Forest,1,-0.0548264219769,-0.247872214578,sem look-ahead (quantis dos 60 pregões anteriores)
2019-08-21,Random Forest,1,-0.0548264219769,-0.247872214578,sem look-ahead (quantis dos 60 pregões anteriores)
2019-08-22,Random Forest,1,-0.0548264219769,-0.247872214578,sem look-ahead (quantis dos 60 pregões anteriores)
2019-08-23,Random Forest,1,-0.0548264219769,-0.247872214578,sem look-ahead (quantis dos 60 pregões anteriores)
2019-08-26,Random Forest,1,-0.0548264219769,-0.247872214578,sem look-ahead (quantis dos 60 pregões anteriores)
2019-08-27,Random Forest,1,-0.0548264219769,-0.247872214578,sem look-ahead (quantis dos 60 pregões anteriores)
2019-08-28,Random Forest,1,-0.0548264219769,-0.247872214578,sem look-ahead (quantis dos 60 pregões anteriores)
2019-08-29,Random Forest,1,-0.0548264219769,-0.247872214578,sem look-ahead (quantis dos 60 pregões anteriores)
2019-08-30,Random Forest,1,-0.0548264219769,-0.247872214578,sem look-ahead (quantis dos 60 pregões anteriores)
2019-09-02,Random Forest,1,-0.0548264219769,-0.247872214578,sem look-ahead (quantis dos 60 pregões anteriores)
2019-09-03,Random Forest,1,-0.0548264219769,-0.247872214578,sem look-ahead (quantis dos 60 pregões anteriores)
2019-09-04,Random Forest,1,-0.0548264219769,-0.247872214578,sem look-ahead (quantis dos 60 pregões anteriores)
2019-09-05,Random Forest,1,-0.0548264219769,-0.247872214578,sem look-ahead (quantis dos 60 pregões anteriores)
2019-09-06,Random Forest,1,-0.0548264219769,-0.247872214578,sem look-ahead (quantis dos 60 pregões anteriores)
2019-09-09,Random Forest,1,-0.0548264219769,-0.247872214578,sem look-ahead (quantis dos 60 pregões anteriores)
2019-09-10,Random Forest,1,-0.0548264219769,-0.247872214578,sem look-ahead (quantis dos 60 pregões anteriores)
2019-09-11,Random Forest,1,-0.0548264219769,-0.247872214578,sem look-ahead (quantis dos 60 pregões anteriores)
2019-09-12,Random Forest,1,-0.0548264219769,-0.247872214578,sem look-ahead (quantis dos 60 pregões anteriores)
2019-09-13,Random Forest,1,-0.0548264219769,-0.247872214578,sem look-ahead (quantis dos 60 pregões anteriores)
2019-09-16,Random Forest,1,-0.0548264219769,-0.247872214578,sem look-ahead (quantis dos 60 pregões anteriores)
2019-09-17,Random Forest,1,-0.0548264219769,-0.247872214578,sem look-ahead (quantis dos 60 pregões anteriores)
2019-09-18,Random Forest,1,-0.0548264219769,-0.247872214578,sem look-ahead (quantis dos 60 pregões anteriores)
2019-09-19,Random Forest,1,-0.0548264219769,-0.247872214578,sem look-ahead (quantis dos 60 pregões anteriores)
2019-09-20,Random Forest,1,-0.0548264219769,-0.247872214578,sem look-ahead (quantis dos 60 pregões anteriores)
2019-09-23,Random Forest,1,-0.0548264219769,-0.247872214578,sem look-ahead (quantis dos 60 pregões anteriores)
2019-09-24,Random Forest,1,-0.0548264219769,-0.247872214578,sem look-ahead (quantis dos 60 pregões anteriores)
2019-09-25,Random Forest,1,-0.0548264219769,-0.247872214578,sem look-ahead (quantis dos 60 pregões anteriores)
2019-09-26,Random Forest,1,-0.0548264219769,-0.247872214578,sem look-ahead (quantis dos 60 pregões anteriores)
2019-09-27,Random Forest,1,-0.0548264219769,-0.247872214578,sem look-ahead (quantis dos 60 pregões anteriores)
2019-09-30,Random Forest,1,-0.0548264219769,-0.247872214578,sem look-ahead (quantis dos 60 pregões anteriores)
2019-10-01,Random Forest,1,-0.0548264219769,-0.247872214578,sem look-ahead (quantis dos 60 pregões anteriores)
2019-10-02,Random Forest,1,-0.0548264219769,-0.247872214578,sem look-ahead (quantis dos 60 pregões anteriores)
2019-10-03,Random Forest,1,-0.0548264219769,-0.247872214578,sem look-ahead (quantis dos 60 pregões anteriores)
2019-10-04,Random Forest,1,-0.0548264219769,-0.247872214578,sem look-ahead (quantis dos 60 pregões anteriores)
2019-10-07,Random Forest,1,-0.0548264219769,-0.247872214578,sem look-ahead (quantis dos 60 pregões anteriores)
2019-10-08,Random Forest,1,-0.0548264219769,-0.247872214578,sem look-ahead (quantis dos 60 pregões anteriores)
2019-10-09,Random Forest,1,-0.0548264219769,-0.247872214578,sem look-ahead (quantis dos 60 pregões anteriores)
2019-10-10,Random Forest,1,-0.0548264219769,-0.247872214578,sem look-ahead (quantis dos 60 pregões anteriores)
2019-10-11,Random Forest,1,-0.0548264219769,-0.247872214578,sem look-ahead (quantis dos 60 pregões anteriores)
2019-10-14,Random Forest,1,-0.0548264219769,-0.247872214578,sem look-ahead (quantis dos 60 pregões anteriores)
2019-10-15,Random Forest,1,-0.0548264219769,-0.247872214578,sem look-ahead (quantis dos 60 pregões anteriores)
2019-10-16,Random Forest,1,-0.0548264219769,-0.247872214578,sem look-ahead (quantis dos 60 pregões anteriores)
2019-10-17,Random Forest,1,-0.0548264219769,-0.247872214578,sem look-ahead (quantis dos 60 pregões anteriores)
2019-10-18,Random Forest,1,-0.0548264219769,-0.247872214578,sem look-ahead (quantis dos 60 pregões anteriores)
2019-10-21,Random Forest,1,-0.0548264219769,-0.247872214578,sem look-ahead (quantis dos 60 pregões anteriores)
2019-10-22,Random Forest,1,-0.0548264219769,-0.247872214578,sem look-ahead (quantis dos 60 pregões anteriores)
2019-10-23,Random Forest,1,-0.0548264219769,-0.247872214578,sem look-ahead (quantis dos 60 pregões anteriores)
2019-10-24,Random Forest,1,-0.0548264219769,-0.247872214578,sem look-ahead (quantis dos 60 pregões anteriores)
2019-10-25,Random Forest,1,-0.0548264219769,-0.247872214578,sem look-ahead (quantis dos 60 pregões anteriores)
2019-10-28,Random Forest,1,-0.0548264219769,-0.247872214578,sem look-ahead (quantis dos 60 pregões anteriores)
2019-10-29,Random Forest,1,-0.0548264219769,-0.247872214578,sem look-ahead (quantis dos 60 pregões anteriores)
2019-10-30,Random Forest,1,-0.0548264219769,-0.247872214578,sem look-ahead (quantis dos 60 pregões anteriores)
2019-10-31,Random Forest,1,-0.0548264219769,-0.247872214578,sem look-ahead (quantis dos 60 pregões anteriores)
2019-11-01,Random Forest,1,-0.0548264219769,-0.247872214578,sem look-ahead (quantis dos 60 pregões anteriores)
2019-11-04,Random Forest,1,-0.0548264219769,-0.247872214578,sem look-ahead (quantis dos 60 pregões anteriores)
2019-11-05,Random Forest,1,-0.0548264219769,-0.247872214578,sem look-ahead (quantis dos 60 pregões anteriores)
2019-11-06,Random Forest,1,-0.0548264219769,-0.247872214578,sem look-ahead (quantis dos 60 pregões anteriores)
2019-11-07,Random Forest,1,-0.0548264219769,-0.247872214578,sem look-ahead (quantis dos 60 pregões anteriores)
2019-11-08,Random Forest,1,-0.0548264219769,-0.247872214578,sem look-ahead (quantis dos 60 pregões anteriores)
2019-11-11,Random Forest,0.9995,-0.0548264219769,-0.247872214578,sem look-ahead (quantis dos 60 pregões anteriores)
2019-11-12,Random Forest,0.986292172989,-0.0548264219769,-0.247872214578,sem look-ahead (quantis dos 60 pregões anteriores)
2019-11-13,Random Forest,0.978247405628,-0.0548264219769,-0.247872214578,sem look-ahead (quantis dos 60 pregões anteriores)
2019-11-14,Random Forest,0.984186309661,-0.0548264219769,-0.247872214578,sem look-ahead (quantis dos 60 pregões anteriores)
2019-11-18,Random Forest,0.982246698702,-0.0548264219769,-0.247872214578,sem look-ahead (quantis dos 60 pregões anteriores)
2019-11-19,Random Forest,0.975513477799,-0.0548264219769,-0.247872214578,sem look-ahead (quantis dos 60 pregões anteriores)
2019-11-21,Random Forest,0.992868377766,-0.0548264219769,-0.247872214578,sem look-ahead (quantis dos 60 pregões anteriores)
2019-11-22,Random Forest,1.00340925356,-0.0548264219769,-0.247872214578,sem look-ahead (quantis dos 60 pregões anteriores)
2019-11-25,Random Forest,1.00340925356,-0.0548264219769,-0.247872214578,sem look-ahead (quantis dos 60 pregões anteriores)
2019-11-26,Random Forest,1.00340925356,-0.0548264219769,-0.247872214578,sem look-ahead (quantis dos 60 pregões anteriores)
2019-11-27,Random Forest,1.00290754894,-0.0548264219769,-0.247872214578,sem look-ahead (quantis dos 60 pregões anteriores)
2019-11-28,Random Forest,1.00832675822,-0.0548264219769,-0.247872214578,sem look-ahead (quantis dos 60 pregões anteriores)
2019-11-29,Random Forest,1.00729184754,-0.0548264219769,-0.247872214578,sem look-ahead (quantis dos 60 pregões anteriores)
2019-12-02,Random Forest,1.00729184754,-0.0548264219769,-0.247872214578,sem look-ahead (quantis dos 60 pregões anteriores)
2019-12-03,Random Forest,1.00729184754,-0.0548264219769,-0.247872214578,sem look-ahead (quantis dos 60 pregões anteriores)
2019-12-04,Random Forest,1.00729184754,-0.0548264219769,-0.247872214578,sem look-ahead (quantis dos 60 pregões anteriores)
2019-12-05,Random Forest,1.00678820162,-0.0548264219769,-0.247872214578,sem look-ahead (quantis dos 60 pregões anteriores)
2019-12-06,Random Forest,1.0108717907,-0.0548264219769,-0.247872214578,sem look-ahead (quantis dos 60 pregões anteriores)
2019-12-09,Random Forest,1.0108717907,-0.0548264219769,-0.247872214578,sem look-ahead (quantis dos 60 pregões anteriores)
2019-12-10,Random Forest,1.0108717907,-0.0548264219769,-0.247872214578,sem look-ahead (quantis dos 60 pregões anteriores)
2019-12-11,Random Forest,1.0108717907,-0.0548264219769,-0.247872214578,sem look-ahead (quantis dos 60 pregões anteriores)
2019-12-12,Random Forest,1.0108717907,-0.0548264219769,-0.247872214578,sem look-ahead (quantis dos 60 pregões anteriores)
2019-12-13,Random Forest,1.0108717907,-0.0548264219769,-0.247872214578,sem look-ahead (quantis dos 60 pregões anteriores)
2019-12-16,Random Forest,1.0108717907,-0.0548264219769,-0.247872214578,sem look-ahead (quantis dos 60 pregões anteriores)
2019-12-17,Random Forest,1.0108717907,-0.0548264219769,-0.247872214578,sem look-ahead (quantis dos 60 pregões anteriores)
2019-12-18,Random Forest,1.0108717907,-0.0548264219769,-0.247872214578,sem look-ahead (quantis dos 60 pregões anteriores)
2019-12-19,Random Forest,1.0108717907,-0.0548264219769,-0.247872214578,sem look-ahead (quantis dos 60 pregões anteriores)
2019-12-20,Random Forest,1.0103663548,-0.0548264219769,-0.247872214578,sem look-ahead (quantis dos 60 pregões anteriores)
2019-12-23,Random Forest,1.01687856226,-0.0548264219769,-0.247872214578,sem look-ahead (quantis dos 60 pregões anteriores)
2019-12-26,Random Forest,1.02813071328,-0.0548264219769,-0.247872214578,sem look-ahead (quantis dos 60 pregões anteriores)
2019-12-27,Random Forest,1.02813071328,-0.0548264219769,-0.247872214578,sem look-ahead (quantis dos 60 pregões anteriores)
2019-12-30,Random Forest,1.02813071328,-0.0548264219769,-0.247872214578,sem look-ahead (quantis dos 60 pregões anteriores)
2020-01-02,Random Forest,1.02813071328,-0.0548264219769,-0.247872214578,sem look-ahead (quantis dos 60 pregões anteriores)
2020-01-03,Random Forest,1.02813071328,-0.0548264219769,-0.247872214578,sem look-ahead (quantis dos 60 pregões anteriores)
2020-01-06,Random Forest,1.02813071328,-0.0548264219769,-0.247872214578,sem look-ahead (quantis dos 60 pregões anteriores)
2020-01-07,Random Forest,1.02813071328,-0.0548264219769,-0.247872214578,sem look-ahead (quantis dos 60 pregões anteriores)
2020-01-08,Random Forest,1.02813071328,-0.0548264219769,-0.247872214578,sem look-ahead (quantis dos 60 pregões anteriores)
2020-01-09,Random Forest,1.02813071328,-0.0548264219769,-0.247872214578,sem look-ahead (quantis dos 60 pregões anteriores)
2020-01-10,Random Forest,1.02813071328,-0.0548264219769,-0.247872214578,sem look-ahead (quantis dos 60 pregões anteriores)
2020-01-13,Random Forest,1.02813071328,-0.0548264219769,-0.247872214578,sem look-ahead (quantis dos 60 pregões anteriores)
2020-01-14,Random Forest,1.02813071328,-0.0548264219769,-0.247872214578,sem look-ahead (quantis dos 60 pregões anteriores)
2020-01-15,Random Forest,1.02813071328,-0.0548264219769,-0.247872214578,sem look-ahead (quantis dos 60 pregões anteriores)
2020-01-16,Random Forest,1.02813071328,-0.0548264219769,-0.247872214578,sem look-ahead (quantis dos 60 pregões anteriores)
2020-01-17,Random Forest,1.02813071328,-0.0548264219769,-0.247872214578,sem look-ahead (quantis dos 60 pregões anteriores)
2020-01-20,Random Forest,1.02813071328,-0.0548264219769,-0.247872214578,sem look-ahead (quantis dos 60 pregões anteriores)
2020-01-21,Random Forest,1.02813071328,-0.0548264219769,-0.247872214578,sem look-ahead (quantis dos 60 pregões anteriores)
2020-01-22,Random Forest,1.02813071328,-0.0548264219769,-0.247872214578,sem look-ahead (quantis dos 60 pregões anteriores)
2020-01-23,Random Forest,1.02813071328,-0.0548264219769,-0.247872214578,sem look-ahead (quantis dos 60 pregões anteriores)
2020-01-24,Random Forest,1.02813071328,-0.0548264219769,-0.247872214578,sem look-ahead (quantis dos 60 pregões anteriores)
2020-01-27,Random Forest,1.02813071328,-0.0548264219769,-0.247872214578,sem look-ahead (quantis dos 60 pregões anteriores)
2020-01-28,Random Forest,1.02761664792,-0.0548264219769,-0.247872214578,sem look-ahead (quantis dos 60 pregões anteriores)
2020-01-29,Random Forest,1.01796501447,-0.0548264219769,-0.247872214578,sem look-ahead (quantis dos 60 pregões anteriores)
2020-01-30,Random Forest,1.01871762573,-0.0548264219769,-0.247872214578,sem look-ahead (quantis dos 60 pregões anteriores)
2020-01-31,Random Forest,1.01871762573,-0.0548264219769,-0.247872214578,sem look-ahead (quantis dos 60 pregões anteriores)
2020-02-03,Random Forest,1.01871762573,-0.0548264219769,-0.247872214578,sem look-ahead (quantis dos 60 pregões anteriores)
2020-02-04,Random Forest,1.01871762573,-0.0548264219769,-0.247872214578,sem look-ahead (quantis dos 60 pregões anteriores)
2020-02-05,Random Forest,1.01871762573,-0.0548264219769,-0.247872214578,sem look-ahead (quantis dos 60 pregões anteriores)
2020-02-06,Random Forest,1.01871762573,-0.0548264219769,-0.247872214578,sem look-ahead (quantis dos 60 pregões anteriores)
2020-02-07,Random Forest,1.01871762573,-0.0548264219769,-0.247872214578,sem look-ahead (quantis dos 60 pregões anteriores)
2020-02-10,Random Forest,1.01871762573,-0.0548264219769,-0.247872214578,sem look-ahead (quantis dos 60 pregões anteriores)
2020-02-11,Random Forest,1.01871762573,-0.0548264219769,-0.247872214578,sem look-ahead (quantis dos 60 pregões anteriores)
2020-02-12,Random Forest,1.01871762573,-0.0548264219769,-0.247872214578,sem look-ahead (quantis dos 60 pregões anteriores)
2020-02-13,Random Forest,1.01871762573,-0.0548264219769,-0.247872214578,sem look-ahead (quantis dos 60 pregões anteriores)
2020-02-14,Random Forest,1.01871762573,-0.0548264219769,-0.247872214578,sem look-ahead (quantis dos 60 pregões anteriores)
2020-02-17,Random Forest,1.01871762573,-0.0548264219769,-0.247872214578,sem look-ahead (quantis dos 60 pregões anteriores)
2020-02-18,Random Forest,1.01871762573,-0.0548264219769,-0.247872214578,sem look-ahead (quantis dos 60 pregões anteriores)
2020-02-19,Random Forest,1.01871762573,-0.0548264219769,-0.247872214578,sem look-ahead (quantis dos 60 pregões anteriores)
2020-02-20,Random Forest,1.01871762573,-0.0548264219769,-0.247872214578,sem look-ahead (quantis dos 60 pregões anteriores)
2020-02-21,Random Forest,1.01871762573,-0.0548264219769,-0.247872214578,sem look-ahead (quantis dos 60 pregões anteriores)
2020-02-26,Random Forest,1.01820826692,-0.0548264219769,-0.247872214578,sem look-ahead (quantis dos 60 pregões anteriores)
2020-02-27,Random Forest,0.991876124788,-0.0548264219769,-0.247872214578,sem look-ahead (quantis dos 60 pregões anteriores)
2020-02-28,Random Forest,1.00331818216,-0.0548264219769,-0.247872214578,sem look-ahead (quantis dos 60 pregões anteriores)
2020-03-02,Random Forest,1.02694391173,-0.0548264219769,-0.247872214578,sem look-ahead (quantis dos 60 pregões anteriores)
2020-03-03,Random Forest,1.0164649905,-0.0548264219769,-0.247872214578,sem look-ahead (quantis dos 60 pregões anteriores)
2020-03-04,Random Forest,1.03271309722,-0.0548264219769,-0.247872214578,sem look-ahead (quantis dos 60 pregões anteriores)
2020-03-05,Random Forest,0.98464297236,-0.0548264219769,-0.247872214578,sem look-ahead (quantis dos 60 pregões anteriores)
2020-03-06,Random Forest,0.943844525372,-0.0548264219769,-0.247872214578,sem look-ahead (quantis dos 60 pregões anteriores)
2020-03-09,Random Forest,0.828470461333,-0.0548264219769,-0.247872214578,sem look-ahead (quantis dos 60 pregões anteriores)
2020-03-10,Random Forest,0.828056226102,-0.0548264219769,-0.247872214578,sem look-ahead (quantis dos 60 pregões anteriores)
2020-03-11,Random Forest,0.764812033241,-0.0548264219769,-0.247872214578,sem look-ahead (quantis dos 60 pregões anteriores)
2020-03-12,Random Forest,0.651775273377,-0.0548264219769,-0.247872214578,sem look-ahead (quantis dos 60 pregões anteriores)
2020-03-13,Random Forest,0.742425582467,-0.0548264219769,-0.247872214578,sem look-ahead (quantis dos 60 pregões anteriores)
2020-03-16,Random Forest,0.639068964574,-0.0548264219769,-0.247872214578,sem look-ahead (quantis dos 60 pregões anteriores)
2020-03-17,Random Forest,0.670040031048,-0.0548264219769,-0.247872214578,sem look-ahead (quantis dos 60 pregões anteriores)
2020-03-18,Random Forest,0.600698605907,-0.0548264219769,-0.247872214578,sem look-ahead (quantis dos 60 pregões anteriores)
2020-03-19,Random Forest,0.613602468627,-0.0548264219769,-0.247872214578,sem look-ahead (quantis dos 60 pregões anteriores)
2020-03-20,Random Forest,0.601954276568,-0.0548264219769,-0.247872214578,sem look-ahead (quantis dos 60 pregões anteriores)
2020-03-23,Random Forest,0.601954276568,-0.0548264219769,-0.247872214578,sem look-ahead (quantis dos 60 pregões anteriores)
2020-03-24,Random Forest,0.601954276568,-0.0548264219769,-0.247872214578,sem look-ahead (quantis dos 60 pregões anteriores)
2020-03-25,Random Forest,0.601954276568,-0.0548264219769,-0.247872214578,sem look-ahead (quantis dos 60 pregões anteriores)
2020-03-26,Random Forest,0.601653299429,-0.0548264219769,-0.247872214578,sem look-ahead (quantis dos 60 pregões anteriores)
2020-03-27,Random Forest,0.56850855905,-0.0548264219769,-0.247872214578,sem look-ahead (quantis dos 60 pregões anteriores)
2020-03-30,Random Forest,0.57788447136,-0.0548264219769,-0.247872214578,sem look-ahead (quantis dos 60 pregões anteriores)
2020-03-31,Random Forest,0.565053020502,-0.0548264219769,-0.247872214578,sem look-ahead (quantis dos 60 pregões anteriores)
2020-04-01,Random Forest,0.565053020502,-0.0548264219769,-0.247872214578,sem look-ahead (quantis dos 60 pregões anteriores)
2020-04-02,Random Forest,0.564770493992,-0.0548264219769,-0.247872214578,sem look-ahead (quantis dos 60 pregões anteriores)
2020-04-03,Random Forest,0.543548511635,-0.0548264219769,-0.247872214578,sem look-ahead (quantis dos 60 pregões anteriores)
2020-04-06,Random Forest,0.57899664791,-0.0548264219769,-0.247872214578,sem look-ahead (quantis dos 60 pregões anteriores)
2020-04-07,Random Forest,0.596568007665,-0.0548264219769,-0.247872214578,sem look-ahead (quantis dos 60 pregões anteriores)
2020-04-08,Random Forest,0.596568007665,-0.0548264219769,-0.247872214578,sem look-ahead (quantis dos 60 pregões anteriores)
2020-04-09,Random Forest,0.596568007665,-0.0548264219769,-0.247872214578,sem look-ahead (quantis dos 60 pregões anteriores)
2020-04-13,Random Forest,0.596568007665,-0.0548264219769,-0.247872214578,sem look-ahead (quantis dos 60 pregões anteriores)
2020-04-14,Random Forest,0.596568007665,-0.0548264219769,-0.247872214578,sem look-ahead (quantis dos 60 pregões anteriores)
2020-04-15,Random Forest,0.596568007665,-0.0548264219769,-0.247872214578,sem look-ahead (quantis dos 60 pregões anteriores)
2020-04-16,Random Forest,0.596568007665,-0.0548264219769,-0.247872214578,sem look-ahead (quantis dos 60 pregões anteriores)
2020-04-17,Random Forest,0.596568007665,-0.0548264219769,-0.247872214578,sem look-ahead (quantis dos 60 pregões anteriores)
2020-04-20,Random Forest,0.596568007665,-0.0548264219769,-0.247872214578,sem look-ahead (quantis dos 60 pregões anteriores)
2020-04-22,Random Forest,0.596568007665,-0.0548264219769,-0.247872214578,sem look-ahead (quantis dos 60 pregões anteriores)
2020-04-23,Random Forest,0.596269723661,-0.0548264219769,-0.247872214578,sem look-ahead (quantis dos 60 pregões anteriores)
2020-04-24,Random Forest,0.563774359609,-0.0548264219769,-0.247872214578,sem look-ahead (quantis dos 60 pregões anteriores)
2020-04-27,Random Forest,0.585537721807,-0.0548264219769,-0.247872214578,sem look-ahead (quantis dos 60 pregões anteriores)
2020-04-28,Random Forest,0.608535937775,-0.0548264219769,-0.247872214578,sem look-ahead (quantis dos 60 pregões anteriores)
2020-04-29,Random Forest,0.622144355613,-0.0548264219769,-0.247872214578,sem look-ahead (quantis dos 60 pregões anteriores)
2020-04-30,Random Forest,0.622144355613,-0.0548264219769,-0.247872214578,sem look-ahead (quantis dos 60 pregões anteriores)
2020-05-04,Random Forest,0.622144355613,-0.0548264219769,-0.247872214578,sem look-ahead (quantis dos 60 pregões anteriores)
2020-05-05,Random Forest,0.622144355613,-0.0548264219769,-0.247872214578,sem look-ahead (quantis dos 60 pregões anteriores)
2020-05-06,Random Forest,0.622144355613,-0.0548264219769,-0.247872214578,sem look-ahead (quantis dos 60 pregões anteriores)
2020-05-07,Random Forest,0.622144355613,-0.0548264219769,-0.247872214578,sem look-ahead (quantis dos 60 pregões anteriores)
2020-05-08,Random Forest,0.622144355613,-0.0548264219769,-0.247872214578,sem look-ahead (quantis dos 60 pregões anteriores)
2020-05-11,Random Forest,0.622144355613,-0.0548264219769,-0.247872214578,sem look-ahead (quantis dos 60 pregões anteriores)
2020-05-12,Random Forest,0.622144355613,-0.0548264219769,-0.247872214578,sem look-ahead (quantis dos 60 pregões anteriores)
2020-05-13,Random Forest,0.622144355613,-0.0548264219769,-0.247872214578,sem look-ahead (quantis dos 60 pregões anteriores)
2020-05-14,Random Forest,0.622144355613,-0.0548264219769,-0.247872214578,sem look-ahead (quantis dos 60 pregões anteriores)
2020-05-15,Random Forest,0.622144355613,-0.0548264219769,-0.247872214578,sem look-ahead (quantis dos 60 pregões anteriores)
2020-05-18,Random Forest,0.622144355613,-0.0548264219769,-0.247872214578,sem look-ahead (quantis dos 60 pregões anteriores)
2020-05-19,Random Forest,0.622144355613,-0.0548264219769,-0.247872214578,sem look-ahead (quantis dos 60 pregões anteriores)
2020-05-20,Random Forest,0.622144355613,-0.0548264219769,-0.247872214578,sem look-ahead (quantis dos 60 pregões anteriores)
2020-05-21,Random Forest,0.622144355613,-0.0548264219769,-0.247872214578,sem look-ahead (quantis dos 60 pregões anteriores)
2020-05-22,Random Forest,0.622144355613,-0.0548264219769,-0.247872214578,sem look-ahead (quantis dos 60 pregões anteriores)
2020-05-25,Random Forest,0.622144355613,-0.0548264219769,-0.247872214578,sem look-ahead (quantis dos 60 pregões anteriores)
2020-05-26,Random Forest,0.622144355613,-0.0548264219769,-0.247872214578,sem look-ahead (quantis dos 60 pregões anteriores)
2020-05-27,Random Forest,0.622144355613,-0.0548264219769,-0.247872214578,sem look-ahead (quantis dos 60 pregões anteriores)
2020-05-28,Random Forest,0.622144355613,-0.0548264219769,-0.247872214578,sem look-ahead (quantis dos 60 pregões anteriores)
2020-05-29,Random Forest,0.622144355613,-0.0548264219769,-0.247872214578,sem look-ahead (quantis dos 60 pregões anteriores)
2020-06-01,Random Forest,0.622144355613,-0.0548264219769,-0.247872214578,sem look-ahead (quantis dos 60 pregões anteriores)
2020-06-02,Random Forest,0.622144355613,-0.0548264219769,-0.247872214578,sem look-ahead (quantis dos 60 pregões anteriores)
2020-06-03,Random Forest,0.622144355613,-0.0548264219769,-0.247872214578,sem look-ahead (quantis dos 60 pregões anteriores)
2020-06-04,Random Forest,0.622144355613,-0.0548264219769,-0.247872214578,sem look-ahead (quantis dos 60 pregões anteriores)
2020-06-05,Random Forest,0.622144355613,-0.0548264219769,-0.247872214578,sem look-ahead (quantis dos 60 pregões anteriores)
2020-06-08,Random Forest,0.622144355613,-0.0548264219769,-0.247872214578,sem look-ahead (quantis dos 60 pregões anteriores)
2020-06-09,Random Forest,0.622144355613,-0.0548264219769,-0.247872214578,sem look-ahead (quantis dos 60 pregões anteriores)
2020-06-10,Random Forest,0.622144355613,-0.0548264219769,-0.247872214578,sem look-ahead (quantis dos 60 pregões anteriores)
2020-06-12,Random Forest,0.622144355613,-0.0548264219769,-0.247872214578,sem look-ahead (quantis dos 60 pregões anteriores)
2020-06-15,Random Forest,0.622144355613,-0.0548264219769,-0.247872214578,sem look-ahead (quantis dos 60 pregões anteriores)
2020-06-16,Random Forest,0.622144355613,-0.0548264219769,-0.247872214578,sem look-ahead (quantis dos 60 pregões anteriores)
2020-06-17,Random Forest,0.622144355613,-0.0548264219769,-0.247872214578,sem look-ahead (quantis dos 60 pregões anteriores)
2020-06-18,Random Forest,0.622144355613,-0.0548264219769,-0.247872214578,sem look-ahead (quantis dos 60 pregões anteriores)
2020-06-19,Random Forest,0.622144355613,-0.0548264219769,-0.247872214578,sem look-ahead (quantis dos 60 pregões anteriores)
2020-06-22,Random Forest,0.622144355613,-0.0548264219769,-0.247872214578,sem look-ahead (quantis dos 60 pregões anteriores)
2020-06-23,Random Forest,0.622144355613,-0.0548264219769,-0.247872214578,sem look-ahead (quantis dos 60 pregões anteriores)
2020-06-24,Random Forest,0.622144355613,-0.0548264219769,-0.247872214578,sem look-ahead (quantis dos 60 pregões anteriores)
2020-06-25,Random Forest,0.622144355613,-0.0548264219769,-0.247872214578,sem look-ahead (quantis dos 60 pregões anteriores)
2020-06-26,Random Forest,0.622144355613,-0.0548264219769,-0.247872214578,sem look-ahead (quantis dos 60 pregões anteriores)
2020-06-29,Random Forest,0.622144355613,-0.0548264219769,-0.247872214578,sem look-ahead (quantis dos 60 pregões anteriores)
2020-06-30,Random Forest,0.622144355613,-0.0548264219769,-0.247872214578,sem look-ahead (quantis dos 60 pregões anteriores)
2020-07-01,Random Forest,0.622144355613,-0.0548264219769,-0.247872214578,sem look-ahead (quantis dos 60 pregões anteriores)
2020-07-02,Random Forest,0.622144355613,-0.0548264219769,-0.247872214578,sem look-ahead (quantis dos 60 pregões anteriores)
2020-07-03,Random Forest,0.622144355613,-0.0548264219769,-0.247872214578,sem look-ahead (quantis dos 60 pregões anteriores)
2020-07-06,Random Forest,0.622144355613,-0.0548264219769,-0.247872214578,sem look-ahead (quantis dos 60 pregões anteriores)
2020-07-07,Random Forest,0.622144355613,-0.0548264219769,-0.247872214578,sem look-ahead (quantis dos 60 pregões anteriores)
2020-07-08,Random Forest,0.622144355613,-0.0548264219769,-0.247872214578,sem look-ahead (quantis dos 60 pregões anteriores)
2020-07-09,Random Forest,0.621833283435,-0.0548264219769,-0.247872214578,sem look-ahead (quantis dos 60 pregões anteriores)
2020-07-10,Random Forest,0.627301603555,-0.0548264219769,-0.247872214578,sem look-ahead (quantis dos 60 pregões anteriores)
2020-07-13,Random Forest,0.618929806123,-0.0548264219769,-0.247872214578,sem look-ahead (quantis dos 60 pregões anteriores)
2020-07-14,Random Forest,0.629860175355,-0.0548264219769,-0.247872214578,sem look-ahead (quantis dos 60 pregões anteriores)
2020-07-15,Random Forest,0.638017378848,-0.0548264219769,-0.247872214578,sem look-ahead (quantis dos 60 pregões anteriores)
2020-07-16,Random Forest,0.638017378848,-0.0548264219769,-0.247872214578,sem look-ahead (quantis dos 60 pregões anteriores)
2020-07-17,Random Forest,0.638017378848,-0.0548264219769,-0.247872214578,sem look-ahead (quantis dos 60 pregões anteriores)
2020-07-20,Random Forest,0.638017378848,-0.0548264219769,-0.247872214578,sem look-ahead (quantis dos 60 pregões anteriores)
2020-07-21,Random Forest,0.638017378848,-0.0548264219769,-0.247872214578,sem look-ahead (quantis dos 60 pregões anteriores)
2020-07-22,Random Forest,0.638017378848,-0.0548264219769,-0.247872214578,sem look-ahead (quantis dos 60 pregões anteriores)
2020-07-23,Random Forest,0.638017378848,-0.0548264219769,-0.247872214578,sem look-ahead (quantis dos 60 pregões anteriores)
2020-07-24,Random Forest,0.638017378848,-0.0548264219769,-0.247872214578,sem look-ahead (quantis dos 60 pregões anteriores)
2020-07-27,Random Forest,0.638017378848,-0.0548264219769,-0.247872214578,sem look-ahead (quantis dos 60 pregões anteriores)
2020-07-28,Random Forest,0.638017378848,-0.0548264219769,-0.247872214578,sem look-ahead (quantis dos 60 pregões anteriores)
2020-07-29,Random Forest,0.638017378848,-0.0548264219769,-0.247872214578,sem look-ahead (quantis dos 60 pregões anteriores)
2020-07-30,Random Forest,0.638017378848,-0.0548264219769,-0.247872214578,sem look-ahead (quantis dos 60 pregões anteriores)
2020-07-31,Random Forest,0.638017378848,-0.0548264219769,-0.247872214578,sem look-ahead (quantis dos 60 pregões anteriores)
2020-08-03,Random Forest,0.638017378848,-0.0548264219769,-0.247872214578,sem look-ahead (quantis dos 60 pregões anteriores)
2020-08-04,Random Forest,0.638017378848,-0.0548264219769,-0.247872214578,sem look-ahead (quantis dos 60 pregões anteriores)
2020-08-05,Random Forest,0.638017378848,-0.0548264219769,-0.247872214578,sem look-ahead (quantis dos 60 pregões anteriores)
2020-08-06,Random Forest,0.638017378848,-0.0548264219769,-0.247872214578,sem look-ahead (quantis dos 60 pregões anteriores)
2020-08-07,Random Forest,0.638017378848,-0.0548264219769,-0.247872214578,sem look-ahead (quantis dos 60 pregões anteriores)
2020-08-10,Random Forest,0.638017378848,-0.0548264219769,-0.247872214578,sem look-ahead (quantis dos 60 pregões anteriores)
2020-08-11,Random Forest,0.638017378848,-0.0548264219769,-0.247872214578,sem look-ahead (quantis dos 60 pregões anteriores)
2020-08-12,Random Forest,0.638017378848,-0.0548264219769,-0.247872214578,sem look-ahead (quantis dos 60 pregões anteriores)
2020-08-13,Random Forest,0.638017378848,-0.0548264219769,-0.247872214578,sem look-ahead (quantis dos 60 pregões anteriores)
2020-08-14,Random Forest,0.638017378848,-0.0548264219769,-0.247872214578,sem look-ahead (quantis dos 60 pregões anteriores)
2020-08-17,Random Forest,0.638017378848,-0.0548264219769,-0.247872214578,sem look-ahead (quantis dos 60 pregões anteriores)
2020-08-18,Random Forest,0.637698370159,-0.0548264219769,-0.247872214578,sem look-ahead (quantis dos 60 pregões anteriores)
2020-08-19,Random Forest,0.630132086651,-0.0548264219769,-0.247872214578,sem look-ahead (quantis dos 60 pregões anteriores)
2020-08-20,Random Forest,0.633968336093,-0.0548264219769,-0.247872214578,sem look-ahead (quantis dos 60 pregões anteriores)
2020-08-21,Random Forest,0.634299478145,-0.0548264219769,-0.247872214578,sem look-ahead (quantis dos 60 pregões anteriores)
2020-08-24,Random Forest,0.63883699586,-0.0548264219769,-0.247872214578,sem look-ahead (quantis dos 60 pregões anteriores)
2020-08-25,Random Forest,0.63883699586,-0.0548264219769,-0.247872214578,sem look-ahead (quantis dos 60 pregões anteriores)
2020-08-26,Random Forest,0.63883699586,-0.0548264219769,-0.247872214578,sem look-ahead (quantis dos 60 pregões anteriores)
2020-08-27,Random Forest,0.638517577362,-0.0548264219769,-0.247872214578,sem look-ahead (quantis dos 60 pregões anteriores)
2020-08-28,Random Forest,0.648156512407,-0.0548264219769,-0.247872214578,sem look-ahead (quantis dos 60 pregões anteriores)
2020-08-31,Random Forest,0.630229797011,-0.0548264219769,-0.247872214578,sem look-ahead (quantis dos 60 pregões anteriores)
2020-09-01,Random Forest,0.630229797011,-0.0548264219769,-0.247872214578,sem look-ahead (quantis dos 60 pregões anteriores)
2020-09-02,Random Forest,0.630229797011,-0.0548264219769,-0.247872214578,sem look-ahead (quantis dos 60 pregões anteriores)
2020-09-03,Random Forest,0.630229797011,-0.0548264219769,-0.247872214578,sem look-ahead (quantis dos 60 pregões anteriores)
2020-09-04,Random Forest,0.630229797011,-0.0548264219769,-0.247872214578,sem look-ahead (quantis dos 60 pregões anteriores)
2020-09-08,Random Forest,0.630229797011,-0.0548264219769,-0.247872214578,sem look-ahead (quantis dos 60 pregões anteriores)
2020-09-09,Random Forest,0.630229797011,-0.0548264219769,-0.247872214578,sem look-ahead (quantis dos 60 pregões anteriores)
2020-09-10,Random Forest,0.629914682112,-0.0548264219769,-0.247872214578,sem look-ahead (quantis dos 60 pregões anteriores)
2020-09-11,Random Forest,0.626906438778,-0.0548264219769,-0.247872214578,sem look-ahead (quantis dos 60 pregões anteriores)
2020-09-14,Random Forest,0.638778920421,-0.0548264219769,-0.247872214578,sem look-ahead (quantis dos 60 pregões anteriores)
2020-09-15,Random Forest,0.638778920421,-0.0548264219769,-0.247872214578,sem look-ahead (quantis dos 60 pregões anteriores)
2020-09-16,Random Forest,0.638459530961,-0.0548264219769,-0.247872214578,sem look-ahead (quantis dos 60 pregões anteriores)
2020-09-17,Random Forest,0.640843358322,-0.0548264219769,-0.247872214578,sem look-ahead (quantis dos 60 pregões anteriores)
2020-09-18,Random Forest,0.640843358322,-0.0548264219769,-0.247872214578,sem look-ahead (quantis dos 60 pregões anteriores)
2020-09-21,Random Forest,0.640843358322,-0.0548264219769,-0.247872214578,sem look-ahead (quantis dos 60 pregões anteriores)
2020-09-22,Random Forest,0.640843358322,-0.0548264219769,-0.247872214578,sem look-ahead (quantis dos 60 pregões anteriores)
2020-09-23,Random Forest,0.640843358322,-0.0548264219769,-0.247872214578,sem look-ahead (quantis dos 60 pregões anteriores)
2020-09-24,Random Forest,0.640843358322,-0.0548264219769,-0.247872214578,sem look-ahead (quantis dos 60 pregões anteriores)
2020-09-25,Random Forest,0.640843358322,-0.0548264219769,-0.247872214578,sem look-ahead (quantis dos 60 pregões anteriores)
2020-09-28,Random Forest,0.640843358322,-0.0548264219769,-0.247872214578,sem look-ahead (quantis dos 60 pregões anteriores)
2020-09-29,Random Forest,0.640843358322,-0.0548264219769,-0.247872214578,sem look-ahead (quantis dos 60 pregões anteriores)
2020-09-30,Random Forest,0.640522936642,-0.0548264219769,-0.247872214578,sem look-ahead (quantis dos 60 pregões anteriores)
2020-10-01,Random Forest,0.64645401803,-0.0548264219769,-0.247872214578,sem look-ahead (quantis dos 60 pregões anteriores)
2020-10-02,Random Forest,0.636225343453,-0.0548264219769,-0.247872214578,sem look-ahead (quantis dos 60 pregões anteriores)
2020-10-05,Random Forest,0.636225343453,-0.0548264219769,-0.247872214578,sem look-ahead (quantis dos 60 pregões anteriores)
2020-10-06,Random Forest,0.636225343453,-0.0548264219769,-0.247872214578,sem look-ahead (quantis dos 60 pregões anteriores)
2020-10-07,Random Forest,0.635907230781,-0.0548264219769,-0.247872214578,sem look-ahead (quantis dos 60 pregões anteriores)
2020-10-08,Random Forest,0.651525900812,-0.0548264219769,-0.247872214578,sem look-ahead (quantis dos 60 pregões anteriores)
2020-10-09,Random Forest,0.651525900812,-0.0548264219769,-0.247872214578,sem look-ahead (quantis dos 60 pregões anteriores)
2020-10-13,Random Forest,0.651525900812,-0.0548264219769,-0.247872214578,sem look-ahead (quantis dos 60 pregões anteriores)
2020-10-14,Random Forest,0.651525900812,-0.0548264219769,-0.247872214578,sem look-ahead (quantis dos 60 pregões anteriores)
2020-10-15,Random Forest,0.651525900812,-0.0548264219769,-0.247872214578,sem look-ahead (quantis dos 60 pregões anteriores)
2020-10-16,Random Forest,0.651525900812,-0.0548264219769,-0.247872214578,sem look-ahead (quantis dos 60 pregões anteriores)
2020-10-20,Random Forest,0.651525900812,-0.0548264219769,-0.247872214578,sem look-ahead (quantis dos 60 pregões anteriores)
2020-10-22,Random Forest,0.651525900812,-0.0548264219769,-0.247872214578,sem look-ahead (quantis dos 60 pregões anteriores)
2020-10-23,Random Forest,0.651525900812,-0.0548264219769,-0.247872214578,sem look-ahead (quantis dos 60 pregões anteriores)
2020-10-26,Random Forest,0.651525900812,-0.0548264219769,-0.247872214578,sem look-ahead (quantis dos 60 pregões anteriores)
2020-10-27,Random Forest,0.651525900812,-0.0548264219769,-0.247872214578,sem look-ahead (quantis dos 60 pregões anteriores)
2020-10-28,Random Forest,0.651200137862,-0.0548264219769,-0.247872214578,sem look-ahead (quantis dos 60 pregões anteriores)
2020-10-29,Random Forest,0.659482763948,-0.0548264219769,-0.247872214578,sem look-ahead (quantis dos 60 pregões anteriores)
2020-10-30,Random Forest,0.641524555698,-0.0548264219769,-0.247872214578,sem look-ahead (quantis dos 60 pregões anteriores)
2020-11-03,Random Forest,0.652367926686,-0.0548264219769,-0.247872214578,sem look-ahead (quantis dos 60 pregões anteriores)
2020-11-04,Random Forest,0.652367926686,-0.0548264219769,-0.247872214578,sem look-ahead (quantis dos 60 pregões anteriores)
2020-11-05,Random Forest,0.652367926686,-0.0548264219769,-0.247872214578,sem look-ahead (quantis dos 60 pregões anteriores)
2020-11-06,Random Forest,0.652367926686,-0.0548264219769,-0.247872214578,sem look-ahead (quantis dos 60 pregões anteriores)
2020-11-09,Random Forest,0.652367926686,-0.0548264219769,-0.247872214578,sem look-ahead (quantis dos 60 pregões anteriores)
2020-11-10,Random Forest,0.652367926686,-0.0548264219769,-0.247872214578,sem look-ahead (quantis dos 60 pregões anteriores)
2020-11-11,Random Forest,0.652367926686,-0.0548264219769,-0.247872214578,sem look-ahead (quantis dos 60 pregões anteriores)
2020-11-12,Random Forest,0.652367926686,-0.0548264219769,-0.247872214578,sem look-ahead (quantis dos 60 pregões anteriores)
2020-11-16,Random Forest,0.652367926686,-0.0548264219769,-0.247872214578,sem look-ahead (quantis dos 60 pregões anteriores)
2020-11-17,Random Forest,0.652367926686,-0.0548264219769,-0.247872214578,sem look-ahead (quantis dos 60 pregões anteriores)
2020-11-18,Random Forest,0.652367926686,-0.0548264219769,-0.247872214578,sem look-ahead (quantis dos 60 pregões anteriores)
2020-11-19,Random Forest,0.652367926686,-0.0548264219769,-0.247872214578,sem look-ahead (quantis dos 60 pregões anteriores)
2020-11-23,Random Forest,0.652367926686,-0.0548264219769,-0.247872214578,sem look-ahead (quantis dos 60 pregões anteriores)
2020-11-24,Random Forest,0.652367926686,-0.0548264219769,-0.247872214578,sem look-ahead (quantis dos 60 pregões anteriores)
2020-11-25,Random Forest,0.652367926686,-0.0548264219769,-0.247872214578,sem look-ahead (quantis dos 60 pregões anteriores)
2020-11-26,Random Forest,0.652041742723,-0.0548264219769,-0.247872214578,sem look-ahead (quantis dos 60 pregões anteriores)
2020-11-27,Random Forest,0.654100317541,-0.0548264219769,-0.247872214578,sem look-ahead (quantis dos 60 pregões anteriores)
2020-11-30,Random Forest,0.64379391187,-0.0548264219769,-0.247872214578,sem look-ahead (quantis dos 60 pregões anteriores)
2020-12-01,Random Forest,0.64379391187,-0.0548264219769,-0.247872214578,sem look-ahead (quantis dos 60 pregões anteriores)
2020-12-02,Random Forest,0.64379391187,-0.0548264219769,-0.247872214578,sem look-ahead (quantis dos 60 pregões anteriores)
2020-12-03,Random Forest,0.64379391187,-0.0548264219769,-0.247872214578,sem look-ahead (quantis dos 60 pregões anteriores)
2020-12-04,Random Forest,0.64379391187,-0.0548264219769,-0.247872214578,sem look-ahead (quantis dos 60 pregões anteriores)
2020-12-07,Random Forest,0.64379391187,-0.0548264219769,-0.247872214578,sem look-ahead (quantis dos 60 pregões anteriores)
2020-12-08,Random Forest,0.64379391187,-0.0548264219769,-0.247872214578,sem look-ahead (quantis dos 60 pregões anteriores)
2020-12-09,Random Forest,0.64379391187,-0.0548264219769,-0.247872214578,sem look-ahead (quantis dos 60 pregões anteriores)
2020-12-10,Random Forest,0.64379391187,-0.0548264219769,-0.247872214578,sem look-ahead (quantis dos 60 pregões anteriores)
2020-12-11,Random Forest,0.64379391187,-0.0548264219769,-0.247872214578,sem look-ahead (quantis dos 60 pregões anteriores)
2020-12-14,Random Forest,0.64379391187,-0.0548264219769,-0.247872214578,sem look-ahead (quantis dos 60 pregões anteriores)
2020-12-15,Random Forest,0.64379391187,-0.0548264219769,-0.247872214578,sem look-ahead (quantis dos 60 pregões anteriores)
2020-12-16,Random Forest,0.64379391187,-0.0548264219769,-0.247872214578,sem look-ahead (quantis dos 60 pregões anteriores)
2020-12-17,Random Forest,0.64379391187,-0.0548264219769,-0.247872214578,sem look-ahead (quantis dos 60 pregões anteriores)
2020-12-18,Random Forest,0.64379391187,-0.0548264219769,-0.247872214578,sem look-ahead (quantis dos 60 pregões anteriores)
2020-12-21,Random Forest,0.64379391187,-0.0548264219769,-0.247872214578,sem look-ahead (quantis dos 60 pregões anteriores)
2020-12-22,Random Forest,0.643472014914,-0.0548264219769,-0.247872214578,sem look-ahead (quantis dos 60 pregões anteriores)
2020-12-23,Random Forest,0.651817661342,-0.0548264219769,-0.247872214578,sem look-ahead (quantis dos 60 pregões anteriores)
2020-12-28,Random Forest,0.658095265986,-0.0548264219769,-0.247872214578,sem look-ahead (quantis dos 60 pregões anteriores)
2020-12-29,Random Forest,0.658095265986,-0.0548264219769,-0.247872214578,sem look-ahead (quantis dos 60 pregões anteriores)
2020-12-30,Random Forest,0.658095265986,-0.0548264219769,-0.247872214578,sem look-ahead (quantis dos 60 pregões anteriores)
2021-01-04,Random Forest,0.658095265986,-0.0548264219769,-0.247872214578,sem look-ahead (quantis dos 60 pregões anteriores)
2021-01-05,Random Forest,0.657766218353,-0.0548264219769,-0.247872214578,sem look-ahead (quantis dos 60 pregões anteriores)
2021-01-06,Random Forest,0.661230962447,-0.0548264219769,-0.247872214578,sem look-ahead (quantis dos 60 pregões anteriores)
2021-01-07,Random Forest,0.672844475692,-0.0548264219769,-0.247872214578,sem look-ahead (quantis dos 60 pregões anteriores)
2021-01-08,Random Forest,0.689726948865,-0.0548264219769,-0.247872214578,sem look-ahead (quantis dos 60 pregões anteriores)
2021-01-11,Random Forest,0.689726948865,-0.0548264219769,-0.247872214578,sem look-ahead (quantis dos 60 pregões anteriores)
2021-01-12,Random Forest,0.689726948865,-0.0548264219769,-0.247872214578,sem look-ahead (quantis dos 60 pregões anteriores)
2021-01-13,Random Forest,0.689726948865,-0.0548264219769,-0.247872214578,sem look-ahead (quantis dos 60 pregões anteriores)
2021-01-14,Random Forest,0.689726948865,-0.0548264219769,-0.247872214578,sem look-ahead (quantis dos 60 pregões anteriores)
2021-01-15,Random Forest,0.689726948865,-0.0548264219769,-0.247872214578,sem look-ahead (quantis dos 60 pregões anteriores)
2021-01-18,Random Forest,0.689726948865,-0.0548264219769,-0.247872214578,sem look-ahead (quantis dos 60 pregões anteriores)
2021-01-19,Random Forest,0.689726948865,-0.0548264219769,-0.247872214578,sem look-ahead (quantis dos 60 pregões anteriores)
2021-01-20,Random Forest,0.689726948865,-0.0548264219769,-0.247872214578,sem look-ahead (quantis dos 60 pregões anteriores)
2021-01-21,Random Forest,0.689726948865,-0.0548264219769,-0.247872214578,sem look-ahead (quantis dos 60 pregões anteriores)
2021-01-22,Random Forest,0.68938208539,-0.0548264219769,-0.247872214578,sem look-ahead (quantis dos 60 pregões anteriores)
2021-01-26,Random Forest,0.684871872581,-0.0548264219769,-0.247872214578,sem look-ahead (quantis dos 60 pregões anteriores)
2021-01-27,Random Forest,0.684871872581,-0.0548264219769,-0.247872214578,sem look-ahead (quantis dos 60 pregões anteriores)
2021-01-28,Random Forest,0.684529436644,-0.0548264219769,-0.247872214578,sem look-ahead (quantis dos 60 pregões anteriores)
2021-01-29,Random Forest,0.665556484208,-0.0548264219769,-0.247872214578,sem look-ahead (quantis dos 60 pregões anteriores)
2021-02-01,Random Forest,0.673347614964,-0.0548264219769,-0.247872214578,sem look-ahead (quantis dos 60 pregões anteriores)
2021-02-02,Random Forest,0.678333250182,-0.0548264219769,-0.247872214578,sem look-ahead (quantis dos 60 pregões anteriores)
2021-02-03,Random Forest,0.686887429826,-0.0548264219769,-0.247872214578,sem look-ahead (quantis dos 60 pregões anteriores)
2021-02-04,Random Forest,0.684225364531,-0.0548264219769,-0.247872214578,sem look-ahead (quantis dos 60 pregões anteriores)
2021-02-05,Random Forest,0.688034871763,-0.0548264219769,-0.247872214578,sem look-ahead (quantis dos 60 pregões anteriores)
2021-02-08,Random Forest,0.685688353001,-0.0548264219769,-0.247872214578,sem look-ahead (quantis dos 60 pregões anteriores)
2021-02-09,Random Forest,0.685189215759,-0.0548264219769,-0.247872214578,sem look-ahead (quantis dos 60 pregões anteriores)
2021-02-10,Random Forest,0.679457743281,-0.0548264219769,-0.247872214578,sem look-ahead (quantis dos 60 pregões anteriores)
2021-02-11,Random Forest,0.684076197079,-0.0548264219769,-0.247872214578,sem look-ahead (quantis dos 60 pregões anteriores)
2021-02-12,Random Forest,0.683051431028,-0.0548264219769,-0.247872214578,sem look-ahead (quantis dos 60 pregões anteriores)
2021-02-17,Random Forest,0.683051431028,-0.0548264219769,-0.247872214578,sem look-ahead (quantis dos 60 pregões anteriores)
2021-02-18,Random Forest,0.683051431028,-0.0548264219769,-0.247872214578,sem look-ahead (quantis dos 60 pregões anteriores)
2021-02-19,Random Forest,0.683051431028,-0.0548264219769,-0.247872214578,sem look-ahead (quantis dos 60 pregões anteriores)
2021-02-22,Random Forest,0.683051431028,-0.0548264219769,-0.247872214578,sem look-ahead (quantis dos 60 pregões anteriores)
2021-02-23,Random Forest,0.683051431028,-0.0548264219769,-0.247872214578,sem look-ahead (quantis dos 60 pregões anteriores)
2021-02-24,Random Forest,0.683051431028,-0.0548264219769,-0.247872214578,sem look-ahead (quantis dos 60 pregões anteriores)
2021-02-25,Random Forest,0.683051431028,-0.0548264219769,-0.247872214578,sem look-ahead (quantis dos 60 pregões anteriores)
2021-02-26,Random Forest,0.683051431028,-0.0548264219769,-0.247872214578,sem look-ahead (quantis dos 60 pregões anteriores)
2021-03-01,Random Forest,0.682709905312,-0.0548264219769,-0.247872214578,sem look-ahead (quantis dos 60 pregões anteriores)
2021-03-02,Random Forest,0.690165974881,-0.0548264219769,-0.247872214578,sem look-ahead (quantis dos 60 pregões anteriores)
2021-03-03,Random Forest,0.687963185863,-0.0548264219769,-0.247872214578,sem look-ahead (quantis dos 60 pregões anteriores)
2021-03-04,Random Forest,0.697281725922,-0.0548264219769,-0.247872214578,sem look-ahead (quantis dos 60 pregões anteriores)
2021-03-05,Random Forest,0.71282500124,-0.0548264219769,-0.247872214578,sem look-ahead (quantis dos 60 pregões anteriores)
2021-03-08,Random Forest,0.684067460671,-0.0548264219769,-0.247872214578,sem look-ahead (quantis dos 60 pregões anteriores)
2021-03-09,Random Forest,0.684067460671,-0.0548264219769,-0.247872214578,sem look-ahead (quantis dos 60 pregões anteriores)
2021-03-10,Random Forest,0.684067460671,-0.0548264219769,-0.247872214578,sem look-ahead (quantis dos 60 pregões anteriores)
2021-03-11,Random Forest,0.684067460671,-0.0548264219769,-0.247872214578,sem look-ahead (quantis dos 60 pregões anteriores)
2021-03-12,Random Forest,0.684067460671,-0.0548264219769,-0.247872214578,sem look-ahead (quantis dos 60 pregões anteriores)
2021-03-15,Random Forest,0.684067460671,-0.0548264219769,-0.247872214578,sem look-ahead (quantis dos 60 pregões anteriores)
2021-03-16,Random Forest,0.684067460671,-0.0548264219769,-0.247872214578,sem look-ahead (quantis dos 60 pregões anteriores)
2021-03-17,Random Forest,0.684067460671,-0.0548264219769,-0.247872214578,sem look-ahead (quantis dos 60 pregões anteriores)
2021-03-18,Random Forest,0.684067460671,-0.0548264219769,-0.247872214578,sem look-ahead (quantis dos 60 pregões anteriores)
2021-03-19,Random Forest,0.684067460671,-0.0548264219769,-0.247872214578,sem look-ahead (quantis dos 60 pregões anteriores)
2021-03-22,Random Forest,0.684067460671,-0.0548264219769,-0.247872214578,sem look-ahead (quantis dos 60 pregões anteriores)
2021-03-23,Random Forest,0.684067460671,-0.0548264219769,-0.247872214578,sem look-ahead (quantis dos 60 pregões anteriores)
2021-03-24,Random Forest,0.684067460671,-0.0548264219769,-0.247872214578,sem look-ahead (quantis dos 60 pregões anteriores)
2021-03-25,Random Forest,0.684067460671,-0.0548264219769,-0.247872214578,sem look-ahead (quantis dos 60 pregões anteriores)
2021-03-26,Random Forest,0.684067460671,-0.0548264219769,-0.247872214578,sem look-ahead (quantis dos 60 pregões anteriores)
2021-03-29,Random Forest,0.684067460671,-0.0548264219769,-0.247872214578,sem look-ahead (quantis dos 60 pregões anteriores)
2021-03-30,Random Forest,0.684067460671,-0.0548264219769,-0.247872214578,sem look-ahead (quantis dos 60 pregões anteriores)
2021-03-31,Random Forest,0.684067460671,-0.0548264219769,-0.247872214578,sem look-ahead (quantis dos 60 pregões anteriores)
2021-04-01,Random Forest,0.684067460671,-0.0548264219769,-0.247872214578,sem look-ahead (quantis dos 60 pregões anteriores)
2021-04-05,Random Forest,0.684067460671,-0.0548264219769,-0.247872214578,sem look-ahead (quantis dos 60 pregões anteriores)
2021-04-06,Random Forest,0.684067460671,-0.0548264219769,-0.247872214578,sem look-ahead (quantis dos 60 pregões anteriores)
2021-04-07,Random Forest,0.684067460671,-0.0548264219769,-0.247872214578,sem look-ahead (quantis dos 60 pregões anteriores)
2021-04-08,Random Forest,0.684067460671,-0.0548264219769,-0.247872214578,sem look-ahead (quantis dos 60 pregões anteriores)
2021-04-09,Random Forest,0.684067460671,-0.0548264219769,-0.247872214578,sem look-ahead (quantis dos 60 pregões anteriores)
2021-04-12,Random Forest,0.684067460671,-0.0548264219769,-0.247872214578,sem look-ahead (quantis dos 60 pregões anteriores)
2021-04-13,Random Forest,0.684067460671,-0.0548264219769,-0.247872214578,sem look-ahead (quantis dos 60 pregões anteriores)
2021-04-14,Random Forest,0.684067460671,-0.0548264219769,-0.247872214578,sem look-ahead (quantis dos 60 pregões anteriores)
2021-04-15,Random Forest,0.684067460671,-0.0548264219769,-0.247872214578,sem look-ahead (quantis dos 60 pregões anteriores)
2021-04-16,Random Forest,0.684067460671,-0.0548264219769,-0.247872214578,sem look-ahead (quantis dos 60 pregões anteriores)
2021-04-19,Random Forest,0.684067460671,-0.0548264219769,-0.247872214578,sem look-ahead (quantis dos 60 pregões anteriores)
2021-04-20,Random Forest,0.684067460671,-0.0548264219769,-0.247872214578,sem look-ahead (quantis dos 60 pregões anteriores)
2021-04-22,Random Forest,0.684067460671,-0.0548264219769,-0.247872214578,sem look-ahead (quantis dos 60 pregões anteriores)
2021-04-23,Random Forest,0.684067460671,-0.0548264219769,-0.247872214578,sem look-ahead (quantis dos 60 pregões anteriores)
2021-04-26,Random Forest,0.684067460671,-0.0548264219769,-0.247872214578,sem look-ahead (quantis dos 60 pregões anteriores)
2021-04-27,Random Forest,0.684067460671,-0.0548264219769,-0.247872214578,sem look-ahead (quantis dos 60 pregões anteriores)
2021-04-28,Random Forest,0.684067460671,-0.0548264219769,-0.247872214578,sem look-ahead (quantis dos 60 pregões anteriores)
2021-04-29,Random Forest,0.684067460671,-0.0548264219769,-0.247872214578,sem look-ahead (quantis dos 60 pregões anteriores)
2021-04-30,Random Forest,0.684067460671,-0.0548264219769,-0.247872214578,sem look-ahead (quantis dos 60 pregões anteriores)
2021-05-03,Random Forest,0.684067460671,-0.0548264219769,-0.247872214578,sem look-ahead (quantis dos 60 pregões anteriores)
2021-05-04,Random Forest,0.684067460671,-0.0548264219769,-0.247872214578,sem look-ahead (quantis dos 60 pregões anteriores)
2021-05-05,Random Forest,0.684067460671,-0.0548264219769,-0.247872214578,sem look-ahead (quantis dos 60 pregões anteriores)
2021-05-06,Random Forest,0.684067460671,-0.0548264219769,-0.247872214578,sem look-ahead (quantis dos 60 pregões anteriores)
2021-05-07,Random Forest,0.684067460671,-0.0548264219769,-0.247872214578,sem look-ahead (quantis dos 60 pregões anteriores)
2021-05-10,Random Forest,0.684067460671,-0.0548264219769,-0.247872214578,sem look-ahead (quantis dos 60 pregões anteriores)
2021-05-11,Random Forest,0.684067460671,-0.0548264219769,-0.247872214578,sem look-ahead (quantis dos 60 pregões anteriores)
2021-05-12,Random Forest,0.684067460671,-0.0548264219769,-0.247872214578,sem look-ahead (quantis dos 60 pregões anteriores)
2021-05-13,Random Forest,0.684067460671,-0.0548264219769,-0.247872214578,sem look-ahead (quantis dos 60 pregões anteriores)
2021-05-14,Random Forest,0.684067460671,-0.0548264219769,-0.247872214578,sem look-ahead (quantis dos 60 pregões anteriores)
2021-05-17,Random Forest,0.684067460671,-0.0548264219769,-0.247872214578,sem look-ahead (quantis dos 60 pregões anteriores)
2021-05-18,Random Forest,0.684067460671,-0.0548264219769,-0.247872214578,sem look-ahead (quantis dos 60 pregões anteriores)
2021-05-19,Random Forest,0.684067460671,-0.0548264219769,-0.247872214578,sem look-ahead (quantis dos 60 pregões anteriores)
2021-05-20,Random Forest,0.684067460671,-0.0548264219769,-0.247872214578,sem look-ahead (quantis dos 60 pregões anteriores)
2021-05-21,Random Forest,0.684067460671,-0.0548264219769,-0.247872214578,sem look-ahead (quantis dos 60 pregões anteriores)
2021-05-24,Random Forest,0.684067460671,-0.0548264219769,-0.247872214578,sem look-ahead (quantis dos 60 pregões anteriores)
2021-05-25,Random Forest,0.684067460671,-0.0548264219769,-0.247872214578,sem look-ahead (quantis dos 60 pregões anteriores)
2021-05-26,Random Forest,0.683725426941,-0.0548264219769,-0.247872214578,sem look-ahead (quantis dos 60 pregões anteriores)
2021-05-27,Random Forest,0.68580987162,-0.0548264219769,-0.247872214578,sem look-ahead (quantis dos 60 pregões anteriores)
2021-05-28,Random Forest,0.692051164958,-0.0548264219769,-0.247872214578,sem look-ahead (quantis dos 60 pregões anteriores)
2021-05-31,Random Forest,0.692051164958,-0.0548264219769,-0.247872214578,sem look-ahead (quantis dos 60 pregões anteriores)
2021-06-01,Random Forest,0.692051164958,-0.0548264219769,-0.247872214578,sem look-ahead (quantis dos 60 pregões anteriores)
2021-06-02,Random Forest,0.691705139376,-0.0548264219769,-0.247872214578,sem look-ahead (quantis dos 60 pregões anteriores)
2021-06-04,Random Forest,0.694507164038,-0.0548264219769,-0.247872214578,sem look-ahead (quantis dos 60 pregões anteriores)
2021-06-07,Random Forest,0.697629083846,-0.0548264219769,-0.247872214578,sem look-ahead (quantis dos 60 pregões anteriores)
2021-06-08,Random Forest,0.697629083846,-0.0548264219769,-0.247872214578,sem look-ahead (quantis dos 60 pregões anteriores)
2021-06-09,Random Forest,0.697629083846,-0.0548264219769,-0.247872214578,sem look-ahead (quantis dos 60 pregões anteriores)
2021-06-10,Random Forest,0.697629083846,-0.0548264219769,-0.247872214578,sem look-ahead (quantis dos 60 pregões anteriores)
2021-06-11,Random Forest,0.697629083846,-0.0548264219769,-0.247872214578,sem look-ahead (quantis dos 60 pregões anteriores)
2021-06-14,Random Forest,0.697629083846,-0.0548264219769,-0.247872214578,sem look-ahead (quantis dos 60 pregões anteriores)
2021-06-15,Random Forest,0.697629083846,-0.0548264219769,-0.247872214578,sem look-ahead (quantis dos 60 pregões anteriores)
2021-06-16,Random Forest,0.697629083846,-0.0548264219769,-0.247872214578,sem look-ahead (quantis dos 60 pregões anteriores)
2021-06-17,Random Forest,0.697629083846,-0.0548264219769,-0.247872214578,sem look-ahead (quantis dos 60 pregões anteriores)
2021-06-18,Random Forest,0.697629083846,-0.0548264219769,-0.247872214578,sem look-ahead (quantis dos 60 pregões anteriores)
2021-06-21,Random Forest,0.697629083846,-0.0548264219769,-0.247872214578,sem look-ahead (quantis dos 60 pregões anteriores)
2021-06-22,Random Forest,0.697629083846,-0.0548264219769,-0.247872214578,sem look-ahead (quantis dos 60 pregões anteriores)
2021-06-23,Random Forest,0.697629083846,-0.0548264219769,-0.247872214578,sem look-ahead (quantis dos 60 pregões anteriores)
2021-06-24,Random Forest,0.697629083846,-0.0548264219769,-0.247872214578,sem look-ahead (quantis dos 60 pregões anteriores)
2021-06-25,Random Forest,0.697629083846,-0.0548264219769,-0.247872214578,sem look-ahead (quantis dos 60 pregões anteriores)
2021-06-28,Random Forest,0.697280269304,-0.0548264219769,-0.247872214578,sem look-ahead (quantis dos 60 pregões anteriores)
2021-06-29,Random Forest,0.696722134284,-0.0548264219769,-0.247872214578,sem look-ahead (quantis dos 60 pregões anteriores)
2021-06-30,Random Forest,0.693501019437,-0.0548264219769,-0.247872214578,sem look-ahead (quantis dos 60 pregões anteriores)
2021-07-01,Random Forest,0.693501019437,-0.0548264219769,-0.247872214578,sem look-ahead (quantis dos 60 pregões anteriores)
2021-07-02,Random Forest,0.693501019437,-0.0548264219769,-0.247872214578,sem look-ahead (quantis dos 60 pregões anteriores)
2021-07-05,Random Forest,0.693501019437,-0.0548264219769,-0.247872214578,sem look-ahead (quantis dos 60 pregões anteriores)
2021-07-06,Random Forest,0.693501019437,-0.0548264219769,-0.247872214578,sem look-ahead (quantis dos 60 pregões anteriores)
2021-07-07,Random Forest,0.693154268928,-0.0548264219769,-0.247872214578,sem look-ahead (quantis dos 60 pregões anteriores)
2021-07-08,Random Forest,0.684472036806,-0.0548264219769,-0.247872214578,sem look-ahead (quantis dos 60 pregões anteriores)
2021-07-12,Random Forest,0.696292096376,-0.0548264219769,-0.247872214578,sem look-ahead (quantis dos 60 pregões anteriores)
2021-07-13,Random Forest,0.699076320685,-0.0548264219769,-0.247872214578,sem look-ahead (quantis dos 60 pregões anteriores)
2021-07-14,Random Forest,0.699076320685,-0.0548264219769,-0.247872214578,sem look-ahead (quantis dos 60 pregões anteriores)
2021-07-15,Random Forest,0.699076320685,-0.0548264219769,-0.247872214578,sem look-ahead (quantis dos 60 pregões anteriores)
2021-07-16,Random Forest,0.699076320685,-0.0548264219769,-0.247872214578,sem look-ahead (quantis dos 60 pregões anteriores)
2021-07-19,Random Forest,0.699076320685,-0.0548264219769,-0.247872214578,sem look-ahead (quantis dos 60 pregões anteriores)
2021-07-20,Random Forest,0.699076320685,-0.0548264219769,-0.247872214578,sem look-ahead (quantis dos 60 pregões anteriores)
2021-07-21,Random Forest,0.699076320685,-0.0548264219769,-0.247872214578,sem look-ahead (quantis dos 60 pregões anteriores)
2021-07-22,Random Forest,0.699076320685,-0.0548264219769,-0.247872214578,sem look-ahead (quantis dos 60 pregões anteriores)
2021-07-23,Random Forest,0.699076320685,-0.0548264219769,-0.247872214578,sem look-ahead (quantis dos 60 pregões anteriores)
2021-07-26,Random Forest,0.699076320685,-0.0548264219769,-0.247872214578,sem look-ahead (quantis dos 60 pregões anteriores)
2021-07-27,Random Forest,0.699076320685,-0.0548264219769,-0.247872214578,sem look-ahead (quantis dos 60 pregões anteriores)
2021-07-28,Random Forest,0.699076320685,-0.0548264219769,-0.247872214578,sem look-ahead (quantis dos 60 pregões anteriores)
2021-07-29,Random Forest,0.699076320685,-0.0548264219769,-0.247872214578,sem look-ahead (quantis dos 60 pregões anteriores)
2021-07-30,Random Forest,0.699076320685,-0.0548264219769,-0.247872214578,sem look-ahead (quantis dos 60 pregões anteriores)
2021-08-02,Random Forest,0.699076320685,-0.0548264219769,-0.247872214578,sem look-ahead (quantis dos 60 pregões anteriores)
2021-08-03,Random Forest,0.699076320685,-0.0548264219769,-0.247872214578,sem look-ahead (quantis dos 60 pregões anteriores)
2021-08-04,Random Forest,0.699076320685,-0.0548264219769,-0.247872214578,sem look-ahead (quantis dos 60 pregões anteriores)
2021-08-05,Random Forest,0.699076320685,-0.0548264219769,-0.247872214578,sem look-ahead (quantis dos 60 pregões anteriores)
2021-08-06,Random Forest,0.699076320685,-0.0548264219769,-0.247872214578,sem look-ahead (quantis dos 60 pregões anteriores)
2021-08-09,Random Forest,0.698726782524,-0.0548264219769,-0.247872214578,sem look-ahead (quantis dos 60 pregões anteriores)
2021-08-10,Random Forest,0.694086362903,-0.0548264219769,-0.247872214578,sem look-ahead (quantis dos 60 pregões anteriores)
2021-08-11,Random Forest,0.69325710799,-0.0548264219769,-0.247872214578,sem look-ahead (quantis dos 60 pregões anteriores)
2021-08-12,Random Forest,0.68556094081,-0.0548264219769,-0.247872214578,sem look-ahead (quantis dos 60 pregões anteriores)
2021-08-13,Random Forest,0.688361096101,-0.0548264219769,-0.247872214578,sem look-ahead (quantis dos 60 pregões anteriores)
2021-08-16,Random Forest,0.676921922152,-0.0548264219769,-0.247872214578,sem look-ahead (quantis dos 60 pregões anteriores)
2021-08-17,Random Forest,0.669674461398,-0.0548264219769,-0.247872214578,sem look-ahead (quantis dos 60 pregões anteriores)
2021-08-18,Random Forest,0.662512198067,-0.0548264219769,-0.247872214578,sem look-ahead (quantis dos 60 pregões anteriores)
2021-08-19,Random Forest,0.665477068375,-0.0548264219769,-0.247872214578,sem look-ahead (quantis dos 60 pregões anteriores)
2021-08-20,Random Forest,0.670188017262,-0.0548264219769,-0.247872214578,sem look-ahead (quantis dos 60 pregões anteriores)
2021-08-23,Random Forest,0.669852923254,-0.0548264219769,-0.247872214578,sem look-ahead (quantis dos 60 pregões anteriores)
2021-08-24,Random Forest,0.685471344297,-0.0548264219769,-0.247872214578,sem look-ahead (quantis dos 60 pregões anteriores)
2021-08-25,Random Forest,0.688589865132,-0.0548264219769,-0.247872214578,sem look-ahead (quantis dos 60 pregões anteriores)
2021-08-26,Random Forest,0.688589865132,-0.0548264219769,-0.247872214578,sem look-ahead (quantis dos 60 pregões anteriores)
2021-08-27,Random Forest,0.688589865132,-0.0548264219769,-0.247872214578,sem look-ahead (quantis dos 60 pregões anteriores)
2021-08-30,Random Forest,0.688589865132,-0.0548264219769,-0.247872214578,sem look-ahead (quantis dos 60 pregões anteriores)
2021-08-31,Random Forest,0.688589865132,-0.0548264219769,-0.247872214578,sem look-ahead (quantis dos 60 pregões anteriores)
2021-09-01,Random Forest,0.688589865132,-0.0548264219769,-0.247872214578,sem look-ahead (quantis dos 60 pregões anteriores)
2021-09-02,Random Forest,0.688589865132,-0.0548264219769,-0.247872214578,sem look-ahead (quantis dos 60 pregões anteriores)
2021-09-03,Random Forest,0.688589865132,-0.0548264219769,-0.247872214578,sem look-ahead (quantis dos 60 pregões anteriores)
2021-09-06,Random Forest,0.688589865132,-0.0548264219769,-0.247872214578,sem look-ahead (quantis dos 60 pregões anteriores)
2021-09-08,Random Forest,0.688245570199,-0.0548264219769,-0.247872214578,sem look-ahead (quantis dos 60 pregões anteriores)
2021-09-09,Random Forest,0.700066987239,-0.0548264219769,-0.247872214578,sem look-ahead (quantis dos 60 pregões anteriores)
2021-09-10,Random Forest,0.693193327812,-0.0548264219769,-0.247872214578,sem look-ahead (quantis dos 60 pregões anteriores)
2021-09-13,Random Forest,0.693193327812,-0.0548264219769,-0.247872214578,sem look-ahead (quantis dos 60 pregões anteriores)
2021-09-14,Random Forest,0.693193327812,-0.0548264219769,-0.247872214578,sem look-ahead (quantis dos 60 pregões anteriores)
2021-09-15,Random Forest,0.693193327812,-0.0548264219769,-0.247872214578,sem look-ahead (quantis dos 60 pregões anteriores)
2021-09-16,Random Forest,0.693193327812,-0.0548264219769,-0.247872214578,sem look-ahead (quantis dos 60 pregões anteriores)
2021-09-17,Random Forest,0.693193327812,-0.0548264219769,-0.247872214578,sem look-ahead (quantis dos 60 pregões anteriores)
2021-09-20,Random Forest,0.692846731149,-0.0548264219769,-0.247872214578,sem look-ahead (quantis dos 60 pregões anteriores)
2021-09-21,Random Forest,0.701796627367,-0.0548264219769,-0.247872214578,sem look-ahead (quantis dos 60 pregões anteriores)
2021-09-22,Random Forest,0.714731328018,-0.0548264219769,-0.247872214578,sem look-ahead (quantis dos 60 pregões anteriores)
2021-09-23,Random Forest,0.725717287433,-0.0548264219769,-0.247872214578,sem look-ahead (quantis dos 60 pregões anteriores)
2021-09-24,Random Forest,0.725717287433,-0.0548264219769,-0.247872214578,sem look-ahead (quantis dos 60 pregões anteriores)
2021-09-27,Random Forest,0.725717287433,-0.0548264219769,-0.247872214578,sem look-ahead (quantis dos 60 pregões anteriores)
2021-09-28,Random Forest,0.725717287433,-0.0548264219769,-0.247872214578,sem look-ahead (quantis dos 60 pregões anteriores)
2021-09-29,Random Forest,0.72535442879,-0.0548264219769,-0.247872214578,sem look-ahead (quantis dos 60 pregões anteriores)
2021-09-30,Random Forest,0.724518789569,-0.0548264219769,-0.247872214578,sem look-ahead (quantis dos 60 pregões anteriores)
2021-10-01,Random Forest,0.73705990631,-0.0548264219769,-0.247872214578,sem look-ahead (quantis dos 60 pregões anteriores)
2021-10-04,Random Forest,0.720693128762,-0.0548264219769,-0.247872214578,sem look-ahead (quantis dos 60 pregões anteriores)
2021-10-05,Random Forest,0.720757130239,-0.0548264219769,-0.247872214578,sem look-ahead (quantis dos 60 pregões anteriores)
2021-10-06,Random Forest,0.720757130239,-0.0548264219769,-0.247872214578,sem look-ahead (quantis dos 60 pregões anteriores)
2021-10-07,Random Forest,0.720757130239,-0.0548264219769,-0.247872214578,sem look-ahead (quantis dos 60 pregões anteriores)
2021-10-08,Random Forest,0.720757130239,-0.0548264219769,-0.247872214578,sem look-ahead (quantis dos 60 pregões anteriores)
2021-10-11,Random Forest,0.720757130239,-0.0548264219769,-0.247872214578,sem look-ahead (quantis dos 60 pregões anteriores)
2021-10-13,Random Forest,0.720757130239,-0.0548264219769,-0.247872214578,sem look-ahead (quantis dos 60 pregões anteriores)
2021-10-14,Random Forest,0.720757130239,-0.0548264219769,-0.247872214578,sem look-ahead (quantis dos 60 pregões anteriores)
2021-10-15,Random Forest,0.720757130239,-0.0548264219769,-0.247872214578,sem look-ahead (quantis dos 60 pregões anteriores)
2021-10-18,Random Forest,0.720757130239,-0.0548264219769,-0.247872214578,sem look-ahead (quantis dos 60 pregões anteriores)
2021-10-19,Random Forest,0.720757130239,-0.0548264219769,-0.247872214578,sem look-ahead (quantis dos 60 pregões anteriores)
2021-10-20,Random Forest,0.720757130239,-0.0548264219769,-0.247872214578,sem look-ahead (quantis dos 60 pregões anteriores)
2021-10-21,Random Forest,0.720757130239,-0.0548264219769,-0.247872214578,sem look-ahead (quantis dos 60 pregões anteriores)
2021-10-22,Random Forest,0.720396751674,-0.0548264219769,-0.247872214578,sem look-ahead (quantis dos 60 pregões anteriores)
2021-10-25,Random Forest,0.736430770788,-0.0548264219769,-0.247872214578,sem look-ahead (quantis dos 60 pregões anteriores)
2021-10-26,Random Forest,0.736430770788,-0.0548264219769,-0.247872214578,sem look-ahead (quantis dos 60 pregões anteriores)
2021-10-27,Random Forest,0.736430770788,-0.0548264219769,-0.247872214578,sem look-ahead (quantis dos 60 pregões anteriores)
2021-10-28,Random Forest,0.736430770788,-0.0548264219769,-0.247872214578,sem look-ahead (quantis dos 60 pregões anteriores)
2021-10-29,Random Forest,0.736430770788,-0.0548264219769,-0.247872214578,sem look-ahead (quantis dos 60 pregões anteriores)
2021-11-01,Random Forest,0.736062555403,-0.0548264219769,-0.247872214578,sem look-ahead (quantis dos 60 pregões anteriores)
2021-11-03,Random Forest,0.736522808064,-0.0548264219769,-0.247872214578,sem look-ahead (quantis dos 60 pregões anteriores)
2021-11-04,Random Forest,0.720777923657,-0.0548264219769,-0.247872214578,sem look-ahead (quantis dos 60 pregões anteriores)
2021-11-05,Random Forest,0.720777923657,-0.0548264219769,-0.247872214578,sem look-ahead (quantis dos 60 pregões anteriores)
2021-11-08,Random Forest,0.720777923657,-0.0548264219769,-0.247872214578,sem look-ahead (quantis dos 60 pregões anteriores)
2021-11-09,Random Forest,0.720417534695,-0.0548264219769,-0.247872214578,sem look-ahead (quantis dos 60 pregões anteriores)
2021-11-10,Random Forest,0.723013130092,-0.0548264219769,-0.247872214578,sem look-ahead (quantis dos 60 pregões anteriores)
2021-11-11,Random Forest,0.723013130092,-0.0548264219769,-0.247872214578,sem look-ahead (quantis dos 60 pregões anteriores)
2021-11-12,Random Forest,0.723013130092,-0.0548264219769,-0.247872214578,sem look-ahead (quantis dos 60 pregões anteriores)
2021-11-16,Random Forest,0.723013130092,-0.0548264219769,-0.247872214578,sem look-ahead (quantis dos 60 pregões anteriores)
2021-11-17,Random Forest,0.723013130092,-0.0548264219769,-0.247872214578,sem look-ahead (quantis dos 60 pregões anteriores)
2021-11-18,Random Forest,0.723013130092,-0.0548264219769,-0.247872214578,sem look-ahead (quantis dos 60 pregões anteriores)
2021-11-19,Random Forest,0.723013130092,-0.0548264219769,-0.247872214578,sem look-ahead (quantis dos 60 pregões anteriores)
2021-11-22,Random Forest,0.723013130092,-0.0548264219769,-0.247872214578,sem look-ahead (quantis dos 60 pregões anteriores)
2021-11-23,Random Forest,0.723013130092,-0.0548264219769,-0.247872214578,sem look-ahead (quantis dos 60 pregões anteriores)
2021-11-24,Random Forest,0.723013130092,-0.0548264219769,-0.247872214578,sem look-ahead (quantis dos 60 pregões anteriores)
2021-11-25,Random Forest,0.723013130092,-0.0548264219769,-0.247872214578,sem look-ahead (quantis dos 60 pregões anteriores)
2021-11-26,Random Forest,0.723013130092,-0.0548264219769,-0.247872214578,sem look-ahead (quantis dos 60 pregões anteriores)
2021-11-29,Random Forest,0.723013130092,-0.0548264219769,-0.247872214578,sem look-ahead (quantis dos 60 pregões anteriores)
2021-11-30,Random Forest,0.723013130092,-0.0548264219769,-0.247872214578,sem look-ahead (quantis dos 60 pregões anteriores)
2021-12-01,Random Forest,0.723013130092,-0.0548264219769,-0.247872214578,sem look-ahead (quantis dos 60 pregões anteriores)
2021-12-02,Random Forest,0.723013130092,-0.0548264219769,-0.247872214578,sem look-ahead (quantis dos 60 pregões anteriores)
2021-12-03,Random Forest,0.723013130092,-0.0548264219769,-0.247872214578,sem look-ahead (quantis dos 60 pregões anteriores)
2021-12-06,Random Forest,0.723013130092,-0.0548264219769,-0.247872214578,sem look-ahead (quantis dos 60 pregões anteriores)
2021-12-07,Random Forest,0.723013130092,-0.0548264219769,-0.247872214578,sem look-ahead (quantis dos 60 pregões anteriores)
2021-12-08,Random Forest,0.723013130092,-0.0548264219769,-0.247872214578,sem look-ahead (quantis dos 60 pregões anteriores)
2021-12-09,Random Forest,0.723013130092,-0.0548264219769,-0.247872214578,sem look-ahead (quantis dos 60 pregões anteriores)
2021-12-10,Random Forest,0.723013130092,-0.0548264219769,-0.247872214578,sem look-ahead (quantis dos 60 pregões anteriores)
2021-12-13,Random Forest,0.723013130092,-0.0548264219769,-0.247872214578,sem look-ahead (quantis dos 60 pregões anteriores)
2021-12-14,Random Forest,0.723013130092,-0.0548264219769,-0.247872214578,sem look-ahead (quantis dos 60 pregões anteriores)
2021-12-15,Random Forest,0.723013130092,-0.0548264219769,-0.247872214578,sem look-ahead (quantis dos 60 pregões anteriores)
2021-12-16,Random Forest,0.723013130092,-0.0548264219769,-0.247872214578,sem look-ahead (quantis dos 60 pregões anteriores)
2021-12-17,Random Forest,0.723013130092,-0.0548264219769,-0.247872214578,sem look-ahead (quantis dos 60 pregões anteriores)
2021-12-20,Random Forest,0.723013130092,-0.0548264219769,-0.247872214578,sem look-ahead (quantis dos 60 pregões anteriores)
2021-12-21,Random Forest,0.723013130092,-0.0548264219769,-0.247872214578,sem look-ahead (quantis dos 60 pregões anteriores)
2021-12-22,Random Forest,0.723013130092,-0.0548264219769,-0.247872214578,sem look-ahead (quantis dos 60 pregões anteriores)
2021-12-23,Random Forest,0.723013130092,-0.0548264219769,-0.247872214578,sem look-ahead (quantis dos 60 pregões anteriores)
2021-12-27,Random Forest,0.722651623527,-0.0548264219769,-0.247872214578,sem look-ahead (quantis dos 60 pregões anteriores)
2021-12-28,Random Forest,0.717722837605,-0.0548264219769,-0.247872214578,sem look-ahead (quantis dos 60 pregões anteriores)
2021-12-29,Random Forest,0.717722837605,-0.0548264219769,-0.247872214578,sem look-ahead (quantis dos 60 pregões anteriores)
2021-12-30,Random Forest,0.717722837605,-0.0548264219769,-0.247872214578,sem look-ahead (quantis dos 60 pregões anteriores)
2022-01-03,Random Forest,0.717363976186,-0.0548264219769,-0.247872214578,sem look-ahead (quantis dos 60 pregões anteriores)
2022-01-04,Random Forest,0.714188907848,-0.0548264219769,-0.247872214578,sem look-ahead (quantis dos 60 pregões anteriores)
2022-01-05,Random Forest,0.714188907848,-0.0548264219769,-0.247872214578,sem look-ahead (quantis dos 60 pregões anteriores)
2022-01-06,Random Forest,0.714188907848,-0.0548264219769,-0.247872214578,sem look-ahead (quantis dos 60 pregões anteriores)
2022-01-07,Random Forest,0.714188907848,-0.0548264219769,-0.247872214578,sem look-ahead (quantis dos 60 pregões anteriores)
2022-01-10,Random Forest,0.714188907848,-0.0548264219769,-0.247872214578,sem look-ahead (quantis dos 60 pregões anteriores)
2022-01-11,Random Forest,0.713831813394,-0.0548264219769,-0.247872214578,sem look-ahead (quantis dos 60 pregões anteriores)
2022-01-12,Random Forest,0.72659197578,-0.0548264219769,-0.247872214578,sem look-ahead (quantis dos 60 pregões anteriores)
2022-01-13,Random Forest,0.72659197578,-0.0548264219769,-0.247872214578,sem look-ahead (quantis dos 60 pregões anteriores)
2022-01-14,Random Forest,0.72659197578,-0.0548264219769,-0.247872214578,sem look-ahead (quantis dos 60 pregões anteriores)
2022-01-17,Random Forest,0.72659197578,-0.0548264219769,-0.247872214578,sem look-ahead (quantis dos 60 pregões anteriores)
2022-01-18,Random Forest,0.72659197578,-0.0548264219769,-0.247872214578,sem look-ahead (quantis dos 60 pregões anteriores)
2022-01-19,Random Forest,0.72659197578,-0.0548264219769,-0.247872214578,sem look-ahead (quantis dos 60 pregões anteriores)
2022-01-20,Random Forest,0.72659197578,-0.0548264219769,-0.247872214578,sem look-ahead (quantis dos 60 pregões anteriores)
2022-01-21,Random Forest,0.72659197578,-0.0548264219769,-0.247872214578,sem look-ahead (quantis dos 60 pregões anteriores)
2022-01-24,Random Forest,0.72659197578,-0.0548264219769,-0.247872214578,sem look-ahead (quantis dos 60 pregões anteriores)
2022-01-25,Random Forest,0.72659197578,-0.0548264219769,-0.247872214578,sem look-ahead (quantis dos 60 pregões anteriores)
2022-01-26,Random Forest,0.72659197578,-0.0548264219769,-0.247872214578,sem look-ahead (quantis dos 60 pregões anteriores)
2022-01-27,Random Forest,0.72659197578,-0.0548264219769,-0.247872214578,sem look-ahead (quantis dos 60 pregões anteriores)
2022-01-28,Random Forest,0.72659197578,-0.0548264219769,-0.247872214578,sem look-ahead (quantis dos 60 pregões anteriores)
2022-01-31,Random Forest,0.72659197578,-0.0548264219769,-0.247872214578,sem look-ahead (quantis dos 60 pregões anteriores)
2022-02-01,Random Forest,0.72659197578,-0.0548264219769,-0.247872214578,sem look-ahead (quantis dos 60 pregões anteriores)
2022-02-02,Random Forest,0.72659197578,-0.0548264219769,-0.247872214578,sem look-ahead (quantis dos 60 pregões anteriores)
2022-02-03,Random Forest,0.72659197578,-0.0548264219769,-0.247872214578,sem look-ahead (quantis dos 60 pregões anteriores)
2022-02-04,Random Forest,0.72659197578,-0.0548264219769,-0.247872214578,sem look-ahead (quantis dos 60 pregões anteriores)
2022-02-07,Random Forest,0.72659197578,-0.0548264219769,-0.247872214578,sem look-ahead (quantis dos 60 pregões anteriores)
2022-02-08,Random Forest,0.726228679792,-0.0548264219769,-0.247872214578,sem look-ahead (quantis dos 60 pregões anteriores)
2022-02-09,Random Forest,0.727697520877,-0.0548264219769,-0.247872214578,sem look-ahead (quantis dos 60 pregões anteriores)
2022-02-10,Random Forest,0.733508178561,-0.0548264219769,-0.247872214578,sem look-ahead (quantis dos 60 pregões anteriores)
2022-02-11,Random Forest,0.734519676238,-0.0548264219769,-0.247872214578,sem look-ahead (quantis dos 60 pregões anteriores)
2022-02-14,Random Forest,0.734519676238,-0.0548264219769,-0.247872214578,sem look-ahead (quantis dos 60 pregões anteriores)
2022-02-15,Random Forest,0.7341524164,-0.0548264219769,-0.247872214578,sem look-ahead (quantis dos 60 pregões anteriores)
2022-02-16,Random Forest,0.737121232473,-0.0548264219769,-0.247872214578,sem look-ahead (quantis dos 60 pregões anteriores)
2022-02-17,Random Forest,0.737121232473,-0.0548264219769,-0.247872214578,sem look-ahead (quantis dos 60 pregões anteriores)
2022-02-18,Random Forest,0.737121232473,-0.0548264219769,-0.247872214578,sem look-ahead (quantis dos 60 pregões anteriores)
2022-02-21,Random Forest,0.737121232473,-0.0548264219769,-0.247872214578,sem look-ahead (quantis dos 60 pregões anteriores)
2022-02-22,Random Forest,0.737121232473,-0.0548264219769,-0.247872214578,sem look-ahead (quantis dos 60 pregões anteriores)
2022-02-23,Random Forest,0.737121232473,-0.0548264219769,-0.247872214578,sem look-ahead (quantis dos 60 pregões anteriores)
2022-02-24,Random Forest,0.737121232473,-0.0548264219769,-0.247872214578,sem look-ahead (quantis dos 60 pregões anteriores)
2022-02-25,Random Forest,0.736752671857,-0.0548264219769,-0.247872214578,sem look-ahead (quantis dos 60 pregões anteriores)
2022-03-02,Random Forest,0.749984552407,-0.0548264219769,-0.247872214578,sem look-ahead (quantis dos 60 pregões anteriores)
2022-03-03,Random Forest,0.749932458389,-0.0548264219769,-0.247872214578,sem look-ahead (quantis dos 60 pregões anteriores)
2022-03-04,Random Forest,0.745426325839,-0.0548264219769,-0.247872214578,sem look-ahead (quantis dos 60 pregões anteriores)
2022-03-07,Random Forest,0.726665967638,-0.0548264219769,-0.247872214578,sem look-ahead (quantis dos 60 pregões anteriores)
2022-03-08,Random Forest,0.723763051281,-0.0548264219769,-0.247872214578,sem look-ahead (quantis dos 60 pregões anteriores)
2022-03-09,Random Forest,0.723401169755,-0.0548264219769,-0.247872214578,sem look-ahead (quantis dos 60 pregões anteriores)
2022-03-10,Random Forest,0.721895936417,-0.0548264219769,-0.247872214578,sem look-ahead (quantis dos 60 pregões anteriores)
2022-03-11,Random Forest,0.709150157184,-0.0548264219769,-0.247872214578,sem look-ahead (quantis dos 60 pregões anteriores)
2022-03-14,Random Forest,0.709150157184,-0.0548264219769,-0.247872214578,sem look-ahead (quantis dos 60 pregões anteriores)
2022-03-15,Random Forest,0.708795582106,-0.0548264219769,-0.247872214578,sem look-ahead (quantis dos 60 pregões anteriores)
2022-03-16,Random Forest,0.722446790903,-0.0548264219769,-0.247872214578,sem look-ahead (quantis dos 60 pregões anteriores)
2022-03-17,Random Forest,0.722446790903,-0.0548264219769,-0.247872214578,sem look-ahead (quantis dos 60 pregões anteriores)
2022-03-18,Random Forest,0.722446790903,-0.0548264219769,-0.247872214578,sem look-ahead (quantis dos 60 pregões anteriores)
2022-03-21,Random Forest,0.722446790903,-0.0548264219769,-0.247872214578,sem look-ahead (quantis dos 60 pregões anteriores)
2022-03-22,Random Forest,0.722446790903,-0.0548264219769,-0.247872214578,sem look-ahead (quantis dos 60 pregões anteriores)
2022-03-23,Random Forest,0.722446790903,-0.0548264219769,-0.247872214578,sem look-ahead (quantis dos 60 pregões anteriores)
2022-03-24,Random Forest,0.722446790903,-0.0548264219769,-0.247872214578,sem look-ahead (quantis dos 60 pregões anteriores)
2022-03-25,Random Forest,0.722446790903,-0.0548264219769,-0.247872214578,sem look-ahead (quantis dos 60 pregões anteriores)
2022-03-28,Random Forest,0.722446790903,-0.0548264219769,-0.247872214578,sem look-ahead (quantis dos 60 pregões anteriores)
2022-03-29,Random Forest,0.722085567508,-0.0548264219769,-0.247872214578,sem look-ahead (quantis dos 60 pregões anteriores)
2022-03-30,Random Forest,0.723204627459,-0.0548264219769,-0.247872214578,sem look-ahead (quantis dos 60 pregões anteriores)
2022-03-31,Random Forest,0.722843025145,-0.0548264219769,-0.247872214578,sem look-ahead (quantis dos 60 pregões anteriores)
2022-04-01,Random Forest,0.732306323943,-0.0548264219769,-0.247872214578,sem look-ahead (quantis dos 60 pregões anteriores)
2022-04-04,Random Forest,0.730559438742,-0.0548264219769,-0.247872214578,sem look-ahead (quantis dos 60 pregões anteriores)
2022-04-05,Random Forest,0.716132576474,-0.0548264219769,-0.247872214578,sem look-ahead (quantis dos 60 pregões anteriores)
2022-04-06,Random Forest,0.712174977932,-0.0548264219769,-0.247872214578,sem look-ahead (quantis dos 60 pregões anteriores)
2022-04-07,Random Forest,0.715637942918,-0.0548264219769,-0.247872214578,sem look-ahead (quantis dos 60 pregões anteriores)
2022-04-08,Random Forest,0.715637942918,-0.0548264219769,-0.247872214578,sem look-ahead (quantis dos 60 pregões anteriores)
2022-04-11,Random Forest,0.715637942918,-0.0548264219769,-0.247872214578,sem look-ahead (quantis dos 60 pregões anteriores)
2022-04-12,Random Forest,0.715637942918,-0.0548264219769,-0.247872214578,sem look-ahead (quantis dos 60 pregões anteriores)
2022-04-13,Random Forest,0.715637942918,-0.0548264219769,-0.247872214578,sem look-ahead (quantis dos 60 pregões anteriores)
2022-04-14,Random Forest,0.715637942918,-0.0548264219769,-0.247872214578,sem look-ahead (quantis dos 60 pregões anteriores)
2022-04-18,Random Forest,0.715637942918,-0.0548264219769,-0.247872214578,sem look-ahead (quantis dos 60 pregões anteriores)
2022-04-19,Random Forest,0.715637942918,-0.0548264219769,-0.247872214578,sem look-ahead (quantis dos 60 pregões anteriores)
2022-04-20,Random Forest,0.715637942918,-0.0548264219769,-0.247872214578,sem look-ahead (quantis dos 60 pregões anteriores)
2022-04-22,Random Forest,0.715637942918,-0.0548264219769,-0.247872214578,sem look-ahead (quantis dos 60 pregões anteriores)
2022-04-25,Random Forest,0.715637942918,-0.0548264219769,-0.247872214578,sem look-ahead (quantis dos 60 pregões anteriores)
2022-04-26,Random Forest,0.715280123946,-0.0548264219769,-0.247872214578,sem look-ahead (quantis dos 60 pregões anteriores)
2022-04-27,Random Forest,0.722789002,-0.0548264219769,-0.247872214578,sem look-ahead (quantis dos 60 pregões anteriores)
2022-04-28,Random Forest,0.726195266381,-0.0548264219769,-0.247872214578,sem look-ahead (quantis dos 60 pregões anteriores)
2022-04-29,Random Forest,0.725832168748,-0.0548264219769,-0.247872214578,sem look-ahead (quantis dos 60 pregões anteriores)
2022-05-02,Random Forest,0.717146230001,-0.0548264219769,-0.247872214578,sem look-ahead (quantis dos 60 pregões anteriores)
2022-05-03,Random Forest,0.717146230001,-0.0548264219769,-0.247872214578,sem look-ahead (quantis dos 60 pregões anteriores)
2022-05-04,Random Forest,0.717146230001,-0.0548264219769,-0.247872214578,sem look-ahead (quantis dos 60 pregões anteriores)
2022-05-05,Random Forest,0.717146230001,-0.0548264219769,-0.247872214578,sem look-ahead (quantis dos 60 pregões anteriores)
2022-05-06,Random Forest,0.717146230001,-0.0548264219769,-0.247872214578,sem look-ahead (quantis dos 60 pregões anteriores)
2022-05-09,Random Forest,0.717146230001,-0.0548264219769,-0.247872214578,sem look-ahead (quantis dos 60 pregões anteriores)
2022-05-10,Random Forest,0.717146230001,-0.0548264219769,-0.247872214578,sem look-ahead (quantis dos 60 pregões anteriores)
2022-05-11,Random Forest,0.717146230001,-0.0548264219769,-0.247872214578,sem look-ahead (quantis dos 60 pregões anteriores)
2022-05-12,Random Forest,0.717146230001,-0.0548264219769,-0.247872214578,sem look-ahead (quantis dos 60 pregões anteriores)
2022-05-13,Random Forest,0.717146230001,-0.0548264219769,-0.247872214578,sem look-ahead (quantis dos 60 pregões anteriores)
2022-05-16,Random Forest,0.717146230001,-0.0548264219769,-0.247872214578,sem look-ahead (quantis dos 60 pregões anteriores)
2022-05-17,Random Forest,0.717146230001,-0.0548264219769,-0.247872214578,sem look-ahead (quantis dos 60 pregões anteriores)
2022-05-18,Random Forest,0.717146230001,-0.0548264219769,-0.247872214578,sem look-ahead (quantis dos 60 pregões anteriores)
2022-05-19,Random Forest,0.717146230001,-0.0548264219769,-0.247872214578,sem look-ahead (quantis dos 60 pregões anteriores)
2022-05-20,Random Forest,0.717146230001,-0.0548264219769,-0.247872214578,sem look-ahead (quantis dos 60 pregões anteriores)
2022-05-23,Random Forest,0.717146230001,-0.0548264219769,-0.247872214578,sem look-ahead (quantis dos 60 pregões anteriores)
2022-05-24,Random Forest,0.717146230001,-0.0548264219769,-0.247872214578,sem look-ahead (quantis dos 60 pregões anteriores)
2022-05-25,Random Forest,0.717146230001,-0.0548264219769,-0.247872214578,sem look-ahead (quantis dos 60 pregões anteriores)
2022-05-26,Random Forest,0.717146230001,-0.0548264219769,-0.247872214578,sem look-ahead (quantis dos 60 pregões anteriores)
2022-05-27,Random Forest,0.717146230001,-0.0548264219769,-0.247872214578,sem look-ahead (quantis dos 60 pregões anteriores)
2022-05-30,Random Forest,0.717146230001,-0.0548264219769,-0.247872214578,sem look-ahead (quantis dos 60 pregões anteriores)
2022-05-31,Random Forest,0.717146230001,-0.0548264219769,-0.247872214578,sem look-ahead (quantis dos 60 pregões anteriores)
2022-06-01,Random Forest,0.717146230001,-0.0548264219769,-0.247872214578,sem look-ahead (quantis dos 60 pregões anteriores)
2022-06-02,Random Forest,0.717146230001,-0.0548264219769,-0.247872214578,sem look-ahead (quantis dos 60 pregões anteriores)
2022-06-03,Random Forest,0.717146230001,-0.0548264219769,-0.247872214578,sem look-ahead (quantis dos 60 pregões anteriores)
2022-06-06,Random Forest,0.717146230001,-0.0548264219769,-0.247872214578,sem look-ahead (quantis dos 60 pregões anteriores)
2022-06-07,Random Forest,0.717146230001,-0.0548264219769,-0.247872214578,sem look-ahead (quantis dos 60 pregões anteriores)
2022-06-08,Random Forest,0.717146230001,-0.0548264219769,-0.247872214578,sem look-ahead (quantis dos 60 pregões anteriores)
2022-06-09,Random Forest,0.717146230001,-0.0548264219769,-0.247872214578,sem look-ahead (quantis dos 60 pregões anteriores)
2022-06-10,Random Forest,0.717146230001,-0.0548264219769,-0.247872214578,sem look-ahead (quantis dos 60 pregões anteriores)
2022-06-13,Random Forest,0.717146230001,-0.0548264219769,-0.247872214578,sem look-ahead (quantis dos 60 pregões anteriores)
2022-06-14,Random Forest,0.717146230001,-0.0548264219769,-0.247872214578,sem look-ahead (quantis dos 60 pregões anteriores)
2022-06-15,Random Forest,0.717146230001,-0.0548264219769,-0.247872214578,sem look-ahead (quantis dos 60 pregões anteriores)
2022-06-17,Random Forest,0.717146230001,-0.0548264219769,-0.247872214578,sem look-ahead (quantis dos 60 pregões anteriores)
2022-06-20,Random Forest,0.717146230001,-0.0548264219769,-0.247872214578,sem look-ahead (quantis dos 60 pregões anteriores)
2022-06-21,Random Forest,0.717146230001,-0.0548264219769,-0.247872214578,sem look-ahead (quantis dos 60 pregões anteriores)
2022-06-22,Random Forest,0.717146230001,-0.0548264219769,-0.247872214578,sem look-ahead (quantis dos 60 pregões anteriores)
2022-06-23,Random Forest,0.716787656886,-0.0548264219769,-0.247872214578,sem look-ahead (quantis dos 60 pregões anteriores)
2022-06-24,Random Forest,0.72111410767,-0.0548264219769,-0.247872214578,sem look-ahead (quantis dos 60 pregões anteriores)
2022-06-27,Random Forest,0.736042292237,-0.0548264219769,-0.247872214578,sem look-ahead (quantis dos 60 pregões anteriores)
2022-06-28,Random Forest,0.736042292237,-0.0548264219769,-0.247872214578,sem look-ahead (quantis dos 60 pregões anteriores)
2022-06-29,Random Forest,0.736042292237,-0.0548264219769,-0.247872214578,sem look-ahead (quantis dos 60 pregões anteriores)
2022-06-30,Random Forest,0.736042292237,-0.0548264219769,-0.247872214578,sem look-ahead (quantis dos 60 pregões anteriores)
2022-07-01,Random Forest,0.736042292237,-0.0548264219769,-0.247872214578,sem look-ahead (quantis dos 60 pregões anteriores)
2022-07-04,Random Forest,0.736042292237,-0.0548264219769,-0.247872214578,sem look-ahead (quantis dos 60 pregões anteriores)
2022-07-05,Random Forest,0.736042292237,-0.0548264219769,-0.247872214578,sem look-ahead (quantis dos 60 pregões anteriores)
2022-07-06,Random Forest,0.736042292237,-0.0548264219769,-0.247872214578,sem look-ahead (quantis dos 60 pregões anteriores)
2022-07-07,Random Forest,0.736042292237,-0.0548264219769,-0.247872214578,sem look-ahead (quantis dos 60 pregões anteriores)
2022-07-08,Random Forest,0.736042292237,-0.0548264219769,-0.247872214578,sem look-ahead (quantis dos 60 pregões anteriores)
2022-07-11,Random Forest,0.736042292237,-0.0548264219769,-0.247872214578,sem look-ahead (quantis dos 60 pregões anteriores)
2022-07-12,Random Forest,0.736042292237,-0.0548264219769,-0.247872214578,sem look-ahead (quantis dos 60 pregões anteriores)
2022-07-13,Random Forest,0.735674271091,-0.0548264219769,-0.247872214578,sem look-ahead (quantis dos 60 pregões anteriores)
2022-07-14,Random Forest,0.722446098952,-0.0548264219769,-0.247872214578,sem look-ahead (quantis dos 60 pregões anteriores)
2022-07-15,Random Forest,0.725677981918,-0.0548264219769,-0.247872214578,sem look-ahead (quantis dos 60 pregões anteriores)
2022-07-18,Random Forest,0.728421324435,-0.0548264219769,-0.247872214578,sem look-ahead (quantis dos 60 pregões anteriores)
2022-07-19,Random Forest,0.738045886939,-0.0548264219769,-0.247872214578,sem look-ahead (quantis dos 60 pregões anteriores)
2022-07-20,Random Forest,0.738045886939,-0.0548264219769,-0.247872214578,sem look-ahead (quantis dos 60 pregões anteriores)
2022-07-21,Random Forest,0.738045886939,-0.0548264219769,-0.247872214578,sem look-ahead (quantis dos 60 pregões anteriores)
2022-07-22,Random Forest,0.738045886939,-0.0548264219769,-0.247872214578,sem look-ahead (quantis dos 60 pregões anteriores)
2022-07-25,Random Forest,0.738045886939,-0.0548264219769,-0.247872214578,sem look-ahead (quantis dos 60 pregões anteriores)
2022-07-26,Random Forest,0.738045886939,-0.0548264219769,-0.247872214578,sem look-ahead (quantis dos 60 pregões anteriores)
2022-07-27,Random Forest,0.738045886939,-0.0548264219769,-0.247872214578,sem look-ahead (quantis dos 60 pregões anteriores)
2022-07-28,Random Forest,0.738045886939,-0.0548264219769,-0.247872214578,sem look-ahead (quantis dos 60 pregões anteriores)
2022-07-29,Random Forest,0.738045886939,-0.0548264219769,-0.247872214578,sem look-ahead (quantis dos 60 pregões anteriores)
2022-08-01,Random Forest,0.738045886939,-0.0548264219769,-0.247872214578,sem look-ahead (quantis dos 60 pregões anteriores)
2022-08-02,Random Forest,0.738045886939,-0.0548264219769,-0.247872214578,sem look-ahead (quantis dos 60 pregões anteriores)
2022-08-03,Random Forest,0.738045886939,-0.0548264219769,-0.247872214578,sem look-ahead (quantis dos 60 pregões anteriores)
2022-08-04,Random Forest,0.738045886939,-0.0548264219769,-0.247872214578,sem look-ahead (quantis dos 60 pregões anteriores)
2022-08-05,Random Forest,0.738045886939,-0.0548264219769,-0.247872214578,sem look-ahead (quantis dos 60 pregões anteriores)
2022-08-08,Random Forest,0.738045886939,-0.0548264219769,-0.247872214578,sem look-ahead (quantis dos 60 pregões anteriores)
2022-08-09,Random Forest,0.738045886939,-0.0548264219769,-0.247872214578,sem look-ahead (quantis dos 60 pregões anteriores)
2022-08-10,Random Forest,0.738045886939,-0.0548264219769,-0.247872214578,sem look-ahead (quantis dos 60 pregões anteriores)
2022-08-11,Random Forest,0.738045886939,-0.0548264219769,-0.247872214578,sem look-ahead (quantis dos 60 pregões anteriores)
2022-08-12,Random Forest,0.738045886939,-0.0548264219769,-0.247872214578,sem look-ahead (quantis dos 60 pregões anteriores)
2022-08-15,Random Forest,0.738045886939,-0.0548264219769,-0.247872214578,sem look-ahead (quantis dos 60 pregões anteriores)
2022-08-16,Random Forest,0.738045886939,-0.0548264219769,-0.247872214578,sem look-ahead (quantis dos 60 pregões anteriores)
2022-08-17,Random Forest,0.738045886939,-0.0548264219769,-0.247872214578,sem look-ahead (quantis dos 60 pregões anteriores)
2022-08-18,Random Forest,0.738045886939,-0.0548264219769,-0.247872214578,sem look-ahead (quantis dos 60 pregões anteriores)
2022-08-19,Random Forest,0.738045886939,-0.0548264219769,-0.247872214578,sem look-ahead (quantis dos 60 pregões anteriores)
2022-08-22,Random Forest,0.738045886939,-0.0548264219769,-0.247872214578,sem look-ahead (quantis dos 60 pregões anteriores)
2022-08-23,Random Forest,0.738045886939,-0.0548264219769,-0.247872214578,sem look-ahead (quantis dos 60 pregões anteriores)
2022-08-24,Random Forest,0.738045886939,-0.0548264219769,-0.247872214578,sem look-ahead (quantis dos 60 pregões anteriores)
2022-08-25,Random Forest,0.738045886939,-0.0548264219769,-0.247872214578,sem look-ahead (quantis dos 60 pregões anteriores)
2022-08-26,Random Forest,0.738045886939,-0.0548264219769,-0.247872214578,sem look-ahead (quantis dos 60 pregões anteriores)
2022-08-29,Random Forest,0.737676863996,-0.0548264219769,-0.247872214578,sem look-ahead (quantis dos 60 pregões anteriores)
2022-08-30,Random Forest,0.725251228759,-0.0548264219769,-0.247872214578,sem look-ahead (quantis dos 60 pregões anteriores)
2022-08-31,Random Forest,0.718925349025,-0.0548264219769,-0.247872214578,sem look-ahead (quantis dos 60 pregões anteriores)
2022-09-01,Random Forest,0.718925349025,-0.0548264219769,-0.247872214578,sem look-ahead (quantis dos 60 pregões anteriores)
2022-09-02,Random Forest,0.718565886351,-0.0548264219769,-0.247872214578,sem look-ahead (quantis dos 60 pregões anteriores)
2022-09-05,Random Forest,0.726885342419,-0.0548264219769,-0.247872214578,sem look-ahead (quantis dos 60 pregões anteriores)
2022-09-06,Random Forest,0.726885342419,-0.0548264219769,-0.247872214578,sem look-ahead (quantis dos 60 pregões anteriores)
2022-09-08,Random Forest,0.726885342419,-0.0548264219769,-0.247872214578,sem look-ahead (quantis dos 60 pregões anteriores)
2022-09-09,Random Forest,0.726885342419,-0.0548264219769,-0.247872214578,sem look-ahead (quantis dos 60 pregões anteriores)
2022-09-12,Random Forest,0.726885342419,-0.0548264219769,-0.247872214578,sem look-ahead (quantis dos 60 pregões anteriores)
2022-09-13,Random Forest,0.726885342419,-0.0548264219769,-0.247872214578,sem look-ahead (quantis dos 60 pregões anteriores)
2022-09-14,Random Forest,0.726885342419,-0.0548264219769,-0.247872214578,sem look-ahead (quantis dos 60 pregões anteriores)
2022-09-15,Random Forest,0.726885342419,-0.0548264219769,-0.247872214578,sem look-ahead (quantis dos 60 pregões anteriores)
2022-09-16,Random Forest,0.726885342419,-0.0548264219769,-0.247872214578,sem look-ahead (quantis dos 60 pregões anteriores)
2022-09-19,Random Forest,0.726885342419,-0.0548264219769,-0.247872214578,sem look-ahead (quantis dos 60 pregões anteriores)
2022-09-20,Random Forest,0.726885342419,-0.0548264219769,-0.247872214578,sem look-ahead (quantis dos 60 pregões anteriores)
2022-09-21,Random Forest,0.726885342419,-0.0548264219769,-0.247872214578,sem look-ahead (quantis dos 60 pregões anteriores)
2022-09-22,Random Forest,0.726885342419,-0.0548264219769,-0.247872214578,sem look-ahead (quantis dos 60 pregões anteriores)
2022-09-23,Random Forest,0.726521899748,-0.0548264219769,-0.247872214578,sem look-ahead (quantis dos 60 pregões anteriores)
2022-09-26,Random Forest,0.709600330921,-0.0548264219769,-0.247872214578,sem look-ahead (quantis dos 60 pregões anteriores)
2022-09-27,Random Forest,0.704446100396,-0.0548264219769,-0.247872214578,sem look-ahead (quantis dos 60 pregões anteriores)
2022-09-28,Random Forest,0.704446100396,-0.0548264219769,-0.247872214578,sem look-ahead (quantis dos 60 pregões anteriores)
2022-09-29,Random Forest,0.704446100396,-0.0548264219769,-0.247872214578,sem look-ahead (quantis dos 60 pregões anteriores)
2022-09-30,Random Forest,0.704446100396,-0.0548264219769,-0.247872214578,sem look-ahead (quantis dos 60 pregões anteriores)
2022-10-03,Random Forest,0.704446100396,-0.0548264219769,-0.247872214578,sem look-ahead (quantis dos 60 pregões anteriores)
2022-10-04,Random Forest,0.704446100396,-0.0548264219769,-0.247872214578,sem look-ahead (quantis dos 60 pregões anteriores)
2022-10-05,Random Forest,0.704446100396,-0.0548264219769,-0.247872214578,sem look-ahead (quantis dos 60 pregões anteriores)
2022-10-06,Random Forest,0.704446100396,-0.0548264219769,-0.247872214578,sem look-ahead (quantis dos 60 pregões anteriores)
2022-10-07,Random Forest,0.704446100396,-0.0548264219769,-0.247872214578,sem look-ahead (quantis dos 60 pregões anteriores)
2022-10-10,Random Forest,0.704446100396,-0.0548264219769,-0.247872214578,sem look-ahead (quantis dos 60 pregões anteriores)
2022-10-11,Random Forest,0.704093877346,-0.0548264219769,-0.247872214578,sem look-ahead (quantis dos 60 pregões anteriores)
2022-10-13,Random Forest,0.70051038246,-0.0548264219769,-0.247872214578,sem look-ahead (quantis dos 60 pregões anteriores)
2022-10-14,Random Forest,0.70051038246,-0.0548264219769,-0.247872214578,sem look-ahead (quantis dos 60 pregões anteriores)
2022-10-17,Random Forest,0.70051038246,-0.0548264219769,-0.247872214578,sem look-ahead (quantis dos 60 pregões anteriores)
2022-10-18,Random Forest,0.70051038246,-0.0548264219769,-0.247872214578,sem look-ahead (quantis dos 60 pregões anteriores)
2022-10-19,Random Forest,0.70051038246,-0.0548264219769,-0.247872214578,sem look-ahead (quantis dos 60 pregões anteriores)
2022-10-20,Random Forest,0.70051038246,-0.0548264219769,-0.247872214578,sem look-ahead (quantis dos 60 pregões anteriores)
2022-10-21,Random Forest,0.700160127269,-0.0548264219769,-0.247872214578,sem look-ahead (quantis dos 60 pregões anteriores)
2022-10-24,Random Forest,0.676947961652,-0.0548264219769,-0.247872214578,sem look-ahead (quantis dos 60 pregões anteriores)
2022-10-25,Random Forest,0.676947961652,-0.0548264219769,-0.247872214578,sem look-ahead (quantis dos 60 pregões anteriores)
2022-10-26,Random Forest,0.676947961652,-0.0548264219769,-0.247872214578,sem look-ahead (quantis dos 60 pregões anteriores)
2022-10-27,Random Forest,0.676947961652,-0.0548264219769,-0.247872214578,sem look-ahead (quantis dos 60 pregões anteriores)
2022-10-28,Random Forest,0.676947961652,-0.0548264219769,-0.247872214578,sem look-ahead (quantis dos 60 pregões anteriores)
2022-10-31,Random Forest,0.676947961652,-0.0548264219769,-0.247872214578,sem look-ahead (quantis dos 60 pregões anteriores)
2022-11-01,Random Forest,0.676947961652,-0.0548264219769,-0.247872214578,sem look-ahead (quantis dos 60 pregões anteriores)
2022-11-03,Random Forest,0.676947961652,-0.0548264219769,-0.247872214578,sem look-ahead (quantis dos 60 pregões anteriores)
2022-11-04,Random Forest,0.676947961652,-0.0548264219769,-0.247872214578,sem look-ahead (quantis dos 60 pregões anteriores)
2022-11-07,Random Forest,0.676947961652,-0.0548264219769,-0.247872214578,sem look-ahead (quantis dos 60 pregões anteriores)
2022-11-08,Random Forest,0.676947961652,-0.0548264219769,-0.247872214578,sem look-ahead (quantis dos 60 pregões anteriores)
2022-11-09,Random Forest,0.676947961652,-0.0548264219769,-0.247872214578,sem look-ahead (quantis dos 60 pregões anteriores)
2022-11-10,Random Forest,0.676609487671,-0.0548264219769,-0.247872214578,sem look-ahead (quantis dos 60 pregões anteriores)
2022-11-11,Random Forest,0.691544590447,-0.0548264219769,-0.247872214578,sem look-ahead (quantis dos 60 pregões anteriores)
2022-11-14,Random Forest,0.691544590447,-0.0548264219769,-0.247872214578,sem look-ahead (quantis dos 60 pregões anteriores)
2022-11-16,Random Forest,0.691544590447,-0.0548264219769,-0.247872214578,sem look-ahead (quantis dos 60 pregões anteriores)
2022-11-17,Random Forest,0.691544590447,-0.0548264219769,-0.247872214578,sem look-ahead (quantis dos 60 pregões anteriores)
2022-11-18,Random Forest,0.691544590447,-0.0548264219769,-0.247872214578,sem look-ahead (quantis dos 60 pregões anteriores)
2022-11-21,Random Forest,0.691544590447,-0.0548264219769,-0.247872214578,sem look-ahead (quantis dos 60 pregões anteriores)
2022-11-22,Random Forest,0.691544590447,-0.0548264219769,-0.247872214578,sem look-ahead (quantis dos 60 pregões anteriores)
2022-11-23,Random Forest,0.691544590447,-0.0548264219769,-0.247872214578,sem look-ahead (quantis dos 60 pregões anteriores)
2022-11-24,Random Forest,0.691544590447,-0.0548264219769,-0.247872214578,sem look-ahead (quantis dos 60 pregões anteriores)
2022-11-25,Random Forest,0.691544590447,-0.0548264219769,-0.247872214578,sem look-ahead (quantis dos 60 pregões anteriores)
2022-11-28,Random Forest,0.691544590447,-0.0548264219769,-0.247872214578,sem look-ahead (quantis dos 60 pregões anteriores)
2022-11-29,Random Forest,0.691544590447,-0.0548264219769,-0.247872214578,sem look-ahead (quantis dos 60 pregões anteriores)
2022-11-30,Random Forest,0.691544590447,-0.0548264219769,-0.247872214578,sem look-ahead (quantis dos 60 pregões anteriores)
2022-12-01,Random Forest,0.691544590447,-0.0548264219769,-0.247872214578,sem look-ahead (quantis dos 60 pregões anteriores)
2022-12-02,Random Forest,0.691544590447,-0.0548264219769,-0.247872214578,sem look-ahead (quantis dos 60 pregões anteriores)
2022-12-05,Random Forest,0.691544590447,-0.0548264219769,-0.247872214578,sem look-ahead (quantis dos 60 pregões anteriores)
2022-12-06,Random Forest,0.691544590447,-0.0548264219769,-0.247872214578,sem look-ahead (quantis dos 60 pregões anteriores)
2022-12-07,Random Forest,0.691544590447,-0.0548264219769,-0.247872214578,sem look-ahead (quantis dos 60 pregões anteriores)
2022-12-08,Random Forest,0.691544590447,-0.0548264219769,-0.247872214578,sem look-ahead (quantis dos 60 pregões anteriores)
2022-12-09,Random Forest,0.691544590447,-0.0548264219769,-0.247872214578,sem look-ahead (quantis dos 60 pregões anteriores)
2022-12-12,Random Forest,0.691544590447,-0.0548264219769,-0.247872214578,sem look-ahead (quantis dos 60 pregões anteriores)
2022-12-13,Random Forest,0.691198818151,-0.0548264219769,-0.247872214578,sem look-ahead (quantis dos 60 pregões anteriores)
2022-12-14,Random Forest,0.690606696575,-0.0548264219769,-0.247872214578,sem look-ahead (quantis dos 60 pregões anteriores)
2022-12-15,Random Forest,0.689828944884,-0.0548264219769,-0.247872214578,sem look-ahead (quantis dos 60 pregões anteriores)
2022-12-16,Random Forest,0.689828944884,-0.0548264219769,-0.247872214578,sem look-ahead (quantis dos 60 pregões anteriores)
2022-12-19,Random Forest,0.689828944884,-0.0548264219769,-0.247872214578,sem look-ahead (quantis dos 60 pregões anteriores)
2022-12-20,Random Forest,0.689828944884,-0.0548264219769,-0.247872214578,sem look-ahead (quantis dos 60 pregões anteriores)
2022-12-21,Random Forest,0.689828944884,-0.0548264219769,-0.247872214578,sem look-ahead (quantis dos 60 pregões anteriores)
2022-12-22,Random Forest,0.689828944884,-0.0548264219769,-0.247872214578,sem look-ahead (quantis dos 60 pregões anteriores)
2022-12-23,Random Forest,0.689828944884,-0.0548264219769,-0.247872214578,sem look-ahead (quantis dos 60 pregões anteriores)
2022-12-26,Random Forest,0.689828944884,-0.0548264219769,-0.247872214578,sem look-ahead (quantis dos 60 pregões anteriores)
2022-12-27,Random Forest,0.689828944884,-0.0548264219769,-0.247872214578,sem look-ahead (quantis dos 60 pregões anteriores)
2022-12-28,Random Forest,0.689484030412,-0.0548264219769,-0.247872214578,sem look-ahead (quantis dos 60 pregões anteriores)
2022-12-29,Random Forest,0.688195590866,-0.0548264219769,-0.247872214578,sem look-ahead (quantis dos 60 pregões anteriores)
2023-01-02,Random Forest,0.66533517076,-0.0548264219769,-0.247872214578,sem look-ahead (quantis dos 60 pregões anteriores)
2023-01-03,Random Forest,0.651512591162,-0.0548264219769,-0.247872214578,sem look-ahead (quantis dos 60 pregões anteriores)
2023-01-04,Random Forest,0.658817918298,-0.0548264219769,-0.247872214578,sem look-ahead (quantis dos 60 pregões anteriores)
2023-01-05,Random Forest,0.672477879313,-0.0548264219769,-0.247872214578,sem look-ahead (quantis dos 60 pregões anteriores)
2023-01-06,Random Forest,0.680385151645,-0.0548264219769,-0.247872214578,sem look-ahead (quantis dos 60 pregões anteriores)
2023-01-09,Random Forest,0.680385151645,-0.0548264219769,-0.247872214578,sem look-ahead (quantis dos 60 pregões anteriores)
2023-01-10,Random Forest,0.680385151645,-0.0548264219769,-0.247872214578,sem look-ahead (quantis dos 60 pregões anteriores)
2023-01-11,Random Forest,0.680044959069,-0.0548264219769,-0.247872214578,sem look-ahead (quantis dos 60 pregões anteriores)
2023-01-12,Random Forest,0.680398593035,-0.0548264219769,-0.247872214578,sem look-ahead (quantis dos 60 pregões anteriores)
2023-01-13,Random Forest,0.680398593035,-0.0548264219769,-0.247872214578,sem look-ahead (quantis dos 60 pregões anteriores)
2023-01-16,Random Forest,0.680398593035,-0.0548264219769,-0.247872214578,sem look-ahead (quantis dos 60 pregões anteriores)
2023-01-17,Random Forest,0.680398593035,-0.0548264219769,-0.247872214578,sem look-ahead (quantis dos 60 pregões anteriores)
2023-01-18,Random Forest,0.680398593035,-0.0548264219769,-0.247872214578,sem look-ahead (quantis dos 60 pregões anteriores)
2023-01-19,Random Forest,0.680398593035,-0.0548264219769,-0.247872214578,sem look-ahead (quantis dos 60 pregões anteriores)
2023-01-20,Random Forest,0.680398593035,-0.0548264219769,-0.247872214578,sem look-ahead (quantis dos 60 pregões anteriores)
2023-01-23,Random Forest,0.680398593035,-0.0548264219769,-0.247872214578,sem look-ahead (quantis dos 60 pregões anteriores)
2023-01-24,Random Forest,0.680398593035,-0.0548264219769,-0.247872214578,sem look-ahead (quantis dos 60 pregões anteriores)
2023-01-25,Random Forest,0.680398593035,-0.0548264219769,-0.247872214578,sem look-ahead (quantis dos 60 pregões anteriores)
2023-01-26,Random Forest,0.680398593035,-0.0548264219769,-0.247872214578,sem look-ahead (quantis dos 60 pregões anteriores)
2023-01-27,Random Forest,0.680398593035,-0.0548264219769,-0.247872214578,sem look-ahead (quantis dos 60 pregões anteriores)
2023-01-30,Random Forest,0.680398593035,-0.0548264219769,-0.247872214578,sem look-ahead (quantis dos 60 pregões anteriores)
2023-01-31,Random Forest,0.680398593035,-0.0548264219769,-0.247872214578,sem look-ahead (quantis dos 60 pregões anteriores)
2023-02-01,Random Forest,0.680398593035,-0.0548264219769,-0.247872214578,sem look-ahead (quantis dos 60 pregões anteriores)
2023-02-02,Random Forest,0.680398593035,-0.0548264219769,-0.247872214578,sem look-ahead (quantis dos 60 pregões anteriores)
2023-02-03,Random Forest,0.680398593035,-0.0548264219769,-0.247872214578,sem look-ahead (quantis dos 60 pregões anteriores)
2023-02-06,Random Forest,0.680398593035,-0.0548264219769,-0.247872214578,sem look-ahead (quantis dos 60 pregões anteriores)
2023-02-07,Random Forest,0.680398593035,-0.0548264219769,-0.247872214578,sem look-ahead (quantis dos 60 pregões anteriores)
2023-02-08,Random Forest,0.680398593035,-0.0548264219769,-0.247872214578,sem look-ahead (quantis dos 60 pregões anteriores)
2023-02-09,Random Forest,0.680398593035,-0.0548264219769,-0.247872214578,sem look-ahead (quantis dos 60 pregões anteriores)
2023-02-10,Random Forest,0.680398593035,-0.0548264219769,-0.247872214578,sem look-ahead (quantis dos 60 pregões anteriores)
2023-02-13,Random Forest,0.680058393739,-0.0548264219769,-0.247872214578,sem look-ahead (quantis dos 60 pregões anteriores)
2023-02-14,Random Forest,0.672642142215,-0.0548264219769,-0.247872214578,sem look-ahead (quantis dos 60 pregões anteriores)
2023-02-15,Random Forest,0.683782139239,-0.0548264219769,-0.247872214578,sem look-ahead (quantis dos 60 pregões anteriores)
2023-02-16,Random Forest,0.686333023616,-0.0548264219769,-0.247872214578,sem look-ahead (quantis dos 60 pregões anteriores)
2023-02-17,Random Forest,0.686333023616,-0.0548264219769,-0.247872214578,sem look-ahead (quantis dos 60 pregões anteriores)
2023-02-22,Random Forest,0.686333023616,-0.0548264219769,-0.247872214578,sem look-ahead (quantis dos 60 pregões anteriores)
2023-02-23,Random Forest,0.686333023616,-0.0548264219769,-0.247872214578,sem look-ahead (quantis dos 60 pregões anteriores)
2023-02-24,Random Forest,0.686333023616,-0.0548264219769,-0.247872214578,sem look-ahead (quantis dos 60 pregões anteriores)
2023-02-27,Random Forest,0.686333023616,-0.0548264219769,-0.247872214578,sem look-ahead (quantis dos 60 pregões anteriores)
2023-02-28,Random Forest,0.686333023616,-0.0548264219769,-0.247872214578,sem look-ahead (quantis dos 60 pregões anteriores)
2023-03-01,Random Forest,0.685989857104,-0.0548264219769,-0.247872214578,sem look-ahead (quantis dos 60 pregões anteriores)
2023-03-02,Random Forest,0.678687401921,-0.0548264219769,-0.247872214578,sem look-ahead (quantis dos 60 pregões anteriores)
2023-03-03,Random Forest,0.678687401921,-0.0548264219769,-0.247872214578,sem look-ahead (quantis dos 60 pregões anteriores)
2023-03-06,Random Forest,0.678687401921,-0.0548264219769,-0.247872214578,sem look-ahead (quantis dos 60 pregões anteriores)
2023-03-07,Random Forest,0.678687401921,-0.0548264219769,-0.247872214578,sem look-ahead (quantis dos 60 pregões anteriores)
2023-03-08,Random Forest,0.678687401921,-0.0548264219769,-0.247872214578,sem look-ahead (quantis dos 60 pregões anteriores)
2023-03-09,Random Forest,0.678687401921,-0.0548264219769,-0.247872214578,sem look-ahead (quantis dos 60 pregões anteriores)
2023-03-10,Random Forest,0.678687401921,-0.0548264219769,-0.247872214578,sem look-ahead (quantis dos 60 pregões anteriores)
2023-03-13,Random Forest,0.678687401921,-0.0548264219769,-0.247872214578,sem look-ahead (quantis dos 60 pregões anteriores)
2023-03-14,Random Forest,0.67834805822,-0.0548264219769,-0.247872214578,sem look-ahead (quantis dos 60 pregões anteriores)
2023-03-15,Random Forest,0.676315188829,-0.0548264219769,-0.247872214578,sem look-ahead (quantis dos 60 pregões anteriores)
2023-03-16,Random Forest,0.676315188829,-0.0548264219769,-0.247872214578,sem look-ahead (quantis dos 60 pregões anteriores)
2023-03-17,Random Forest,0.676315188829,-0.0548264219769,-0.247872214578,sem look-ahead (quantis dos 60 pregões anteriores)
2023-03-20,Random Forest,0.676315188829,-0.0548264219769,-0.247872214578,sem look-ahead (quantis dos 60 pregões anteriores)
2023-03-21,Random Forest,0.676315188829,-0.0548264219769,-0.247872214578,sem look-ahead (quantis dos 60 pregões anteriores)
2023-03-22,Random Forest,0.676315188829,-0.0548264219769,-0.247872214578,sem look-ahead (quantis dos 60 pregões anteriores)
2023-03-27,Random Forest,0.676315188829,-0.0548264219769,-0.247872214578,sem look-ahead (quantis dos 60 pregões anteriores)
2023-03-28,Random Forest,0.676315188829,-0.0548264219769,-0.247872214578,sem look-ahead (quantis dos 60 pregões anteriores)
2023-03-29,Random Forest,0.675977031235,-0.0548264219769,-0.247872214578,sem look-ahead (quantis dos 60 pregões anteriores)
2023-03-30,Random Forest,0.688389191551,-0.0548264219769,-0.247872214578,sem look-ahead (quantis dos 60 pregões anteriores)
2023-03-31,Random Forest,0.688389191551,-0.0548264219769,-0.247872214578,sem look-ahead (quantis dos 60 pregões anteriores)
2023-04-03,Random Forest,0.688389191551,-0.0548264219769,-0.247872214578,sem look-ahead (quantis dos 60 pregões anteriores)
2023-04-04,Random Forest,0.688389191551,-0.0548264219769,-0.247872214578,sem look-ahead (quantis dos 60 pregões anteriores)
2023-04-05,Random Forest,0.688389191551,-0.0548264219769,-0.247872214578,sem look-ahead (quantis dos 60 pregões anteriores)
2023-04-06,Random Forest,0.688389191551,-0.0548264219769,-0.247872214578,sem look-ahead (quantis dos 60 pregões anteriores)
2023-04-10,Random Forest,0.688389191551,-0.0548264219769,-0.247872214578,sem look-ahead (quantis dos 60 pregões anteriores)
2023-04-11,Random Forest,0.688389191551,-0.0548264219769,-0.247872214578,sem look-ahead (quantis dos 60 pregões anteriores)
2023-04-12,Random Forest,0.688389191551,-0.0548264219769,-0.247872214578,sem look-ahead (quantis dos 60 pregões anteriores)
2023-04-13,Random Forest,0.688389191551,-0.0548264219769,-0.247872214578,sem look-ahead (quantis dos 60 pregões anteriores)
2023-04-14,Random Forest,0.688389191551,-0.0548264219769,-0.247872214578,sem look-ahead (quantis dos 60 pregões anteriores)
2023-04-17,Random Forest,0.688389191551,-0.0548264219769,-0.247872214578,sem look-ahead (quantis dos 60 pregões anteriores)
2023-04-18,Random Forest,0.688389191551,-0.0548264219769,-0.247872214578,sem look-ahead (quantis dos 60 pregões anteriores)
2023-04-19,Random Forest,0.688389191551,-0.0548264219769,-0.247872214578,sem look-ahead (quantis dos 60 pregões anteriores)
2023-04-20,Random Forest,0.688389191551,-0.0548264219769,-0.247872214578,sem look-ahead (quantis dos 60 pregões anteriores)
2023-04-24,Random Forest,0.688044996955,-0.0548264219769,-0.247872214578,sem look-ahead (quantis dos 60 pregões anteriores)
2023-04-25,Random Forest,0.683232845447,-0.0548264219769,-0.247872214578,sem look-ahead (quantis dos 60 pregões anteriores)
2023-04-26,Random Forest,0.676881004032,-0.0548264219769,-0.247872214578,sem look-ahead (quantis dos 60 pregões anteriores)
2023-04-27,Random Forest,0.676881004032,-0.0548264219769,-0.247872214578,sem look-ahead (quantis dos 60 pregões anteriores)
2023-04-28,Random Forest,0.676881004032,-0.0548264219769,-0.247872214578,sem look-ahead (quantis dos 60 pregões anteriores)
2023-05-02,Random Forest,0.67654256353,-0.0548264219769,-0.247872214578,sem look-ahead (quantis dos 60 pregões anteriores)
2023-05-03,Random Forest,0.675679685851,-0.0548264219769,-0.247872214578,sem look-ahead (quantis dos 60 pregões anteriores)
2023-05-04,Random Forest,0.678182031122,-0.0548264219769,-0.247872214578,sem look-ahead (quantis dos 60 pregões anteriores)
2023-05-05,Random Forest,0.697922017425,-0.0548264219769,-0.247872214578,sem look-ahead (quantis dos 60 pregões anteriores)
2023-05-08,Random Forest,0.703855960853,-0.0548264219769,-0.247872214578,sem look-ahead (quantis dos 60 pregões anteriores)
2023-05-09,Random Forest,0.71097138295,-0.0548264219769,-0.247872214578,sem look-ahead (quantis dos 60 pregões anteriores)
2023-05-10,Random Forest,0.712832829144,-0.0548264219769,-0.247872214578,sem look-ahead (quantis dos 60 pregões anteriores)
2023-05-11,Random Forest,0.712832829144,-0.0548264219769,-0.247872214578,sem look-ahead (quantis dos 60 pregões anteriores)
2023-05-12,Random Forest,0.712832829144,-0.0548264219769,-0.247872214578,sem look-ahead (quantis dos 60 pregões anteriores)
2023-05-15,Random Forest,0.712832829144,-0.0548264219769,-0.247872214578,sem look-ahead (quantis dos 60 pregões anteriores)
2023-05-16,Random Forest,0.712832829144,-0.0548264219769,-0.247872214578,sem look-ahead (quantis dos 60 pregões anteriores)
2023-05-17,Random Forest,0.712832829144,-0.0548264219769,-0.247872214578,sem look-ahead (quantis dos 60 pregões anteriores)
2023-05-18,Random Forest,0.712476412729,-0.0548264219769,-0.247872214578,sem look-ahead (quantis dos 60 pregões anteriores)
2023-05-19,Random Forest,0.716598251968,-0.0548264219769,-0.247872214578,sem look-ahead (quantis dos 60 pregões anteriores)
2023-05-22,Random Forest,0.712797537654,-0.0548264219769,-0.247872214578,sem look-ahead (quantis dos 60 pregões anteriores)
2023-05-23,Random Forest,0.712797537654,-0.0548264219769,-0.247872214578,sem look-ahead (quantis dos 60 pregões anteriores)
2023-05-24,Random Forest,0.712797537654,-0.0548264219769,-0.247872214578,sem look-ahead (quantis dos 60 pregões anteriores)
2023-05-25,Random Forest,0.712441138885,-0.0548264219769,-0.247872214578,sem look-ahead (quantis dos 60 pregões anteriores)
2023-05-26,Random Forest,0.717956611746,-0.0548264219769,-0.247872214578,sem look-ahead (quantis dos 60 pregões anteriores)
2023-05-29,Random Forest,0.71424726204,-0.0548264219769,-0.247872214578,sem look-ahead (quantis dos 60 pregões anteriores)
2023-05-30,Random Forest,0.705404379494,-0.0548264219769,-0.247872214578,sem look-ahead (quantis dos 60 pregões anteriores)
2023-05-31,Random Forest,0.700960387576,-0.0548264219769,-0.247872214578,sem look-ahead (quantis dos 60 pregões anteriores)
2023-06-01,Random Forest,0.700960387576,-0.0548264219769,-0.247872214578,sem look-ahead (quantis dos 60 pregões anteriores)
2023-06-02,Random Forest,0.700960387576,-0.0548264219769,-0.247872214578,sem look-ahead (quantis dos 60 pregões anteriores)
2023-06-05,Random Forest,0.700960387576,-0.0548264219769,-0.247872214578,sem look-ahead (quantis dos 60 pregões anteriores)
2023-06-06,Random Forest,0.700960387576,-0.0548264219769,-0.247872214578,sem look-ahead (quantis dos 60 pregões anteriores)
2023-06-07,Random Forest,0.700960387576,-0.0548264219769,-0.247872214578,sem look-ahead (quantis dos 60 pregões anteriores)
2023-06-09,Random Forest,0.700960387576,-0.0548264219769,-0.247872214578,sem look-ahead (quantis dos 60 pregões anteriores)
2023-06-12,Random Forest,0.700960387576,-0.0548264219769,-0.247872214578,sem look-ahead (quantis dos 60 pregões anteriores)
2023-06-13,Random Forest,0.700960387576,-0.0548264219769,-0.247872214578,sem look-ahead (quantis dos 60 pregões anteriores)
2023-06-14,Random Forest,0.700960387576,-0.0548264219769,-0.247872214578,sem look-ahead (quantis dos 60 pregões anteriores)
2023-06-15,Random Forest,0.700960387576,-0.0548264219769,-0.247872214578,sem look-ahead (quantis dos 60 pregões anteriores)
2023-06-16,Random Forest,0.700960387576,-0.0548264219769,-0.247872214578,sem look-ahead (quantis dos 60 pregões anteriores)
2023-06-19,Random Forest,0.700960387576,-0.0548264219769,-0.247872214578,sem look-ahead (quantis dos 60 pregões anteriores)
2023-06-20,Random Forest,0.700960387576,-0.0548264219769,-0.247872214578,sem look-ahead (quantis dos 60 pregões anteriores)
2023-06-21,Random Forest,0.700960387576,-0.0548264219769,-0.247872214578,sem look-ahead (quantis dos 60 pregões anteriores)
2023-06-22,Random Forest,0.700960387576,-0.0548264219769,-0.247872214578,sem look-ahead (quantis dos 60 pregões anteriores)
2023-06-23,Random Forest,0.700960387576,-0.0548264219769,-0.247872214578,sem look-ahead (quantis dos 60 pregões anteriores)
2023-06-26,Random Forest,0.700960387576,-0.0548264219769,-0.247872214578,sem look-ahead (quantis dos 60 pregões anteriores)
2023-06-27,Random Forest,0.700960387576,-0.0548264219769,-0.247872214578,sem look-ahead (quantis dos 60 pregões anteriores)
2023-06-28,Random Forest,0.700960387576,-0.0548264219769,-0.247872214578,sem look-ahead (quantis dos 60 pregões anteriores)
2023-06-29,Random Forest,0.700960387576,-0.0548264219769,-0.247872214578,sem look-ahead (quantis dos 60 pregões anteriores)
2023-06-30,Random Forest,0.700609907382,-0.0548264219769,-0.247872214578,sem look-ahead (quantis dos 60 pregões anteriores)
2023-07-03,Random Forest,0.710019641842,-0.0548264219769,-0.247872214578,sem look-ahead (quantis dos 60 pregões anteriores)
2023-07-04,Random Forest,0.706477642174,-0.0548264219769,-0.247872214578,sem look-ahead (quantis dos 60 pregões anteriores)
2023-07-05,Random Forest,0.709283950118,-0.0548264219769,-0.247872214578,sem look-ahead (quantis dos 60 pregões anteriores)
2023-07-06,Random Forest,0.696688195858,-0.0548264219769,-0.247872214578,sem look-ahead (quantis dos 60 pregões anteriores)
2023-07-07,Random Forest,0.705073224474,-0.0548264219769,-0.247872214578,sem look-ahead (quantis dos 60 pregões anteriores)
2023-07-10,Random Forest,0.705073224474,-0.0548264219769,-0.247872214578,sem look-ahead (quantis dos 60 pregões anteriores)
2023-07-11,Random Forest,0.705073224474,-0.0548264219769,-0.247872214578,sem look-ahead (quantis dos 60 pregões anteriores)
2023-07-12,Random Forest,0.705073224474,-0.0548264219769,-0.247872214578,sem look-ahead (quantis dos 60 pregões anteriores)
2023-07-13,Random Forest,0.705073224474,-0.0548264219769,-0.247872214578,sem look-ahead (quantis dos 60 pregões anteriores)
2023-07-14,Random Forest,0.705073224474,-0.0548264219769,-0.247872214578,sem look-ahead (quantis dos 60 pregões anteriores)
2023-07-17,Random Forest,0.705073224474,-0.0548264219769,-0.247872214578,sem look-ahead (quantis dos 60 pregões anteriores)
2023-07-18,Random Forest,0.705073224474,-0.0548264219769,-0.247872214578,sem look-ahead (quantis dos 60 pregões anteriores)
2023-07-19,Random Forest,0.705073224474,-0.0548264219769,-0.247872214578,sem look-ahead (quantis dos 60 pregões anteriores)
2023-07-20,Random Forest,0.705073224474,-0.0548264219769,-0.247872214578,sem look-ahead (quantis dos 60 pregões anteriores)
2023-07-21,Random Forest,0.705073224474,-0.0548264219769,-0.247872214578,sem look-ahead (quantis dos 60 pregões anteriores)
2023-07-24,Random Forest,0.705073224474,-0.0548264219769,-0.247872214578,sem look-ahead (quantis dos 60 pregões anteriores)
2023-07-25,Random Forest,0.705073224474,-0.0548264219769,-0.247872214578,sem look-ahead (quantis dos 60 pregões anteriores)
2023-07-26,Random Forest,0.705073224474,-0.0548264219769,-0.247872214578,sem look-ahead (quantis dos 60 pregões anteriores)
2023-07-27,Random Forest,0.705073224474,-0.0548264219769,-0.247872214578,sem look-ahead (quantis dos 60 pregões anteriores)
2023-07-28,Random Forest,0.705073224474,-0.0548264219769,-0.247872214578,sem look-ahead (quantis dos 60 pregões anteriores)
2023-07-31,Random Forest,0.705073224474,-0.0548264219769,-0.247872214578,sem look-ahead (quantis dos 60 pregões anteriores)
2023-08-01,Random Forest,0.705073224474,-0.0548264219769,-0.247872214578,sem look-ahead (quantis dos 60 pregões anteriores)
2023-08-02,Random Forest,0.705073224474,-0.0548264219769,-0.247872214578,sem look-ahead (quantis dos 60 pregões anteriores)
2023-08-03,Random Forest,0.705073224474,-0.0548264219769,-0.247872214578,sem look-ahead (quantis dos 60 pregões anteriores)
2023-08-04,Random Forest,0.704720687862,-0.0548264219769,-0.247872214578,sem look-ahead (quantis dos 60 pregões anteriores)
2023-08-07,Random Forest,0.703965891128,-0.0548264219769,-0.247872214578,sem look-ahead (quantis dos 60 pregões anteriores)
2023-08-08,Random Forest,0.702255804778,-0.0548264219769,-0.247872214578,sem look-ahead (quantis dos 60 pregões anteriores)
2023-08-09,Random Forest,0.697888922379,-0.0548264219769,-0.247872214578,sem look-ahead (quantis dos 60 pregões anteriores)
2023-08-10,Random Forest,0.697539977918,-0.0548264219769,-0.247872214578,sem look-ahead (quantis dos 60 pregões anteriores)
2023-08-11,Random Forest,0.695511453863,-0.0548264219769,-0.247872214578,sem look-ahead (quantis dos 60 pregões anteriores)
2023-08-14,Random Forest,0.695511453863,-0.0548264219769,-0.247872214578,sem look-ahead (quantis dos 60 pregões anteriores)
2023-08-15,Random Forest,0.695511453863,-0.0548264219769,-0.247872214578,sem look-ahead (quantis dos 60 pregões anteriores)
2023-08-16,Random Forest,0.695511453863,-0.0548264219769,-0.247872214578,sem look-ahead (quantis dos 60 pregões anteriores)
2023-08-17,Random Forest,0.695511453863,-0.0548264219769,-0.247872214578,sem look-ahead (quantis dos 60 pregões anteriores)
2023-08-18,Random Forest,0.695511453863,-0.0548264219769,-0.247872214578,sem look-ahead (quantis dos 60 pregões anteriores)
2023-08-21,Random Forest,0.695511453863,-0.0548264219769,-0.247872214578,sem look-ahead (quantis dos 60 pregões anteriores)
2023-08-22,Random Forest,0.695511453863,-0.0548264219769,-0.247872214578,sem look-ahead (quantis dos 60 pregões anteriores)
2023-08-23,Random Forest,0.695511453863,-0.0548264219769,-0.247872214578,sem look-ahead (quantis dos 60 pregões anteriores)
2023-08-24,Random Forest,0.695511453863,-0.0548264219769,-0.247872214578,sem look-ahead (quantis dos 60 pregões anteriores)
2023-08-25,Random Forest,0.695511453863,-0.0548264219769,-0.247872214578,sem look-ahead (quantis dos 60 pregões anteriores)
2023-08-28,Random Forest,0.695511453863,-0.0548264219769,-0.247872214578,sem look-ahead (quantis dos 60 pregões anteriores)
2023-08-29,Random Forest,0.695511453863,-0.0548264219769,-0.247872214578,sem look-ahead (quantis dos 60 pregões anteriores)
2023-08-30,Random Forest,0.695511453863,-0.0548264219769,-0.247872214578,sem look-ahead (quantis dos 60 pregões anteriores)
2023-08-31,Random Forest,0.695511453863,-0.0548264219769,-0.247872214578,sem look-ahead (quantis dos 60 pregões anteriores)
2023-09-01,Random Forest,0.695163698136,-0.0548264219769,-0.247872214578,sem look-ahead (quantis dos 60 pregões anteriores)
2023-09-04,Random Forest,0.694132114785,-0.0548264219769,-0.247872214578,sem look-ahead (quantis dos 60 pregões anteriores)
2023-09-05,Random Forest,0.694132114785,-0.0548264219769,-0.247872214578,sem look-ahead (quantis dos 60 pregões anteriores)
2023-09-06,Random Forest,0.694132114785,-0.0548264219769,-0.247872214578,sem look-ahead (quantis dos 60 pregões anteriores)
2023-09-08,Random Forest,0.694132114785,-0.0548264219769,-0.247872214578,sem look-ahead (quantis dos 60 pregões anteriores)
2023-09-11,Random Forest,0.694132114785,-0.0548264219769,-0.247872214578,sem look-ahead (quantis dos 60 pregões anteriores)
2023-09-12,Random Forest,0.694132114785,-0.0548264219769,-0.247872214578,sem look-ahead (quantis dos 60 pregões anteriores)
2023-09-13,Random Forest,0.694132114785,-0.0548264219769,-0.247872214578,sem look-ahead (quantis dos 60 pregões anteriores)
2023-09-14,Random Forest,0.694132114785,-0.0548264219769,-0.247872214578,sem look-ahead (quantis dos 60 pregões anteriores)
2023-09-15,Random Forest,0.694132114785,-0.0548264219769,-0.247872214578,sem look-ahead (quantis dos 60 pregões anteriores)
2023-09-18,Random Forest,0.694132114785,-0.0548264219769,-0.247872214578,sem look-ahead (quantis dos 60 pregões anteriores)
2023-09-19,Random Forest,0.694132114785,-0.0548264219769,-0.247872214578,sem look-ahead (quantis dos 60 pregões anteriores)
2023-09-20,Random Forest,0.694132114785,-0.0548264219769,-0.247872214578,sem look-ahead (quantis dos 60 pregões anteriores)
2023-09-21,Random Forest,0.693785048728,-0.0548264219769,-0.247872214578,sem look-ahead (quantis dos 60 pregões anteriores)
2023-09-22,Random Forest,0.692972661052,-0.0548264219769,-0.247872214578,sem look-ahead (quantis dos 60 pregões anteriores)
2023-09-25,Random Forest,0.692470892193,-0.0548264219769,-0.247872214578,sem look-ahead (quantis dos 60 pregões anteriores)
2023-09-26,Random Forest,0.681778660756,-0.0548264219769,-0.247872214578,sem look-ahead (quantis dos 60 pregões anteriores)
2023-09-27,Random Forest,0.681437771426,-0.0548264219769,-0.247872214578,sem look-ahead (quantis dos 60 pregões anteriores)
2023-09-28,Random Forest,0.689806211349,-0.0548264219769,-0.247872214578,sem look-ahead (quantis dos 60 pregões anteriores)
2023-09-29,Random Forest,0.694432304608,-0.0548264219769,-0.247872214578,sem look-ahead (quantis dos 60 pregões anteriores)
2023-10-02,Random Forest,0.694432304608,-0.0548264219769,-0.247872214578,sem look-ahead (quantis dos 60 pregões anteriores)
2023-10-03,Random Forest,0.694432304608,-0.0548264219769,-0.247872214578,sem look-ahead (quantis dos 60 pregões anteriores)
2023-10-04,Random Forest,0.694432304608,-0.0548264219769,-0.247872214578,sem look-ahead (quantis dos 60 pregões anteriores)
2023-10-05,Random Forest,0.694432304608,-0.0548264219769,-0.247872214578,sem look-ahead (quantis dos 60 pregões anteriores)
2023-10-06,Random Forest,0.694432304608,-0.0548264219769,-0.247872214578,sem look-ahead (quantis dos 60 pregões anteriores)
2023-10-09,Random Forest,0.694432304608,-0.0548264219769,-0.247872214578,sem look-ahead (quantis dos 60 pregões anteriores)
2023-10-10,Random Forest,0.694432304608,-0.0548264219769,-0.247872214578,sem look-ahead (quantis dos 60 pregões anteriores)
2023-10-11,Random Forest,0.694432304608,-0.0548264219769,-0.247872214578,sem look-ahead (quantis dos 60 pregões anteriores)
2023-10-13,Random Forest,0.694432304608,-0.0548264219769,-0.247872214578,sem look-ahead (quantis dos 60 pregões anteriores)
2023-10-16,Random Forest,0.694432304608,-0.0548264219769,-0.247872214578,sem look-ahead (quantis dos 60 pregões anteriores)
2023-10-17,Random Forest,0.694432304608,-0.0548264219769,-0.247872214578,sem look-ahead (quantis dos 60 pregões anteriores)
2023-10-18,Random Forest,0.694432304608,-0.0548264219769,-0.247872214578,sem look-ahead (quantis dos 60 pregões anteriores)
2023-10-19,Random Forest,0.694432304608,-0.0548264219769,-0.247872214578,sem look-ahead (quantis dos 60 pregões anteriores)
2023-10-20,Random Forest,0.694432304608,-0.0548264219769,-0.247872214578,sem look-ahead (quantis dos 60 pregões anteriores)
2023-10-23,Random Forest,0.694432304608,-0.0548264219769,-0.247872214578,sem look-ahead (quantis dos 60 pregões anteriores)
2023-10-24,Random Forest,0.694432304608,-0.0548264219769,-0.247872214578,sem look-ahead (quantis dos 60 pregões anteriores)
2023-10-25,Random Forest,0.694432304608,-0.0548264219769,-0.247872214578,sem look-ahead (quantis dos 60 pregões anteriores)
2023-10-26,Random Forest,0.694432304608,-0.0548264219769,-0.247872214578,sem look-ahead (quantis dos 60 pregões anteriores)
2023-10-27,Random Forest,0.694432304608,-0.0548264219769,-0.247872214578,sem look-ahead (quantis dos 60 pregões anteriores)
2023-10-30,Random Forest,0.694432304608,-0.0548264219769,-0.247872214578,sem look-ahead (quantis dos 60 pregões anteriores)
2023-10-31,Random Forest,0.694085088455,-0.0548264219769,-0.247872214578,sem look-ahead (quantis dos 60 pregões anteriores)
2023-11-01,Random Forest,0.705795903292,-0.0548264219769,-0.247872214578,sem look-ahead (quantis dos 60 pregões anteriores)
2023-11-03,Random Forest,0.724502985276,-0.0548264219769,-0.247872214578,sem look-ahead (quantis dos 60 pregões anteriores)
2023-11-06,Random Forest,0.724502985276,-0.0548264219769,-0.247872214578,sem look-ahead (quantis dos 60 pregões anteriores)
2023-11-07,Random Forest,0.724502985276,-0.0548264219769,-0.247872214578,sem look-ahead (quantis dos 60 pregões anteriores)
2023-11-08,Random Forest,0.724502985276,-0.0548264219769,-0.247872214578,sem look-ahead (quantis dos 60 pregões anteriores)
2023-11-09,Random Forest,0.724502985276,-0.0548264219769,-0.247872214578,sem look-ahead (quantis dos 60 pregões anteriores)
2023-11-10,Random Forest,0.724502985276,-0.0548264219769,-0.247872214578,sem look-ahead (quantis dos 60 pregões anteriores)
2023-11-13,Random Forest,0.724502985276,-0.0548264219769,-0.247872214578,sem look-ahead (quantis dos 60 pregões anteriores)
2023-11-14,Random Forest,0.724140733783,-0.0548264219769,-0.247872214578,sem look-ahead (quantis dos 60 pregões anteriores)
2023-11-16,Random Forest,0.731106501667,-0.0548264219769,-0.247872214578,sem look-ahead (quantis dos 60 pregões anteriores)
2023-11-17,Random Forest,0.731106501667,-0.0548264219769,-0.247872214578,sem look-ahead (quantis dos 60 pregões anteriores)
2023-11-20,Random Forest,0.730740948416,-0.0548264219769,-0.247872214578,sem look-ahead (quantis dos 60 pregões anteriores)
2023-11-21,Random Forest,0.727547538901,-0.0548264219769,-0.247872214578,sem look-ahead (quantis dos 60 pregões anteriores)
2023-11-22,Random Forest,0.727547538901,-0.0548264219769,-0.247872214578,sem look-ahead (quantis dos 60 pregões anteriores)
2023-11-23,Random Forest,0.727547538901,-0.0548264219769,-0.247872214578,sem look-ahead (quantis dos 60 pregões anteriores)
2023-11-24,Random Forest,0.727547538901,-0.0548264219769,-0.247872214578,sem look-ahead (quantis dos 60 pregões anteriores)
2023-11-27,Random Forest,0.727547538901,-0.0548264219769,-0.247872214578,sem look-ahead (quantis dos 60 pregões anteriores)
2023-11-28,Random Forest,0.727547538901,-0.0548264219769,-0.247872214578,sem look-ahead (quantis dos 60 pregões anteriores)
2023-11-29,Random Forest,0.727547538901,-0.0548264219769,-0.247872214578,sem look-ahead (quantis dos 60 pregões anteriores)
2023-11-30,Random Forest,0.727547538901,-0.0548264219769,-0.247872214578,sem look-ahead (quantis dos 60 pregões anteriores)
2023-12-01,Random Forest,0.727547538901,-0.0548264219769,-0.247872214578,sem look-ahead (quantis dos 60 pregões anteriores)
2023-12-04,Random Forest,0.727183765132,-0.0548264219769,-0.247872214578,sem look-ahead (quantis dos 60 pregões anteriores)
2023-12-05,Random Forest,0.727757240337,-0.0548264219769,-0.247872214578,sem look-ahead (quantis dos 60 pregões anteriores)
2023-12-06,Random Forest,0.720052879084,-0.0548264219769,-0.247872214578,sem look-ahead (quantis dos 60 pregões anteriores)
2023-12-07,Random Forest,0.720052879084,-0.0548264219769,-0.247872214578,sem look-ahead (quantis dos 60 pregões anteriores)
2023-12-08,Random Forest,0.720052879084,-0.0548264219769,-0.247872214578,sem look-ahead (quantis dos 60 pregões anteriores)
2023-12-11,Random Forest,0.720052879084,-0.0548264219769,-0.247872214578,sem look-ahead (quantis dos 60 pregões anteriores)
2023-12-12,Random Forest,0.720052879084,-0.0548264219769,-0.247872214578,sem look-ahead (quantis dos 60 pregões anteriores)
2023-12-13,Random Forest,0.720052879084,-0.0548264219769,-0.247872214578,sem look-ahead (quantis dos 60 pregões anteriores)
2023-12-14,Random Forest,0.720052879084,-0.0548264219769,-0.247872214578,sem look-ahead (quantis dos 60 pregões anteriores)
2023-12-15,Random Forest,0.720052879084,-0.0548264219769,-0.247872214578,sem look-ahead (quantis dos 60 pregões anteriores)
2023-12-18,Random Forest,0.719692852644,-0.0548264219769,-0.247872214578,sem look-ahead (quantis dos 60 pregões anteriores)
2023-12-19,Random Forest,0.723903926597,-0.0548264219769,-0.247872214578,sem look-ahead (quantis dos 60 pregões anteriores)
2023-12-20,Random Forest,0.717793611624,-0.0548264219769,-0.247872214578,sem look-ahead (quantis dos 60 pregões anteriores)
2023-12-21,Random Forest,0.717434714818,-0.0548264219769,-0.247872214578,sem look-ahead (quantis dos 60 pregões anteriores)
2023-12-22,Random Forest,0.720533890365,-0.0548264219769,-0.247872214578,sem look-ahead (quantis dos 60 pregões anteriores)
2023-12-26,Random Forest,0.724767440149,-0.0548264219769,-0.247872214578,sem look-ahead (quantis dos 60 pregões anteriores)
2023-12-27,Random Forest,0.72835510221,-0.0548264219769,-0.247872214578,sem look-ahead (quantis dos 60 pregões anteriores)
2023-12-28,Random Forest,0.727942076007,-0.0548264219769,-0.247872214578,sem look-ahead (quantis dos 60 pregões anteriores)
2024-01-02,Random Forest,0.727942076007,-0.0548264219769,-0.247872214578,sem look-ahead (quantis dos 60 pregões anteriores)
2024-01-03,Random Forest,0.727942076007,-0.0548264219769,-0.247872214578,sem look-ahead (quantis dos 60 pregões anteriores)
2024-01-04,Random Forest,0.727942076007,-0.0548264219769,-0.247872214578,sem look-ahead (quantis dos 60 pregões anteriores)
2024-01-05,Random Forest,0.727942076007,-0.0548264219769,-0.247872214578,sem look-ahead (quantis dos 60 pregões anteriores)
2024-01-08,Random Forest,0.727942076007,-0.0548264219769,-0.247872214578,sem look-ahead (quantis dos 60 pregões anteriores)
2024-01-09,Random Forest,0.727942076007,-0.0548264219769,-0.247872214578,sem look-ahead (quantis dos 60 pregões anteriores)
2024-01-10,Random Forest,0.727942076007,-0.0548264219769,-0.247872214578,sem look-ahead (quantis dos 60 pregões anteriores)
2024-01-11,Random Forest,0.727578104969,-0.0548264219769,-0.247872214578,sem look-ahead (quantis dos 60 pregões anteriores)
2024-01-12,Random Forest,0.729465979944,-0.0548264219769,-0.247872214578,sem look-ahead (quantis dos 60 pregões anteriores)
2024-01-15,Random Forest,0.732069498758,-0.0548264219769,-0.247872214578,sem look-ahead (quantis dos 60 pregões anteriores)
2024-01-16,Random Forest,0.732069498758,-0.0548264219769,-0.247872214578,sem look-ahead (quantis dos 60 pregões anteriores)
2024-01-17,Random Forest,0.732069498758,-0.0548264219769,-0.247872214578,sem look-ahead (quantis dos 60 pregões anteriores)
2024-01-18,Random Forest,0.732069498758,-0.0548264219769,-0.247872214578,sem look-ahead (quantis dos 60 pregões anteriores)
2024-01-19,Random Forest,0.732069498758,-0.0548264219769,-0.247872214578,sem look-ahead (quantis dos 60 pregões anteriores)
2024-01-22,Random Forest,0.732069498758,-0.0548264219769,-0.247872214578,sem look-ahead (quantis dos 60 pregões anteriores)
2024-01-23,Random Forest,0.731703464009,-0.0548264219769,-0.247872214578,sem look-ahead (quantis dos 60 pregões anteriores)
2024-01-24,Random Forest,0.728787606052,-0.0548264219769,-0.247872214578,sem look-ahead (quantis dos 60 pregões anteriores)
2024-01-25,Random Forest,0.728787606052,-0.0548264219769,-0.247872214578,sem look-ahead (quantis dos 60 pregões anteriores)
2024-01-26,Random Forest,0.728787606052,-0.0548264219769,-0.247872214578,sem look-ahead (quantis dos 60 pregões anteriores)
2024-01-29,Random Forest,0.728787606052,-0.0548264219769,-0.247872214578,sem look-ahead (quantis dos 60 pregões anteriores)
2024-01-30,Random Forest,0.728787606052,-0.0548264219769,-0.247872214578,sem look-ahead (quantis dos 60 pregões anteriores)
2024-01-31,Random Forest,0.728787606052,-0.0548264219769,-0.247872214578,sem look-ahead (quantis dos 60 pregões anteriores)
2024-02-01,Random Forest,0.728787606052,-0.0548264219769,-0.247872214578,sem look-ahead (quantis dos 60 pregões anteriores)
2024-02-02,Random Forest,0.728787606052,-0.0548264219769,-0.247872214578,sem look-ahead (quantis dos 60 pregões anteriores)
2024-02-05,Random Forest,0.728423212249,-0.0548264219769,-0.247872214578,sem look-ahead (quantis dos 60 pregões anteriores)
2024-02-06,Random Forest,0.744539603651,-0.0548264219769,-0.247872214578,sem look-ahead (quantis dos 60 pregões anteriores)
2024-02-07,Random Forest,0.739554494936,-0.0548264219769,-0.247872214578,sem look-ahead (quantis dos 60 pregões anteriores)
2024-02-08,Random Forest,0.739554494936,-0.0548264219769,-0.247872214578,sem look-ahead (quantis dos 60 pregões anteriores)
2024-02-09,Random Forest,0.739554494936,-0.0548264219769,-0.247872214578,sem look-ahead (quantis dos 60 pregões anteriores)
2024-02-14,Random Forest,0.739554494936,-0.0548264219769,-0.247872214578,sem look-ahead (quantis dos 60 pregões anteriores)
2024-02-15,Random Forest,0.739554494936,-0.0548264219769,-0.247872214578,sem look-ahead (quantis dos 60 pregões anteriores)
2024-02-16,Random Forest,0.739554494936,-0.0548264219769,-0.247872214578,sem look-ahead (quantis dos 60 pregões anteriores)
2024-02-19,Random Forest,0.739554494936,-0.0548264219769,-0.247872214578,sem look-ahead (quantis dos 60 pregões anteriores)
2024-02-20,Random Forest,0.739554494936,-0.0548264219769,-0.247872214578,sem look-ahead (quantis dos 60 pregões anteriores)
2024-02-21,Random Forest,0.739554494936,-0.0548264219769,-0.247872214578,sem look-ahead (quantis dos 60 pregões anteriores)
2024-02-22,Random Forest,0.739554494936,-0.0548264219769,-0.247872214578,sem look-ahead (quantis dos 60 pregões anteriores)
2024-02-23,Random Forest,0.739554494936,-0.0548264219769,-0.247872214578,sem look-ahead (quantis dos 60 pregões anteriores)
2024-02-26,Random Forest,0.739554494936,-0.0548264219769,-0.247872214578,sem look-ahead (quantis dos 60 pregões anteriores)
2024-02-27,Random Forest,0.739554494936,-0.0548264219769,-0.247872214578,sem look-ahead (quantis dos 60 pregões anteriores)
2024-02-28,Random Forest,0.739554494936,-0.0548264219769,-0.247872214578,sem look-ahead (quantis dos 60 pregões anteriores)
2024-02-29,Random Forest,0.739184717688,-0.0548264219769,-0.247872214578,sem look-ahead (quantis dos 60 pregões anteriores)
2024-03-01,Random Forest,0.740101393823,-0.0548264219769,-0.247872214578,sem look-ahead (quantis dos 60 pregões anteriores)
2024-03-04,Random Forest,0.735294573344,-0.0548264219769,-0.247872214578,sem look-ahead (quantis dos 60 pregões anteriores)
2024-03-05,Random Forest,0.733534724179,-0.0548264219769,-0.247872214578,sem look-ahead (quantis dos 60 pregões anteriores)
2024-03-06,Random Forest,0.733534724179,-0.0548264219769,-0.247872214578,sem look-ahead (quantis dos 60 pregões anteriores)
2024-03-07,Random Forest,0.733534724179,-0.0548264219769,-0.247872214578,sem look-ahead (quantis dos 60 pregões anteriores)
2024-03-08,Random Forest,0.733534724179,-0.0548264219769,-0.247872214578,sem look-ahead (quantis dos 60 pregões anteriores)
2024-03-11,Random Forest,0.733534724179,-0.0548264219769,-0.247872214578,sem look-ahead (quantis dos 60 pregões anteriores)
2024-03-12,Random Forest,0.733534724179,-0.0548264219769,-0.247872214578,sem look-ahead (quantis dos 60 pregões anteriores)
2024-03-13,Random Forest,0.733534724179,-0.0548264219769,-0.247872214578,sem look-ahead (quantis dos 60 pregões anteriores)
2024-03-14,Random Forest,0.733534724179,-0.0548264219769,-0.247872214578,sem look-ahead (quantis dos 60 pregões anteriores)
2024-03-15,Random Forest,0.733534724179,-0.0548264219769,-0.247872214578,sem look-ahead (quantis dos 60 pregões anteriores)
2024-03-18,Random Forest,0.733534724179,-0.0548264219769,-0.247872214578,sem look-ahead (quantis dos 60 pregões anteriores)
2024-03-19,Random Forest,0.733534724179,-0.0548264219769,-0.247872214578,sem look-ahead (quantis dos 60 pregões anteriores)
2024-03-20,Random Forest,0.733534724179,-0.0548264219769,-0.247872214578,sem look-ahead (quantis dos 60 pregões anteriores)
2024-03-21,Random Forest,0.733534724179,-0.0548264219769,-0.247872214578,sem look-ahead (quantis dos 60 pregões anteriores)
2024-03-22,Random Forest,0.733534724179,-0.0548264219769,-0.247872214578,sem look-ahead (quantis dos 60 pregões anteriores)
2024-03-25,Random Forest,0.733534724179,-0.0548264219769,-0.247872214578,sem look-ahead (quantis dos 60 pregões anteriores)
2024-03-26,Random Forest,0.733534724179,-0.0548264219769,-0.247872214578,sem look-ahead (quantis dos 60 pregões anteriores)
2024-03-27,Random Forest,0.733167956816,-0.0548264219769,-0.247872214578,sem look-ahead (quantis dos 60 pregões anteriores)
2024-03-28,Random Forest,0.735550777079,-0.0548264219769,-0.247872214578,sem look-ahead (quantis dos 60 pregões anteriores)
2024-04-01,Random Forest,0.728775224793,-0.0548264219769,-0.247872214578,sem look-ahead (quantis dos 60 pregões anteriores)
2024-04-02,Random Forest,0.728775224793,-0.0548264219769,-0.247872214578,sem look-ahead (quantis dos 60 pregões anteriores)
2024-04-03,Random Forest,0.728775224793,-0.0548264219769,-0.247872214578,sem look-ahead (quantis dos 60 pregões anteriores)
2024-04-04,Random Forest,0.728775224793,-0.0548264219769,-0.247872214578,sem look-ahead (quantis dos 60 pregões anteriores)
2024-04-05,Random Forest,0.728775224793,-0.0548264219769,-0.247872214578,sem look-ahead (quantis dos 60 pregões anteriores)
2024-04-08,Random Forest,0.728775224793,-0.0548264219769,-0.247872214578,sem look-ahead (quantis dos 60 pregões anteriores)
2024-04-09,Random Forest,0.728775224793,-0.0548264219769,-0.247872214578,sem look-ahead (quantis dos 60 pregões anteriores)
2024-04-10,Random Forest,0.728775224793,-0.0548264219769,-0.247872214578,sem look-ahead (quantis dos 60 pregões anteriores)
2024-04-11,Random Forest,0.728775224793,-0.0548264219769,-0.247872214578,sem look-ahead (quantis dos 60 pregões anteriores)
2024-04-12,Random Forest,0.728775224793,-0.0548264219769,-0.247872214578,sem look-ahead (quantis dos 60 pregões anteriores)
2024-04-15,Random Forest,0.728775224793,-0.0548264219769,-0.247872214578,sem look-ahead (quantis dos 60 pregões anteriores)
2024-04-16,Random Forest,0.728775224793,-0.0548264219769,-0.247872214578,sem look-ahead (quantis dos 60 pregões anteriores)
2024-04-17,Random Forest,0.72841083718,-0.0548264219769,-0.247872214578,sem look-ahead (quantis dos 60 pregões anteriores)
2024-04-18,Random Forest,0.728557491962,-0.0548264219769,-0.247872214578,sem look-ahead (quantis dos 60 pregões anteriores)
2024-04-19,Random Forest,0.733637038722,-0.0548264219769,-0.247872214578,sem look-ahead (quantis dos 60 pregões anteriores)
2024-04-22,Random Forest,0.733637038722,-0.0548264219769,-0.247872214578,sem look-ahead (quantis dos 60 pregões anteriores)
2024-04-23,Random Forest,0.733637038722,-0.0548264219769,-0.247872214578,sem look-ahead (quantis dos 60 pregões anteriores)
2024-04-24,Random Forest,0.733637038722,-0.0548264219769,-0.247872214578,sem look-ahead (quantis dos 60 pregões anteriores)
2024-04-25,Random Forest,0.733637038722,-0.0548264219769,-0.247872214578,sem look-ahead (quantis dos 60 pregões anteriores)
2024-04-26,Random Forest,0.733637038722,-0.0548264219769,-0.247872214578,sem look-ahead (quantis dos 60 pregões anteriores)
2024-04-29,Random Forest,0.733637038722,-0.0548264219769,-0.247872214578,sem look-ahead (quantis dos 60 pregões anteriores)
2024-04-30,Random Forest,0.733637038722,-0.0548264219769,-0.247872214578,sem look-ahead (quantis dos 60 pregões anteriores)
2024-05-02,Random Forest,0.733637038722,-0.0548264219769,-0.247872214578,sem look-ahead (quantis dos 60 pregões anteriores)
2024-05-03,Random Forest,0.733637038722,-0.0548264219769,-0.247872214578,sem look-ahead (quantis dos 60 pregões anteriores)
2024-05-06,Random Forest,0.733637038722,-0.0548264219769,-0.247872214578,sem look-ahead (quantis dos 60 pregões anteriores)
2024-05-07,Random Forest,0.733637038722,-0.0548264219769,-0.247872214578,sem look-ahead (quantis dos 60 pregões anteriores)
2024-05-08,Random Forest,0.733637038722,-0.0548264219769,-0.247872214578,sem look-ahead (quantis dos 60 pregões anteriores)
2024-05-09,Random Forest,0.733637038722,-0.0548264219769,-0.247872214578,sem look-ahead (quantis dos 60 pregões anteriores)
2024-05-10,Random Forest,0.733637038722,-0.0548264219769,-0.247872214578,sem look-ahead (quantis dos 60 pregões anteriores)
2024-05-13,Random Forest,0.733637038722,-0.0548264219769,-0.247872214578,sem look-ahead (quantis dos 60 pregões anteriores)
2024-05-14,Random Forest,0.733637038722,-0.0548264219769,-0.247872214578,sem look-ahead (quantis dos 60 pregões anteriores)
2024-05-15,Random Forest,0.733637038722,-0.0548264219769,-0.247872214578,sem look-ahead (quantis dos 60 pregões anteriores)
2024-05-16,Random Forest,0.733637038722,-0.0548264219769,-0.247872214578,sem look-ahead (quantis dos 60 pregões anteriores)
2024-05-17,Random Forest,0.733637038722,-0.0548264219769,-0.247872214578,sem look-ahead (quantis dos 60 pregões anteriores)
2024-05-20,Random Forest,0.733637038722,-0.0548264219769,-0.247872214578,sem look-ahead (quantis dos 60 pregões anteriores)
2024-05-21,Random Forest,0.733637038722,-0.0548264219769,-0.247872214578,sem look-ahead (quantis dos 60 pregões anteriores)
2024-05-22,Random Forest,0.733637038722,-0.0548264219769,-0.247872214578,sem look-ahead (quantis dos 60 pregões anteriores)
2024-05-23,Random Forest,0.733637038722,-0.0548264219769,-0.247872214578,sem look-ahead (quantis dos 60 pregões anteriores)
2024-05-24,Random Forest,0.733637038722,-0.0548264219769,-0.247872214578,sem look-ahead (quantis dos 60 pregões anteriores)
2024-05-27,Random Forest,0.733637038722,-0.0548264219769,-0.247872214578,sem look-ahead (quantis dos 60 pregões anteriores)
2024-05-28,Random Forest,0.733637038722,-0.0548264219769,-0.247872214578,sem look-ahead (quantis dos 60 pregões anteriores)
2024-05-29,Random Forest,0.733637038722,-0.0548264219769,-0.247872214578,sem look-ahead (quantis dos 60 pregões anteriores)
2024-05-31,Random Forest,0.733637038722,-0.0548264219769,-0.247872214578,sem look-ahead (quantis dos 60 pregões anteriores)
2024-06-03,Random Forest,0.733637038722,-0.0548264219769,-0.247872214578,sem look-ahead (quantis dos 60 pregões anteriores)
2024-06-04,Random Forest,0.733637038722,-0.0548264219769,-0.247872214578,sem look-ahead (quantis dos 60 pregões anteriores)
2024-06-05,Random Forest,0.733637038722,-0.0548264219769,-0.247872214578,sem look-ahead (quantis dos 60 pregões anteriores)
2024-06-06,Random Forest,0.733637038722,-0.0548264219769,-0.247872214578,sem look-ahead (quantis dos 60 pregões anteriores)
2024-06-07,Random Forest,0.733637038722,-0.0548264219769,-0.247872214578,sem look-ahead (quantis dos 60 pregões anteriores)
2024-06-10,Random Forest,0.733637038722,-0.0548264219769,-0.247872214578,sem look-ahead (quantis dos 60 pregões anteriores)
2024-06-11,Random Forest,0.733637038722,-0.0548264219769,-0.247872214578,sem look-ahead (quantis dos 60 pregões anteriores)
2024-06-12,Random Forest,0.733637038722,-0.0548264219769,-0.247872214578,sem look-ahead (quantis dos 60 pregões anteriores)
2024-06-13,Random Forest,0.733637038722,-0.0548264219769,-0.247872214578,sem look-ahead (quantis dos 60 pregões anteriores)
2024-06-14,Random Forest,0.733637038722,-0.0548264219769,-0.247872214578,sem look-ahead (quantis dos 60 pregões anteriores)
2024-06-17,Random Forest,0.733637038722,-0.0548264219769,-0.247872214578,sem look-ahead (quantis dos 60 pregões anteriores)
2024-06-18,Random Forest,0.733637038722,-0.0548264219769,-0.247872214578,sem look-ahead (quantis dos 60 pregões anteriores)
2024-06-19,Random Forest,0.733637038722,-0.0548264219769,-0.247872214578,sem look-ahead (quantis dos 60 pregões anteriores)
2024-06-20,Random Forest,0.733637038722,-0.0548264219769,-0.247872214578,sem look-ahead (quantis dos 60 pregões anteriores)
2024-06-21,Random Forest,0.733637038722,-0.0548264219769,-0.247872214578,sem look-ahead (quantis dos 60 pregões anteriores)
2024-06-24,Random Forest,0.733637038722,-0.0548264219769,-0.247872214578,sem look-ahead (quantis dos 60 pregões anteriores)
2024-06-25,Random Forest,0.733637038722,-0.0548264219769,-0.247872214578,sem look-ahead (quantis dos 60 pregões anteriores)
2024-06-26,Random Forest,0.733637038722,-0.0548264219769,-0.247872214578,sem look-ahead (quantis dos 60 pregões anteriores)
2024-06-27,Random Forest,0.733270220203,-0.0548264219769,-0.247872214578,sem look-ahead (quantis dos 60 pregões anteriores)
2024-06-28,Random Forest,0.730904794339,-0.0548264219769,-0.247872214578,sem look-ahead (quantis dos 60 pregões anteriores)
2024-07-01,Random Forest,0.735323283028,-0.0548264219769,-0.247872214578,sem look-ahead (quantis dos 60 pregões anteriores)
2024-07-02,Random Forest,0.735323283028,-0.0548264219769,-0.247872214578,sem look-ahead (quantis dos 60 pregões anteriores)
2024-07-03,Random Forest,0.734955621387,-0.0548264219769,-0.247872214578,sem look-ahead (quantis dos 60 pregões anteriores)
2024-07-04,Random Forest,0.737524176123,-0.0548264219769,-0.247872214578,sem look-ahead (quantis dos 60 pregões anteriores)
2024-07-05,Random Forest,0.737524176123,-0.0548264219769,-0.247872214578,sem look-ahead (quantis dos 60 pregões anteriores)
2024-07-08,Random Forest,0.737524176123,-0.0548264219769,-0.247872214578,sem look-ahead (quantis dos 60 pregões anteriores)
2024-07-09,Random Forest,0.737524176123,-0.0548264219769,-0.247872214578,sem look-ahead (quantis dos 60 pregões anteriores)
2024-07-10,Random Forest,0.737524176123,-0.0548264219769,-0.247872214578,sem look-ahead (quantis dos 60 pregões anteriores)
2024-07-11,Random Forest,0.737155414035,-0.0548264219769,-0.247872214578,sem look-ahead (quantis dos 60 pregões anteriores)
2024-07-12,Random Forest,0.740251571348,-0.0548264219769,-0.247872214578,sem look-ahead (quantis dos 60 pregões anteriores)
2024-07-15,Random Forest,0.740251571348,-0.0548264219769,-0.247872214578,sem look-ahead (quantis dos 60 pregões anteriores)
2024-07-16,Random Forest,0.740251571348,-0.0548264219769,-0.247872214578,sem look-ahead (quantis dos 60 pregões anteriores)
2024-07-17,Random Forest,0.740251571348,-0.0548264219769,-0.247872214578,sem look-ahead (quantis dos 60 pregões anteriores)
2024-07-18,Random Forest,0.740251571348,-0.0548264219769,-0.247872214578,sem look-ahead (quantis dos 60 pregões anteriores)
2024-07-19,Random Forest,0.740251571348,-0.0548264219769,-0.247872214578,sem look-ahead (quantis dos 60 pregões anteriores)
2024-07-22,Random Forest,0.740251571348,-0.0548264219769,-0.247872214578,sem look-ahead (quantis dos 60 pregões anteriores)
2024-07-23,Random Forest,0.740251571348,-0.0548264219769,-0.247872214578,sem look-ahead (quantis dos 60 pregões anteriores)
2024-07-24,Random Forest,0.740251571348,-0.0548264219769,-0.247872214578,sem look-ahead (quantis dos 60 pregões anteriores)
2024-07-25,Random Forest,0.739881445562,-0.0548264219769,-0.247872214578,sem look-ahead (quantis dos 60 pregões anteriores)
2024-07-26,Random Forest,0.748915995186,-0.0548264219769,-0.247872214578,sem look-ahead (quantis dos 60 pregões anteriores)
2024-07-29,Random Forest,0.745755665083,-0.0548264219769,-0.247872214578,sem look-ahead (quantis dos 60 pregões anteriores)
2024-07-30,Random Forest,0.740968176174,-0.0548264219769,-0.247872214578,sem look-ahead (quantis dos 60 pregões anteriores)
2024-07-31,Random Forest,0.749485386221,-0.0548264219769,-0.247872214578,sem look-ahead (quantis dos 60 pregões anteriores)
2024-08-01,Random Forest,0.749110643528,-0.0548264219769,-0.247872214578,sem look-ahead (quantis dos 60 pregões anteriores)
2024-08-02,Random Forest,0.740049224307,-0.0548264219769,-0.247872214578,sem look-ahead (quantis dos 60 pregões anteriores)
2024-08-05,Random Forest,0.736245151138,-0.0548264219769,-0.247872214578,sem look-ahead (quantis dos 60 pregões anteriores)
2024-08-06,Random Forest,0.736245151138,-0.0548264219769,-0.247872214578,sem look-ahead (quantis dos 60 pregões anteriores)
2024-08-07,Random Forest,0.735877028563,-0.0548264219769,-0.247872214578,sem look-ahead (quantis dos 60 pregões anteriores)
2024-08-08,Random Forest,0.742496309205,-0.0548264219769,-0.247872214578,sem look-ahead (quantis dos 60 pregões anteriores)
2024-08-09,Random Forest,0.753772747194,-0.0548264219769,-0.247872214578,sem look-ahead (quantis dos 60 pregões anteriores)
2024-08-12,Random Forest,0.756663993578,-0.0548264219769,-0.247872214578,sem look-ahead (quantis dos 60 pregões anteriores)
2024-08-13,Random Forest,0.764062352586,-0.0548264219769,-0.247872214578,sem look-ahead (quantis dos 60 pregões anteriores)
2024-08-14,Random Forest,0.768989596205,-0.0548264219769,-0.247872214578,sem look-ahead (quantis dos 60 pregões anteriores)
2024-08-15,Random Forest,0.768989596205,-0.0548264219769,-0.247872214578,sem look-ahead (quantis dos 60 pregões anteriores)
2024-08-16,Random Forest,0.768989596205,-0.0548264219769,-0.247872214578,sem look-ahead (quantis dos 60 pregões anteriores)
2024-08-19,Random Forest,0.768989596205,-0.0548264219769,-0.247872214578,sem look-ahead (quantis dos 60 pregões anteriores)
2024-08-20,Random Forest,0.768989596205,-0.0548264219769,-0.247872214578,sem look-ahead (quantis dos 60 pregões anteriores)
2024-08-21,Random Forest,0.768989596205,-0.0548264219769,-0.247872214578,sem look-ahead (quantis dos 60 pregões anteriores)
2024-08-22,Random Forest,0.768605101407,-0.0548264219769,-0.247872214578,sem look-ahead (quantis dos 60 pregões anteriores)
2024-08-23,Random Forest,0.771078548169,-0.0548264219769,-0.247872214578,sem look-ahead (quantis dos 60 pregões anteriores)
2024-08-26,Random Forest,0.777976883152,-0.0548264219769,-0.247872214578,sem look-ahead (quantis dos 60 pregões anteriores)
2024-08-27,Random Forest,0.777976883152,-0.0548264219769,-0.247872214578,sem look-ahead (quantis dos 60 pregões anteriores)
2024-08-28,Random Forest,0.777976883152,-0.0548264219769,-0.247872214578,sem look-ahead (quantis dos 60 pregões anteriores)
2024-08-29,Random Forest,0.777976883152,-0.0548264219769,-0.247872214578,sem look-ahead (quantis dos 60 pregões anteriores)
2024-08-30,Random Forest,0.777976883152,-0.0548264219769,-0.247872214578,sem look-ahead (quantis dos 60 pregões anteriores)
2024-09-02,Random Forest,0.777976883152,-0.0548264219769,-0.247872214578,sem look-ahead (quantis dos 60 pregões anteriores)
2024-09-03,Random Forest,0.777976883152,-0.0548264219769,-0.247872214578,sem look-ahead (quantis dos 60 pregões anteriores)
2024-09-04,Random Forest,0.777976883152,-0.0548264219769,-0.247872214578,sem look-ahead (quantis dos 60 pregões anteriores)
2024-09-05,Random Forest,0.777976883152,-0.0548264219769,-0.247872214578,sem look-ahead (quantis dos 60 pregões anteriores)
2024-09-06,Random Forest,0.777976883152,-0.0548264219769,-0.247872214578,sem look-ahead (quantis dos 60 pregões anteriores)
2024-09-09,Random Forest,0.777976883152,-0.0548264219769,-0.247872214578,sem look-ahead (quantis dos 60 pregões anteriores)
2024-09-10,Random Forest,0.777976883152,-0.0548264219769,-0.247872214578,sem look-ahead (quantis dos 60 pregões anteriores)
2024-09-11,Random Forest,0.777976883152,-0.0548264219769,-0.247872214578,sem look-ahead (quantis dos 60 pregões anteriores)
2024-09-12,Random Forest,0.777976883152,-0.0548264219769,-0.247872214578,sem look-ahead (quantis dos 60 pregões anteriores)
2024-09-13,Random Forest,0.777976883152,-0.0548264219769,-0.247872214578,sem look-ahead (quantis dos 60 pregões anteriores)
2024-09-16,Random Forest,0.777976883152,-0.0548264219769,-0.247872214578,sem look-ahead (quantis dos 60 pregões anteriores)
2024-09-17,Random Forest,0.777976883152,-0.0548264219769,-0.247872214578,sem look-ahead (quantis dos 60 pregões anteriores)
2024-09-18,Random Forest,0.777976883152,-0.0548264219769,-0.247872214578,sem look-ahead (quantis dos 60 pregões anteriores)
2024-09-19,Random Forest,0.777976883152,-0.0548264219769,-0.247872214578,sem look-ahead (quantis dos 60 pregões anteriores)
2024-09-20,Random Forest,0.777976883152,-0.0548264219769,-0.247872214578,sem look-ahead (quantis dos 60 pregões anteriores)
2024-09-23,Random Forest,0.77758789471,-0.0548264219769,-0.247872214578,sem look-ahead (quantis dos 60 pregões anteriores)
2024-09-24,Random Forest,0.786656315216,-0.0548264219769,-0.247872214578,sem look-ahead (quantis dos 60 pregões anteriores)
2024-09-25,Random Forest,0.786656315216,-0.0548264219769,-0.247872214578,sem look-ahead (quantis dos 60 pregões anteriores)
2024-09-26,Random Forest,0.786656315216,-0.0548264219769,-0.247872214578,sem look-ahead (quantis dos 60 pregões anteriores)
2024-09-27,Random Forest,0.786262987059,-0.0548264219769,-0.247872214578,sem look-ahead (quantis dos 60 pregões anteriores)
2024-09-30,Random Forest,0.780455522934,-0.0548264219769,-0.247872214578,sem look-ahead (quantis dos 60 pregões anteriores)
2024-10-01,Random Forest,0.780455522934,-0.0548264219769,-0.247872214578,sem look-ahead (quantis dos 60 pregões anteriores)
2024-10-02,Random Forest,0.780455522934,-0.0548264219769,-0.247872214578,sem look-ahead (quantis dos 60 pregões anteriores)
2024-10-03,Random Forest,0.780455522934,-0.0548264219769,-0.247872214578,sem look-ahead (quantis dos 60 pregões anteriores)
2024-10-04,Random Forest,0.780455522934,-0.0548264219769,-0.247872214578,sem look-ahead (quantis dos 60 pregões anteriores)
2024-10-07,Random Forest,0.780455522934,-0.0548264219769,-0.247872214578,sem look-ahead (quantis dos 60 pregões anteriores)
2024-10-08,Random Forest,0.780455522934,-0.0548264219769,-0.247872214578,sem look-ahead (quantis dos 60 pregões anteriores)
2024-10-09,Random Forest,0.780455522934,-0.0548264219769,-0.247872214578,sem look-ahead (quantis dos 60 pregões anteriores)
2024-10-10,Random Forest,0.780455522934,-0.0548264219769,-0.247872214578,sem look-ahead (quantis dos 60 pregões anteriores)
2024-10-11,Random Forest,0.780065295172,-0.0548264219769,-0.247872214578,sem look-ahead (quantis dos 60 pregões anteriores)
2024-10-14,Random Forest,0.78575414541,-0.0548264219769,-0.247872214578,sem look-ahead (quantis dos 60 pregões anteriores)
2024-10-15,Random Forest,0.78575414541,-0.0548264219769,-0.247872214578,sem look-ahead (quantis dos 60 pregões anteriores)
2024-10-16,Random Forest,0.78575414541,-0.0548264219769,-0.247872214578,sem look-ahead (quantis dos 60 pregões anteriores)
2024-10-17,Random Forest,0.785361268337,-0.0548264219769,-0.247872214578,sem look-ahead (quantis dos 60 pregões anteriores)
2024-10-18,Random Forest,0.783595912295,-0.0548264219769,-0.247872214578,sem look-ahead (quantis dos 60 pregões anteriores)
2024-10-21,Random Forest,0.782773280397,-0.0548264219769,-0.247872214578,sem look-ahead (quantis dos 60 pregões anteriores)
2024-10-22,Random Forest,0.778532937215,-0.0548264219769,-0.247872214578,sem look-ahead (quantis dos 60 pregões anteriores)
2024-10-23,Random Forest,0.778532937215,-0.0548264219769,-0.247872214578,sem look-ahead (quantis dos 60 pregões anteriores)
2024-10-24,Random Forest,0.778532937215,-0.0548264219769,-0.247872214578,sem look-ahead (quantis dos 60 pregões anteriores)
2024-10-25,Random Forest,0.778532937215,-0.0548264219769,-0.247872214578,sem look-ahead (quantis dos 60 pregões anteriores)
2024-10-28,Random Forest,0.778532937215,-0.0548264219769,-0.247872214578,sem look-ahead (quantis dos 60 pregões anteriores)
2024-10-29,Random Forest,0.778532937215,-0.0548264219769,-0.247872214578,sem look-ahead (quantis dos 60 pregões anteriores)
2024-10-30,Random Forest,0.778532937215,-0.0548264219769,-0.247872214578,sem look-ahead (quantis dos 60 pregões anteriores)
2024-10-31,Random Forest,0.778532937215,-0.0548264219769,-0.247872214578,sem look-ahead (quantis dos 60 pregões anteriores)
2024-11-01,Random Forest,0.778532937215,-0.0548264219769,-0.247872214578,sem look-ahead (quantis dos 60 pregões anteriores)
2024-11-04,Random Forest,0.778532937215,-0.0548264219769,-0.247872214578,sem look-ahead (quantis dos 60 pregões anteriores)
2024-11-05,Random Forest,0.778532937215,-0.0548264219769,-0.247872214578,sem look-ahead (quantis dos 60 pregões anteriores)
2024-11-06,Random Forest,0.778532937215,-0.0548264219769,-0.247872214578,sem look-ahead (quantis dos 60 pregões anteriores)
2024-11-07,Random Forest,0.778532937215,-0.0548264219769,-0.247872214578,sem look-ahead (quantis dos 60 pregões anteriores)
2024-11-08,Random Forest,0.778532937215,-0.0548264219769,-0.247872214578,sem look-ahead (quantis dos 60 pregões anteriores)
2024-11-11,Random Forest,0.778532937215,-0.0548264219769,-0.247872214578,sem look-ahead (quantis dos 60 pregões anteriores)
2024-11-12,Random Forest,0.778532937215,-0.0548264219769,-0.247872214578,sem look-ahead (quantis dos 60 pregões anteriores)
2024-11-13,Random Forest,0.778532937215,-0.0548264219769,-0.247872214578,sem look-ahead (quantis dos 60 pregões anteriores)
2024-11-14,Random Forest,0.778532937215,-0.0548264219769,-0.247872214578,sem look-ahead (quantis dos 60 pregões anteriores)
2024-11-18,Random Forest,0.778532937215,-0.0548264219769,-0.247872214578,sem look-ahead (quantis dos 60 pregões anteriores)
2024-11-19,Random Forest,0.778532937215,-0.0548264219769,-0.247872214578,sem look-ahead (quantis dos 60 pregões anteriores)
2024-11-21,Random Forest,0.778532937215,-0.0548264219769,-0.247872214578,sem look-ahead (quantis dos 60 pregões anteriores)
2024-11-22,Random Forest,0.778532937215,-0.0548264219769,-0.247872214578,sem look-ahead (quantis dos 60 pregões anteriores)
2024-11-25,Random Forest,0.778532937215,-0.0548264219769,-0.247872214578,sem look-ahead (quantis dos 60 pregões anteriores)
2024-11-26,Random Forest,0.778532937215,-0.0548264219769,-0.247872214578,sem look-ahead (quantis dos 60 pregões anteriores)
2024-11-27,Random Forest,0.778532937215,-0.0548264219769,-0.247872214578,sem look-ahead (quantis dos 60 pregões anteriores)
2024-11-28,Random Forest,0.778143670746,-0.0548264219769,-0.247872214578,sem look-ahead (quantis dos 60 pregões anteriores)
2024-11-29,Random Forest,0.784361420223,-0.0548264219769,-0.247872214578,sem look-ahead (quantis dos 60 pregões anteriores)
2024-12-02,Random Forest,0.784361420223,-0.0548264219769,-0.247872214578,sem look-ahead (quantis dos 60 pregões anteriores)
2024-12-03,Random Forest,0.784361420223,-0.0548264219769,-0.247872214578,sem look-ahead (quantis dos 60 pregões anteriores)
2024-12-04,Random Forest,0.784361420223,-0.0548264219769,-0.247872214578,sem look-ahead (quantis dos 60 pregões anteriores)
2024-12-05,Random Forest,0.784361420223,-0.0548264219769,-0.247872214578,sem look-ahead (quantis dos 60 pregões anteriores)
2024-12-06,Random Forest,0.784361420223,-0.0548264219769,-0.247872214578,sem look-ahead (quantis dos 60 pregões anteriores)
2024-12-09,Random Forest,0.784361420223,-0.0548264219769,-0.247872214578,sem look-ahead (quantis dos 60 pregões anteriores)
2024-12-10,Random Forest,0.784361420223,-0.0548264219769,-0.247872214578,sem look-ahead (quantis dos 60 pregões anteriores)
2024-12-11,Random Forest,0.783969239512,-0.0548264219769,-0.247872214578,sem look-ahead (quantis dos 60 pregões anteriores)
2024-12-12,Random Forest,0.76248756404,-0.0548264219769,-0.247872214578,sem look-ahead (quantis dos 60 pregões anteriores)
2024-12-13,Random Forest,0.753836818919,-0.0548264219769,-0.247872214578,sem look-ahead (quantis dos 60 pregões anteriores)
2024-12-16,Random Forest,0.747095855847,-0.0548264219769,-0.247872214578,sem look-ahead (quantis dos 60 pregões anteriores)
2024-12-17,Random Forest,0.747095855847,-0.0548264219769,-0.247872214578,sem look-ahead (quantis dos 60 pregões anteriores)
2024-12-18,Random Forest,0.747095855847,-0.0548264219769,-0.247872214578,sem look-ahead (quantis dos 60 pregões anteriores)
2024-12-19,Random Forest,0.746722307919,-0.0548264219769,-0.247872214578,sem look-ahead (quantis dos 60 pregões anteriores)
2024-12-20,Random Forest,0.752354088206,-0.0548264219769,-0.247872214578,sem look-ahead (quantis dos 60 pregões anteriores)
2024-12-23,Random Forest,0.744128238443,-0.0548264219769,-0.247872214578,sem look-ahead (quantis dos 60 pregões anteriores)
2024-12-26,Random Forest,0.746044522545,-0.0548264219769,-0.247872214578,sem look-ahead (quantis dos 60 pregões anteriores)
2024-12-27,Random Forest,0.741059719205,-0.0548264219769,-0.247872214578,sem look-ahead (quantis dos 60 pregões anteriores)
2024-12-30,Random Forest,0.740775452939,-0.0548264219769,-0.247872214578,sem look-ahead (quantis dos 60 pregões anteriores)
2025-01-02,Random Forest,0.740775452939,-0.0548264219769,-0.247872214578,sem look-ahead (quantis dos 60 pregões anteriores)
2019-08-05,Ibovespa buy-and-hold,1,0.0324798931878,0.25456565012,sem look-ahead (quantis dos 60 pregões anteriores)
2019-08-06,Ibovespa buy-and-hold,1.02063977302,0.0324798931878,0.25456565012,sem look-ahead (quantis dos 60 pregões anteriores)
2019-08-07,Ibovespa buy-and-hold,1.02681372255,0.0324798931878,0.25456565012,sem look-ahead (quantis dos 60 pregões anteriores)
2019-08-08,Ibovespa buy-and-hold,1.04013067194,0.0324798931878,0.25456565012,sem look-ahead (quantis dos 60 pregões anteriores)
2019-08-09,Ibovespa buy-and-hold,1.038941837,0.0324798931878,0.25456565012,sem look-ahead (quantis dos 60 pregões anteriores)
2019-08-12,Ibovespa buy-and-hold,1.01815221083,0.0324798931878,0.25456565012,sem look-ahead (quantis dos 60 pregões anteriores)
2019-08-13,Ibovespa buy-and-hold,1.03197866091,0.0324798931878,0.25456565012,sem look-ahead (quantis dos 60 pregões anteriores)
2019-08-14,Ibovespa buy-and-hold,1.00159843354,0.0324798931878,0.25456565012,sem look-ahead (quantis dos 60 pregões anteriores)
2019-08-15,Ibovespa buy-and-hold,0.989600191812,0.0324798931878,0.25456565012,sem look-ahead (quantis dos 60 pregões anteriores)
2019-08-16,Ibovespa buy-and-hold,0.997082858798,0.0324798931878,0.25456565012,sem look-ahead (quantis dos 60 pregões anteriores)
2019-08-19,Ibovespa buy-and-hold,0.993716158165,0.0324798931878,0.25456565012,sem look-ahead (quantis dos 60 pregões anteriores)
2019-08-20,Ibovespa buy-and-hold,0.991248576395,0.0324798931878,0.25456565012,sem look-ahead (quantis dos 60 pregões anteriores)
2019-08-21,Ibovespa buy-and-hold,1.01102919139,0.0324798931878,0.25456565012,sem look-ahead (quantis dos 60 pregões anteriores)
2019-08-22,Ibovespa buy-and-hold,0.999130851765,0.0324798931878,0.25456565012,sem look-ahead (quantis dos 60 pregões anteriores)
2019-08-23,Ibovespa buy-and-hold,0.975713800476,0.0324798931878,0.25456565012,sem look-ahead (quantis dos 60 pregões anteriores)
2019-08-26,Ibovespa buy-and-hold,0.963355911207,0.0324798931878,0.25456565012,sem look-ahead (quantis dos 60 pregões anteriores)
2019-08-27,Ibovespa buy-and-hold,0.971807628524,0.0324798931878,0.25456565012,sem look-ahead (quantis dos 60 pregões anteriores)
2019-08-28,Ibovespa buy-and-hold,0.980978640932,0.0324798931878,0.25456565012,sem look-ahead (quantis dos 60 pregões anteriores)
2019-08-29,Ibovespa buy-and-hold,1.00425582929,0.0324798931878,0.25456565012,sem look-ahead (quantis dos 60 pregões anteriores)
2019-08-30,Ibovespa buy-and-hold,1.01035984735,0.0324798931878,0.25456565012,sem look-ahead (quantis dos 60 pregões anteriores)
2019-09-02,Ibovespa buy-and-hold,1.00527483067,0.0324798931878,0.25456565012,sem look-ahead (quantis dos 60 pregões anteriores)
2019-09-03,Ibovespa buy-and-hold,0.995834082599,0.0324798931878,0.25456565012,sem look-ahead (quantis dos 60 pregões anteriores)
2019-09-04,Ibovespa buy-and-hold,1.01101920118,0.0324798931878,0.25456565012,sem look-ahead (quantis dos 60 pregões anteriores)
2019-09-05,Ibovespa buy-and-hold,1.02142899958,0.0324798931878,0.25456565012,sem look-ahead (quantis dos 60 pregões anteriores)
2019-09-06,Ibovespa buy-and-hold,1.02834222462,0.0324798931878,0.25456565012,sem look-ahead (quantis dos 60 pregões anteriores)
2019-09-09,Ibovespa buy-and-hold,1.03079981618,0.0324798931878,0.25456565012,sem look-ahead (quantis dos 60 pregões anteriores)
2019-09-10,Ibovespa buy-and-hold,1.02931127495,0.0324798931878,0.25456565012,sem look-ahead (quantis dos 60 pregões anteriores)
2019-09-11,Ibovespa buy-and-hold,1.03344722172,0.0324798931878,0.25456565012,sem look-ahead (quantis dos 60 pregões anteriores)
2019-09-12,Ibovespa buy-and-hold,1.0426881656,0.0324798931878,0.25456565012,sem look-ahead (quantis dos 60 pregões anteriores)
2019-09-13,Ibovespa buy-and-hold,1.03399668325,0.0324798931878,0.25456565012,sem look-ahead (quantis dos 60 pregões anteriores)
2019-09-16,Ibovespa buy-and-hold,1.03578493077,0.0324798931878,0.25456565012,sem look-ahead (quantis dos 60 pregões anteriores)
2019-09-17,Ibovespa buy-and-hold,1.04514575716,0.0324798931878,0.25456565012,sem look-ahead (quantis dos 60 pregões anteriores)
2019-09-18,Ibovespa buy-and-hold,1.04429658934,0.0324798931878,0.25456565012,sem look-ahead (quantis dos 60 pregões anteriores)
2019-09-19,Ibovespa buy-and-hold,1.04236847889,0.0324798931878,0.25456565012,sem look-ahead (quantis dos 60 pregões anteriores)
2019-09-20,Ibovespa buy-and-hold,1.04714379908,0.0324798931878,0.25456565012,sem look-ahead (quantis dos 60 pregões anteriores)
2019-09-23,Ibovespa buy-and-hold,1.04535555156,0.0324798931878,0.25456565012,sem look-ahead (quantis dos 60 pregões anteriores)
2019-09-24,Ibovespa buy-and-hold,1.03774301185,0.0324798931878,0.25456565012,sem look-ahead (quantis dos 60 pregões anteriores)
2019-09-25,Ibovespa buy-and-hold,1.04378708865,0.0324798931878,0.25456565012,sem look-ahead (quantis dos 60 pregões anteriores)
2019-09-26,Ibovespa buy-and-hold,1.05215888429,0.0324798931878,0.25456565012,sem look-ahead (quantis dos 60 pregões anteriores)
2019-09-27,Ibovespa buy-and-hold,1.04975124378,0.0324798931878,0.25456565012,sem look-ahead (quantis dos 60 pregões anteriores)
2019-09-30,Ibovespa buy-and-hold,1.04642450399,0.0324798931878,0.25456565012,sem look-ahead (quantis dos 60 pregões anteriores)
2019-10-01,Ibovespa buy-and-hold,1.03951127895,0.0324798931878,0.25456565012,sem look-ahead (quantis dos 60 pregões anteriores)
2019-10-02,Ibovespa buy-and-hold,1.00932086555,0.0324798931878,0.25456565012,sem look-ahead (quantis dos 60 pregões anteriores)
2019-10-03,Ibovespa buy-and-hold,1.01416611721,0.0324798931878,0.25456565012,sem look-ahead (quantis dos 60 pregões anteriores)
2019-10-04,Ibovespa buy-and-hold,1.02450598414,0.0324798931878,0.25456565012,sem look-ahead (quantis dos 60 pregões anteriores)
2019-10-07,Ibovespa buy-and-hold,1.00474534956,0.0324798931878,0.25456565012,sem look-ahead (quantis dos 60 pregões anteriores)
2019-10-08,Ibovespa buy-and-hold,0.998831145477,0.0324798931878,0.25456565012,sem look-ahead (quantis dos 60 pregões anteriores)
2019-10-09,Ibovespa buy-and-hold,1.01149873124,0.0324798931878,0.25456565012,sem look-ahead (quantis dos 60 pregões anteriores)
2019-10-10,Ibovespa buy-and-hold,1.01717317029,0.0324798931878,0.25456565012,sem look-ahead (quantis dos 60 pregões anteriores)
2019-10-11,Ibovespa buy-and-hold,1.03730344263,0.0324798931878,0.25456565012,sem look-ahead (quantis dos 60 pregões anteriores)
2019-10-14,Ibovespa buy-and-hold,1.04199884114,0.0324798931878,0.25456565012,sem look-ahead (quantis dos 60 pregões anteriores)
2019-10-15,Ibovespa buy-and-hold,1.04387700054,0.0324798931878,0.25456565012,sem look-ahead (quantis dos 60 pregões anteriores)
2019-10-16,Ibovespa buy-and-hold,1.05319786609,0.0324798931878,0.25456565012,sem look-ahead (quantis dos 60 pregões anteriores)
2019-10-17,Ibovespa buy-and-hold,1.04913185079,0.0324798931878,0.25456565012,sem look-ahead (quantis dos 60 pregões anteriores)
2019-10-18,Ibovespa buy-and-hold,1.04626466063,0.0324798931878,0.25456565012,sem look-ahead (quantis dos 60 pregões anteriores)
2019-10-21,Ibovespa buy-and-hold,1.05918200164,0.0324798931878,0.25456565012,sem look-ahead (quantis dos 60 pregões anteriores)
2019-10-22,Ibovespa buy-and-hold,1.07275869648,0.0324798931878,0.25456565012,sem look-ahead (quantis dos 60 pregões anteriores)
2019-10-23,Ibovespa buy-and-hold,1.07438710064,0.0324798931878,0.25456565012,sem look-ahead (quantis dos 60 pregões anteriores)
2019-10-24,Ibovespa buy-and-hold,1.06881256369,0.0324798931878,0.25456565012,sem look-ahead (quantis dos 60 pregões anteriores)
2019-10-25,Ibovespa buy-and-hold,1.07258886291,0.0324798931878,0.25456565012,sem look-ahead (quantis dos 60 pregões anteriores)
2019-10-28,Ibovespa buy-and-hold,1.08081080541,0.0324798931878,0.25456565012,sem look-ahead (quantis dos 60 pregões anteriores)
2019-10-29,Ibovespa buy-and-hold,1.07450698316,0.0324798931878,0.25456565012,sem look-ahead (quantis dos 60 pregões anteriores)
2019-10-30,Ibovespa buy-and-hold,1.08301864173,0.0324798931878,0.25456565012,sem look-ahead (quantis dos 60 pregões anteriores)
2019-10-31,Ibovespa buy-and-hold,1.07115027273,0.0324798931878,0.25456565012,sem look-ahead (quantis dos 60 pregões anteriores)
2019-11-01,Ibovespa buy-and-hold,1.0809007173,0.0324798931878,0.25456565012,sem look-ahead (quantis dos 60 pregões anteriores)
2019-11-04,Ibovespa buy-and-hold,1.08494675218,0.0324798931878,0.25456565012,sem look-ahead (quantis dos 60 pregões anteriores)
2019-11-05,Ibovespa buy-and-hold,1.08344822074,0.0324798931878,0.25456565012,sem look-ahead (quantis dos 60 pregões anteriores)
2019-11-06,Ibovespa buy-and-hold,1.08229934664,0.0324798931878,0.25456565012,sem look-ahead (quantis dos 60 pregões anteriores)
2019-11-07,Ibovespa buy-and-hold,1.09473715759,0.0324798931878,0.25456565012,sem look-ahead (quantis dos 60 pregões anteriores)
2019-11-08,Ibovespa buy-and-hold,1.07523626846,0.0324798931878,0.25456565012,sem look-ahead (quantis dos 60 pregões anteriores)
2019-11-11,Ibovespa buy-and-hold,1.08109053128,0.0324798931878,0.25456565012,sem look-ahead (quantis dos 60 pregões anteriores)
2019-11-12,Ibovespa buy-and-hold,1.06680453156,0.0324798931878,0.25456565012,sem look-ahead (quantis dos 60 pregões anteriores)
2019-11-13,Ibovespa buy-and-hold,1.058103059,0.0324798931878,0.25456565012,sem look-ahead (quantis dos 60 pregões anteriores)
2019-11-14,Ibovespa buy-and-hold,1.06452676377,0.0324798931878,0.25456565012,sem look-ahead (quantis dos 60 pregões anteriores)
2019-11-18,Ibovespa buy-and-hold,1.06242881976,0.0324798931878,0.25456565012,sem look-ahead (quantis dos 60 pregões anteriores)
2019-11-19,Ibovespa buy-and-hold,1.05514595696,0.0324798931878,0.25456565012,sem look-ahead (quantis dos 60 pregões anteriores)
2019-11-21,Ibovespa buy-and-hold,1.07391756079,0.0324798931878,0.25456565012,sem look-ahead (quantis dos 60 pregões anteriores)
2019-11-22,Ibovespa buy-and-hold,1.08585586126,0.0324798931878,0.25456565012,sem look-ahead (quantis dos 60 pregões anteriores)
2019-11-25,Ibovespa buy-and-hold,1.08317848508,0.0324798931878,0.25456565012,sem look-ahead (quantis dos 60 pregões anteriores)
2019-11-26,Ibovespa buy-and-hold,1.06954184899,0.0324798931878,0.25456565012,sem look-ahead (quantis dos 60 pregões anteriores)
2019-11-27,Ibovespa buy-and-hold,1.07602549501,0.0324798931878,0.25456565012,sem look-ahead (quantis dos 60 pregões anteriores)
2019-11-28,Ibovespa buy-and-hold,1.081839797,0.0324798931878,0.25456565012,sem look-ahead (quantis dos 60 pregões anteriores)
2019-11-29,Ibovespa buy-and-hold,1.08127035505,0.0324798931878,0.25456565012,sem look-ahead (quantis dos 60 pregões anteriores)
2019-12-02,Ibovespa buy-and-hold,1.0895422486,0.0324798931878,0.25456565012,sem look-ahead (quantis dos 60 pregões anteriores)
2019-12-03,Ibovespa buy-and-hold,1.08849327659,0.0324798931878,0.25456565012,sem look-ahead (quantis dos 60 pregões anteriores)
2019-12-04,Ibovespa buy-and-hold,1.10193010849,0.0324798931878,0.25456565012,sem look-ahead (quantis dos 60 pregões anteriores)
2019-12-05,Ibovespa buy-and-hold,1.10513696577,0.0324798931878,0.25456565012,sem look-ahead (quantis dos 60 pregões anteriores)
2019-12-06,Ibovespa buy-and-hold,1.11017203141,0.0324798931878,0.25456565012,sem look-ahead (quantis dos 60 pregões anteriores)
2019-12-09,Ibovespa buy-and-hold,1.10868349018,0.0324798931878,0.25456565012,sem look-ahead (quantis dos 60 pregões anteriores)
2019-12-10,Ibovespa buy-and-hold,1.10563647625,0.0324798931878,0.25456565012,sem look-ahead (quantis dos 60 pregões anteriores)
2019-12-11,Ibovespa buy-and-hold,1.10855361745,0.0324798931878,0.25456565012,sem look-ahead (quantis dos 60 pregões anteriores)
2019-12-12,Ibovespa buy-and-hold,1.12090151651,0.0324798931878,0.25456565012,sem look-ahead (quantis dos 60 pregões anteriores)
2019-12-13,Ibovespa buy-and-hold,1.12454794302,0.0324798931878,0.25456565012,sem look-ahead (quantis dos 60 pregões anteriores)
2019-12-16,Ibovespa buy-and-hold,1.1178644928,0.0324798931878,0.25456565012,sem look-ahead (quantis dos 60 pregões anteriores)
2019-12-17,Ibovespa buy-and-hold,1.12505744371,0.0324798931878,0.25456565012,sem look-ahead (quantis dos 60 pregões anteriores)
2019-12-18,Ibovespa buy-and-hold,1.14203080981,0.0324798931878,0.25456565012,sem look-ahead (quantis dos 60 pregões anteriores)
2019-12-19,Ibovespa buy-and-hold,1.15018282084,0.0324798931878,0.25456565012,sem look-ahead (quantis dos 60 pregões anteriores)
2019-12-20,Ibovespa buy-and-hold,1.15008291874,0.0324798931878,0.25456565012,sem look-ahead (quantis dos 60 pregões anteriores)
2019-12-23,Ibovespa buy-and-hold,1.15749565426,0.0324798931878,0.25456565012,sem look-ahead (quantis dos 60 pregões anteriores)
2019-12-26,Ibovespa buy-and-hold,1.17088253512,0.0324798931878,0.25456565012,sem look-ahead (quantis dos 60 pregões anteriores)
2019-12-27,Ibovespa buy-and-hold,1.1641990849,0.0324798931878,0.25456565012,sem look-ahead (quantis dos 60 pregões anteriores)
2019-12-30,Ibovespa buy-and-hold,1.15850466543,0.0324798931878,0.25456565012,sem look-ahead (quantis dos 60 pregões anteriores)
2020-01-02,Ibovespa buy-and-hold,1.18456912226,0.0324798931878,0.25456565012,sem look-ahead (quantis dos 60 pregões anteriores)
2020-01-03,Ibovespa buy-and-hold,1.17591760075,0.0324798931878,0.25456565012,sem look-ahead (quantis dos 60 pregões anteriores)
2020-01-06,Ibovespa buy-and-hold,1.167635717,0.0324798931878,0.25456565012,sem look-ahead (quantis dos 60 pregões anteriores)
2020-01-07,Ibovespa buy-and-hold,1.16547783172,0.0324798931878,0.25456565012,sem look-ahead (quantis dos 60 pregões anteriores)
2020-01-08,Ibovespa buy-and-hold,1.16133189474,0.0324798931878,0.25456565012,sem look-ahead (quantis dos 60 pregões anteriores)
2020-01-09,Ibovespa buy-and-hold,1.15833483186,0.0324798931878,0.25456565012,sem look-ahead (quantis dos 60 pregões anteriores)
2020-01-10,Ibovespa buy-and-hold,1.1538991788,0.0324798931878,0.25456565012,sem look-ahead (quantis dos 60 pregões anteriores)
2020-01-13,Ibovespa buy-and-hold,1.17210134069,0.0324798931878,0.25456565012,sem look-ahead (quantis dos 60 pregões anteriores)
2020-01-14,Ibovespa buy-and-hold,1.17516833503,0.0324798931878,0.25456565012,sem look-ahead (quantis dos 60 pregões anteriores)
2020-01-15,Ibovespa buy-and-hold,1.16300025975,0.0324798931878,0.25456565012,sem look-ahead (quantis dos 60 pregões anteriores)
2020-01-16,Ibovespa buy-and-hold,1.16589742053,0.0324798931878,0.25456565012,sem look-ahead (quantis dos 60 pregões anteriores)
2020-01-17,Ibovespa buy-and-hold,1.18362005235,0.0324798931878,0.25456565012,sem look-ahead (quantis dos 60 pregões anteriores)
2020-01-20,Ibovespa buy-and-hold,1.18745629283,0.0324798931878,0.25456565012,sem look-ahead (quantis dos 60 pregões anteriores)
2020-01-21,Ibovespa buy-and-hold,1.16911426802,0.0324798931878,0.25456565012,sem look-ahead (quantis dos 60 pregões anteriores)
2020-01-22,Ibovespa buy-and-hold,1.18275090411,0.0324798931878,0.25456565012,sem look-ahead (quantis dos 60 pregões anteriores)
2020-01-23,Ibovespa buy-and-hold,1.19410977242,0.0324798931878,0.25456565012,sem look-ahead (quantis dos 60 pregões anteriores)
2020-01-24,Ibovespa buy-and-hold,1.18260105097,0.0324798931878,0.25456565012,sem look-ahead (quantis dos 60 pregões anteriores)
2020-01-27,Ibovespa buy-and-hold,1.14369917481,0.0324798931878,0.25456565012,sem look-ahead (quantis dos 60 pregões anteriores)
2020-01-28,Ibovespa buy-and-hold,1.16364962337,0.0324798931878,0.25456565012,sem look-ahead (quantis dos 60 pregões anteriores)
2020-01-29,Ibovespa buy-and-hold,1.15272033407,0.0324798931878,0.25456565012,sem look-ahead (quantis dos 60 pregões anteriores)
2020-01-30,Ibovespa buy-and-hold,1.15414893404,0.0324798931878,0.25456565012,sem look-ahead (quantis dos 60 pregões anteriores)
2020-01-31,Ibovespa buy-and-hold,1.13649623369,0.0324798931878,0.25456565012,sem look-ahead (quantis dos 60 pregões anteriores)
2020-02-03,Ibovespa buy-and-hold,1.14516773562,0.0324798931878,0.25456565012,sem look-ahead (quantis dos 60 pregões anteriores)
2020-02-04,Ibovespa buy-and-hold,1.15443865012,0.0324798931878,0.25456565012,sem look-ahead (quantis dos 60 pregões anteriores)
2020-02-05,Ibovespa buy-and-hold,1.15914403884,0.0324798931878,0.25456565012,sem look-ahead (quantis dos 60 pregões anteriores)
2020-02-06,Ibovespa buy-and-hold,1.1507722432,0.0324798931878,0.25456565012,sem look-ahead (quantis dos 60 pregões anteriores)
2020-02-07,Ibovespa buy-and-hold,1.13658614558,0.0324798931878,0.25456565012,sem look-ahead (quantis dos 60 pregões anteriores)
2020-02-10,Ibovespa buy-and-hold,1.12459789406,0.0324798931878,0.25456565012,sem look-ahead (quantis dos 60 pregões anteriores)
2020-02-11,Ibovespa buy-and-hold,1.15258047114,0.0324798931878,0.25456565012,sem look-ahead (quantis dos 60 pregões anteriores)
2020-02-12,Ibovespa buy-and-hold,1.16559771424,0.0324798931878,0.25456565012,sem look-ahead (quantis dos 60 pregões anteriores)
2020-02-13,Ibovespa buy-and-hold,1.15548762213,0.0324798931878,0.25456565012,sem look-ahead (quantis dos 60 pregões anteriores)
2020-02-14,Ibovespa buy-and-hold,1.14269016364,0.0324798931878,0.25456565012,sem look-ahead (quantis dos 60 pregões anteriores)
2020-02-17,Ibovespa buy-and-hold,1.15196107814,0.0324798931878,0.25456565012,sem look-ahead (quantis dos 60 pregões anteriores)
2020-02-18,Ibovespa buy-and-hold,1.14864432856,0.0324798931878,0.25456565012,sem look-ahead (quantis dos 60 pregões anteriores)
2020-02-19,Ibovespa buy-and-hold,1.16403924154,0.0324798931878,0.25456565012,sem look-ahead (quantis dos 60 pregões anteriores)
2020-02-20,Ibovespa buy-and-hold,1.14473815661,0.0324798931878,0.25456565012,sem look-ahead (quantis dos 60 pregões anteriores)
2020-02-21,Ibovespa buy-and-hold,1.13569701692,0.0324798931878,0.25456565012,sem look-ahead (quantis dos 60 pregões anteriores)
2020-02-26,Ibovespa buy-and-hold,1.05614497792,0.0324798931878,0.25456565012,sem look-ahead (quantis dos 60 pregões anteriores)
2020-02-27,Ibovespa buy-and-hold,1.02883174489,0.0324798931878,0.25456565012,sem look-ahead (quantis dos 60 pregões anteriores)
2020-02-28,Ibovespa buy-and-hold,1.04070011389,0.0324798931878,0.25456565012,sem look-ahead (quantis dos 60 pregões anteriores)
2020-03-02,Ibovespa buy-and-hold,1.06520609802,0.0324798931878,0.25456565012,sem look-ahead (quantis dos 60 pregões anteriores)
2020-03-03,Ibovespa buy-and-hold,1.05433674999,0.0324798931878,0.25456565012,sem look-ahead (quantis dos 60 pregões anteriores)
2020-03-04,Ibovespa buy-and-hold,1.07119023357,0.0324798931878,0.25456565012,sem look-ahead (quantis dos 60 pregões anteriores)
2020-03-05,Ibovespa buy-and-hold,1.02132909748,0.0324798931878,0.25456565012,sem look-ahead (quantis dos 60 pregões anteriores)
2020-03-06,Ibovespa buy-and-hold,0.979010569642,0.0324798931878,0.25456565012,sem look-ahead (quantis dos 60 pregões anteriores)
2020-03-09,Ibovespa buy-and-hold,0.859827369178,0.0324798931878,0.25456565012,sem look-ahead (quantis dos 60 pregões anteriores)
2020-03-10,Ibovespa buy-and-hold,0.921237187556,0.0324798931878,0.25456565012,sem look-ahead (quantis dos 60 pregões anteriores)
2020-03-11,Ibovespa buy-and-hold,0.850876141381,0.0324798931878,0.25456565012,sem look-ahead (quantis dos 60 pregões anteriores)
2020-03-12,Ibovespa buy-and-hold,0.725119383005,0.0324798931878,0.25456565012,sem look-ahead (quantis dos 60 pregões anteriores)
2020-03-13,Ibovespa buy-and-hold,0.825970548862,0.0324798931878,0.25456565012,sem look-ahead (quantis dos 60 pregões anteriores)
2020-03-16,Ibovespa buy-and-hold,0.710983236428,0.0324798931878,0.25456565012,sem look-ahead (quantis dos 60 pregões anteriores)
2020-03-17,Ibovespa buy-and-hold,0.74543946932,0.0324798931878,0.25456565012,sem look-ahead (quantis dos 60 pregões anteriores)
2020-03-18,Ibovespa buy-and-hold,0.668295070831,0.0324798931878,0.25456565012,sem look-ahead (quantis dos 60 pregões anteriores)
2020-03-19,Ibovespa buy-and-hold,0.682651002018,0.0324798931878,0.25456565012,sem look-ahead (quantis dos 60 pregões anteriores)
2020-03-20,Ibovespa buy-and-hold,0.6700333673,0.0324798931878,0.25456565012,sem look-ahead (quantis dos 60 pregões anteriores)
2020-03-23,Ibovespa buy-and-hold,0.635077623929,0.0324798931878,0.25456565012,sem look-ahead (quantis dos 60 pregões anteriores)
2020-03-24,Ibovespa buy-and-hold,0.696607324822,0.0324798931878,0.25456565012,sem look-ahead (quantis dos 60 pregões anteriores)
2020-03-25,Ibovespa buy-and-hold,0.748826150373,0.0324798931878,0.25456565012,sem look-ahead (quantis dos 60 pregões anteriores)
2020-03-26,Ibovespa buy-and-hold,0.776339187596,0.0324798931878,0.25456565012,sem look-ahead (quantis dos 60 pregões anteriores)
2020-03-27,Ibovespa buy-and-hold,0.733571100322,0.0324798931878,0.25456565012,sem look-ahead (quantis dos 60 pregões anteriores)
2020-03-30,Ibovespa buy-and-hold,0.745669244141,0.0324798931878,0.25456565012,sem look-ahead (quantis dos 60 pregões anteriores)
2020-03-31,Ibovespa buy-and-hold,0.729485104597,0.0324798931878,0.25456565012,sem look-ahead (quantis dos 60 pregões anteriores)
2020-04-01,Ibovespa buy-and-hold,0.7089752043,0.0324798931878,0.25456565012,sem look-ahead (quantis dos 60 pregões anteriores)
2020-04-02,Ibovespa buy-and-hold,0.721822613838,0.0324798931878,0.25456565012,sem look-ahead (quantis dos 60 pregões anteriores)
2020-04-03,Ibovespa buy-and-hold,0.694699194789,0.0324798931878,0.25456565012,sem look-ahead (quantis dos 60 pregões anteriores)
2020-04-06,Ibovespa buy-and-hold,0.740004795301,0.0324798931878,0.25456565012,sem look-ahead (quantis dos 60 pregões anteriores)
2020-04-07,Ibovespa buy-and-hold,0.762832424224,0.0324798931878,0.25456565012,sem look-ahead (quantis dos 60 pregões anteriores)
2020-04-08,Ibovespa buy-and-hold,0.785480229375,0.0324798931878,0.25456565012,sem look-ahead (quantis dos 60 pregões anteriores)
2020-04-09,Ibovespa buy-and-hold,0.776059461728,0.0324798931878,0.25456565012,sem look-ahead (quantis dos 60 pregões anteriores)
2020-04-13,Ibovespa buy-and-hold,0.7875881636,0.0324798931878,0.25456565012,sem look-ahead (quantis dos 60 pregões anteriores)
2020-04-14,Ibovespa buy-and-hold,0.798397570381,0.0324798931878,0.25456565012,sem look-ahead (quantis dos 60 pregões anteriores)
2020-04-15,Ibovespa buy-and-hold,0.787538212552,0.0324798931878,0.25456565012,sem look-ahead (quantis dos 60 pregões anteriores)
2020-04-16,Ibovespa buy-and-hold,0.777358188975,0.0324798931878,0.25456565012,sem look-ahead (quantis dos 60 pregões anteriores)
2020-04-17,Ibovespa buy-and-hold,0.789126655877,0.0324798931878,0.25456565012,sem look-ahead (quantis dos 60 pregões anteriores)
2020-04-20,Ibovespa buy-and-hold,0.788956822314,0.0324798931878,0.25456565012,sem look-ahead (quantis dos 60 pregões anteriores)
2020-04-22,Ibovespa buy-and-hold,0.806080041559,0.0324798931878,0.25456565012,sem look-ahead (quantis dos 60 pregões anteriores)
2020-04-23,Ibovespa buy-and-hold,0.79594996903,0.0324798931878,0.25456565012,sem look-ahead (quantis dos 60 pregões anteriores)
2020-04-24,Ibovespa buy-and-hold,0.752572478971,0.0324798931878,0.25456565012,sem look-ahead (quantis dos 60 pregões anteriores)
2020-04-27,Ibovespa buy-and-hold,0.781624008472,0.0324798931878,0.25456565012,sem look-ahead (quantis dos 60 pregões anteriores)
2020-04-28,Ibovespa buy-and-hold,0.812323922556,0.0324798931878,0.25456565012,sem look-ahead (quantis dos 60 pregões anteriores)
2020-04-29,Ibovespa buy-and-hold,0.830895722192,0.0324798931878,0.25456565012,sem look-ahead (quantis dos 60 pregões anteriores)
2020-04-30,Ibovespa buy-and-hold,0.804271813623,0.0324798931878,0.25456565012,sem look-ahead (quantis dos 60 pregões anteriores)
2020-05-04,Ibovespa buy-and-hold,0.787987771983,0.0324798931878,0.25456565012,sem look-ahead (quantis dos 60 pregões anteriores)
2020-05-05,Ibovespa buy-and-hold,0.793931946692,0.0324798931878,0.25456565012,sem look-ahead (quantis dos 60 pregões anteriores)
2020-05-06,Ibovespa buy-and-hold,0.789865931387,0.0324798931878,0.25456565012,sem look-ahead (quantis dos 60 pregões anteriores)
2020-05-07,Ibovespa buy-and-hold,0.78042518332,0.0324798931878,0.25456565012,sem look-ahead (quantis dos 60 pregões anteriores)
2020-05-08,Ibovespa buy-and-hold,0.801844192691,0.0324798931878,0.25456565012,sem look-ahead (quantis dos 60 pregões anteriores)
2020-05-11,Ibovespa buy-and-hold,0.789875921597,0.0324798931878,0.25456565012,sem look-ahead (quantis dos 60 pregões anteriores)
2020-05-12,Ibovespa buy-and-hold,0.77795760155,0.0324798931878,0.25456565012,sem look-ahead (quantis dos 60 pregões anteriores)
2020-05-13,Ibovespa buy-and-hold,0.776958580591,0.0324798931878,0.25456565012,sem look-ahead (quantis dos 60 pregões anteriores)
2020-05-14,Ibovespa buy-and-hold,0.789336450279,0.0324798931878,0.25456565012,sem look-ahead (quantis dos 60 pregões anteriores)
2020-05-15,Ibovespa buy-and-hold,0.774810685528,0.0324798931878,0.25456565012,sem look-ahead (quantis dos 60 pregões anteriores)
2020-05-18,Ibovespa buy-and-hold,0.811145077824,0.0324798931878,0.25456565012,sem look-ahead (quantis dos 60 pregões anteriores)
2020-05-19,Ibovespa buy-and-hold,0.806629503087,0.0324798931878,0.25456565012,sem look-ahead (quantis dos 60 pregões anteriores)
2020-05-20,Ibovespa buy-and-hold,0.812393854023,0.0324798931878,0.25456565012,sem look-ahead (quantis dos 60 pregões anteriores)
2020-05-21,Ibovespa buy-and-hold,0.829457132011,0.0324798931878,0.25456565012,sem look-ahead (quantis dos 60 pregões anteriores)
2020-05-22,Ibovespa buy-and-hold,0.820925493017,0.0324798931878,0.25456565012,sem look-ahead (quantis dos 60 pregões anteriores)
2020-05-25,Ibovespa buy-and-hold,0.855791324502,0.0324798931878,0.25456565012,sem look-ahead (quantis dos 60 pregões anteriores)
2020-05-26,Ibovespa buy-and-hold,0.853853223841,0.0324798931878,0.25456565012,sem look-ahead (quantis dos 60 pregões anteriores)
2020-05-27,Ibovespa buy-and-hold,0.878598973006,0.0324798931878,0.25456565012,sem look-ahead (quantis dos 60 pregões anteriores)
2020-05-28,Ibovespa buy-and-hold,0.868638734041,0.0324798931878,0.25456565012,sem look-ahead (quantis dos 60 pregões anteriores)
2020-05-29,Ibovespa buy-and-hold,0.873174289197,0.0324798931878,0.25456565012,sem look-ahead (quantis dos 60 pregões anteriores)
2020-06-01,Ibovespa buy-and-hold,0.885332374273,0.0324798931878,0.25456565012,sem look-ahead (quantis dos 60 pregões anteriores)
2020-06-02,Ibovespa buy-and-hold,0.90956862275,0.0324798931878,0.25456565012,sem look-ahead (quantis dos 60 pregões anteriores)
2020-06-03,Ibovespa buy-and-hold,0.929109472717,0.0324798931878,0.25456565012,sem look-ahead (quantis dos 60 pregões anteriores)
2020-06-04,Ibovespa buy-and-hold,0.937371376051,0.0324798931878,0.25456565012,sem look-ahead (quantis dos 60 pregões anteriores)
2020-06-05,Ibovespa buy-and-hold,0.945443465404,0.0324798931878,0.25456565012,sem look-ahead (quantis dos 60 pregões anteriores)
2020-06-08,Ibovespa buy-and-hold,0.975494015864,0.0324798931878,0.25456565012,sem look-ahead (quantis dos 60 pregões anteriores)
2020-06-09,Ibovespa buy-and-hold,0.966522807649,0.0324798931878,0.25456565012,sem look-ahead (quantis dos 60 pregões anteriores)
2020-06-10,Ibovespa buy-and-hold,0.945932985674,0.0324798931878,0.25456565012,sem look-ahead (quantis dos 60 pregões anteriores)
2020-06-12,Ibovespa buy-and-hold,0.927041499331,0.0324798931878,0.25456565012,sem look-ahead (quantis dos 60 pregões anteriores)
2020-06-15,Ibovespa buy-and-hold,0.922855601511,0.0324798931878,0.25456565012,sem look-ahead (quantis dos 60 pregões anteriores)
2020-06-16,Ibovespa buy-and-hold,0.934394293592,0.0324798931878,0.25456565012,sem look-ahead (quantis dos 60 pregões anteriores)
2020-06-17,Ibovespa buy-and-hold,0.954534556135,0.0324798931878,0.25456565012,sem look-ahead (quantis dos 60 pregões anteriores)
2020-06-18,Ibovespa buy-and-hold,0.960308897281,0.0324798931878,0.25456565012,sem look-ahead (quantis dos 60 pregões anteriores)
2020-06-19,Ibovespa buy-and-hold,0.964774520969,0.0324798931878,0.25456565012,sem look-ahead (quantis dos 60 pregões anteriores)
2020-06-22,Ibovespa buy-and-hold,0.952426621911,0.0324798931878,0.25456565012,sem look-ahead (quantis dos 60 pregões anteriores)
2020-06-23,Ibovespa buy-and-hold,0.958810365841,0.0324798931878,0.25456565012,sem look-ahead (quantis dos 60 pregões anteriores)
2020-06-24,Ibovespa buy-and-hold,0.942846010909,0.0324798931878,0.25456565012,sem look-ahead (quantis dos 60 pregões anteriores)
2020-06-25,Ibovespa buy-and-hold,0.958890287518,0.0324798931878,0.25456565012,sem look-ahead (quantis dos 60 pregões anteriores)
2020-06-26,Ibovespa buy-and-hold,0.937421327099,0.0324798931878,0.25456565012,sem look-ahead (quantis dos 60 pregões anteriores)
2020-06-29,Ibovespa buy-and-hold,0.956412715539,0.0324798931878,0.25456565012,sem look-ahead (quantis dos 60 pregões anteriores)
2020-06-30,Ibovespa buy-and-hold,0.949629363224,0.0324798931878,0.25456565012,sem look-ahead (quantis dos 60 pregões anteriores)
2020-07-01,Ibovespa buy-and-hold,0.961088133629,0.0324798931878,0.25456565012,sem look-ahead (quantis dos 60 pregões anteriores)
2020-07-02,Ibovespa buy-and-hold,0.961407820336,0.0324798931878,0.25456565012,sem look-ahead (quantis dos 60 pregões anteriores)
2020-07-03,Ibovespa buy-and-hold,0.966702631421,0.0324798931878,0.25456565012,sem look-ahead (quantis dos 60 pregões anteriores)
2020-07-06,Ibovespa buy-and-hold,0.988401366661,0.0324798931878,0.25456565012,sem look-ahead (quantis dos 60 pregões anteriores)
2020-07-07,Ibovespa buy-and-hold,0.976652880177,0.0324798931878,0.25456565012,sem look-ahead (quantis dos 60 pregões anteriores)
2020-07-08,Ibovespa buy-and-hold,0.996723211253,0.0324798931878,0.25456565012,sem look-ahead (quantis dos 60 pregões anteriores)
2020-07-09,Ibovespa buy-and-hold,0.9906291834,0.0324798931878,0.25456565012,sem look-ahead (quantis dos 60 pregões anteriores)
2020-07-10,Ibovespa buy-and-hold,0.999340646167,0.0324798931878,0.25456565012,sem look-ahead (quantis dos 60 pregões anteriores)
2020-07-13,Ibovespa buy-and-hold,0.986003716358,0.0324798931878,0.25456565012,sem look-ahead (quantis dos 60 pregões anteriores)
2020-07-14,Ibovespa buy-and-hold,1.00341665168,0.0324798931878,0.25456565012,sem look-ahead (quantis dos 60 pregões anteriores)
2020-07-15,Ibovespa buy-and-hold,1.01691342484,0.0324798931878,0.25456565012,sem look-ahead (quantis dos 60 pregões anteriores)
2020-07-16,Ibovespa buy-and-hold,1.00454554537,0.0324798931878,0.25456565012,sem look-ahead (quantis dos 60 pregões anteriores)
2020-07-17,Ibovespa buy-and-hold,1.02787268477,0.0324798931878,0.25456565012,sem look-ahead (quantis dos 60 pregões anteriores)
2020-07-20,Ibovespa buy-and-hold,1.04323762713,0.0324798931878,0.25456565012,sem look-ahead (quantis dos 60 pregões anteriores)
2020-07-21,Ibovespa buy-and-hold,1.04207876281,0.0324798931878,0.25456565012,sem look-ahead (quantis dos 60 pregões anteriores)
2020-07-22,Ibovespa buy-and-hold,1.04187895862,0.0324798931878,0.25456565012,sem look-ahead (quantis dos 60 pregões anteriores)
2020-07-23,Ibovespa buy-and-hold,1.02192851006,0.0324798931878,0.25456565012,sem look-ahead (quantis dos 60 pregões anteriores)
2020-07-24,Ibovespa buy-and-hold,1.02281763871,0.0324798931878,0.25456565012,sem look-ahead (quantis dos 60 pregões anteriores)
2020-07-27,Ibovespa buy-and-hold,1.04374712781,0.0324798931878,0.25456565012,sem look-ahead (quantis dos 60 pregões anteriores)
2020-07-28,Ibovespa buy-and-hold,1.04007073068,0.0324798931878,0.25456565012,sem look-ahead (quantis dos 60 pregões anteriores)
2020-07-29,Ibovespa buy-and-hold,1.05501608424,0.0324798931878,0.25456565012,sem look-ahead (quantis dos 60 pregões anteriores)
2020-07-30,Ibovespa buy-and-hold,1.04906191932,0.0324798931878,0.25456565012,sem look-ahead (quantis dos 60 pregões anteriores)
2020-07-31,Ibovespa buy-and-hold,1.0281124498,0.0324798931878,0.25456565012,sem look-ahead (quantis dos 60 pregões anteriores)
2020-08-03,Ibovespa buy-and-hold,1.02729325261,0.0324798931878,0.25456565012,sem look-ahead (quantis dos 60 pregões anteriores)
2020-08-04,Ibovespa buy-and-hold,1.01116905433,0.0324798931878,0.25456565012,sem look-ahead (quantis dos 60 pregões anteriores)
2020-08-05,Ibovespa buy-and-hold,1.02701352674,0.0324798931878,0.25456565012,sem look-ahead (quantis dos 60 pregões anteriores)
2020-08-06,Ibovespa buy-and-hold,1.04024056425,0.0324798931878,0.25456565012,sem look-ahead (quantis dos 60 pregões anteriores)
2020-08-07,Ibovespa buy-and-hold,1.02675378129,0.0324798931878,0.25456565012,sem look-ahead (quantis dos 60 pregões anteriores)
2020-08-10,Ibovespa buy-and-hold,1.0334272413,0.0324798931878,0.25456565012,sem look-ahead (quantis dos 60 pregões anteriores)
2020-08-11,Ibovespa buy-and-hold,1.02073967512,0.0324798931878,0.25456565012,sem look-ahead (quantis dos 60 pregões anteriores)
2020-08-12,Ibovespa buy-and-hold,1.02018022338,0.0324798931878,0.25456565012,sem look-ahead (quantis dos 60 pregões anteriores)
2020-08-13,Ibovespa buy-and-hold,1.00362644608,0.0324798931878,0.25456565012,sem look-ahead (quantis dos 60 pregões anteriores)
2020-08-14,Ibovespa buy-and-hold,1.01253771304,0.0324798931878,0.25456565012,sem look-ahead (quantis dos 60 pregões anteriores)
2020-08-17,Ibovespa buy-and-hold,0.994974924574,0.0324798931878,0.25456565012,sem look-ahead (quantis dos 60 pregões anteriores)
2020-08-18,Ibovespa buy-and-hold,1.01965074227,0.0324798931878,0.25456565012,sem look-ahead (quantis dos 60 pregões anteriores)
2020-08-19,Ibovespa buy-and-hold,1.00755259845,0.0324798931878,0.25456565012,sem look-ahead (quantis dos 60 pregões anteriores)
2020-08-20,Ibovespa buy-and-hold,1.01368658714,0.0324798931878,0.25456565012,sem look-ahead (quantis dos 60 pregões anteriores)
2020-08-21,Ibovespa buy-and-hold,1.01421606825,0.0324798931878,0.25456565012,sem look-ahead (quantis dos 60 pregões anteriores)
2020-08-24,Ibovespa buy-and-hold,1.02197846111,0.0324798931878,0.25456565012,sem look-ahead (quantis dos 60 pregões anteriores)
2020-08-25,Ibovespa buy-and-hold,1.02018022338,0.0324798931878,0.25456565012,sem look-ahead (quantis dos 60 pregões anteriores)
2020-08-26,Ibovespa buy-and-hold,1.00528482088,0.0324798931878,0.25456565012,sem look-ahead (quantis dos 60 pregões anteriores)
2020-08-27,Ibovespa buy-and-hold,1.00525485025,0.0324798931878,0.25456565012,sem look-ahead (quantis dos 60 pregões anteriores)
2020-08-28,Ibovespa buy-and-hold,1.02042997862,0.0324798931878,0.25456565012,sem look-ahead (quantis dos 60 pregões anteriores)
2020-08-31,Ibovespa buy-and-hold,0.992717137206,0.0324798931878,0.25456565012,sem look-ahead (quantis dos 60 pregões anteriores)
2020-09-01,Ibovespa buy-and-hold,1.02067973386,0.0324798931878,0.25456565012,sem look-ahead (quantis dos 60 pregões anteriores)
2020-09-02,Ibovespa buy-and-hold,1.01811225,0.0324798931878,0.25456565012,sem look-ahead (quantis dos 60 pregões anteriores)
2020-09-03,Ibovespa buy-and-hold,1.00622390058,0.0324798931878,0.25456565012,sem look-ahead (quantis dos 60 pregões anteriores)
2020-09-04,Ibovespa buy-and-hold,1.01142879978,0.0324798931878,0.25456565012,sem look-ahead (quantis dos 60 pregões anteriores)
2020-09-08,Ibovespa buy-and-hold,0.999520469939,0.0324798931878,0.25456565012,sem look-ahead (quantis dos 60 pregões anteriores)
2020-09-09,Ibovespa buy-and-hold,1.01192831026,0.0324798931878,0.25456565012,sem look-ahead (quantis dos 60 pregões anteriores)
2020-09-10,Ibovespa buy-and-hold,0.987382365282,0.0324798931878,0.25456565012,sem look-ahead (quantis dos 60 pregões anteriores)
2020-09-11,Ibovespa buy-and-hold,0.982666986353,0.0324798931878,0.25456565012,sem look-ahead (quantis dos 60 pregões anteriores)
2020-09-14,Ibovespa buy-and-hold,1.0017682671,0.0324798931878,0.25456565012,sem look-ahead (quantis dos 60 pregões anteriores)
2020-09-15,Ibovespa buy-and-hold,1.00199804192,0.0324798931878,0.25456565012,sem look-ahead (quantis dos 60 pregões anteriores)
2020-09-16,Ibovespa buy-and-hold,0.995784131551,0.0324798931878,0.25456565012,sem look-ahead (quantis dos 60 pregões anteriores)
2020-09-17,Ibovespa buy-and-hold,1,0.0324798931878,0.25456565012,sem look-ahead (quantis dos 60 pregões anteriores)
2020-09-18,Ibovespa buy-and-hold,0.981937701053,0.0324798931878,0.25456565012,sem look-ahead (quantis dos 60 pregões anteriores)
2020-09-21,Ibovespa buy-and-hold,0.96896041879,0.0324798931878,0.25456565012,sem look-ahead (quantis dos 60 pregões anteriores)
2020-09-22,Ibovespa buy-and-hold,0.971987452297,0.0324798931878,0.25456565012,sem look-ahead (quantis dos 60 pregões anteriores)
2020-09-23,Ibovespa buy-and-hold,0.956412715539,0.0324798931878,0.25456565012,sem look-ahead (quantis dos 60 pregões anteriores)
2020-09-24,Ibovespa buy-and-hold,0.969170213191,0.0324798931878,0.25456565012,sem look-ahead (quantis dos 60 pregões anteriores)
2020-09-25,Ibovespa buy-and-hold,0.969040340466,0.0324798931878,0.25456565012,sem look-ahead (quantis dos 60 pregões anteriores)
2020-09-28,Ibovespa buy-and-hold,0.945733181482,0.0324798931878,0.25456565012,sem look-ahead (quantis dos 60 pregões anteriores)
2020-09-29,Ibovespa buy-and-hold,0.934883813862,0.0324798931878,0.25456565012,sem look-ahead (quantis dos 60 pregões anteriores)
2020-09-30,Ibovespa buy-and-hold,0.945103798278,0.0324798931878,0.25456565012,sem look-ahead (quantis dos 60 pregões anteriores)
2020-10-01,Ibovespa buy-and-hold,0.953855221883,0.0324798931878,0.25456565012,sem look-ahead (quantis dos 60 pregões anteriores)
2020-10-02,Ibovespa buy-and-hold,0.939239545246,0.0324798931878,0.25456565012,sem look-ahead (quantis dos 60 pregões anteriores)
2020-10-05,Ibovespa buy-and-hold,0.959949249735,0.0324798931878,0.25456565012,sem look-ahead (quantis dos 60 pregões anteriores)
2020-10-06,Ibovespa buy-and-hold,0.955213890387,0.0324798931878,0.25456565012,sem look-ahead (quantis dos 60 pregões anteriores)
2020-10-07,Ibovespa buy-and-hold,0.954324761734,0.0324798931878,0.25456565012,sem look-ahead (quantis dos 60 pregões anteriores)
2020-10-08,Ibovespa buy-and-hold,0.978241323503,0.0324798931878,0.25456565012,sem look-ahead (quantis dos 60 pregões anteriores)
2020-10-09,Ibovespa buy-and-hold,0.97387560191,0.0324798931878,0.25456565012,sem look-ahead (quantis dos 60 pregões anteriores)
2020-10-13,Ibovespa buy-and-hold,0.984065615697,0.0324798931878,0.25456565012,sem look-ahead (quantis dos 60 pregões anteriores)
2020-10-14,Ibovespa buy-and-hold,0.99236747987,0.0324798931878,0.25456565012,sem look-ahead (quantis dos 60 pregões anteriores)
2020-10-15,Ibovespa buy-and-hold,0.989570221183,0.0324798931878,0.25456565012,sem look-ahead (quantis dos 60 pregões anteriores)
2020-10-16,Ibovespa buy-and-hold,0.982127515035,0.0324798931878,0.25456565012,sem look-ahead (quantis dos 60 pregões anteriores)
2020-10-20,Ibovespa buy-and-hold,1.00086257943,0.0324798931878,0.25456565012,sem look-ahead (quantis dos 60 pregões anteriores)
2020-10-22,Ibovespa buy-and-hold,1.01445930832,0.0324798931878,0.25456565012,sem look-ahead (quantis dos 60 pregões anteriores)
2020-10-23,Ibovespa buy-and-hold,1.00790978592,0.0324798931878,0.25456565012,sem look-ahead (quantis dos 60 pregões anteriores)
2020-10-26,Ibovespa buy-and-hold,1.00549104132,0.0324798931878,0.25456565012,sem look-ahead (quantis dos 60 pregões anteriores)
2020-10-27,Ibovespa buy-and-hold,0.991446396759,0.0324798931878,0.25456565012,sem look-ahead (quantis dos 60 pregões anteriores)
2020-10-28,Ibovespa buy-and-hold,0.94927264836,0.0324798931878,0.25456565012,sem look-ahead (quantis dos 60 pregões anteriores)
2020-10-29,Ibovespa buy-and-hold,0.961346463986,0.0324798931878,0.25456565012,sem look-ahead (quantis dos 60 pregões anteriores)
2020-10-30,Ibovespa buy-and-hold,0.935168281713,0.0324798931878,0.25456565012,sem look-ahead (quantis dos 60 pregões anteriores)
2020-11-03,Ibovespa buy-and-hold,0.951442550921,0.0324798931878,0.25456565012,sem look-ahead (quantis dos 60 pregões anteriores)
2020-11-04,Ibovespa buy-and-hold,0.973579538516,0.0324798931878,0.25456565012,sem look-ahead (quantis dos 60 pregões anteriores)
2020-11-05,Ibovespa buy-and-hold,1.00307229672,0.0324798931878,0.25456565012,sem look-ahead (quantis dos 60 pregões anteriores)
2020-11-06,Ibovespa buy-and-hold,1.00332113876,0.0324798931878,0.25456565012,sem look-ahead (quantis dos 60 pregões anteriores)
2020-11-09,Ibovespa buy-and-hold,1.03431690286,0.0324798931878,0.25456565012,sem look-ahead (quantis dos 60 pregões anteriores)
2020-11-10,Ibovespa buy-and-hold,1.04863029682,0.0324798931878,0.25456565012,sem look-ahead (quantis dos 60 pregões anteriores)
2020-11-11,Ibovespa buy-and-hold,1.04047823169,0.0324798931878,0.25456565012,sem look-ahead (quantis dos 60 pregões anteriores)
2020-11-12,Ibovespa buy-and-hold,1.01701740446,0.0324798931878,0.25456565012,sem look-ahead (quantis dos 60 pregões anteriores)
2020-11-16,Ibovespa buy-and-hold,1.03568166676,0.0324798931878,0.25456565012,sem look-ahead (quantis dos 60 pregões anteriores)
2020-11-17,Ibovespa buy-and-hold,1.04345682087,0.0324798931878,0.25456565012,sem look-ahead (quantis dos 60 pregões anteriores)
2020-11-18,Ibovespa buy-and-hold,1.03619741541,0.0324798931878,0.25456565012,sem look-ahead (quantis dos 60 pregões anteriores)
2020-11-19,Ibovespa buy-and-hold,1.03652827303,0.0324798931878,0.25456565012,sem look-ahead (quantis dos 60 pregões anteriores)
2020-11-23,Ibovespa buy-and-hold,1.04491648685,0.0324798931878,0.25456565012,sem look-ahead (quantis dos 60 pregões anteriores)
2020-11-24,Ibovespa buy-and-hold,1.06833926024,0.0324798931878,0.25456565012,sem look-ahead (quantis dos 60 pregões anteriores)
2020-11-25,Ibovespa buy-and-hold,1.0717159542,0.0324798931878,0.25456565012,sem look-ahead (quantis dos 60 pregões anteriores)
2020-11-26,Ibovespa buy-and-hold,1.07263067822,0.0324798931878,0.25456565012,sem look-ahead (quantis dos 60 pregões anteriores)
2020-11-27,Ibovespa buy-and-hold,1.07601710328,0.0324798931878,0.25456565012,sem look-ahead (quantis dos 60 pregões anteriores)
2020-11-30,Ibovespa buy-and-hold,1.05960072659,0.0324798931878,0.25456565012,sem look-ahead (quantis dos 60 pregões anteriores)
2020-12-01,Ibovespa buy-and-hold,1.08341274424,0.0324798931878,0.25456565012,sem look-ahead (quantis dos 60 pregões anteriores)
2020-12-02,Ibovespa buy-and-hold,1.08807394426,0.0324798931878,0.25456565012,sem look-ahead (quantis dos 60 pregões anteriores)
2020-12-03,Ibovespa buy-and-hold,1.09882681696,0.0324798931878,0.25456565012,sem look-ahead (quantis dos 60 pregões anteriores)
2020-12-04,Ibovespa buy-and-hold,1.10625165124,0.0324798931878,0.25456565012,sem look-ahead (quantis dos 60 pregões anteriores)
2020-12-07,Ibovespa buy-and-hold,1.10569697817,0.0324798931878,0.25456565012,sem look-ahead (quantis dos 60 pregões anteriores)
2020-12-08,Ibovespa buy-and-hold,1.10517149841,0.0324798931878,0.25456565012,sem look-ahead (quantis dos 60 pregões anteriores)
2020-12-09,Ibovespa buy-and-hold,1.09690978898,0.0324798931878,0.25456565012,sem look-ahead (quantis dos 60 pregões anteriores)
2020-12-10,Ibovespa buy-and-hold,1.11899940078,0.0324798931878,0.25456565012,sem look-ahead (quantis dos 60 pregões anteriores)
2020-12-11,Ibovespa buy-and-hold,1.12222039703,0.0324798931878,0.25456565012,sem look-ahead (quantis dos 60 pregões anteriores)
2020-12-14,Ibovespa buy-and-hold,1.11883397197,0.0324798931878,0.25456565012,sem look-ahead (quantis dos 60 pregões anteriores)
2020-12-15,Ibovespa buy-and-hold,1.1302290977,0.0324798931878,0.25456565012,sem look-ahead (quantis dos 60 pregões anteriores)
2020-12-16,Ibovespa buy-and-hold,1.14775482054,0.0324798931878,0.25456565012,sem look-ahead (quantis dos 60 pregões anteriores)
2020-12-17,Ibovespa buy-and-hold,1.14979835291,0.0324798931878,0.25456565012,sem look-ahead (quantis dos 60 pregões anteriores)
2020-12-18,Ibovespa buy-and-hold,1.14514688399,0.0324798931878,0.25456565012,sem look-ahead (quantis dos 60 pregões anteriores)
2020-12-21,Ibovespa buy-and-hold,1.12896405385,0.0324798931878,0.25456565012,sem look-ahead (quantis dos 60 pregões anteriores)
2020-12-22,Ibovespa buy-and-hold,1.13219478122,0.0324798931878,0.25456565012,sem look-ahead (quantis dos 60 pregões anteriores)
2020-12-23,Ibovespa buy-and-hold,1.14687902095,0.0324798931878,0.25456565012,sem look-ahead (quantis dos 60 pregões anteriores)
2020-12-28,Ibovespa buy-and-hold,1.15849796214,0.0324798931878,0.25456565012,sem look-ahead (quantis dos 60 pregões anteriores)
2020-12-29,Ibovespa buy-and-hold,1.1626239513,0.0324798931878,0.25456565012,sem look-ahead (quantis dos 60 pregões anteriores)
2020-12-30,Ibovespa buy-and-hold,1.1609793943,0.0324798931878,0.25456565012,sem look-ahead (quantis dos 60 pregões anteriores)
2021-01-04,Ibovespa buy-and-hold,1.15370052662,0.0324798931878,0.25456565012,sem look-ahead (quantis dos 60 pregões anteriores)
2021-01-05,Ibovespa buy-and-hold,1.16017171246,0.0324798931878,0.25456565012,sem look-ahead (quantis dos 60 pregões anteriores)
2021-01-06,Ibovespa buy-and-hold,1.16628284735,0.0324798931878,0.25456565012,sem look-ahead (quantis dos 60 pregões anteriores)
2021-01-07,Ibovespa buy-and-hold,1.18676682657,0.0324798931878,0.25456565012,sem look-ahead (quantis dos 60 pregões anteriores)
2021-01-08,Ibovespa buy-and-hold,1.21713761002,0.0324798931878,0.25456565012,sem look-ahead (quantis dos 60 pregões anteriores)
2021-01-11,Ibovespa buy-and-hold,1.19504799822,0.0324798931878,0.25456565012,sem look-ahead (quantis dos 60 pregões anteriores)
2021-01-12,Ibovespa buy-and-hold,1.20663774608,0.0324798931878,0.25456565012,sem look-ahead (quantis dos 60 pregões anteriores)
2021-01-13,Ibovespa buy-and-hold,1.18758423952,0.0324798931878,0.25456565012,sem look-ahead (quantis dos 60 pregões anteriores)
2021-01-14,Ibovespa buy-and-hold,1.20160676401,0.0324798931878,0.25456565012,sem look-ahead (quantis dos 60 pregões anteriores)
2021-01-15,Ibovespa buy-and-hold,1.17261779769,0.0324798931878,0.25456565012,sem look-ahead (quantis dos 60 pregões anteriores)
2021-01-18,Ibovespa buy-and-hold,1.17981881652,0.0324798931878,0.25456565012,sem look-ahead (quantis dos 60 pregões anteriores)
2021-01-19,Ibovespa buy-and-hold,1.17428181691,0.0324798931878,0.25456565012,sem look-ahead (quantis dos 60 pregões anteriores)
2021-01-20,Ibovespa buy-and-hold,1.16489129912,0.0324798931878,0.25456565012,sem look-ahead (quantis dos 60 pregões anteriores)
2021-01-21,Ibovespa buy-and-hold,1.15258144937,0.0324798931878,0.25456565012,sem look-ahead (quantis dos 60 pregões anteriores)
2021-01-22,Ibovespa buy-and-hold,1.14021321299,0.0324798931878,0.25456565012,sem look-ahead (quantis dos 60 pregões anteriores)
2021-01-26,Ibovespa buy-and-hold,1.13332358957,0.0324798931878,0.25456565012,sem look-ahead (quantis dos 60 pregões anteriores)
2021-01-27,Ibovespa buy-and-hold,1.12766008558,0.0324798931878,0.25456565012,sem look-ahead (quantis dos 60 pregões anteriores)
2021-01-28,Ibovespa buy-and-hold,1.16105724315,0.0324798931878,0.25456565012,sem look-ahead (quantis dos 60 pregões anteriores)
2021-01-29,Ibovespa buy-and-hold,1.12887647389,0.0324798931878,0.25456565012,sem look-ahead (quantis dos 60 pregões anteriores)
2021-02-01,Ibovespa buy-and-hold,1.14209131654,0.0324798931878,0.25456565012,sem look-ahead (quantis dos 60 pregões anteriores)
2021-02-02,Ibovespa buy-and-hold,1.15054764811,0.0324798931878,0.25456565012,sem look-ahead (quantis dos 60 pregões anteriores)
2021-02-03,Ibovespa buy-and-hold,1.16505672793,0.0324798931878,0.25456565012,sem look-ahead (quantis dos 60 pregões anteriores)
2021-02-04,Ibovespa buy-and-hold,1.1605414945,0.0324798931878,0.25456565012,sem look-ahead (quantis dos 60 pregões anteriores)
2021-02-05,Ibovespa buy-and-hold,1.16700294923,0.0324798931878,0.25456565012,sem look-ahead (quantis dos 60 pregões anteriores)
2021-02-08,Ibovespa buy-and-hold,1.16302292667,0.0324798931878,0.25456565012,sem look-ahead (quantis dos 60 pregões anteriores)
2021-02-09,Ibovespa buy-and-hold,1.1621763204,0.0324798931878,0.25456565012,sem look-ahead (quantis dos 60 pregões anteriores)
2021-02-10,Ibovespa buy-and-hold,1.15245494499,0.0324798931878,0.25456565012,sem look-ahead (quantis dos 60 pregões anteriores)
2021-02-11,Ibovespa buy-and-hold,1.16028848573,0.0324798931878,0.25456565012,sem look-ahead (quantis dos 60 pregões anteriores)
2021-02-12,Ibovespa buy-and-hold,1.15913048406,0.0324798931878,0.25456565012,sem look-ahead (quantis dos 60 pregões anteriores)
2021-02-17,Ibovespa buy-and-hold,1.17153764487,0.0324798931878,0.25456565012,sem look-ahead (quantis dos 60 pregões anteriores)
2021-02-18,Ibovespa buy-and-hold,1.15936403062,0.0324798931878,0.25456565012,sem look-ahead (quantis dos 60 pregões anteriores)
2021-02-19,Ibovespa buy-and-hold,1.15554943686,0.0324798931878,0.25456565012,sem look-ahead (quantis dos 60 pregões anteriores)
2021-02-22,Ibovespa buy-and-hold,1.09638430923,0.0324798931878,0.25456565012,sem look-ahead (quantis dos 60 pregões anteriores)
2021-02-23,Ibovespa buy-and-hold,1.12128621081,0.0324798931878,0.25456565012,sem look-ahead (quantis dos 60 pregões anteriores)
2021-02-24,Ibovespa buy-and-hold,1.12557762878,0.0324798931878,0.25456565012,sem look-ahead (quantis dos 60 pregões anteriores)
2021-02-25,Ibovespa buy-and-hold,1.09237509334,0.0324798931878,0.25456565012,sem look-ahead (quantis dos 60 pregões anteriores)
2021-02-26,Ibovespa buy-and-hold,1.07076230576,0.0324798931878,0.25456565012,sem look-ahead (quantis dos 60 pregões anteriores)
2021-03-01,Ibovespa buy-and-hold,1.07368163772,0.0324798931878,0.25456565012,sem look-ahead (quantis dos 60 pregões anteriores)
2021-03-02,Ibovespa buy-and-hold,1.08540762107,0.0324798931878,0.25456565012,sem look-ahead (quantis dos 60 pregões anteriores)
2021-03-03,Ibovespa buy-and-hold,1.08194334715,0.0324798931878,0.25456565012,sem look-ahead (quantis dos 60 pregões anteriores)
2021-03-04,Ibovespa buy-and-hold,1.09659839357,0.0324798931878,0.25456565012,sem look-ahead (quantis dos 60 pregões anteriores)
2021-03-05,Ibovespa buy-and-hold,1.12104293315,0.0324798931878,0.25456565012,sem look-ahead (quantis dos 60 pregões anteriores)
2021-03-08,Ibovespa buy-and-hold,1.07637715423,0.0324798931878,0.25456565012,sem look-ahead (quantis dos 60 pregões anteriores)
2021-03-09,Ibovespa buy-and-hold,1.08337381981,0.0324798931878,0.25456565012,sem look-ahead (quantis dos 60 pregões anteriores)
2021-03-10,Ibovespa buy-and-hold,1.09743526873,0.0324798931878,0.25456565012,sem look-ahead (quantis dos 60 pregões anteriores)
2021-03-11,Ibovespa buy-and-hold,1.11892155192,0.0324798931878,0.25456565012,sem look-ahead (quantis dos 60 pregões anteriores)
2021-03-12,Ibovespa buy-and-hold,1.11090312015,0.0324798931878,0.25456565012,sem look-ahead (quantis dos 60 pregões anteriores)
2021-03-15,Ibovespa buy-and-hold,1.11762731476,0.0324798931878,0.25456565012,sem look-ahead (quantis dos 60 pregões anteriores)
2021-03-16,Ibovespa buy-and-hold,1.10953103413,0.0324798931878,0.25456565012,sem look-ahead (quantis dos 60 pregões anteriores)
2021-03-17,Ibovespa buy-and-hold,1.13415073363,0.0324798931878,0.25456565012,sem look-ahead (quantis dos 60 pregões anteriores)
2021-03-18,Ibovespa buy-and-hold,1.11747161705,0.0324798931878,0.25456565012,sem look-ahead (quantis dos 60 pregões anteriores)
2021-03-19,Ibovespa buy-and-hold,1.13096866179,0.0324798931878,0.25456565012,sem look-ahead (quantis dos 60 pregões anteriores)
2021-03-22,Ibovespa buy-and-hold,1.11887289639,0.0324798931878,0.25456565012,sem look-ahead (quantis dos 60 pregões anteriores)
2021-03-23,Ibovespa buy-and-hold,1.1021645865,0.0324798931878,0.25456565012,sem look-ahead (quantis dos 60 pregões anteriores)
2021-03-24,Ibovespa buy-and-hold,1.09050672089,0.0324798931878,0.25456565012,sem look-ahead (quantis dos 60 pregões anteriores)
2021-03-25,Ibovespa buy-and-hold,1.10691336648,0.0324798931878,0.25456565012,sem look-ahead (quantis dos 60 pregões anteriores)
2021-03-26,Ibovespa buy-and-hold,1.1169461373,0.0324798931878,0.25456565012,sem look-ahead (quantis dos 60 pregões anteriores)
2021-03-29,Ibovespa buy-and-hold,1.12315458326,0.0324798931878,0.25456565012,sem look-ahead (quantis dos 60 pregões anteriores)
2021-03-30,Ibovespa buy-and-hold,1.13707979669,0.0324798931878,0.25456565012,sem look-ahead (quantis dos 60 pregões anteriores)
2021-03-31,Ibovespa buy-and-hold,1.13497787768,0.0324798931878,0.25456565012,sem look-ahead (quantis dos 60 pregões anteriores)
2021-04-01,Ibovespa buy-and-hold,1.12153921958,0.0324798931878,0.25456565012,sem look-ahead (quantis dos 60 pregões anteriores)
2021-04-05,Ibovespa buy-and-hold,1.14358017584,0.0324798931878,0.25456565012,sem look-ahead (quantis dos 60 pregões anteriores)
2021-04-06,Ibovespa buy-and-hold,1.14339528482,0.0324798931878,0.25456565012,sem look-ahead (quantis dos 60 pregões anteriores)
2021-04-07,Ibovespa buy-and-hold,1.14461167313,0.0324798931878,0.25456565012,sem look-ahead (quantis dos 60 pregões anteriores)
2021-04-08,Ibovespa buy-and-hold,1.15131640552,0.0324798931878,0.25456565012,sem look-ahead (quantis dos 60 pregões anteriores)
2021-04-09,Ibovespa buy-and-hold,1.14505930403,0.0324798931878,0.25456565012,sem look-ahead (quantis dos 60 pregões anteriores)
2021-04-12,Ibovespa buy-and-hold,1.15617222768,0.0324798931878,0.25456565012,sem look-ahead (quantis dos 60 pregões anteriores)
2021-04-13,Ibovespa buy-and-hold,1.16089181434,0.0324798931878,0.25456565012,sem look-ahead (quantis dos 60 pregões anteriores)
2021-04-14,Ibovespa buy-and-hold,1.17060345864,0.0324798931878,0.25456565012,sem look-ahead (quantis dos 60 pregões anteriores)
2021-04-15,Ibovespa buy-and-hold,1.17455428789,0.0324798931878,0.25456565012,sem look-ahead (quantis dos 60 pregões anteriores)
2021-04-16,Ibovespa buy-and-hold,1.17857323488,0.0324798931878,0.25456565012,sem look-ahead (quantis dos 60 pregões anteriores)
2021-04-19,Ibovespa buy-and-hold,1.17682163571,0.0324798931878,0.25456565012,sem look-ahead (quantis dos 60 pregões anteriores)
2021-04-20,Ibovespa buy-and-hold,1.16833611083,0.0324798931878,0.25456565012,sem look-ahead (quantis dos 60 pregões anteriores)
2021-04-22,Ibovespa buy-and-hold,1.16161191622,0.0324798931878,0.25456565012,sem look-ahead (quantis dos 60 pregões anteriores)
2021-04-23,Ibovespa buy-and-hold,1.17289026868,0.0324798931878,0.25456565012,sem look-ahead (quantis dos 60 pregões anteriores)
2021-04-26,Ibovespa buy-and-hold,1.1735227906,0.0324798931878,0.25456565012,sem look-ahead (quantis dos 60 pregões anteriores)
2021-04-27,Ibovespa buy-and-hold,1.16177734503,0.0324798931878,0.25456565012,sem look-ahead (quantis dos 60 pregões anteriores)
2021-04-28,Ibovespa buy-and-hold,1.17797963739,0.0324798931878,0.25456565012,sem look-ahead (quantis dos 60 pregões anteriores)
2021-04-29,Ibovespa buy-and-hold,1.16837503525,0.0324798931878,0.25456565012,sem look-ahead (quantis dos 60 pregões anteriores)
2021-04-30,Ibovespa buy-and-hold,1.15697017841,0.0324798931878,0.25456565012,sem look-ahead (quantis dos 60 pregões anteriores)
2021-05-03,Ibovespa buy-and-hold,1.16003547696,0.0324798931878,0.25456565012,sem look-ahead (quantis dos 60 pregões anteriores)
2021-05-04,Ibovespa buy-and-hold,1.14546801051,0.0324798931878,0.25456565012,sem look-ahead (quantis dos 60 pregões anteriores)
2021-05-05,Ibovespa buy-and-hold,1.16349001978,0.0324798931878,0.25456565012,sem look-ahead (quantis dos 60 pregões anteriores)
2021-05-06,Ibovespa buy-and-hold,1.16696402481,0.0324798931878,0.25456565012,sem look-ahead (quantis dos 60 pregões anteriores)
2021-05-07,Ibovespa buy-and-hold,1.18756477731,0.0324798931878,0.25456565012,sem look-ahead (quantis dos 60 pregões anteriores)
2021-05-10,Ibovespa buy-and-hold,1.18630946456,0.0324798931878,0.25456565012,sem look-ahead (quantis dos 60 pregões anteriores)
2021-05-11,Ibovespa buy-and-hold,1.19657578194,0.0324798931878,0.25456565012,sem look-ahead (quantis dos 60 pregões anteriores)
2021-05-12,Ibovespa buy-and-hold,1.16491076133,0.0324798931878,0.25456565012,sem look-ahead (quantis dos 60 pregões anteriores)
2021-05-13,Ibovespa buy-and-hold,1.17460294342,0.0324798931878,0.25456565012,sem look-ahead (quantis dos 60 pregões anteriores)
2021-05-14,Ibovespa buy-and-hold,1.18603699358,0.0324798931878,0.25456565012,sem look-ahead (quantis dos 60 pregões anteriores)
2021-05-17,Ibovespa buy-and-hold,1.19632277317,0.0324798931878,0.25456565012,sem look-ahead (quantis dos 60 pregões anteriores)
2021-05-18,Ibovespa buy-and-hold,1.19673147965,0.0324798931878,0.25456565012,sem look-ahead (quantis dos 60 pregões anteriores)
2021-05-19,Ibovespa buy-and-hold,1.193383979,0.0324798931878,0.25456565012,sem look-ahead (quantis dos 60 pregões anteriores)
2021-05-20,Ibovespa buy-and-hold,1.19401650093,0.0324798931878,0.25456565012,sem look-ahead (quantis dos 60 pregões anteriores)
2021-05-21,Ibovespa buy-and-hold,1.19295581032,0.0324798931878,0.25456565012,sem look-ahead (quantis dos 60 pregões anteriores)
2021-05-24,Ibovespa buy-and-hold,1.2069686037,0.0324798931878,0.25456565012,sem look-ahead (quantis dos 60 pregões anteriores)
2021-05-25,Ibovespa buy-and-hold,1.1968093285,0.0324798931878,0.25456565012,sem look-ahead (quantis dos 60 pregões anteriores)
2021-05-26,Ibovespa buy-and-hold,1.20655016612,0.0324798931878,0.25456565012,sem look-ahead (quantis dos 60 pregões anteriores)
2021-05-27,Ibovespa buy-and-hold,1.21022852439,0.0324798931878,0.25456565012,sem look-ahead (quantis dos 60 pregões anteriores)
2021-05-28,Ibovespa buy-and-hold,1.22184746557,0.0324798931878,0.25456565012,sem look-ahead (quantis dos 60 pregões anteriores)
2021-05-31,Ibovespa buy-and-hold,1.22822134034,0.0324798931878,0.25456565012,sem look-ahead (quantis dos 60 pregões anteriores)
2021-06-01,Ibovespa buy-and-hold,1.24817983981,0.0324798931878,0.25456565012,sem look-ahead (quantis dos 60 pregões anteriores)
2021-06-02,Ibovespa buy-and-hold,1.26116113591,0.0324798931878,0.25456565012,sem look-ahead (quantis dos 60 pregões anteriores)
2021-06-04,Ibovespa buy-and-hold,1.26626996683,0.0324798931878,0.25456565012,sem look-ahead (quantis dos 60 pregões anteriores)
2021-06-07,Ibovespa buy-and-hold,1.27259518606,0.0324798931878,0.25456565012,sem look-ahead (quantis dos 60 pregões anteriores)
2021-06-08,Ibovespa buy-and-hold,1.26297112172,0.0324798931878,0.25456565012,sem look-ahead (quantis dos 60 pregões anteriores)
2021-06-09,Ibovespa buy-and-hold,1.2641388545,0.0324798931878,0.25456565012,sem look-ahead (quantis dos 60 pregões anteriores)
2021-06-10,Ibovespa buy-and-hold,1.2657834115,0.0324798931878,0.25456565012,sem look-ahead (quantis dos 60 pregões anteriores)
2021-06-11,Ibovespa buy-and-hold,1.25960415886,0.0324798931878,0.25456565012,sem look-ahead (quantis dos 60 pregões anteriores)
2021-06-14,Ibovespa buy-and-hold,1.26706791756,0.0324798931878,0.25456565012,sem look-ahead (quantis dos 60 pregões anteriores)
2021-06-15,Ibovespa buy-and-hold,1.2659293781,0.0324798931878,0.25456565012,sem look-ahead (quantis dos 60 pregões anteriores)
2021-06-16,Ibovespa buy-and-hold,1.25783309748,0.0324798931878,0.25456565012,sem look-ahead (quantis dos 60 pregões anteriores)
2021-06-17,Ibovespa buy-and-hold,1.24613630744,0.0324798931878,0.25456565012,sem look-ahead (quantis dos 60 pregões anteriores)
2021-06-18,Ibovespa buy-and-hold,1.24952273251,0.0324798931878,0.25456565012,sem look-ahead (quantis dos 60 pregões anteriores)
2021-06-21,Ibovespa buy-and-hold,1.25789148412,0.0324798931878,0.25456565012,sem look-ahead (quantis dos 60 pregões anteriores)
2021-06-22,Ibovespa buy-and-hold,1.25304539307,0.0324798931878,0.25456565012,sem look-ahead (quantis dos 60 pregões anteriores)
2021-06-23,Ibovespa buy-and-hold,1.24974654796,0.0324798931878,0.25456565012,sem look-ahead (quantis dos 60 pregões anteriores)
2021-06-24,Ibovespa buy-and-hold,1.26031452964,0.0324798931878,0.25456565012,sem look-ahead (quantis dos 60 pregões anteriores)
2021-06-25,Ibovespa buy-and-hold,1.23834169112,0.0324798931878,0.25456565012,sem look-ahead (quantis dos 60 pregões anteriores)
2021-06-28,Ibovespa buy-and-hold,1.24002517255,0.0324798931878,0.25456565012,sem look-ahead (quantis dos 60 pregões anteriores)
2021-06-29,Ibovespa buy-and-hold,1.23903259968,0.0324798931878,0.25456565012,sem look-ahead (quantis dos 60 pregões anteriores)
2021-06-30,Ibovespa buy-and-hold,1.23392376876,0.0324798931878,0.25456565012,sem look-ahead (quantis dos 60 pregões anteriores)
2021-07-01,Ibovespa buy-and-hold,1.22286923176,0.0324798931878,0.25456565012,sem look-ahead (quantis dos 60 pregões anteriores)
2021-07-02,Ibovespa buy-and-hold,1.24190327611,0.0324798931878,0.25456565012,sem look-ahead (quantis dos 60 pregões anteriores)
2021-07-05,Ibovespa buy-and-hold,1.23507203933,0.0324798931878,0.25456565012,sem look-ahead (quantis dos 60 pregões anteriores)
2021-07-06,Ibovespa buy-and-hold,1.21731276993,0.0324798931878,0.25456565012,sem look-ahead (quantis dos 60 pregões anteriores)
2021-07-07,Ibovespa buy-and-hold,1.23603541887,0.0324798931878,0.25456565012,sem look-ahead (quantis dos 60 pregões anteriores)
2021-07-08,Ibovespa buy-and-hold,1.2205532284,0.0324798931878,0.25456565012,sem look-ahead (quantis dos 60 pregões anteriores)
2021-07-12,Ibovespa buy-and-hold,1.24163080512,0.0324798931878,0.25456565012,sem look-ahead (quantis dos 60 pregões anteriores)
2021-07-13,Ibovespa buy-and-hold,1.24721646026,0.0324798931878,0.25456565012,sem look-ahead (quantis dos 60 pregões anteriores)
2021-07-14,Ibovespa buy-and-hold,1.24954219472,0.0324798931878,0.25456565012,sem look-ahead (quantis dos 60 pregões anteriores)
2021-07-15,Ibovespa buy-and-hold,1.2404046857,0.0324798931878,0.25456565012,sem look-ahead (quantis dos 60 pregões anteriores)
2021-07-16,Ibovespa buy-and-hold,1.22573017707,0.0324798931878,0.25456565012,sem look-ahead (quantis dos 60 pregões anteriores)
2021-07-19,Ibovespa buy-and-hold,1.21050099537,0.0324798931878,0.25456565012,sem look-ahead (quantis dos 60 pregões anteriores)
2021-07-20,Ibovespa buy-and-hold,1.22029048853,0.0324798931878,0.25456565012,sem look-ahead (quantis dos 60 pregões anteriores)
2021-07-21,Ibovespa buy-and-hold,1.22542851277,0.0324798931878,0.25456565012,sem look-ahead (quantis dos 60 pregões anteriores)
2021-07-22,Ibovespa buy-and-hold,1.22754989399,0.0324798931878,0.25456565012,sem look-ahead (quantis dos 60 pregões anteriores)
2021-07-23,Ibovespa buy-and-hold,1.21690406346,0.0324798931878,0.25456565012,sem look-ahead (quantis dos 60 pregões anteriores)
2021-07-26,Ibovespa buy-and-hold,1.22615834576,0.0324798931878,0.25456565012,sem look-ahead (quantis dos 60 pregões anteriores)
2021-07-27,Ibovespa buy-and-hold,1.21261264548,0.0324798931878,0.25456565012,sem look-ahead (quantis dos 60 pregões anteriores)
2021-07-28,Ibovespa buy-and-hold,1.2289025178,0.0324798931878,0.25456565012,sem look-ahead (quantis dos 60 pregões anteriores)
2021-07-29,Ibovespa buy-and-hold,1.22295681171,0.0324798931878,0.25456565012,sem look-ahead (quantis dos 60 pregões anteriores)
2021-07-30,Ibovespa buy-and-hold,1.18525850506,0.0324798931878,0.25456565012,sem look-ahead (quantis dos 60 pregões anteriores)
2021-08-02,Ibovespa buy-and-hold,1.19221624622,0.0324798931878,0.25456565012,sem look-ahead (quantis dos 60 pregões anteriores)
2021-08-03,Ibovespa buy-and-hold,1.20254095024,0.0324798931878,0.25456565012,sem look-ahead (quantis dos 60 pregões anteriores)
2021-08-04,Ibovespa buy-and-hold,1.18525850506,0.0324798931878,0.25456565012,sem look-ahead (quantis dos 60 pregões anteriores)
2021-08-05,Ibovespa buy-and-hold,1.18362367917,0.0324798931878,0.25456565012,sem look-ahead (quantis dos 60 pregões anteriores)
2021-08-06,Ibovespa buy-and-hold,1.19507719154,0.0324798931878,0.25456565012,sem look-ahead (quantis dos 60 pregões anteriores)
2021-08-09,Ibovespa buy-and-hold,1.1971109928,0.0324798931878,0.25456565012,sem look-ahead (quantis dos 60 pregões anteriores)
2021-08-10,Ibovespa buy-and-hold,1.18916067877,0.0324798931878,0.25456565012,sem look-ahead (quantis dos 60 pregões anteriores)
2021-08-11,Ibovespa buy-and-hold,1.18773993722,0.0324798931878,0.25456565012,sem look-ahead (quantis dos 60 pregões anteriores)
2021-08-12,Ibovespa buy-and-hold,1.17455428789,0.0324798931878,0.25456565012,sem look-ahead (quantis dos 60 pregões anteriores)
2021-08-13,Ibovespa buy-and-hold,1.1793517234,0.0324798931878,0.25456565012,sem look-ahead (quantis dos 60 pregões anteriores)
2021-08-16,Ibovespa buy-and-hold,1.15975327488,0.0324798931878,0.25456565012,sem look-ahead (quantis dos 60 pregões anteriores)
2021-08-17,Ibovespa buy-and-hold,1.14733638296,0.0324798931878,0.25456565012,sem look-ahead (quantis dos 60 pregões anteriores)
2021-08-18,Ibovespa buy-and-hold,1.13506545764,0.0324798931878,0.25456565012,sem look-ahead (quantis dos 60 pregões anteriores)
2021-08-19,Ibovespa buy-and-hold,1.14014509524,0.0324798931878,0.25456565012,sem look-ahead (quantis dos 60 pregões anteriores)
2021-08-20,Ibovespa buy-and-hold,1.14878631783,0.0324798931878,0.25456565012,sem look-ahead (quantis dos 60 pregões anteriores)
2021-08-23,Ibovespa buy-and-hold,1.14313254494,0.0324798931878,0.25456565012,sem look-ahead (quantis dos 60 pregões anteriores)
2021-08-24,Ibovespa buy-and-hold,1.1697860457,0.0324798931878,0.25456565012,sem look-ahead (quantis dos 60 pregões anteriores)
2021-08-25,Ibovespa buy-and-hold,1.17569282735,0.0324798931878,0.25456565012,sem look-ahead (quantis dos 60 pregões anteriores)
2021-08-26,Ibovespa buy-and-hold,1.1553158903,0.0324798931878,0.25456565012,sem look-ahead (quantis dos 60 pregões anteriores)
2021-08-27,Ibovespa buy-and-hold,1.17433047244,0.0324798931878,0.25456565012,sem look-ahead (quantis dos 60 pregões anteriores)
2021-08-30,Ibovespa buy-and-hold,1.16520269453,0.0324798931878,0.25456565012,sem look-ahead (quantis dos 60 pregões anteriores)
2021-08-31,Ibovespa buy-and-hold,1.15587056338,0.0324798931878,0.25456565012,sem look-ahead (quantis dos 60 pregões anteriores)
2021-09-01,Ibovespa buy-and-hold,1.16185519388,0.0324798931878,0.25456565012,sem look-ahead (quantis dos 60 pregões anteriores)
2021-09-02,Ibovespa buy-and-hold,1.13539631526,0.0324798931878,0.25456565012,sem look-ahead (quantis dos 60 pregões anteriores)
2021-09-03,Ibovespa buy-and-hold,1.13788747853,0.0324798931878,0.25456565012,sem look-ahead (quantis dos 60 pregões anteriores)
2021-09-06,Ibovespa buy-and-hold,1.14699579423,0.0324798931878,0.25456565012,sem look-ahead (quantis dos 60 pregões anteriores)
2021-09-08,Ibovespa buy-and-hold,1.10363398358,0.0324798931878,0.25456565012,sem look-ahead (quantis dos 60 pregões anteriores)
2021-09-09,Ibovespa buy-and-hold,1.12259017908,0.0324798931878,0.25456565012,sem look-ahead (quantis dos 60 pregões anteriores)
2021-09-10,Ibovespa buy-and-hold,1.11212923957,0.0324798931878,0.25456565012,sem look-ahead (quantis dos 60 pregões anteriores)
2021-09-13,Ibovespa buy-and-hold,1.13273972318,0.0324798931878,0.25456565012,sem look-ahead (quantis dos 60 pregões anteriores)
2021-09-14,Ibovespa buy-and-hold,1.13056968643,0.0324798931878,0.25456565012,sem look-ahead (quantis dos 60 pregões anteriores)
2021-09-15,Ibovespa buy-and-hold,1.11969030934,0.0324798931878,0.25456565012,sem look-ahead (quantis dos 60 pregões anteriores)
2021-09-16,Ibovespa buy-and-hold,1.10734153517,0.0324798931878,0.25456565012,sem look-ahead (quantis dos 60 pregões anteriores)
2021-09-17,Ibovespa buy-and-hold,1.08442477932,0.0324798931878,0.25456565012,sem look-ahead (quantis dos 60 pregões anteriores)
2021-09-20,Ibovespa buy-and-hold,1.0591725579,0.0324798931878,0.25456565012,sem look-ahead (quantis dos 60 pregões anteriores)
2021-09-21,Ibovespa buy-and-hold,1.07285449367,0.0324798931878,0.25456565012,sem look-ahead (quantis dos 60 pregões anteriores)
2021-09-22,Ibovespa buy-and-hold,1.09262810211,0.0324798931878,0.25456565012,sem look-ahead (quantis dos 60 pregões anteriores)
2021-09-23,Ibovespa buy-and-hold,1.10996893393,0.0324798931878,0.25456565012,sem look-ahead (quantis dos 60 pregões anteriores)
2021-09-24,Ibovespa buy-and-hold,1.10236893974,0.0324798931878,0.25456565012,sem look-ahead (quantis dos 60 pregões anteriores)
2021-09-27,Ibovespa buy-and-hold,1.10528827169,0.0324798931878,0.25456565012,sem look-ahead (quantis dos 60 pregões anteriores)
2021-09-28,Ibovespa buy-and-hold,1.07162837424,0.0324798931878,0.25456565012,sem look-ahead (quantis dos 60 pregões anteriores)
2021-09-29,Ibovespa buy-and-hold,1.08119405195,0.0324798931878,0.25456565012,sem look-ahead (quantis dos 60 pregões anteriores)
2021-09-30,Ibovespa buy-and-hold,1.07994847032,0.0324798931878,0.25456565012,sem look-ahead (quantis dos 60 pregões anteriores)
2021-10-01,Ibovespa buy-and-hold,1.09864192594,0.0324798931878,0.25456565012,sem look-ahead (quantis dos 60 pregões anteriores)
2021-10-04,Ibovespa buy-and-hold,1.0742460419,0.0324798931878,0.25456565012,sem look-ahead (quantis dos 60 pregões anteriores)
2021-10-05,Ibovespa buy-and-hold,1.07487856382,0.0324798931878,0.25456565012,sem look-ahead (quantis dos 60 pregões anteriores)
2021-10-06,Ibovespa buy-and-hold,1.07587113669,0.0324798931878,0.25456565012,sem look-ahead (quantis dos 60 pregões anteriores)
2021-10-07,Ibovespa buy-and-hold,1.07611441435,0.0324798931878,0.25456565012,sem look-ahead (quantis dos 60 pregões anteriores)
2021-10-08,Ibovespa buy-and-hold,1.0979899418,0.0324798931878,0.25456565012,sem look-ahead (quantis dos 60 pregões anteriores)
2021-10-11,Ibovespa buy-and-hold,1.09163552925,0.0324798931878,0.25456565012,sem look-ahead (quantis dos 60 pregões anteriores)
2021-10-13,Ibovespa buy-and-hold,1.10405242116,0.0324798931878,0.25456565012,sem look-ahead (quantis dos 60 pregões anteriores)
2021-10-14,Ibovespa buy-and-hold,1.1014152913,0.0324798931878,0.25456565012,sem look-ahead (quantis dos 60 pregões anteriores)
2021-10-15,Ibovespa buy-and-hold,1.11565190013,0.0324798931878,0.25456565012,sem look-ahead (quantis dos 60 pregões anteriores)
2021-10-18,Ibovespa buy-and-hold,1.1135110567,0.0324798931878,0.25456565012,sem look-ahead (quantis dos 60 pregões anteriores)
2021-10-19,Ibovespa buy-and-hold,1.07697075172,0.0324798931878,0.25456565012,sem look-ahead (quantis dos 60 pregões anteriores)
2021-10-20,Ibovespa buy-and-hold,1.07807036676,0.0324798931878,0.25456565012,sem look-ahead (quantis dos 60 pregões anteriores)
2021-10-21,Ibovespa buy-and-hold,1.04838076077,0.0324798931878,0.25456565012,sem look-ahead (quantis dos 60 pregões anteriores)
2021-10-22,Ibovespa buy-and-hold,1.03437769849,0.0324798931878,0.25456565012,sem look-ahead (quantis dos 60 pregões anteriores)
2021-10-25,Ibovespa buy-and-hold,1.05791724516,0.0324798931878,0.25456565012,sem look-ahead (quantis dos 60 pregões anteriores)
2021-10-26,Ibovespa buy-and-hold,1.0355843557,0.0324798931878,0.25456565012,sem look-ahead (quantis dos 60 pregões anteriores)
2021-10-27,Ibovespa buy-and-hold,1.03502968263,0.0324798931878,0.25456565012,sem look-ahead (quantis dos 60 pregões anteriores)
2021-10-28,Ibovespa buy-and-hold,1.02862661454,0.0324798931878,0.25456565012,sem look-ahead (quantis dos 60 pregões anteriores)
2021-10-29,Ibovespa buy-and-hold,1.00717925577,0.0324798931878,0.25456565012,sem look-ahead (quantis dos 60 pregões anteriores)
2021-11-01,Ibovespa buy-and-hold,1.02712802414,0.0324798931878,0.25456565012,sem look-ahead (quantis dos 60 pregões anteriores)
2021-11-03,Ibovespa buy-and-hold,1.02777027717,0.0324798931878,0.25456565012,sem look-ahead (quantis dos 60 pregões anteriores)
2021-11-04,Ibovespa buy-and-hold,1.00631318729,0.0324798931878,0.25456565012,sem look-ahead (quantis dos 60 pregões anteriores)
2021-11-05,Ibovespa buy-and-hold,1.0200535097,0.0324798931878,0.25456565012,sem look-ahead (quantis dos 60 pregões anteriores)
2021-11-08,Ibovespa buy-and-hold,1.01963507212,0.0324798931878,0.25456565012,sem look-ahead (quantis dos 60 pregões anteriores)
2021-11-09,Ibovespa buy-and-hold,1.02697232643,0.0324798931878,0.25456565012,sem look-ahead (quantis dos 60 pregões anteriores)
2021-11-10,Ibovespa buy-and-hold,1.03118589555,0.0324798931878,0.25456565012,sem look-ahead (quantis dos 60 pregões anteriores)
2021-11-11,Ibovespa buy-and-hold,1.04828344971,0.0324798931878,0.25456565012,sem look-ahead (quantis dos 60 pregões anteriores)
2021-11-12,Ibovespa buy-and-hold,1.0345333962,0.0324798931878,0.25456565012,sem look-ahead (quantis dos 60 pregões anteriores)
2021-11-16,Ibovespa buy-and-hold,1.01697848004,0.0324798931878,0.25456565012,sem look-ahead (quantis dos 60 pregões anteriores)
2021-11-17,Ibovespa buy-and-hold,1.00176876055,0.0324798931878,0.25456565012,sem look-ahead (quantis dos 60 pregões anteriores)
2021-11-18,Ibovespa buy-and-hold,0.997671964704,0.0324798931878,0.25456565012,sem look-ahead (quantis dos 60 pregões anteriores)
2021-11-19,Ibovespa buy-and-hold,1.00264456013,0.0324798931878,0.25456565012,sem look-ahead (quantis dos 60 pregões anteriores)
2021-11-22,Ibovespa buy-and-hold,0.993760059883,0.0324798931878,0.25456565012,sem look-ahead (quantis dos 60 pregões anteriores)
2021-11-23,Ibovespa buy-and-hold,1.00875569503,0.0324798931878,0.25456565012,sem look-ahead (quantis dos 60 pregões anteriores)
2021-11-24,Ibovespa buy-and-hold,1.01703686668,0.0324798931878,0.25456565012,sem look-ahead (quantis dos 60 pregões anteriores)
2021-11-25,Ibovespa buy-and-hold,1.02965811183,0.0324798931878,0.25456565012,sem look-ahead (quantis dos 60 pregões anteriores)
2021-11-26,Ibovespa buy-and-hold,0.994752632748,0.0324798931878,0.25456565012,sem look-ahead (quantis dos 60 pregões anteriores)
2021-11-29,Ibovespa buy-and-hold,1.00049398559,0.0324798931878,0.25456565012,sem look-ahead (quantis dos 60 pregões anteriores)
2021-11-30,Ibovespa buy-and-hold,0.991745720834,0.0324798931878,0.25456565012,sem look-ahead (quantis dos 60 pregões anteriores)
2021-12-01,Ibovespa buy-and-hold,0.980652259403,0.0324798931878,0.25456565012,sem look-ahead (quantis dos 60 pregões anteriores)
2021-12-02,Ibovespa buy-and-hold,1.01656977356,0.0324798931878,0.25456565012,sem look-ahead (quantis dos 60 pregões anteriores)
2021-12-03,Ibovespa buy-and-hold,1.0224473619,0.0324798931878,0.25456565012,sem look-ahead (quantis dos 60 pregões anteriores)
2021-12-06,Ibovespa buy-and-hold,1.03985631146,0.0324798931878,0.25456565012,sem look-ahead (quantis dos 60 pregões anteriores)
2021-12-07,Ibovespa buy-and-hold,1.04665835492,0.0324798931878,0.25456565012,sem look-ahead (quantis dos 60 pregões anteriores)
2021-12-08,Ibovespa buy-and-hold,1.05189369022,0.0324798931878,0.25456565012,sem look-ahead (quantis dos 60 pregões anteriores)
2021-12-09,Ibovespa buy-and-hold,1.03432904296,0.0324798931878,0.25456565012,sem look-ahead (quantis dos 60 pregões anteriores)
2021-12-10,Ibovespa buy-and-hold,1.04860457622,0.0324798931878,0.25456565012,sem look-ahead (quantis dos 60 pregões anteriores)
2021-12-13,Ibovespa buy-and-hold,1.04495541128,0.0324798931878,0.25456565012,sem look-ahead (quantis dos 60 pregões anteriores)
2021-12-14,Ibovespa buy-and-hold,1.03889293192,0.0324798931878,0.25456565012,sem look-ahead (quantis dos 60 pregões anteriores)
2021-12-15,Ibovespa buy-and-hold,1.04482890689,0.0324798931878,0.25456565012,sem look-ahead (quantis dos 60 pregões anteriores)
2021-12-16,Ibovespa buy-and-hold,1.05302249858,0.0324798931878,0.25456565012,sem look-ahead (quantis dos 60 pregões anteriores)
2021-12-17,Ibovespa buy-and-hold,1.04318434989,0.0324798931878,0.25456565012,sem look-ahead (quantis dos 60 pregões anteriores)
2021-12-20,Ibovespa buy-and-hold,1.02196080657,0.0324798931878,0.25456565012,sem look-ahead (quantis dos 60 pregões anteriores)
2021-12-21,Ibovespa buy-and-hold,1.0266317377,0.0324798931878,0.25456565012,sem look-ahead (quantis dos 60 pregões anteriores)
2021-12-22,Ibovespa buy-and-hold,1.02414057443,0.0324798931878,0.25456565012,sem look-ahead (quantis dos 60 pregões anteriores)
2021-12-23,Ibovespa buy-and-hold,1.02070549383,0.0324798931878,0.25456565012,sem look-ahead (quantis dos 60 pregões anteriores)
2021-12-27,Ibovespa buy-and-hold,1.026933402,0.0324798931878,0.25456565012,sem look-ahead (quantis dos 60 pregões anteriores)
2021-12-28,Ibovespa buy-and-hold,1.02044275396,0.0324798931878,0.25456565012,sem look-ahead (quantis dos 60 pregões anteriores)
2021-12-29,Ibovespa buy-and-hold,1.01307630632,0.0324798931878,0.25456565012,sem look-ahead (quantis dos 60 pregões anteriores)
2021-12-30,Ibovespa buy-and-hold,1.02003404748,0.0324798931878,0.25456565012,sem look-ahead (quantis dos 60 pregões anteriores)
2022-01-03,Ibovespa buy-and-hold,1.01127605162,0.0324798931878,0.25456565012,sem look-ahead (quantis dos 60 pregões anteriores)
2022-01-04,Ibovespa buy-and-hold,1.00730576016,0.0324798931878,0.25456565012,sem look-ahead (quantis dos 60 pregões anteriores)
2022-01-05,Ibovespa buy-and-hold,0.982900145009,0.0324798931878,0.25456565012,sem look-ahead (quantis dos 60 pregões anteriores)
2022-01-06,Ibovespa buy-and-hold,0.988300909126,0.0324798931878,0.25456565012,sem look-ahead (quantis dos 60 pregões anteriores)
2022-01-07,Ibovespa buy-and-hold,0.999569530475,0.0324798931878,0.25456565012,sem look-ahead (quantis dos 60 pregões anteriores)
2022-01-10,Ibovespa buy-and-hold,0.992037654029,0.0324798931878,0.25456565012,sem look-ahead (quantis dos 60 pregões anteriores)
2022-01-11,Ibovespa buy-and-hold,1.00988450338,0.0324798931878,0.25456565012,sem look-ahead (quantis dos 60 pregões anteriores)
2022-01-12,Ibovespa buy-and-hold,1.02844172352,0.0324798931878,0.25456565012,sem look-ahead (quantis dos 60 pregões anteriores)
2022-01-13,Ibovespa buy-and-hold,1.0269236709,0.0324798931878,0.25456565012,sem look-ahead (quantis dos 60 pregões anteriores)
2022-01-14,Ibovespa buy-and-hold,1.04052775781,0.0324798931878,0.25456565012,sem look-ahead (quantis dos 60 pregões anteriores)
2022-01-17,Ibovespa buy-and-hold,1.03823121667,0.0324798931878,0.25456565012,sem look-ahead (quantis dos 60 pregões anteriores)
2022-01-18,Ibovespa buy-and-hold,1.03657692856,0.0324798931878,0.25456565012,sem look-ahead (quantis dos 60 pregões anteriores)
2022-01-19,Ibovespa buy-and-hold,1.05108600838,0.0324798931878,0.25456565012,sem look-ahead (quantis dos 60 pregões anteriores)
2022-01-20,Ibovespa buy-and-hold,1.06168318338,0.0324798931878,0.25456565012,sem look-ahead (quantis dos 60 pregões anteriores)
2022-01-21,Ibovespa buy-and-hold,1.06012620634,0.0324798931878,0.25456565012,sem look-ahead (quantis dos 60 pregões anteriores)
2022-01-24,Ibovespa buy-and-hold,1.04854618958,0.0324798931878,0.25456565012,sem look-ahead (quantis dos 60 pregões anteriores)
2022-01-25,Ibovespa buy-and-hold,1.06891339553,0.0324798931878,0.25456565012,sem look-ahead (quantis dos 60 pregões anteriores)
2022-01-26,Ibovespa buy-and-hold,1.08572874759,0.0324798931878,0.25456565012,sem look-ahead (quantis dos 60 pregões anteriores)
2022-01-27,Ibovespa buy-and-hold,1.09294922863,0.0324798931878,0.25456565012,sem look-ahead (quantis dos 60 pregões anteriores)
2022-01-28,Ibovespa buy-and-hold,1.08480429247,0.0324798931878,0.25456565012,sem look-ahead (quantis dos 60 pregões anteriores)
2022-01-31,Ibovespa buy-and-hold,1.0936595994,0.0324798931878,0.25456565012,sem look-ahead (quantis dos 60 pregões anteriores)
2022-02-01,Ibovespa buy-and-hold,1.10104550925,0.0324798931878,0.25456565012,sem look-ahead (quantis dos 60 pregões anteriores)
2022-02-02,Ibovespa buy-and-hold,1.09145063822,0.0324798931878,0.25456565012,sem look-ahead (quantis dos 60 pregões anteriores)
2022-02-03,Ibovespa buy-and-hold,1.08692567369,0.0324798931878,0.25456565012,sem look-ahead (quantis dos 60 pregões anteriores)
2022-02-04,Ibovespa buy-and-hold,1.09226805117,0.0324798931878,0.25456565012,sem look-ahead (quantis dos 60 pregões anteriores)
2022-02-07,Ibovespa buy-and-hold,1.08984500565,0.0324798931878,0.25456565012,sem look-ahead (quantis dos 60 pregões anteriores)
2022-02-08,Ibovespa buy-and-hold,1.092161009,0.0324798931878,0.25456565012,sem look-ahead (quantis dos 60 pregões anteriores)
2022-02-09,Ibovespa buy-and-hold,1.09436997018,0.0324798931878,0.25456565012,sem look-ahead (quantis dos 60 pregões anteriores)
2022-02-10,Ibovespa buy-and-hold,1.10310850383,0.0324798931878,0.25456565012,sem look-ahead (quantis dos 60 pregões anteriores)
2022-02-11,Ibovespa buy-and-hold,1.10518122952,0.0324798931878,0.25456565012,sem look-ahead (quantis dos 60 pregões anteriores)
2022-02-14,Ibovespa buy-and-hold,1.10746803955,0.0324798931878,0.25456565012,sem look-ahead (quantis dos 60 pregões anteriores)
2022-02-15,Ibovespa buy-and-hold,1.11576867341,0.0324798931878,0.25456565012,sem look-ahead (quantis dos 60 pregões anteriores)
2022-02-16,Ibovespa buy-and-hold,1.12083857991,0.0324798931878,0.25456565012,sem look-ahead (quantis dos 60 pregões anteriores)
2022-02-17,Ibovespa buy-and-hold,1.10475306083,0.0324798931878,0.25456565012,sem look-ahead (quantis dos 60 pregões anteriores)
2022-02-18,Ibovespa buy-and-hold,1.09735741988,0.0324798931878,0.25456565012,sem look-ahead (quantis dos 60 pregões anteriores)
2022-02-21,Ibovespa buy-and-hold,1.08720787578,0.0324798931878,0.25456565012,sem look-ahead (quantis dos 60 pregões anteriores)
2022-02-22,Ibovespa buy-and-hold,1.09856407709,0.0324798931878,0.25456565012,sem look-ahead (quantis dos 60 pregões anteriores)
2022-02-23,Ibovespa buy-and-hold,1.08996177893,0.0324798931878,0.25456565012,sem look-ahead (quantis dos 60 pregões anteriores)
2022-02-24,Ibovespa buy-and-hold,1.08591363861,0.0324798931878,0.25456565012,sem look-ahead (quantis dos 60 pregões anteriores)
2022-02-25,Ibovespa buy-and-hold,1.10099685372,0.0324798931878,0.25456565012,sem look-ahead (quantis dos 60 pregões anteriores)
2022-03-02,Ibovespa buy-and-hold,1.12077046216,0.0324798931878,0.25456565012,sem look-ahead (quantis dos 60 pregões anteriores)
2022-03-03,Ibovespa buy-and-hold,1.12069261331,0.0324798931878,0.25456565012,sem look-ahead (quantis dos 60 pregões anteriores)
2022-03-04,Ibovespa buy-and-hold,1.1139586876,0.0324798931878,0.25456565012,sem look-ahead (quantis dos 60 pregões anteriores)
2022-03-07,Ibovespa buy-and-hold,1.08592336972,0.0324798931878,0.25456565012,sem look-ahead (quantis dos 60 pregões anteriores)
2022-03-08,Ibovespa buy-and-hold,1.08212823818,0.0324798931878,0.25456565012,sem look-ahead (quantis dos 60 pregões anteriores)
2022-03-09,Ibovespa buy-and-hold,1.10837303246,0.0324798931878,0.25456565012,sem look-ahead (quantis dos 60 pregões anteriores)
2022-03-10,Ibovespa buy-and-hold,1.10606676021,0.0324798931878,0.25456565012,sem look-ahead (quantis dos 60 pregões anteriores)
2022-03-11,Ibovespa buy-and-hold,1.0870911025,0.0324798931878,0.25456565012,sem look-ahead (quantis dos 60 pregões anteriores)
2022-03-14,Ibovespa buy-and-hold,1.06972107737,0.0324798931878,0.25456565012,sem look-ahead (quantis dos 60 pregões anteriores)
2022-03-15,Ibovespa buy-and-hold,1.06029163515,0.0324798931878,0.25456565012,sem look-ahead (quantis dos 60 pregões anteriores)
2022-03-16,Ibovespa buy-and-hold,1.08124270748,0.0324798931878,0.25456565012,sem look-ahead (quantis dos 60 pregões anteriores)
2022-03-17,Ibovespa buy-and-hold,1.10035460069,0.0324798931878,0.25456565012,sem look-ahead (quantis dos 60 pregões anteriores)
2022-03-18,Ibovespa buy-and-hold,1.12210362376,0.0324798931878,0.25456565012,sem look-ahead (quantis dos 60 pregões anteriores)
2022-03-21,Ibovespa buy-and-hold,1.13031667766,0.0324798931878,0.25456565012,sem look-ahead (quantis dos 60 pregões anteriores)
2022-03-22,Ibovespa buy-and-hold,1.14118632364,0.0324798931878,0.25456565012,sem look-ahead (quantis dos 60 pregões anteriores)
2022-03-23,Ibovespa buy-and-hold,1.14298657834,0.0324798931878,0.25456565012,sem look-ahead (quantis dos 60 pregões anteriores)
2022-03-24,Ibovespa buy-and-hold,1.15851742435,0.0324798931878,0.25456565012,sem look-ahead (quantis dos 60 pregões anteriores)
2022-03-25,Ibovespa buy-and-hold,1.15878989533,0.0324798931878,0.25456565012,sem look-ahead (quantis dos 60 pregões anteriores)
2022-03-28,Ibovespa buy-and-hold,1.15545212579,0.0324798931878,0.25456565012,sem look-ahead (quantis dos 60 pregões anteriores)
2022-03-29,Ibovespa buy-and-hold,1.16786901771,0.0324798931878,0.25456565012,sem look-ahead (quantis dos 60 pregões anteriores)
2022-03-30,Ibovespa buy-and-hold,1.17026286992,0.0324798931878,0.25456565012,sem look-ahead (quantis dos 60 pregões anteriores)
2022-03-31,Ibovespa buy-and-hold,1.16772305111,0.0324798931878,0.25456565012,sem look-ahead (quantis dos 60 pregões anteriores)
2022-04-01,Ibovespa buy-and-hold,1.18301061946,0.0324798931878,0.25456565012,sem look-ahead (quantis dos 60 pregões anteriores)
2022-04-04,Ibovespa buy-and-hold,1.18018859856,0.0324798931878,0.25456565012,sem look-ahead (quantis dos 60 pregões anteriores)
2022-04-05,Ibovespa buy-and-hold,1.15688259845,0.0324798931878,0.25456565012,sem look-ahead (quantis dos 60 pregões anteriores)
2022-04-06,Ibovespa buy-and-hold,1.15048926147,0.0324798931878,0.25456565012,sem look-ahead (quantis dos 60 pregões anteriores)
2022-04-07,Ibovespa buy-and-hold,1.156658783,0.0324798931878,0.25456565012,sem look-ahead (quantis dos 60 pregões anteriores)
2022-04-08,Ibovespa buy-and-hold,1.15140398548,0.0324798931878,0.25456565012,sem look-ahead (quantis dos 60 pregões anteriores)
2022-04-11,Ibovespa buy-and-hold,1.13808210066,0.0324798931878,0.25456565012,sem look-ahead (quantis dos 60 pregões anteriores)
2022-04-12,Ibovespa buy-and-hold,1.13023882881,0.0324798931878,0.25456565012,sem look-ahead (quantis dos 60 pregões anteriores)
2022-04-13,Ibovespa buy-and-hold,1.13641808144,0.0324798931878,0.25456565012,sem look-ahead (quantis dos 60 pregões anteriores)
2022-04-14,Ibovespa buy-and-hold,1.13057941753,0.0324798931878,0.25456565012,sem look-ahead (quantis dos 60 pregões anteriores)
2022-04-18,Ibovespa buy-and-hold,1.12576251981,0.0324798931878,0.25456565012,sem look-ahead (quantis dos 60 pregões anteriores)
2022-04-19,Ibovespa buy-and-hold,1.1196319227,0.0324798931878,0.25456565012,sem look-ahead (quantis dos 60 pregões anteriores)
2022-04-20,Ibovespa buy-and-hold,1.11269364375,0.0324798931878,0.25456565012,sem look-ahead (quantis dos 60 pregões anteriores)
2022-04-22,Ibovespa buy-and-hold,1.08091184986,0.0324798931878,0.25456565012,sem look-ahead (quantis dos 60 pregões anteriores)
2022-04-25,Ibovespa buy-and-hold,1.077087525,0.0324798931878,0.25456565012,sem look-ahead (quantis dos 60 pregões anteriores)
2022-04-26,Ibovespa buy-and-hold,1.05303222969,0.0324798931878,0.25456565012,sem look-ahead (quantis dos 60 pregões anteriores)
2022-04-27,Ibovespa buy-and-hold,1.06408676669,0.0324798931878,0.25456565012,sem look-ahead (quantis dos 60 pregões anteriores)
2022-04-28,Ibovespa buy-and-hold,1.06963349741,0.0324798931878,0.25456565012,sem look-ahead (quantis dos 60 pregões anteriores)
2022-04-29,Ibovespa buy-and-hold,1.04975284679,0.0324798931878,0.25456565012,sem look-ahead (quantis dos 60 pregões anteriores)
2022-05-02,Ibovespa buy-and-hold,1.03771546803,0.0324798931878,0.25456565012,sem look-ahead (quantis dos 60 pregões anteriores)
2022-05-03,Ibovespa buy-and-hold,1.0366353152,0.0324798931878,0.25456565012,sem look-ahead (quantis dos 60 pregões anteriores)
2022-05-04,Ibovespa buy-and-hold,1.05430700464,0.0324798931878,0.25456565012,sem look-ahead (quantis dos 60 pregões anteriores)
2022-05-05,Ibovespa buy-and-hold,1.02472444083,0.0324798931878,0.25456565012,sem look-ahead (quantis dos 60 pregões anteriores)
2022-05-06,Ibovespa buy-and-hold,1.02307988382,0.0324798931878,0.25456565012,sem look-ahead (quantis dos 60 pregões anteriores)
2022-05-09,Ibovespa buy-and-hold,1.00473674804,0.0324798931878,0.25456565012,sem look-ahead (quantis dos 60 pregões anteriores)
2022-05-10,Ibovespa buy-and-hold,1.00337439312,0.0324798931878,0.25456565012,sem look-ahead (quantis dos 60 pregões anteriores)
2022-05-11,Ibovespa buy-and-hold,1.01589832721,0.0324798931878,0.25456565012,sem look-ahead (quantis dos 60 pregões anteriores)
2022-05-12,Ibovespa buy-and-hold,1.02846118573,0.0324798931878,0.25456565012,sem look-ahead (quantis dos 60 pregões anteriores)
2022-05-13,Ibovespa buy-and-hold,1.04048883339,0.0324798931878,0.25456565012,sem look-ahead (quantis dos 60 pregões anteriores)
2022-05-16,Ibovespa buy-and-hold,1.05322685182,0.0324798931878,0.25456565012,sem look-ahead (quantis dos 60 pregões anteriores)
2022-05-17,Ibovespa buy-and-hold,1.05863734704,0.0324798931878,0.25456565012,sem look-ahead (quantis dos 60 pregões anteriores)
2022-05-18,Ibovespa buy-and-hold,1.03390087427,0.0324798931878,0.25456565012,sem look-ahead (quantis dos 60 pregões anteriores)
2022-05-19,Ibovespa buy-and-hold,1.04127705301,0.0324798931878,0.25456565012,sem look-ahead (quantis dos 60 pregões anteriores)
2022-05-20,Ibovespa buy-and-hold,1.05570828398,0.0324798931878,0.25456565012,sem look-ahead (quantis dos 60 pregões anteriores)
2022-05-23,Ibovespa buy-and-hold,1.07378867989,0.0324798931878,0.25456565012,sem look-ahead (quantis dos 60 pregões anteriores)
2022-05-24,Ibovespa buy-and-hold,1.07607548992,0.0324798931878,0.25456565012,sem look-ahead (quantis dos 60 pregões anteriores)
2022-05-25,Ibovespa buy-and-hold,1.07606575882,0.0324798931878,0.25456565012,sem look-ahead (quantis dos 60 pregões anteriores)
2022-05-26,Ibovespa buy-and-hold,1.08881350836,0.0324798931878,0.25456565012,sem look-ahead (quantis dos 60 pregões anteriores)
2022-05-27,Ibovespa buy-and-hold,1.08931952589,0.0324798931878,0.25456565012,sem look-ahead (quantis dos 60 pregões anteriores)
2022-05-30,Ibovespa buy-and-hold,1.08046421896,0.0324798931878,0.25456565012,sem look-ahead (quantis dos 60 pregões anteriores)
2022-05-31,Ibovespa buy-and-hold,1.08356844194,0.0324798931878,0.25456565012,sem look-ahead (quantis dos 60 pregões anteriores)
2022-06-01,Ibovespa buy-and-hold,1.0836560219,0.0324798931878,0.25456565012,sem look-ahead (quantis dos 60 pregões anteriores)
2022-06-02,Ibovespa buy-and-hold,1.09370825493,0.0324798931878,0.25456565012,sem look-ahead (quantis dos 60 pregões anteriores)
2022-06-03,Ibovespa buy-and-hold,1.08114539642,0.0324798931878,0.25456565012,sem look-ahead (quantis dos 60 pregões anteriores)
2022-06-06,Ibovespa buy-and-hold,1.07223170285,0.0324798931878,0.25456565012,sem look-ahead (quantis dos 60 pregões anteriores)
2022-06-07,Ibovespa buy-and-hold,1.07110289449,0.0324798931878,0.25456565012,sem look-ahead (quantis dos 60 pregões anteriores)
2022-06-08,Ibovespa buy-and-hold,1.0545405512,0.0324798931878,0.25456565012,sem look-ahead (quantis dos 60 pregões anteriores)
2022-06-09,Ibovespa buy-and-hold,1.04214312149,0.0324798931878,0.25456565012,sem look-ahead (quantis dos 60 pregões anteriores)
2022-06-10,Ibovespa buy-and-hold,1.02644684668,0.0324798931878,0.25456565012,sem look-ahead (quantis dos 60 pregões anteriores)
2022-06-13,Ibovespa buy-and-hold,0.998392066586,0.0324798931878,0.25456565012,sem look-ahead (quantis dos 60 pregões anteriores)
2022-06-14,Ibovespa buy-and-hold,0.993185924599,0.0324798931878,0.25456565012,sem look-ahead (quantis dos 60 pregões anteriores)
2022-06-15,Ibovespa buy-and-hold,1.00042586785,0.0324798931878,0.25456565012,sem look-ahead (quantis dos 60 pregões anteriores)
2022-06-17,Ibovespa buy-and-hold,0.97140770821,0.0324798931878,0.25456565012,sem look-ahead (quantis dos 60 pregões anteriores)
2022-06-20,Ibovespa buy-and-hold,0.971680179193,0.0324798931878,0.25456565012,sem look-ahead (quantis dos 60 pregões anteriores)
2022-06-21,Ibovespa buy-and-hold,0.970045353298,0.0324798931878,0.25456565012,sem look-ahead (quantis dos 60 pregões anteriores)
2022-06-22,Ibovespa buy-and-hold,0.968459182935,0.0324798931878,0.25456565012,sem look-ahead (quantis dos 60 pregões anteriores)
2022-06-23,Ibovespa buy-and-hold,0.954426927335,0.0324798931878,0.25456565012,sem look-ahead (quantis dos 60 pregões anteriores)
2022-06-24,Ibovespa buy-and-hold,0.960187742394,0.0324798931878,0.25456565012,sem look-ahead (quantis dos 60 pregões anteriores)
2022-06-27,Ibovespa buy-and-hold,0.980545217231,0.0324798931878,0.25456565012,sem look-ahead (quantis dos 60 pregões anteriores)
2022-06-28,Ibovespa buy-and-hold,0.978861735803,0.0324798931878,0.25456565012,sem look-ahead (quantis dos 60 pregões anteriores)
2022-06-29,Ibovespa buy-and-hold,0.969432293587,0.0324798931878,0.25456565012,sem look-ahead (quantis dos 60 pregões anteriores)
2022-06-30,Ibovespa buy-and-hold,0.958922698547,0.0324798931878,0.25456565012,sem look-ahead (quantis dos 60 pregões anteriores)
2022-07-01,Ibovespa buy-and-hold,0.962931914433,0.0324798931878,0.25456565012,sem look-ahead (quantis dos 60 pregões anteriores)
2022-07-04,Ibovespa buy-and-hold,0.959574682684,0.0324798931878,0.25456565012,sem look-ahead (quantis dos 60 pregões anteriores)
2022-07-05,Ibovespa buy-and-hold,0.956519115237,0.0324798931878,0.25456565012,sem look-ahead (quantis dos 60 pregões anteriores)
2022-07-06,Ibovespa buy-and-hold,0.960645104401,0.0324798931878,0.25456565012,sem look-ahead (quantis dos 60 pregões anteriores)
2022-07-07,Ibovespa buy-and-hold,0.980214359609,0.0324798931878,0.25456565012,sem look-ahead (quantis dos 60 pregões anteriores)
2022-07-08,Ibovespa buy-and-hold,0.975922941635,0.0324798931878,0.25456565012,sem look-ahead (quantis dos 60 pregões anteriores)
2022-07-11,Ibovespa buy-and-hold,0.955711433396,0.0324798931878,0.25456565012,sem look-ahead (quantis dos 60 pregões anteriores)
2022-07-12,Ibovespa buy-and-hold,0.95628556868,0.0324798931878,0.25456565012,sem look-ahead (quantis dos 60 pregões anteriores)
2022-07-13,Ibovespa buy-and-hold,0.952490437138,0.0324798931878,0.25456565012,sem look-ahead (quantis dos 60 pregões anteriores)
2022-07-14,Ibovespa buy-and-hold,0.935363689666,0.0324798931878,0.25456565012,sem look-ahead (quantis dos 60 pregões anteriores)
2022-07-15,Ibovespa buy-and-hold,0.939548065469,0.0324798931878,0.25456565012,sem look-ahead (quantis dos 60 pregões anteriores)
2022-07-18,Ibovespa buy-and-hold,0.943099919348,0.0324798931878,0.25456565012,sem look-ahead (quantis dos 60 pregões anteriores)
2022-07-19,Ibovespa buy-and-hold,0.956032559911,0.0324798931878,0.25456565012,sem look-ahead (quantis dos 60 pregões anteriores)
2022-07-20,Ibovespa buy-and-hold,0.956441266385,0.0324798931878,0.25456565012,sem look-ahead (quantis dos 60 pregões anteriores)
2022-07-21,Ibovespa buy-and-hold,0.963700671848,0.0324798931878,0.25456565012,sem look-ahead (quantis dos 60 pregões anteriores)
2022-07-22,Ibovespa buy-and-hold,0.962649712344,0.0324798931878,0.25456565012,sem look-ahead (quantis dos 60 pregões anteriores)
2022-07-25,Ibovespa buy-and-hold,0.975738050611,0.0324798931878,0.25456565012,sem look-ahead (quantis dos 60 pregões anteriores)
2022-07-26,Ibovespa buy-and-hold,0.970891959565,0.0324798931878,0.25456565012,sem look-ahead (quantis dos 60 pregões anteriores)
2022-07-27,Ibovespa buy-and-hold,0.987103983025,0.0324798931878,0.25456565012,sem look-ahead (quantis dos 60 pregões anteriores)
2022-07-28,Ibovespa buy-and-hold,0.99838233548,0.0324798931878,0.25456565012,sem look-ahead (quantis dos 60 pregões anteriores)
2022-07-29,Ibovespa buy-and-hold,1.00390960398,0.0324798931878,0.25456565012,sem look-ahead (quantis dos 60 pregões anteriores)
2022-08-01,Ibovespa buy-and-hold,0.994762363855,0.0324798931878,0.25456565012,sem look-ahead (quantis dos 60 pregões anteriores)
2022-08-02,Ibovespa buy-and-hold,1.00582663197,0.0324798931878,0.25456565012,sem look-ahead (quantis dos 60 pregões anteriores)
2022-08-03,Ibovespa buy-and-hold,1.00984557896,0.0324798931878,0.25456565012,sem look-ahead (quantis dos 60 pregões anteriores)
2022-08-04,Ibovespa buy-and-hold,1.03044633146,0.0324798931878,0.25456565012,sem look-ahead (quantis dos 60 pregões anteriores)
2022-08-05,Ibovespa buy-and-hold,1.03609037324,0.0324798931878,0.25456565012,sem look-ahead (quantis dos 60 pregões anteriores)
2022-08-08,Ibovespa buy-and-hold,1.05487140882,0.0324798931878,0.25456565012,sem look-ahead (quantis dos 60 pregões anteriores)
2022-08-09,Ibovespa buy-and-hold,1.05729445434,0.0324798931878,0.25456565012,sem look-ahead (quantis dos 60 pregões anteriores)
2022-08-10,Ibovespa buy-and-hold,1.07271825817,0.0324798931878,0.25456565012,sem look-ahead (quantis dos 60 pregões anteriores)
2022-08-11,Ibovespa buy-and-hold,1.067677545,0.0324798931878,0.25456565012,sem look-ahead (quantis dos 60 pregões anteriores)
2022-08-12,Ibovespa buy-and-hold,1.09731849545,0.0324798931878,0.25456565012,sem look-ahead (quantis dos 60 pregões anteriores)
2022-08-15,Ibovespa buy-and-hold,1.099926432,0.0324798931878,0.25456565012,sem look-ahead (quantis dos 60 pregões anteriores)
2022-08-16,Ibovespa buy-and-hold,1.10459736313,0.0324798931878,0.25456565012,sem look-ahead (quantis dos 60 pregões anteriores)
2022-08-17,Ibovespa buy-and-hold,1.10650466001,0.0324798931878,0.25456565012,sem look-ahead (quantis dos 60 pregões anteriores)
2022-08-18,Ibovespa buy-and-hold,1.10752642619,0.0324798931878,0.25456565012,sem look-ahead (quantis dos 60 pregões anteriores)
2022-08-19,Ibovespa buy-and-hold,1.08497945239,0.0324798931878,0.25456565012,sem look-ahead (quantis dos 60 pregões anteriores)
2022-08-22,Ibovespa buy-and-hold,1.0752970014,0.0324798931878,0.25456565012,sem look-ahead (quantis dos 60 pregões anteriores)
2022-08-23,Ibovespa buy-and-hold,1.09822348836,0.0324798931878,0.25456565012,sem look-ahead (quantis dos 60 pregões anteriores)
2022-08-24,Ibovespa buy-and-hold,1.09862246373,0.0324798931878,0.25456565012,sem look-ahead (quantis dos 60 pregões anteriores)
2022-08-25,Ibovespa buy-and-hold,1.10479198526,0.0324798931878,0.25456565012,sem look-ahead (quantis dos 60 pregões anteriores)
2022-08-26,Ibovespa buy-and-hold,1.09279353092,0.0324798931878,0.25456565012,sem look-ahead (quantis dos 60 pregões anteriores)
2022-08-29,Ibovespa buy-and-hold,1.09302707748,0.0324798931878,0.25456565012,sem look-ahead (quantis dos 60 pregões anteriores)
2022-08-30,Ibovespa buy-and-hold,1.07461582395,0.0324798931878,0.25456565012,sem look-ahead (quantis dos 60 pregões anteriores)
2022-08-31,Ibovespa buy-and-hold,1.06577997923,0.0324798931878,0.25456565012,sem look-ahead (quantis dos 60 pregões anteriores)
2022-09-01,Ibovespa buy-and-hold,1.07436281518,0.0324798931878,0.25456565012,sem look-ahead (quantis dos 60 pregões anteriores)
2022-09-02,Ibovespa buy-and-hold,1.07882939307,0.0324798931878,0.25456565012,sem look-ahead (quantis dos 60 pregões anteriores)
2022-09-05,Ibovespa buy-and-hold,1.0918593447,0.0324798931878,0.25456565012,sem look-ahead (quantis dos 60 pregões anteriores)
2022-09-06,Ibovespa buy-and-hold,1.0681251759,0.0324798931878,0.25456565012,sem look-ahead (quantis dos 60 pregões anteriores)
2022-09-08,Ibovespa buy-and-hold,1.06960430409,0.0324798931878,0.25456565012,sem look-ahead (quantis dos 60 pregões anteriores)
2022-09-09,Ibovespa buy-and-hold,1.09280326203,0.0324798931878,0.25456565012,sem look-ahead (quantis dos 60 pregões anteriores)
2022-09-12,Ibovespa buy-and-hold,1.10357559694,0.0324798931878,0.25456565012,sem look-ahead (quantis dos 60 pregões anteriores)
2022-09-13,Ibovespa buy-and-hold,1.07814821561,0.0324798931878,0.25456565012,sem look-ahead (quantis dos 60 pregões anteriores)
2022-09-14,Ibovespa buy-and-hold,1.0757446323,0.0324798931878,0.25456565012,sem look-ahead (quantis dos 60 pregões anteriores)
2022-09-15,Ibovespa buy-and-hold,1.06997408614,0.0324798931878,0.25456565012,sem look-ahead (quantis dos 60 pregões anteriores)
2022-09-16,Ibovespa buy-and-hold,1.06341532034,0.0324798931878,0.25456565012,sem look-ahead (quantis dos 60 pregões anteriores)
2022-09-19,Ibovespa buy-and-hold,1.08817125533,0.0324798931878,0.25456565012,sem look-ahead (quantis dos 60 pregões anteriores)
2022-09-20,Ibovespa buy-and-hold,1.09491491214,0.0324798931878,0.25456565012,sem look-ahead (quantis dos 60 pregões anteriores)
2022-09-21,Ibovespa buy-and-hold,1.08926113926,0.0324798931878,0.25456565012,sem look-ahead (quantis dos 60 pregões anteriores)
2022-09-22,Ibovespa buy-and-hold,1.11002732057,0.0324798931878,0.25456565012,sem look-ahead (quantis dos 60 pregões anteriores)
2022-09-23,Ibovespa buy-and-hold,1.08712029582,0.0324798931878,0.25456565012,sem look-ahead (quantis dos 60 pregões anteriores)
2022-09-26,Ibovespa buy-and-hold,1.06179995666,0.0324798931878,0.25456565012,sem look-ahead (quantis dos 60 pregões anteriores)
2022-09-27,Ibovespa buy-and-hold,1.05461840005,0.0324798931878,0.25456565012,sem look-ahead (quantis dos 60 pregões anteriores)
2022-09-28,Ibovespa buy-and-hold,1.05534823304,0.0324798931878,0.25456565012,sem look-ahead (quantis dos 60 pregões anteriores)
2022-09-29,Ibovespa buy-and-hold,1.04768985221,0.0324798931878,0.25456565012,sem look-ahead (quantis dos 60 pregões anteriores)
2022-09-30,Ibovespa buy-and-hold,1.07078176798,0.0324798931878,0.25456565012,sem look-ahead (quantis dos 60 pregões anteriores)
2022-10-03,Ibovespa buy-and-hold,1.13011232442,0.0324798931878,0.25456565012,sem look-ahead (quantis dos 60 pregões anteriores)
2022-10-04,Ibovespa buy-and-hold,1.13104651065,0.0324798931878,0.25456565012,sem look-ahead (quantis dos 60 pregões anteriores)
2022-10-05,Ibovespa buy-and-hold,1.14046622176,0.0324798931878,0.25456565012,sem look-ahead (quantis dos 60 pregões anteriores)
2022-10-06,Ibovespa buy-and-hold,1.14399861342,0.0324798931878,0.25456565012,sem look-ahead (quantis dos 60 pregões anteriores)
2022-10-07,Ibovespa buy-and-hold,1.13245752109,0.0324798931878,0.25456565012,sem look-ahead (quantis dos 60 pregões anteriores)
2022-10-10,Ibovespa buy-and-hold,1.12823422086,0.0324798931878,0.25456565012,sem look-ahead (quantis dos 60 pregões anteriores)
2022-10-11,Ibovespa buy-and-hold,1.1173937682,0.0324798931878,0.25456565012,sem look-ahead (quantis dos 60 pregões anteriores)
2022-10-13,Ibovespa buy-and-hold,1.11226547507,0.0324798931878,0.25456565012,sem look-ahead (quantis dos 60 pregões anteriores)
2022-10-14,Ibovespa buy-and-hold,1.09058456974,0.0324798931878,0.25456565012,sem look-ahead (quantis dos 60 pregões anteriores)
2022-10-17,Ibovespa buy-and-hold,1.10568724706,0.0324798931878,0.25456565012,sem look-ahead (quantis dos 60 pregões anteriores)
2022-10-18,Ibovespa buy-and-hold,1.12630746177,0.0324798931878,0.25456565012,sem look-ahead (quantis dos 60 pregões anteriores)
2022-10-19,Ibovespa buy-and-hold,1.13147467933,0.0324798931878,0.25456565012,sem look-ahead (quantis dos 60 pregões anteriores)
2022-10-20,Ibovespa buy-and-hold,1.14020348188,0.0324798931878,0.25456565012,sem look-ahead (quantis dos 60 pregões anteriores)
2022-10-21,Ibovespa buy-and-hold,1.16704187366,0.0324798931878,0.25456565012,sem look-ahead (quantis dos 60 pregões anteriores)
2022-10-24,Ibovespa buy-and-hold,1.12893486053,0.0324798931878,0.25456565012,sem look-ahead (quantis dos 60 pregões anteriores)
2022-10-25,Ibovespa buy-and-hold,1.11543781579,0.0324798931878,0.25456565012,sem look-ahead (quantis dos 60 pregões anteriores)
2022-10-26,Ibovespa buy-and-hold,1.09731849545,0.0324798931878,0.25456565012,sem look-ahead (quantis dos 60 pregões anteriores)
2022-10-27,Ibovespa buy-and-hold,1.11558378239,0.0324798931878,0.25456565012,sem look-ahead (quantis dos 60 pregões anteriores)
2022-10-28,Ibovespa buy-and-hold,1.11459120952,0.0324798931878,0.25456565012,sem look-ahead (quantis dos 60 pregões anteriores)
2022-10-31,Ibovespa buy-and-hold,1.12916840709,0.0324798931878,0.25456565012,sem look-ahead (quantis dos 60 pregões anteriores)
2022-11-01,Ibovespa buy-and-hold,1.1378485541,0.0324798931878,0.25456565012,sem look-ahead (quantis dos 60 pregões anteriores)
2022-11-03,Ibovespa buy-and-hold,1.13752742759,0.0324798931878,0.25456565012,sem look-ahead (quantis dos 60 pregões anteriores)
2022-11-04,Ibovespa buy-and-hold,1.14977889069,0.0324798931878,0.25456565012,sem look-ahead (quantis dos 60 pregões anteriores)
2022-11-07,Ibovespa buy-and-hold,1.12240528806,0.0324798931878,0.25456565012,sem look-ahead (quantis dos 60 pregões anteriores)
2022-11-08,Ibovespa buy-and-hold,1.13036533319,0.0324798931878,0.25456565012,sem look-ahead (quantis dos 60 pregões anteriores)
2022-11-09,Ibovespa buy-and-hold,1.10525907837,0.0324798931878,0.25456565012,sem look-ahead (quantis dos 60 pregões anteriores)
2022-11-10,Ibovespa buy-and-hold,1.06823221807,0.0324798931878,0.25456565012,sem look-ahead (quantis dos 60 pregões anteriores)
2022-11-11,Ibovespa buy-and-hold,1.09234590002,0.0324798931878,0.25456565012,sem look-ahead (quantis dos 60 pregões anteriores)
2022-11-14,Ibovespa buy-and-hold,1.10118174474,0.0324798931878,0.25456565012,sem look-ahead (quantis dos 60 pregões anteriores)
2022-11-16,Ibovespa buy-and-hold,1.07278637592,0.0324798931878,0.25456565012,sem look-ahead (quantis dos 60 pregões anteriores)
2022-11-17,Ibovespa buy-and-hold,1.0675315784,0.0324798931878,0.25456565012,sem look-ahead (quantis dos 60 pregões anteriores)
2022-11-18,Ibovespa buy-and-hold,1.05952287774,0.0324798931878,0.25456565012,sem look-ahead (quantis dos 60 pregões anteriores)
2022-11-21,Ibovespa buy-and-hold,1.06796947819,0.0324798931878,0.25456565012,sem look-ahead (quantis dos 60 pregões anteriores)
2022-11-22,Ibovespa buy-and-hold,1.06105066146,0.0324798931878,0.25456565012,sem look-ahead (quantis dos 60 pregões anteriores)
2022-11-23,Ibovespa buy-and-hold,1.05760584975,0.0324798931878,0.25456565012,sem look-ahead (quantis dos 60 pregões anteriores)
2022-11-24,Ibovespa buy-and-hold,1.08823937307,0.0324798931878,0.25456565012,sem look-ahead (quantis dos 60 pregões anteriores)
2022-11-25,Ibovespa buy-and-hold,1.06046679507,0.0324798931878,0.25456565012,sem look-ahead (quantis dos 60 pregões anteriores)
2022-11-28,Ibovespa buy-and-hold,1.0585692293,0.0324798931878,0.25456565012,sem look-ahead (quantis dos 60 pregões anteriores)
2022-11-29,Ibovespa buy-and-hold,1.07927702397,0.0324798931878,0.25456565012,sem look-ahead (quantis dos 60 pregões anteriores)
2022-11-30,Ibovespa buy-and-hold,1.09461324784,0.0324798931878,0.25456565012,sem look-ahead (quantis dos 60 pregões anteriores)
2022-12-01,Ibovespa buy-and-hold,1.07943272167,0.0324798931878,0.25456565012,sem look-ahead (quantis dos 60 pregões anteriores)
2022-12-02,Ibovespa buy-and-hold,1.08914436598,0.0324798931878,0.25456565012,sem look-ahead (quantis dos 60 pregões anteriores)
2022-12-05,Ibovespa buy-and-hold,1.06459278423,0.0324798931878,0.25456565012,sem look-ahead (quantis dos 60 pregões anteriores)
2022-12-06,Ibovespa buy-and-hold,1.06587729029,0.0324798931878,0.25456565012,sem look-ahead (quantis dos 60 pregões anteriores)
2022-12-07,Ibovespa buy-and-hold,1.06420353997,0.0324798931878,0.25456565012,sem look-ahead (quantis dos 60 pregões anteriores)
2022-12-08,Ibovespa buy-and-hold,1.04361251858,0.0324798931878,0.25456565012,sem look-ahead (quantis dos 60 pregões anteriores)
2022-12-09,Ibovespa buy-and-hold,1.04793312987,0.0324798931878,0.25456565012,sem look-ahead (quantis dos 60 pregões anteriores)
2022-12-12,Ibovespa buy-and-hold,1.02433519656,0.0324798931878,0.25456565012,sem look-ahead (quantis dos 60 pregões anteriores)
2022-12-13,Ibovespa buy-and-hold,1.01098411842,0.0324798931878,0.25456565012,sem look-ahead (quantis dos 60 pregões anteriores)
2022-12-14,Ibovespa buy-and-hold,1.01011804994,0.0324798931878,0.25456565012,sem look-ahead (quantis dos 60 pregões anteriores)
2022-12-15,Ibovespa buy-and-hold,1.00948552802,0.0324798931878,0.25456565012,sem look-ahead (quantis dos 60 pregões anteriores)
2022-12-16,Ibovespa buy-and-hold,1.00060102777,0.0324798931878,0.25456565012,sem look-ahead (quantis dos 60 pregões anteriores)
2022-12-19,Ibovespa buy-and-hold,1.01719256438,0.0324798931878,0.25456565012,sem look-ahead (quantis dos 60 pregões anteriores)
2022-12-20,Ibovespa buy-and-hold,1.04102404424,0.0324798931878,0.25456565012,sem look-ahead (quantis dos 60 pregões anteriores)
2022-12-21,Ibovespa buy-and-hold,1.04427423382,0.0324798931878,0.25456565012,sem look-ahead (quantis dos 60 pregões anteriores)
2022-12-22,Ibovespa buy-and-hold,1.04431315825,0.0324798931878,0.25456565012,sem look-ahead (quantis dos 60 pregões anteriores)
2022-12-23,Ibovespa buy-and-hold,1.06748292287,0.0324798931878,0.25456565012,sem look-ahead (quantis dos 60 pregões anteriores)
2022-12-26,Ibovespa buy-and-hold,1.05814106061,0.0324798931878,0.25456565012,sem look-ahead (quantis dos 60 pregões anteriores)
2022-12-27,Ibovespa buy-and-hold,1.05433619796,0.0324798931878,0.25456565012,sem look-ahead (quantis dos 60 pregões anteriores)
2022-12-28,Ibovespa buy-and-hold,1.07272798928,0.0324798931878,0.25456565012,sem look-ahead (quantis dos 60 pregões anteriores)
2022-12-29,Ibovespa buy-and-hold,1.07072338134,0.0324798931878,0.25456565012,sem look-ahead (quantis dos 60 pregões anteriores)
2023-01-02,Ibovespa buy-and-hold,1.03515618701,0.0324798931878,0.25456565012,sem look-ahead (quantis dos 60 pregões anteriores)
2023-01-03,Ibovespa buy-and-hold,1.01365044161,0.0324798931878,0.25456565012,sem look-ahead (quantis dos 60 pregões anteriores)
2023-01-04,Ibovespa buy-and-hold,1.02501637402,0.0324798931878,0.25456565012,sem look-ahead (quantis dos 60 pregões anteriores)
2023-01-05,Ibovespa buy-and-hold,1.04626911066,0.0324798931878,0.25456565012,sem look-ahead (quantis dos 60 pregões anteriores)
2023-01-06,Ibovespa buy-and-hold,1.05909470905,0.0324798931878,0.25456565012,sem look-ahead (quantis dos 60 pregões anteriores)
2023-01-09,Ibovespa buy-and-hold,1.0628995717,0.0324798931878,0.25456565012,sem look-ahead (quantis dos 60 pregões anteriores)
2023-01-10,Ibovespa buy-and-hold,1.07929648618,0.0324798931878,0.25456565012,sem look-ahead (quantis dos 60 pregões anteriores)
2023-01-11,Ibovespa buy-and-hold,1.08757765783,0.0324798931878,0.25456565012,sem look-ahead (quantis dos 60 pregões anteriores)
2023-01-12,Ibovespa buy-and-hold,1.08868700397,0.0324798931878,0.25456565012,sem look-ahead (quantis dos 60 pregões anteriores)
2023-01-13,Ibovespa buy-and-hold,1.07933541061,0.0324798931878,0.25456565012,sem look-ahead (quantis dos 60 pregões anteriores)
2023-01-16,Ibovespa buy-and-hold,1.06276333621,0.0324798931878,0.25456565012,sem look-ahead (quantis dos 60 pregões anteriores)
2023-01-17,Ibovespa buy-and-hold,1.08442477932,0.0324798931878,0.25456565012,sem look-ahead (quantis dos 60 pregões anteriores)
2023-01-18,Ibovespa buy-and-hold,1.09428239022,0.0324798931878,0.25456565012,sem look-ahead (quantis dos 60 pregões anteriores)
2023-01-19,Ibovespa buy-and-hold,1.09967342323,0.0324798931878,0.25456565012,sem look-ahead (quantis dos 60 pregões anteriores)
2023-01-20,Ibovespa buy-and-hold,1.09281299314,0.0324798931878,0.25456565012,sem look-ahead (quantis dos 60 pregões anteriores)
2023-01-23,Ibovespa buy-and-hold,1.08705217808,0.0324798931878,0.25456565012,sem look-ahead (quantis dos 60 pregões anteriores)
2023-01-24,Ibovespa buy-and-hold,1.09988750757,0.0324798931878,0.25456565012,sem look-ahead (quantis dos 60 pregões anteriores)
2023-01-25,Ibovespa buy-and-hold,1.11124370888,0.0324798931878,0.25456565012,sem look-ahead (quantis dos 60 pregões anteriores)
2023-01-26,Ibovespa buy-and-hold,1.11040683372,0.0324798931878,0.25456565012,sem look-ahead (quantis dos 60 pregões anteriores)
2023-01-27,Ibovespa buy-and-hold,1.09476894555,0.0324798931878,0.25456565012,sem look-ahead (quantis dos 60 pregões anteriores)
2023-01-30,Ibovespa buy-and-hold,1.08879404614,0.0324798931878,0.25456565012,sem look-ahead (quantis dos 60 pregões anteriores)
2023-01-31,Ibovespa buy-and-hold,1.10479198526,0.0324798931878,0.25456565012,sem look-ahead (quantis dos 60 pregões anteriores)
2023-02-01,Ibovespa buy-and-hold,1.09283245535,0.0324798931878,0.25456565012,sem look-ahead (quantis dos 60 pregões anteriores)
2023-02-02,Ibovespa buy-and-hold,1.06978919511,0.0324798931878,0.25456565012,sem look-ahead (quantis dos 60 pregões anteriores)
2023-02-03,Ibovespa buy-and-hold,1.05572774619,0.0324798931878,0.25456565012,sem look-ahead (quantis dos 60 pregões anteriores)
2023-02-06,Ibovespa buy-and-hold,1.05539688857,0.0324798931878,0.25456565012,sem look-ahead (quantis dos 60 pregões anteriores)
2023-02-07,Ibovespa buy-and-hold,1.05018101548,0.0324798931878,0.25456565012,sem look-ahead (quantis dos 60 pregões anteriores)
2023-02-08,Ibovespa buy-and-hold,1.06927344647,0.0324798931878,0.25456565012,sem look-ahead (quantis dos 60 pregões anteriores)
2023-02-09,Ibovespa buy-and-hold,1.04884785388,0.0324798931878,0.25456565012,sem look-ahead (quantis dos 60 pregões anteriores)
2023-02-10,Ibovespa buy-and-hold,1.05241916998,0.0324798931878,0.25456565012,sem look-ahead (quantis dos 60 pregões anteriores)
2023-02-13,Ibovespa buy-and-hold,1.05919202011,0.0324798931878,0.25456565012,sem look-ahead (quantis dos 60 pregões anteriores)
2023-02-14,Ibovespa buy-and-hold,1.04764119668,0.0324798931878,0.25456565012,sem look-ahead (quantis dos 60 pregões anteriores)
2023-02-15,Ibovespa buy-and-hold,1.0649917596,0.0324798931878,0.25456565012,sem look-ahead (quantis dos 60 pregões anteriores)
2023-02-16,Ibovespa buy-and-hold,1.06949726192,0.0324798931878,0.25456565012,sem look-ahead (quantis dos 60 pregões anteriores)
2023-02-17,Ibovespa buy-and-hold,1.06363913579,0.0324798931878,0.25456565012,sem look-ahead (quantis dos 60 pregões anteriores)
2023-02-22,Ibovespa buy-and-hold,1.04270752567,0.0324798931878,0.25456565012,sem look-ahead (quantis dos 60 pregões anteriores)
2023-02-23,Ibovespa buy-and-hold,1.04823479417,0.0324798931878,0.25456565012,sem look-ahead (quantis dos 60 pregões anteriores)
2023-02-24,Ibovespa buy-and-hold,1.03026144043,0.0324798931878,0.25456565012,sem look-ahead (quantis dos 60 pregões anteriores)
2023-02-27,Ibovespa buy-and-hold,1.02868500118,0.0324798931878,0.25456565012,sem look-ahead (quantis dos 60 pregões anteriores)
2023-02-28,Ibovespa buy-and-hold,1.0211044692,0.0324798931878,0.25456565012,sem look-ahead (quantis dos 60 pregões anteriores)
2023-03-01,Ibovespa buy-and-hold,1.01578155393,0.0324798931878,0.25456565012,sem look-ahead (quantis dos 60 pregões anteriores)
2023-03-02,Ibovespa buy-and-hold,1.00547631213,0.0324798931878,0.25456565012,sem look-ahead (quantis dos 60 pregões anteriores)
2023-03-03,Ibovespa buy-and-hold,1.01073110965,0.0324798931878,0.25456565012,sem look-ahead (quantis dos 60 pregões anteriores)
2023-03-06,Ibovespa buy-and-hold,1.01884685249,0.0324798931878,0.25456565012,sem look-ahead (quantis dos 60 pregões anteriores)
2023-03-07,Ibovespa buy-and-hold,1.01425377021,0.0324798931878,0.25456565012,sem look-ahead (quantis dos 60 pregões anteriores)
2023-03-08,Ibovespa buy-and-hold,1.03675208848,0.0324798931878,0.25456565012,sem look-ahead (quantis dos 60 pregões anteriores)
2023-03-09,Ibovespa buy-and-hold,1.02245709301,0.0324798931878,0.25456565012,sem look-ahead (quantis dos 60 pregões anteriores)
2023-03-10,Ibovespa buy-and-hold,1.00831779523,0.0324798931878,0.25456565012,sem look-ahead (quantis dos 60 pregões anteriores)
2023-03-13,Ibovespa buy-and-hold,1.0034814353,0.0324798931878,0.25456565012,sem look-ahead (quantis dos 60 pregões anteriores)
2023-03-14,Ibovespa buy-and-hold,1.00164225616,0.0324798931878,0.25456565012,sem look-ahead (quantis dos 60 pregões anteriores)
2023-03-15,Ibovespa buy-and-hold,0.999141361788,0.0324798931878,0.25456565012,sem look-ahead (quantis dos 60 pregões anteriores)
2023-03-16,Ibovespa buy-and-hold,1.00653700274,0.0324798931878,0.25456565012,sem look-ahead (quantis dos 60 pregões anteriores)
2023-03-17,Ibovespa buy-and-hold,0.992397704971,0.0324798931878,0.25456565012,sem look-ahead (quantis dos 60 pregões anteriores)
2023-03-20,Ibovespa buy-and-hold,0.982092463168,0.0324798931878,0.25456565012,sem look-ahead (quantis dos 60 pregões anteriores)
2023-03-21,Ibovespa buy-and-hold,0.982822296156,0.0324798931878,0.25456565012,sem look-ahead (quantis dos 60 pregões anteriores)
2023-03-22,Ibovespa buy-and-hold,0.975261226392,0.0324798931878,0.25456565012,sem look-ahead (quantis dos 60 pregões anteriores)
2023-03-27,Ibovespa buy-and-hold,0.983560356115,0.0324798931878,0.25456565012,sem look-ahead (quantis dos 60 pregões anteriores)
2023-03-28,Ibovespa buy-and-hold,0.998510631418,0.0324798931878,0.25456565012,sem look-ahead (quantis dos 60 pregões anteriores)
2023-03-29,Ibovespa buy-and-hold,1.00451047788,0.0324798931878,0.25456565012,sem look-ahead (quantis dos 60 pregões anteriores)
2023-03-30,Ibovespa buy-and-hold,1.02345736143,0.0324798931878,0.25456565012,sem look-ahead (quantis dos 60 pregões anteriores)
2023-03-31,Ibovespa buy-and-hold,1.00538874487,0.0324798931878,0.25456565012,sem look-ahead (quantis dos 60 pregões anteriores)
2023-04-03,Ibovespa buy-and-hold,1.00167831351,0.0324798931878,0.25456565012,sem look-ahead (quantis dos 60 pregões anteriores)
2023-04-04,Ibovespa buy-and-hold,1.00526045868,0.0324798931878,0.25456565012,sem look-ahead (quantis dos 60 pregões anteriores)
2023-04-05,Ibovespa buy-and-hold,0.996467920535,0.0324798931878,0.25456565012,sem look-ahead (quantis dos 60 pregões anteriores)
2023-04-06,Ibovespa buy-and-hold,0.994928486246,0.0324798931878,0.25456565012,sem look-ahead (quantis dos 60 pregões anteriores)
2023-04-10,Ibovespa buy-and-hold,1.00504335898,0.0324798931878,0.25456565012,sem look-ahead (quantis dos 60 pregões anteriores)
2023-04-11,Ibovespa buy-and-hold,1.04813765089,0.0324798931878,0.25456565012,sem look-ahead (quantis dos 60 pregões anteriores)
2023-04-12,Ibovespa buy-and-hold,1.05480853281,0.0324798931878,0.25456565012,sem look-ahead (quantis dos 60 pregões anteriores)
2023-04-13,Ibovespa buy-and-hold,1.05054548401,0.0324798931878,0.25456565012,sem look-ahead (quantis dos 60 pregões anteriores)
2023-04-14,Ibovespa buy-and-hold,1.04877908185,0.0324798931878,0.25456565012,sem look-ahead (quantis dos 60 pregões anteriores)
2023-04-17,Ibovespa buy-and-hold,1.04618375353,0.0324798931878,0.25456565012,sem look-ahead (quantis dos 60 pregões anteriores)
2023-04-18,Ibovespa buy-and-hold,1.0476343743,0.0324798931878,0.25456565012,sem look-ahead (quantis dos 60 pregões anteriores)
2023-04-19,Ibovespa buy-and-hold,1.02543099513,0.0324798931878,0.25456565012,sem look-ahead (quantis dos 60 pregões anteriores)
2023-04-20,Ibovespa buy-and-hold,1.02991114364,0.0324798931878,0.25456565012,sem look-ahead (quantis dos 60 pregões anteriores)
2023-04-24,Ibovespa buy-and-hold,1.02576651286,0.0324798931878,0.25456565012,sem look-ahead (quantis dos 60 pregões anteriores)
2023-04-25,Ibovespa buy-and-hold,1.01859235435,0.0324798931878,0.25456565012,sem look-ahead (quantis dos 60 pregões anteriores)
2023-04-26,Ibovespa buy-and-hold,1.00963205734,0.0324798931878,0.25456565012,sem look-ahead (quantis dos 60 pregões anteriores)
2023-04-27,Ibovespa buy-and-hold,1.0156615083,0.0324798931878,0.25456565012,sem look-ahead (quantis dos 60 pregões anteriores)
2023-04-28,Ibovespa buy-and-hold,1.03055257459,0.0324798931878,0.25456565012,sem look-ahead (quantis dos 60 pregões anteriores)
2023-05-02,Ibovespa buy-and-hold,1.00583281246,0.0324798931878,0.25456565012,sem look-ahead (quantis dos 60 pregões anteriores)
2023-05-03,Ibovespa buy-and-hold,1.00454995055,0.0324798931878,0.25456565012,sem look-ahead (quantis dos 60 pregões anteriores)
2023-05-04,Ibovespa buy-and-hold,1.00827025008,0.0324798931878,0.25456565012,sem look-ahead (quantis dos 60 pregões anteriores)
2023-05-05,Ibovespa buy-and-hold,1.03761818325,0.0324798931878,0.25456565012,sem look-ahead (quantis dos 60 pregões anteriores)
2023-05-08,Ibovespa buy-and-hold,1.04644032591,0.0324798931878,0.25456565012,sem look-ahead (quantis dos 60 pregões anteriores)
2023-05-09,Ibovespa buy-and-hold,1.05701900256,0.0324798931878,0.25456565012,sem look-ahead (quantis dos 60 pregões anteriores)
2023-05-10,Ibovespa buy-and-hold,1.06031497084,0.0324798931878,0.25456565012,sem look-ahead (quantis dos 60 pregões anteriores)
2023-05-11,Ibovespa buy-and-hold,1.068288451,0.0324798931878,0.25456565012,sem look-ahead (quantis dos 60 pregões anteriores)
2023-05-12,Ibovespa buy-and-hold,1.07034103006,0.0324798931878,0.25456565012,sem look-ahead (quantis dos 60 pregões anteriores)
2023-05-15,Ibovespa buy-and-hold,1.07591654527,0.0324798931878,0.25456565012,sem look-ahead (quantis dos 60 pregões anteriores)
2023-05-16,Ibovespa buy-and-hold,1.06767662456,0.0324798931878,0.25456565012,sem look-ahead (quantis dos 60 pregões anteriores)
2023-05-17,Ibovespa buy-and-hold,1.0801697259,0.0324798931878,0.25456565012,sem look-ahead (quantis dos 60 pregões anteriores)
2023-05-18,Ibovespa buy-and-hold,1.0865642991,0.0324798931878,0.25456565012,sem look-ahead (quantis dos 60 pregões anteriores)
2023-05-19,Ibovespa buy-and-hold,1.09285032244,0.0324798931878,0.25456565012,sem look-ahead (quantis dos 60 pregões anteriores)
2023-05-22,Ibovespa buy-and-hold,1.08760045679,0.0324798931878,0.25456565012,sem look-ahead (quantis dos 60 pregões anteriores)
2023-05-23,Ibovespa buy-and-hold,1.08479789693,0.0324798931878,0.25456565012,sem look-ahead (quantis dos 60 pregões anteriores)
2023-05-24,Ibovespa buy-and-hold,1.07365673468,0.0324798931878,0.25456565012,sem look-ahead (quantis dos 60 pregões anteriores)
2023-05-25,Ibovespa buy-and-hold,1.086031418,0.0324798931878,0.25456565012,sem look-ahead (quantis dos 60 pregões anteriores)
2023-05-26,Ibovespa buy-and-hold,1.09443909757,0.0324798931878,0.25456565012,sem look-ahead (quantis dos 60 pregões anteriores)
2023-05-29,Ibovespa buy-and-hold,1.08878463701,0.0324798931878,0.25456565012,sem look-ahead (quantis dos 60 pregões anteriores)
2023-05-30,Ibovespa buy-and-hold,1.07530471882,0.0324798931878,0.25456565012,sem look-ahead (quantis dos 60 pregões anteriores)
2023-05-31,Ibovespa buy-and-hold,1.06906803632,0.0324798931878,0.25456565012,sem look-ahead (quantis dos 60 pregões anteriores)
2023-06-01,Ibovespa buy-and-hold,1.09107405211,0.0324798931878,0.25456565012,sem look-ahead (quantis dos 60 pregões anteriores)
2023-06-02,Ibovespa buy-and-hold,1.11074131196,0.0324798931878,0.25456565012,sem look-ahead (quantis dos 60 pregões anteriores)
2023-06-05,Ibovespa buy-and-hold,1.11210311922,0.0324798931878,0.25456565012,sem look-ahead (quantis dos 60 pregões anteriores)
2023-06-06,Ibovespa buy-and-hold,1.13099079376,0.0324798931878,0.25456565012,sem look-ahead (quantis dos 60 pregões anteriores)
2023-06-07,Ibovespa buy-and-hold,1.13965504572,0.0324798931878,0.25456565012,sem look-ahead (quantis dos 60 pregões anteriores)
2023-06-09,Ibovespa buy-and-hold,1.15476321172,0.0324798931878,0.25456565012,sem look-ahead (quantis dos 60 pregões anteriores)
2023-06-12,Ibovespa buy-and-hold,1.15789142114,0.0324798931878,0.25456565012,sem look-ahead (quantis dos 60 pregões anteriores)
2023-06-13,Ibovespa buy-and-hold,1.15203959721,0.0324798931878,0.25456565012,sem look-ahead (quantis dos 60 pregões anteriores)
2023-06-14,Ibovespa buy-and-hold,1.17499295718,0.0324798931878,0.25456565012,sem look-ahead (quantis dos 60 pregões anteriores)
2023-06-15,Ibovespa buy-and-hold,1.1764929188,0.0324798931878,0.25456565012,sem look-ahead (quantis dos 60 pregões anteriores)
2023-06-16,Ibovespa buy-and-hold,1.17192395677,0.0324798931878,0.25456565012,sem look-ahead (quantis dos 60 pregões anteriores)
2023-06-19,Ibovespa buy-and-hold,1.18277894214,0.0324798931878,0.25456565012,sem look-ahead (quantis dos 60 pregões anteriores)
2023-06-20,Ibovespa buy-and-hold,1.18045005437,0.0324798931878,0.25456565012,sem look-ahead (quantis dos 60 pregões anteriores)
2023-06-21,Ibovespa buy-and-hold,1.18832485285,0.0324798931878,0.25456565012,sem look-ahead (quantis dos 60 pregões anteriores)
2023-06-22,Ibovespa buy-and-hold,1.17366075443,0.0324798931878,0.25456565012,sem look-ahead (quantis dos 60 pregões anteriores)
2023-06-23,Ibovespa buy-and-hold,1.17408508568,0.0324798931878,0.25456565012,sem look-ahead (quantis dos 60 pregões anteriores)
2023-06-26,Ibovespa buy-and-hold,1.16684184999,0.0324798931878,0.25456565012,sem look-ahead (quantis dos 60 pregões anteriores)
2023-06-27,Ibovespa buy-and-hold,1.15973676865,0.0324798931878,0.25456565012,sem look-ahead (quantis dos 60 pregões anteriores)
2023-06-28,Ibovespa buy-and-hold,1.15142777076,0.0324798931878,0.25456565012,sem look-ahead (quantis dos 60 pregões anteriores)
2023-06-29,Ibovespa buy-and-hold,1.16822339358,0.0324798931878,0.25456565012,sem look-ahead (quantis dos 60 pregões anteriores)
2023-06-30,Ibovespa buy-and-hold,1.1653024157,0.0324798931878,0.25456565012,sem look-ahead (quantis dos 60 pregões anteriores)
2023-07-03,Ibovespa buy-and-hold,1.18095333097,0.0324798931878,0.25456565012,sem look-ahead (quantis dos 60 pregões anteriores)
2023-07-04,Ibovespa buy-and-hold,1.17506203436,0.0324798931878,0.25456565012,sem look-ahead (quantis dos 60 pregões anteriores)
2023-07-05,Ibovespa buy-and-hold,1.17972967807,0.0324798931878,0.25456565012,sem look-ahead (quantis dos 60 pregões anteriores)
2023-07-06,Ibovespa buy-and-hold,1.15877955631,0.0324798931878,0.25456565012,sem look-ahead (quantis dos 60 pregões anteriores)
2023-07-07,Ibovespa buy-and-hold,1.17330550036,0.0324798931878,0.25456565012,sem look-ahead (quantis dos 60 pregões anteriores)
2023-07-10,Ibovespa buy-and-hold,1.16387153126,0.0324798931878,0.25456565012,sem look-ahead (quantis dos 60 pregões anteriores)
2023-07-11,Ibovespa buy-and-hold,1.15674671359,0.0324798931878,0.25456565012,sem look-ahead (quantis dos 60 pregões anteriores)
2023-07-12,Ibovespa buy-and-hold,1.16114791675,0.0324798931878,0.25456565012,sem look-ahead (quantis dos 60 pregões anteriores)
2023-07-13,Ibovespa buy-and-hold,1.17691725004,0.0324798931878,0.25456565012,sem look-ahead (quantis dos 60 pregões anteriores)
2023-07-14,Ibovespa buy-and-hold,1.16159198433,0.0324798931878,0.25456565012,sem look-ahead (quantis dos 60 pregões anteriores)
2023-07-17,Ibovespa buy-and-hold,1.16660501394,0.0324798931878,0.25456565012,sem look-ahead (quantis dos 60 pregões anteriores)
2023-07-18,Ibovespa buy-and-hold,1.16287484624,0.0324798931878,0.25456565012,sem look-ahead (quantis dos 60 pregões anteriores)
2023-07-19,Ibovespa buy-and-hold,1.16002294554,0.0324798931878,0.25456565012,sem look-ahead (quantis dos 60 pregões anteriores)
2023-07-20,Ibovespa buy-and-hold,1.16526294302,0.0324798931878,0.25456565012,sem look-ahead (quantis dos 60 pregões anteriores)
2023-07-21,Ibovespa buy-and-hold,1.18632161464,0.0324798931878,0.25456565012,sem look-ahead (quantis dos 60 pregões anteriores)
2023-07-24,Ibovespa buy-and-hold,1.19742330422,0.0324798931878,0.25456565012,sem look-ahead (quantis dos 60 pregões anteriores)
2023-07-25,Ibovespa buy-and-hold,1.20399550445,0.0324798931878,0.25456565012,sem look-ahead (quantis dos 60 pregões anteriores)
2023-07-26,Ibovespa buy-and-hold,1.20944273347,0.0324798931878,0.25456565012,sem look-ahead (quantis dos 60 pregões anteriores)
2023-07-27,Ibovespa buy-and-hold,1.18408154039,0.0324798931878,0.25456565012,sem look-ahead (quantis dos 60 pregões anteriores)
2023-07-28,Ibovespa buy-and-hold,1.18602556958,0.0324798931878,0.25456565012,sem look-ahead (quantis dos 60 pregões anteriores)
2023-07-31,Ibovespa buy-and-hold,1.2033540735,0.0324798931878,0.25456565012,sem look-ahead (quantis dos 60 pregões anteriores)
2023-08-01,Ibovespa buy-and-hold,1.19649569638,0.0324798931878,0.25456565012,sem look-ahead (quantis dos 60 pregões anteriores)
2023-08-02,Ibovespa buy-and-hold,1.19265697883,0.0324798931878,0.25456565012,sem look-ahead (quantis dos 60 pregões anteriores)
2023-08-03,Ibovespa buy-and-hold,1.18996296882,0.0324798931878,0.25456565012,sem look-ahead (quantis dos 60 pregões anteriores)
2023-08-04,Ibovespa buy-and-hold,1.17932508316,0.0324798931878,0.25456565012,sem look-ahead (quantis dos 60 pregões anteriores)
2023-08-07,Ibovespa buy-and-hold,1.17806195759,0.0324798931878,0.25456565012,sem look-ahead (quantis dos 60 pregões anteriores)
2023-08-08,Ibovespa buy-and-hold,1.17520018872,0.0324798931878,0.25456565012,sem look-ahead (quantis dos 60 pregões anteriores)
2023-08-09,Ibovespa buy-and-hold,1.16847996596,0.0324798931878,0.25456565012,sem look-ahead (quantis dos 60 pregões anteriores)
2023-08-10,Ibovespa buy-and-hold,1.16789774402,0.0324798931878,0.25456565012,sem look-ahead (quantis dos 60 pregões anteriores)
2023-08-11,Ibovespa buy-and-hold,1.16508531599,0.0324798931878,0.25456565012,sem look-ahead (quantis dos 60 pregões anteriores)
2023-08-14,Ibovespa buy-and-hold,1.1527007645,0.0324798931878,0.25456565012,sem look-ahead (quantis dos 60 pregões anteriores)
2023-08-15,Ibovespa buy-and-hold,1.14639500482,0.0324798931878,0.25456565012,sem look-ahead (quantis dos 60 pregões anteriores)
2023-08-16,Ibovespa buy-and-hold,1.14068133525,0.0324798931878,0.25456565012,sem look-ahead (quantis dos 60 pregões anteriores)
2023-08-17,Ibovespa buy-and-hold,1.13466175245,0.0324798931878,0.25456565012,sem look-ahead (quantis dos 60 pregões anteriores)
2023-08-18,Ibovespa buy-and-hold,1.13887546041,0.0324798931878,0.25456565012,sem look-ahead (quantis dos 60 pregões anteriores)
2023-08-21,Ibovespa buy-and-hold,1.12920465526,0.0324798931878,0.25456565012,sem look-ahead (quantis dos 60 pregões anteriores)
2023-08-22,Ibovespa buy-and-hold,1.14624698229,0.0324798931878,0.25456565012,sem look-ahead (quantis dos 60 pregões anteriores)
2023-08-23,Ibovespa buy-and-hold,1.16577608779,0.0324798931878,0.25456565012,sem look-ahead (quantis dos 60 pregões anteriores)
2023-08-24,Ibovespa buy-and-hold,1.1548322889,0.0324798931878,0.25456565012,sem look-ahead (quantis dos 60 pregões anteriores)
2023-08-25,Ibovespa buy-and-hold,1.14309903653,0.0324798931878,0.25456565012,sem look-ahead (quantis dos 60 pregões anteriores)
2023-08-28,Ibovespa buy-and-hold,1.15576976491,0.0324798931878,0.25456565012,sem look-ahead (quantis dos 60 pregões anteriores)
2023-08-29,Ibovespa buy-and-hold,1.16843062512,0.0324798931878,0.25456565012,sem look-ahead (quantis dos 60 pregões anteriores)
2023-08-30,Ibovespa buy-and-hold,1.15985518668,0.0324798931878,0.25456565012,sem look-ahead (quantis dos 60 pregões anteriores)
2023-08-31,Ibovespa buy-and-hold,1.14216156052,0.0324798931878,0.25456565012,sem look-ahead (quantis dos 60 pregões anteriores)
2023-09-01,Ibovespa buy-and-hold,1.163387991,0.0324798931878,0.25456565012,sem look-ahead (quantis dos 60 pregões anteriores)
2023-09-04,Ibovespa buy-and-hold,1.16224328346,0.0324798931878,0.25456565012,sem look-ahead (quantis dos 60 pregões anteriores)
2023-09-05,Ibovespa buy-and-hold,1.1578420803,0.0324798931878,0.25456565012,sem look-ahead (quantis dos 60 pregões anteriores)
2023-09-06,Ibovespa buy-and-hold,1.14455952547,0.0324798931878,0.25456565012,sem look-ahead (quantis dos 60 pregões anteriores)
2023-09-08,Ibovespa buy-and-hold,1.13792811623,0.0324798931878,0.25456565012,sem look-ahead (quantis dos 60 pregões anteriores)
2023-09-11,Ibovespa buy-and-hold,1.1534211408,0.0324798931878,0.25456565012,sem look-ahead (quantis dos 60 pregões anteriores)
2023-09-12,Ibovespa buy-and-hold,1.16412810364,0.0324798931878,0.25456565012,sem look-ahead (quantis dos 60 pregões anteriores)
2023-09-13,Ibovespa buy-and-hold,1.16618068269,0.0324798931878,0.25456565012,sem look-ahead (quantis dos 60 pregões anteriores)
2023-09-14,Ibovespa buy-and-hold,1.17818037561,0.0324798931878,0.25456565012,sem look-ahead (quantis dos 60 pregões anteriores)
2023-09-15,Ibovespa buy-and-hold,1.17192395677,0.0324798931878,0.25456565012,sem look-ahead (quantis dos 60 pregões anteriores)
2023-09-18,Ibovespa buy-and-hold,1.16728591757,0.0324798931878,0.25456565012,sem look-ahead (quantis dos 60 pregões anteriores)
2023-09-19,Ibovespa buy-and-hold,1.16292418708,0.0324798931878,0.25456565012,sem look-ahead (quantis dos 60 pregões anteriores)
2023-09-20,Ibovespa buy-and-hold,1.17130226216,0.0324798931878,0.25456565012,sem look-ahead (quantis dos 60 pregões anteriores)
2023-09-21,Ibovespa buy-and-hold,1.14613843244,0.0324798931878,0.25456565012,sem look-ahead (quantis dos 60 pregões anteriores)
2023-09-22,Ibovespa buy-and-hold,1.14479636152,0.0324798931878,0.25456565012,sem look-ahead (quantis dos 60 pregões anteriores)
2023-09-25,Ibovespa buy-and-hold,1.14396743536,0.0324798931878,0.25456565012,sem look-ahead (quantis dos 60 pregões anteriores)
2023-09-26,Ibovespa buy-and-hold,1.12687576749,0.0324798931878,0.25456565012,sem look-ahead (quantis dos 60 pregões anteriores)
2023-09-27,Ibovespa buy-and-hold,1.12819810207,0.0324798931878,0.25456565012,sem look-ahead (quantis dos 60 pregões anteriores)
2023-09-28,Ibovespa buy-and-hold,1.14205301067,0.0324798931878,0.25456565012,sem look-ahead (quantis dos 60 pregões anteriores)
2023-09-29,Ibovespa buy-and-hold,1.15028306321,0.0324798931878,0.25456565012,sem look-ahead (quantis dos 60 pregões anteriores)
2023-10-02,Ibovespa buy-and-hold,1.13540186509,0.0324798931878,0.25456565012,sem look-ahead (quantis dos 60 pregões anteriores)
2023-10-03,Ibovespa buy-and-hold,1.11923780506,0.0324798931878,0.25456565012,sem look-ahead (quantis dos 60 pregões anteriores)
2023-10-04,Ibovespa buy-and-hold,1.12109302074,0.0324798931878,0.25456565012,sem look-ahead (quantis dos 60 pregões anteriores)
2023-10-05,Ibovespa buy-and-hold,1.11790560231,0.0324798931878,0.25456565012,sem look-ahead (quantis dos 60 pregões anteriores)
2023-10-06,Ibovespa buy-and-hold,1.12664879961,0.0324798931878,0.25456565012,sem look-ahead (quantis dos 60 pregões anteriores)
2023-10-09,Ibovespa buy-and-hold,1.13637881377,0.0324798931878,0.25456565012,sem look-ahead (quantis dos 60 pregões anteriores)
2023-10-10,Ibovespa buy-and-hold,1.1519803882,0.0324798931878,0.25456565012,sem look-ahead (quantis dos 60 pregões anteriores)
2023-10-11,Ibovespa buy-and-hold,1.15507899311,0.0324798931878,0.25456565012,sem look-ahead (quantis dos 60 pregões anteriores)
2023-10-13,Ibovespa buy-and-hold,1.14227997855,0.0324798931878,0.25456565012,sem look-ahead (quantis dos 60 pregões anteriores)
2023-10-16,Ibovespa buy-and-hold,1.14997714999,0.0324798931878,0.25456565012,sem look-ahead (quantis dos 60 pregões anteriores)
2023-10-17,Ibovespa buy-and-hold,1.1437996765,0.0324798931878,0.25456565012,sem look-ahead (quantis dos 60 pregões anteriores)
2023-10-18,Ibovespa buy-and-hold,1.12556330108,0.0324798931878,0.25456565012,sem look-ahead (quantis dos 60 pregões anteriores)
2023-10-19,Ibovespa buy-and-hold,1.12501068364,0.0324798931878,0.25456565012,sem look-ahead (quantis dos 60 pregões anteriores)
2023-10-20,Ibovespa buy-and-hold,1.11663260857,0.0324798931878,0.25456565012,sem look-ahead (quantis dos 60 pregões anteriores)
2023-10-23,Ibovespa buy-and-hold,1.11298138622,0.0324798931878,0.25456565012,sem look-ahead (quantis dos 60 pregões anteriores)
2023-10-24,Ibovespa buy-and-hold,1.12262258686,0.0324798931878,0.25456565012,sem look-ahead (quantis dos 60 pregões anteriores)
2023-10-25,Ibovespa buy-and-hold,1.1134254538,0.0324798931878,0.25456565012,sem look-ahead (quantis dos 60 pregões anteriores)
2023-10-26,Ibovespa buy-and-hold,1.1326387779,0.0324798931878,0.25456565012,sem look-ahead (quantis dos 60 pregões anteriores)
2023-10-27,Ibovespa buy-and-hold,1.11807336117,0.0324798931878,0.25456565012,sem look-ahead (quantis dos 60 pregões anteriores)
2023-10-30,Ibovespa buy-and-hold,1.11048473958,0.0324798931878,0.25456565012,sem look-ahead (quantis dos 60 pregões anteriores)
2023-10-31,Ibovespa buy-and-hold,1.11652405872,0.0324798931878,0.25456565012,sem look-ahead (quantis dos 60 pregões anteriores)
2023-11-01,Ibovespa buy-and-hold,1.13536239242,0.0324798931878,0.25456565012,sem look-ahead (quantis dos 60 pregões anteriores)
2023-11-03,Ibovespa buy-and-hold,1.166022792,0.0324798931878,0.25456565012,sem look-ahead (quantis dos 60 pregões anteriores)
2023-11-06,Ibovespa buy-and-hold,1.1692496831,0.0324798931878,0.25456565012,sem look-ahead (quantis dos 60 pregões anteriores)
2023-11-07,Ibovespa buy-and-hold,1.17695672272,0.0324798931878,0.25456565012,sem look-ahead (quantis dos 60 pregões anteriores)
2023-11-08,Ibovespa buy-and-hold,1.17528900224,0.0324798931878,0.25456565012,sem look-ahead (quantis dos 60 pregões anteriores)
2023-11-09,Ibovespa buy-and-hold,1.17443047158,0.0324798931878,0.25456565012,sem look-ahead (quantis dos 60 pregões anteriores)
2023-11-10,Ibovespa buy-and-hold,1.19045637725,0.0324798931878,0.25456565012,sem look-ahead (quantis dos 60 pregões anteriores)
2023-11-13,Ibovespa buy-and-hold,1.18789065343,0.0324798931878,0.25456565012,sem look-ahead (quantis dos 60 pregões anteriores)
2023-11-14,Ibovespa buy-and-hold,1.2170214869,0.0324798931878,0.25456565012,sem look-ahead (quantis dos 60 pregões anteriores)
2023-11-16,Ibovespa buy-and-hold,1.22933696121,0.0324798931878,0.25456565012,sem look-ahead (quantis dos 60 pregões anteriores)
2023-11-17,Ibovespa buy-and-hold,1.2341328911,0.0324798931878,0.25456565012,sem look-ahead (quantis dos 60 pregões anteriores)
2023-11-20,Ibovespa buy-and-hold,1.24432670918,0.0324798931878,0.25456565012,sem look-ahead (quantis dos 60 pregões anteriores)
2023-11-21,Ibovespa buy-and-hold,1.23951104295,0.0324798931878,0.25456565012,sem look-ahead (quantis dos 60 pregões anteriores)
2023-11-22,Ibovespa buy-and-hold,1.24373461907,0.0324798931878,0.25456565012,sem look-ahead (quantis dos 60 pregões anteriores)
2023-11-23,Ibovespa buy-and-hold,1.24907329824,0.0324798931878,0.25456565012,sem look-ahead (quantis dos 60 pregões anteriores)
2023-11-24,Ibovespa buy-and-hold,1.23886961199,0.0324798931878,0.25456565012,sem look-ahead (quantis dos 60 pregões anteriores)
2023-11-27,Ibovespa buy-and-hold,1.24026102375,0.0324798931878,0.25456565012,sem look-ahead (quantis dos 60 pregões anteriores)
2023-11-28,Ibovespa buy-and-hold,1.24869830784,0.0324798931878,0.25456565012,sem look-ahead (quantis dos 60 pregões anteriores)
2023-11-29,Ibovespa buy-and-hold,1.24438591819,0.0324798931878,0.25456565012,sem look-ahead (quantis dos 60 pregões anteriores)
2023-11-30,Ibovespa buy-and-hold,1.25652376547,0.0324798931878,0.25456565012,sem look-ahead (quantis dos 60 pregões anteriores)
2023-12-01,Ibovespa buy-and-hold,1.26414199157,0.0324798931878,0.25456565012,sem look-ahead (quantis dos 60 pregões anteriores)
2023-12-04,Ibovespa buy-and-hold,1.25131337249,0.0324798931878,0.25456565012,sem look-ahead (quantis dos 60 pregões anteriores)
2023-12-05,Ibovespa buy-and-hold,1.25230018934,0.0324798931878,0.25456565012,sem look-ahead (quantis dos 60 pregões anteriores)
2023-12-06,Ibovespa buy-and-hold,1.23966893364,0.0324798931878,0.25456565012,sem look-ahead (quantis dos 60 pregões anteriores)
2023-12-07,Ibovespa buy-and-hold,1.24348791486,0.0324798931878,0.25456565012,sem look-ahead (quantis dos 60 pregões anteriores)
2023-12-08,Ibovespa buy-and-hold,1.25418500953,0.0324798931878,0.25456565012,sem look-ahead (quantis dos 60 pregões anteriores)
2023-12-11,Ibovespa buy-and-hold,1.25242847554,0.0324798931878,0.25456565012,sem look-ahead (quantis dos 60 pregões anteriores)
2023-12-12,Ibovespa buy-and-hold,1.24736610509,0.0324798931878,0.25456565012,sem look-ahead (quantis dos 60 pregões anteriores)
2023-12-13,Ibovespa buy-and-hold,1.27758243709,0.0324798931878,0.25456565012,sem look-ahead (quantis dos 60 pregões anteriores)
2023-12-14,Ibovespa buy-and-hold,1.29117090513,0.0324798931878,0.25456565012,sem look-ahead (quantis dos 60 pregões anteriores)
2023-12-15,Ibovespa buy-and-hold,1.28480593644,0.0324798931878,0.25456565012,sem look-ahead (quantis dos 60 pregões anteriores)
2023-12-18,Ibovespa buy-and-hold,1.29355900192,0.0324798931878,0.25456565012,sem look-ahead (quantis dos 60 pregões anteriores)
2023-12-19,Ibovespa buy-and-hold,1.30112788717,0.0324798931878,0.25456565012,sem look-ahead (quantis dos 60 pregões anteriores)
2023-12-20,Ibovespa buy-and-hold,1.29079591473,0.0324798931878,0.25456565012,sem look-ahead (quantis dos 60 pregões anteriores)
2023-12-21,Ibovespa buy-and-hold,1.30439425095,0.0324798931878,0.25456565012,sem look-ahead (quantis dos 60 pregões anteriores)
2023-12-22,Ibovespa buy-and-hold,1.31002897517,0.0324798931878,0.25456565012,sem look-ahead (quantis dos 60 pregões anteriores)
2023-12-26,Ibovespa buy-and-hold,1.31772614661,0.0324798931878,0.25456565012,sem look-ahead (quantis dos 60 pregões anteriores)
2023-12-27,Ibovespa buy-and-hold,1.324249006,0.0324798931878,0.25456565012,sem look-ahead (quantis dos 60 pregões anteriores)
2023-12-28,Ibovespa buy-and-hold,1.32416019249,0.0324798931878,0.25456565012,sem look-ahead (quantis dos 60 pregões anteriores)
2024-01-02,Ibovespa buy-and-hold,1.30947635773,0.0324798931878,0.25456565012,sem look-ahead (quantis dos 60 pregões anteriores)
2024-01-03,Ibovespa buy-and-hold,1.31082829682,0.0324798931878,0.25456565012,sem look-ahead (quantis dos 60 pregões anteriores)
2024-01-04,Ibovespa buy-and-hold,1.29496028184,0.0324798931878,0.25456565012,sem look-ahead (quantis dos 60 pregões anteriores)
2024-01-05,Ibovespa buy-and-hold,1.30282521215,0.0324798931878,0.25456565012,sem look-ahead (quantis dos 60 pregões anteriores)
2024-01-08,Ibovespa buy-and-hold,1.30681195223,0.0324798931878,0.25456565012,sem look-ahead (quantis dos 60 pregões anteriores)
2024-01-09,Ibovespa buy-and-hold,1.29714114709,0.0324798931878,0.25456565012,sem look-ahead (quantis dos 60 pregões anteriores)
2024-01-10,Ibovespa buy-and-hold,1.29116103697,0.0324798931878,0.25456565012,sem look-ahead (quantis dos 60 pregões anteriores)
2024-01-11,Ibovespa buy-and-hold,1.28926634861,0.0324798931878,0.25456565012,sem look-ahead (quantis dos 60 pregões anteriores)
2024-01-12,Ibovespa buy-and-hold,1.29261165774,0.0324798931878,0.25456565012,sem look-ahead (quantis dos 60 pregões anteriores)
2024-01-15,Ibovespa buy-and-hold,1.29787139156,0.0324798931878,0.25456565012,sem look-ahead (quantis dos 60 pregões anteriores)
2024-01-16,Ibovespa buy-and-hold,1.27589498027,0.0324798931878,0.25456565012,sem look-ahead (quantis dos 60 pregões anteriores)
2024-01-17,Ibovespa buy-and-hold,1.26829649051,0.0324798931878,0.25456565012,sem look-ahead (quantis dos 60 pregões anteriores)
2024-01-18,Ibovespa buy-and-hold,1.25637574294,0.0324798931878,0.25456565012,sem look-ahead (quantis dos 60 pregões anteriores)
2024-01-19,Ibovespa buy-and-hold,1.25953355687,0.0324798931878,0.25456565012,sem look-ahead (quantis dos 60 pregões anteriores)
2024-01-22,Ibovespa buy-and-hold,1.24932987062,0.0324798931878,0.25456565012,sem look-ahead (quantis dos 60 pregões anteriores)
2024-01-23,Ibovespa buy-and-hold,1.26572089853,0.0324798931878,0.25456565012,sem look-ahead (quantis dos 60 pregões anteriores)
2024-01-24,Ibovespa buy-and-hold,1.2613098272,0.0324798931878,0.25456565012,sem look-ahead (quantis dos 60 pregões anteriores)
2024-01-25,Ibovespa buy-and-hold,1.26479329069,0.0324798931878,0.25456565012,sem look-ahead (quantis dos 60 pregões anteriores)
2024-01-26,Ibovespa buy-and-hold,1.27266808916,0.0324798931878,0.25456565012,sem look-ahead (quantis dos 60 pregões anteriores)
2024-01-29,Ibovespa buy-and-hold,1.26808925897,0.0324798931878,0.25456565012,sem look-ahead (quantis dos 60 pregões anteriores)
2024-01-30,Ibovespa buy-and-hold,1.25722440543,0.0324798931878,0.25456565012,sem look-ahead (quantis dos 60 pregões anteriores)
2024-01-31,Ibovespa buy-and-hold,1.26067826442,0.0324798931878,0.25456565012,sem look-ahead (quantis dos 60 pregões anteriores)
2024-02-01,Ibovespa buy-and-hold,1.26787215927,0.0324798931878,0.25456565012,sem look-ahead (quantis dos 60 pregões anteriores)
2024-02-02,Ibovespa buy-and-hold,1.25505340836,0.0324798931878,0.25456565012,sem look-ahead (quantis dos 60 pregões anteriores)
2024-02-05,Ibovespa buy-and-hold,1.25910922562,0.0324798931878,0.25456565012,sem look-ahead (quantis dos 60 pregões anteriores)
2024-02-06,Ibovespa buy-and-hold,1.28696706535,0.0324798931878,0.25456565012,sem look-ahead (quantis dos 60 pregões anteriores)
2024-02-07,Ibovespa buy-and-hold,1.27899358518,0.0324798931878,0.25456565012,sem look-ahead (quantis dos 60 pregões anteriores)
2024-02-08,Ibovespa buy-and-hold,1.26526696278,0.0324798931878,0.25456565012,sem look-ahead (quantis dos 60 pregões anteriores)
2024-02-09,Ibovespa buy-and-hold,1.26338214259,0.0324798931878,0.25456565012,sem look-ahead (quantis dos 60 pregões anteriores)
2024-02-14,Ibovespa buy-and-hold,1.25343502872,0.0324798931878,0.25456565012,sem look-ahead (quantis dos 60 pregões anteriores)
2024-02-15,Ibovespa buy-and-hold,1.26119140918,0.0324798931878,0.25456565012,sem look-ahead (quantis dos 60 pregões anteriores)
2024-02-16,Ibovespa buy-and-hold,1.27028986055,0.0324798931878,0.25456565012,sem look-ahead (quantis dos 60 pregões anteriores)
2024-02-19,Ibovespa buy-and-hold,1.27334899279,0.0324798931878,0.25456565012,sem look-ahead (quantis dos 60 pregões anteriores)
2024-02-20,Ibovespa buy-and-hold,1.28203298109,0.0324798931878,0.25456565012,sem look-ahead (quantis dos 60 pregões anteriores)
2024-02-21,Ibovespa buy-and-hold,1.28317768864,0.0324798931878,0.25456565012,sem look-ahead (quantis dos 60 pregões anteriores)
2024-02-22,Ibovespa buy-and-hold,1.28524013586,0.0324798931878,0.25456565012,sem look-ahead (quantis dos 60 pregões anteriores)
2024-02-23,Ibovespa buy-and-hold,1.27712850133,0.0324798931878,0.25456565012,sem look-ahead (quantis dos 60 pregões anteriores)
2024-02-26,Ibovespa buy-and-hold,1.27900345335,0.0324798931878,0.25456565012,sem look-ahead (quantis dos 60 pregões anteriores)
2024-02-27,Ibovespa buy-and-hold,1.29952924387,0.0324798931878,0.25456565012,sem look-ahead (quantis dos 60 pregões anteriores)
2024-02-28,Ibovespa buy-and-hold,1.28439147336,0.0324798931878,0.25456565012,sem look-ahead (quantis dos 60 pregões anteriores)
2024-02-29,Ibovespa buy-and-hold,1.2731911021,0.0324798931878,0.25456565012,sem look-ahead (quantis dos 60 pregões anteriores)
2024-03-01,Ibovespa buy-and-hold,1.27477000906,0.0324798931878,0.25456565012,sem look-ahead (quantis dos 60 pregões anteriores)
2024-03-04,Ibovespa buy-and-hold,1.26649061567,0.0324798931878,0.25456565012,sem look-ahead (quantis dos 60 pregões anteriores)
2024-03-05,Ibovespa buy-and-hold,1.26409265072,0.0324798931878,0.25456565012,sem look-ahead (quantis dos 60 pregões anteriores)
2024-03-06,Ibovespa buy-and-hold,1.27190824019,0.0324798931878,0.25456565012,sem look-ahead (quantis dos 60 pregões anteriores)
2024-03-07,Ibovespa buy-and-hold,1.2664807475,0.0324798931878,0.25456565012,sem look-ahead (quantis dos 60 pregões anteriores)
2024-03-08,Ibovespa buy-and-hold,1.25395804166,0.0324798931878,0.25456565012,sem look-ahead (quantis dos 60 pregões anteriores)
2024-03-11,Ibovespa buy-and-hold,1.24461288607,0.0324798931878,0.25456565012,sem look-ahead (quantis dos 60 pregões anteriores)
2024-03-12,Ibovespa buy-and-hold,1.25984933826,0.0324798931878,0.25456565012,sem look-ahead (quantis dos 60 pregões anteriores)
2024-03-13,Ibovespa buy-and-hold,1.26318477922,0.0324798931878,0.25456565012,sem look-ahead (quantis dos 60 pregões anteriores)
2024-03-14,Ibovespa buy-and-hold,1.26006643797,0.0324798931878,0.25456565012,sem look-ahead (quantis dos 60 pregões anteriores)
2024-03-15,Ibovespa buy-and-hold,1.25071141421,0.0324798931878,0.25456565012,sem look-ahead (quantis dos 60 pregões anteriores)
2024-03-18,Ibovespa buy-and-hold,1.25280346594,0.0324798931878,0.25456565012,sem look-ahead (quantis dos 60 pregões anteriores)
2024-03-19,Ibovespa buy-and-hold,1.25847766284,0.0324798931878,0.25456565012,sem look-ahead (quantis dos 60 pregões anteriores)
2024-03-20,Ibovespa buy-and-hold,1.27422725979,0.0324798931878,0.25456565012,sem look-ahead (quantis dos 60 pregões anteriores)
2024-03-21,Ibovespa buy-and-hold,1.264694609,0.0324798931878,0.25456565012,sem look-ahead (quantis dos 60 pregões anteriores)
2024-03-22,Ibovespa buy-and-hold,1.25352384224,0.0324798931878,0.25456565012,sem look-ahead (quantis dos 60 pregões anteriores)
2024-03-25,Ibovespa buy-and-hold,1.25257649806,0.0324798931878,0.25456565012,sem look-ahead (quantis dos 60 pregões anteriores)
2024-03-26,Ibovespa buy-and-hold,1.2519054626,0.0324798931878,0.25456565012,sem look-ahead (quantis dos 60 pregões anteriores)
2024-03-27,Ibovespa buy-and-hold,1.26007630614,0.0324798931878,0.25456565012,sem look-ahead (quantis dos 60 pregões anteriores)
2024-03-28,Ibovespa buy-and-hold,1.26417159607,0.0324798931878,0.25456565012,sem look-ahead (quantis dos 60 pregões anteriores)
2024-04-01,Ibovespa buy-and-hold,1.25315872001,0.0324798931878,0.25456565012,sem look-ahead (quantis dos 60 pregões anteriores)
2024-04-02,Ibovespa buy-and-hold,1.25867502621,0.0324798931878,0.25456565012,sem look-ahead (quantis dos 60 pregões anteriores)
2024-04-03,Ibovespa buy-and-hold,1.25639547928,0.0324798931878,0.25456565012,sem look-ahead (quantis dos 60 pregões anteriores)
2024-04-04,Ibovespa buy-and-hold,1.25748097782,0.0324798931878,0.25456565012,sem look-ahead (quantis dos 60 pregões anteriores)
2024-04-05,Ibovespa buy-and-hold,1.25123442715,0.0324798931878,0.25456565012,sem look-ahead (quantis dos 60 pregões anteriores)
2024-04-08,Ibovespa buy-and-hold,1.27158259063,0.0324798931878,0.25456565012,sem look-ahead (quantis dos 60 pregões anteriores)
2024-04-09,Ibovespa buy-and-hold,1.28177640871,0.0324798931878,0.25456565012,sem look-ahead (quantis dos 60 pregões anteriores)
2024-04-10,Ibovespa buy-and-hold,1.26365845131,0.0324798931878,0.25456565012,sem look-ahead (quantis dos 60 pregões anteriores)
2024-04-11,Ibovespa buy-and-hold,1.25716519642,0.0324798931878,0.25456565012,sem look-ahead (quantis dos 60 pregões anteriores)
2024-04-12,Ibovespa buy-and-hold,1.24285635207,0.0324798931878,0.25456565012,sem look-ahead (quantis dos 60 pregões anteriores)
2024-04-15,Ibovespa buy-and-hold,1.23681703294,0.0324798931878,0.25456565012,sem look-ahead (quantis dos 60 pregões anteriores)
2024-04-16,Ibovespa buy-and-hold,1.22749161369,0.0324798931878,0.25456565012,sem look-ahead (quantis dos 60 pregões anteriores)
2024-04-17,Ibovespa buy-and-hold,1.22534035296,0.0324798931878,0.25456565012,sem look-ahead (quantis dos 60 pregões anteriores)
2024-04-18,Ibovespa buy-and-hold,1.22558705717,0.0324798931878,0.25456565012,sem look-ahead (quantis dos 60 pregões anteriores)
2024-04-19,Ibovespa buy-and-hold,1.23474471755,0.0324798931878,0.25456565012,sem look-ahead (quantis dos 60 pregões anteriores)
2024-04-22,Ibovespa buy-and-hold,1.23917552522,0.0324798931878,0.25456565012,sem look-ahead (quantis dos 60 pregões anteriores)
2024-04-23,Ibovespa buy-and-hold,1.2349815536,0.0324798931878,0.25456565012,sem look-ahead (quantis dos 60 pregões anteriores)
2024-04-24,Ibovespa buy-and-hold,1.23096520901,0.0324798931878,0.25456565012,sem look-ahead (quantis dos 60 pregões anteriores)
2024-04-25,Ibovespa buy-and-hold,1.230027733,0.0324798931878,0.25456565012,sem look-ahead (quantis dos 60 pregões anteriores)
2024-04-26,Ibovespa buy-and-hold,1.24857988981,0.0324798931878,0.25456565012,sem look-ahead (quantis dos 60 pregões anteriores)
2024-04-29,Ibovespa buy-and-hold,1.25673099701,0.0324798931878,0.25456565012,sem look-ahead (quantis dos 60 pregões anteriores)
2024-04-30,Ibovespa buy-and-hold,1.24263925237,0.0324798931878,0.25456565012,sem look-ahead (quantis dos 60 pregões anteriores)
2024-05-02,Ibovespa buy-and-hold,1.25446131825,0.0324798931878,0.25456565012,sem look-ahead (quantis dos 60 pregões anteriores)
2024-05-03,Ibovespa buy-and-hold,1.26814846798,0.0324798931878,0.25456565012,sem look-ahead (quantis dos 60 pregões anteriores)
2024-05-06,Ibovespa buy-and-hold,1.26772413674,0.0324798931878,0.25456565012,sem look-ahead (quantis dos 60 pregões anteriores)
2024-05-07,Ibovespa buy-and-hold,1.27506605411,0.0324798931878,0.25456565012,sem look-ahead (quantis dos 60 pregões anteriores)
2024-05-08,Ibovespa buy-and-hold,1.27774032778,0.0324798931878,0.25456565012,sem look-ahead (quantis dos 60 pregões anteriores)
2024-05-09,Ibovespa buy-and-hold,1.26498078589,0.0324798931878,0.25456565012,sem look-ahead (quantis dos 60 pregões anteriores)
2024-05-10,Ibovespa buy-and-hold,1.2591783028,0.0324798931878,0.25456565012,sem look-ahead (quantis dos 60 pregões anteriores)
2024-05-13,Ibovespa buy-and-hold,1.26465513633,0.0324798931878,0.25456565012,sem look-ahead (quantis dos 60 pregões anteriores)
2024-05-14,Ibovespa buy-and-hold,1.26820767699,0.0324798931878,0.25456565012,sem look-ahead (quantis dos 60 pregões anteriores)
2024-05-15,Ibovespa buy-and-hold,1.26340187893,0.0324798931878,0.25456565012,sem look-ahead (quantis dos 60 pregões anteriores)
2024-05-16,Ibovespa buy-and-hold,1.26592813007,0.0324798931878,0.25456565012,sem look-ahead (quantis dos 60 pregões anteriores)
2024-05-17,Ibovespa buy-and-hold,1.26461566365,0.0324798931878,0.25456565012,sem look-ahead (quantis dos 60 pregões anteriores)
2024-05-20,Ibovespa buy-and-hold,1.26066839625,0.0324798931878,0.25456565012,sem look-ahead (quantis dos 60 pregões anteriores)
2024-05-21,Ibovespa buy-and-hold,1.25732308712,0.0324798931878,0.25456565012,sem look-ahead (quantis dos 60 pregões anteriores)
2024-05-22,Ibovespa buy-and-hold,1.23993537419,0.0324798931878,0.25456565012,sem look-ahead (quantis dos 60 pregões anteriores)
2024-05-23,Ibovespa buy-and-hold,1.23084679099,0.0324798931878,0.25456565012,sem look-ahead (quantis dos 60 pregões anteriores)
2024-05-24,Ibovespa buy-and-hold,1.22667255571,0.0324798931878,0.25456565012,sem look-ahead (quantis dos 60 pregões anteriores)
2024-05-27,Ibovespa buy-and-hold,1.22854750772,0.0324798931878,0.25456565012,sem look-ahead (quantis dos 60 pregões anteriores)
2024-05-28,Ibovespa buy-and-hold,1.22148189907,0.0324798931878,0.25456565012,sem look-ahead (quantis dos 60 pregões anteriores)
2024-05-29,Ibovespa buy-and-hold,1.21089335425,0.0324798931878,0.25456565012,sem look-ahead (quantis dos 60 pregões anteriores)
2024-05-31,Ibovespa buy-and-hold,1.20488363962,0.0324798931878,0.25456565012,sem look-ahead (quantis dos 60 pregões anteriores)
2024-06-03,Ibovespa buy-and-hold,1.2042323405,0.0324798931878,0.25456565012,sem look-ahead (quantis dos 60 pregões anteriores)
2024-06-04,Ibovespa buy-and-hold,1.20196266174,0.0324798931878,0.25456565012,sem look-ahead (quantis dos 60 pregões anteriores)
2024-06-05,Ibovespa buy-and-hold,1.19806473517,0.0324798931878,0.25456565012,sem look-ahead (quantis dos 60 pregões anteriores)
2024-06-06,Ibovespa buy-and-hold,1.2127880426,0.0324798931878,0.25456565012,sem look-ahead (quantis dos 60 pregões anteriores)
2024-06-07,Ibovespa buy-and-hold,1.19174910732,0.0324798931878,0.25456565012,sem look-ahead (quantis dos 60 pregões anteriores)
2024-06-10,Ibovespa buy-and-hold,1.19168003014,0.0324798931878,0.25456565012,sem look-ahead (quantis dos 60 pregões anteriores)
2024-06-11,Ibovespa buy-and-hold,1.2003146776,0.0324798931878,0.25456565012,sem look-ahead (quantis dos 60 pregões anteriores)
2024-06-12,Ibovespa buy-and-hold,1.18354865929,0.0324798931878,0.25456565012,sem look-ahead (quantis dos 60 pregões anteriores)
2024-06-13,Ibovespa buy-and-hold,1.17991717327,0.0324798931878,0.25456565012,sem look-ahead (quantis dos 60 pregões anteriores)
2024-06-14,Ibovespa buy-and-hold,1.18084478111,0.0324798931878,0.25456565012,sem look-ahead (quantis dos 60 pregões anteriores)
2024-06-17,Ibovespa buy-and-hold,1.17567386081,0.0324798931878,0.25456565012,sem look-ahead (quantis dos 60 pregões anteriores)
2024-06-18,Ibovespa buy-and-hold,1.18052899972,0.0324798931878,0.25456565012,sem look-ahead (quantis dos 60 pregões anteriores)
2024-06-19,Ibovespa buy-and-hold,1.18675581405,0.0324798931878,0.25456565012,sem look-ahead (quantis dos 60 pregões anteriores)
2024-06-20,Ibovespa buy-and-hold,1.18858142523,0.0324798931878,0.25456565012,sem look-ahead (quantis dos 60 pregões anteriores)
2024-06-21,Ibovespa buy-and-hold,1.19741343605,0.0324798931878,0.25456565012,sem look-ahead (quantis dos 60 pregões anteriores)
2024-06-24,Ibovespa buy-and-hold,1.21020258245,0.0324798931878,0.25456565012,sem look-ahead (quantis dos 60 pregões anteriores)
2024-06-25,Ibovespa buy-and-hold,1.20718292288,0.0324798931878,0.25456565012,sem look-ahead (quantis dos 60 pregões anteriores)
2024-06-26,Ibovespa buy-and-hold,1.21024205512,0.0324798931878,0.25456565012,sem look-ahead (quantis dos 60 pregões anteriores)
2024-06-27,Ibovespa buy-and-hold,1.22669229204,0.0324798931878,0.25456565012,sem look-ahead (quantis dos 60 pregões anteriores)
2024-06-28,Ibovespa buy-and-hold,1.22273515647,0.0324798931878,0.25456565012,sem look-ahead (quantis dos 60 pregões anteriores)
2024-07-01,Ibovespa buy-and-hold,1.23073824113,0.0324798931878,0.25456565012,sem look-ahead (quantis dos 60 pregões anteriores)
2024-07-02,Ibovespa buy-and-hold,1.23141914476,0.0324798931878,0.25456565012,sem look-ahead (quantis dos 60 pregões anteriores)
2024-07-03,Ibovespa buy-and-hold,1.24005379221,0.0324798931878,0.25456565012,sem look-ahead (quantis dos 60 pregões anteriores)
2024-07-04,Ibovespa buy-and-hold,1.24500761281,0.0324798931878,0.25456565012,sem look-ahead (quantis dos 60 pregões anteriores)
2024-07-05,Ibovespa buy-and-hold,1.24602403417,0.0324798931878,0.25456565012,sem look-ahead (quantis dos 60 pregões anteriores)
2024-07-08,Ibovespa buy-and-hold,1.24879698952,0.0324798931878,0.25456565012,sem look-ahead (quantis dos 60 pregões anteriores)
2024-07-09,Ibovespa buy-and-hold,1.25432316389,0.0324798931878,0.25456565012,sem look-ahead (quantis dos 60 pregões anteriores)
2024-07-10,Ibovespa buy-and-hold,1.25540866243,0.0324798931878,0.25456565012,sem look-ahead (quantis dos 60 pregões anteriores)
2024-07-11,Ibovespa buy-and-hold,1.26602681175,0.0324798931878,0.25456565012,sem look-ahead (quantis dos 60 pregões anteriores)
2024-07-12,Ibovespa buy-and-hold,1.27197731737,0.0324798931878,0.25456565012,sem look-ahead (quantis dos 60 pregões anteriores)
2024-07-15,Ibovespa buy-and-hold,1.27616142082,0.0324798931878,0.25456565012,sem look-ahead (quantis dos 60 pregões anteriores)
2024-07-16,Ibovespa buy-and-hold,1.27407923726,0.0324798931878,0.25456565012,sem look-ahead (quantis dos 60 pregões anteriores)
2024-07-17,Ibovespa buy-and-hold,1.27743441456,0.0324798931878,0.25456565012,sem look-ahead (quantis dos 60 pregões anteriores)
2024-07-18,Ibovespa buy-and-hold,1.25969144756,0.0324798931878,0.25456565012,sem look-ahead (quantis dos 60 pregões anteriores)
2024-07-19,Ibovespa buy-and-hold,1.2593361935,0.0324798931878,0.25456565012,sem look-ahead (quantis dos 60 pregões anteriores)
2024-07-22,Ibovespa buy-and-hold,1.26174402662,0.0324798931878,0.25456565012,sem look-ahead (quantis dos 60 pregões anteriores)
2024-07-23,Ibovespa buy-and-hold,1.2492114526,0.0324798931878,0.25456565012,sem look-ahead (quantis dos 60 pregões anteriores)
2024-07-24,Ibovespa buy-and-hold,1.24756346846,0.0324798931878,0.25456565012,sem look-ahead (quantis dos 60 pregões anteriores)
2024-07-25,Ibovespa buy-and-hold,1.24293529742,0.0324798931878,0.25456565012,sem look-ahead (quantis dos 60 pregões anteriores)
2024-07-26,Ibovespa buy-and-hold,1.2581125406,0.0324798931878,0.25456565012,sem look-ahead (quantis dos 60 pregões anteriores)
2024-07-29,Ibovespa buy-and-hold,1.25280346594,0.0324798931878,0.25456565012,sem look-ahead (quantis dos 60 pregões anteriores)
2024-07-30,Ibovespa buy-and-hold,1.2447609086,0.0324798931878,0.25456565012,sem look-ahead (quantis dos 60 pregões anteriores)
2024-07-31,Ibovespa buy-and-hold,1.25969144756,0.0324798931878,0.25456565012,sem look-ahead (quantis dos 60 pregões anteriores)
2024-08-01,Ibovespa buy-and-hold,1.25715532826,0.0324798931878,0.25456565012,sem look-ahead (quantis dos 60 pregões anteriores)
2024-08-02,Ibovespa buy-and-hold,1.24194848057,0.0324798931878,0.25456565012,sem look-ahead (quantis dos 60 pregões anteriores)
2024-08-05,Ibovespa buy-and-hold,1.23618547016,0.0324798931878,0.25456565012,sem look-ahead (quantis dos 60 pregões anteriores)
2024-08-06,Ibovespa buy-and-hold,1.24602403417,0.0324798931878,0.25456565012,sem look-ahead (quantis dos 60 pregões anteriores)
2024-08-07,Ibovespa buy-and-hold,1.25832964031,0.0324798931878,0.25456565012,sem look-ahead (quantis dos 60 pregões anteriores)
2024-08-08,Ibovespa buy-and-hold,1.2696484296,0.0324798931878,0.25456565012,sem look-ahead (quantis dos 60 pregões anteriores)
2024-08-09,Ibovespa buy-and-hold,1.28893083088,0.0324798931878,0.25456565012,sem look-ahead (quantis dos 60 pregões anteriores)
2024-08-12,Ibovespa buy-and-hold,1.29387478331,0.0324798931878,0.25456565012,sem look-ahead (quantis dos 60 pregões anteriores)
2024-08-13,Ibovespa buy-and-hold,1.30652577535,0.0324798931878,0.25456565012,sem look-ahead (quantis dos 60 pregões anteriores)
2024-08-14,Ibovespa buy-and-hold,1.31560449038,0.0324798931878,0.25456565012,sem look-ahead (quantis dos 60 pregões anteriores)
2024-08-15,Ibovespa buy-and-hold,1.32384441109,0.0324798931878,0.25456565012,sem look-ahead (quantis dos 60 pregões anteriores)
2024-08-16,Ibovespa buy-and-hold,1.32187077739,0.0324798931878,0.25456565012,sem look-ahead (quantis dos 60 pregões anteriores)
2024-08-19,Ibovespa buy-and-hold,1.33988018494,0.0324798931878,0.25456565012,sem look-ahead (quantis dos 60 pregões anteriores)
2024-08-20,Ibovespa buy-and-hold,1.34292944901,0.0324798931878,0.25456565012,sem look-ahead (quantis dos 60 pregões anteriores)
2024-08-21,Ibovespa buy-and-hold,1.34664974854,0.0324798931878,0.25456565012,sem look-ahead (quantis dos 60 pregões anteriores)
2024-08-22,Ibovespa buy-and-hold,1.33390994298,0.0324798931878,0.25456565012,sem look-ahead (quantis dos 60 pregões anteriores)
2024-08-23,Ibovespa buy-and-hold,1.33820259629,0.0324798931878,0.25456565012,sem look-ahead (quantis dos 60 pregões anteriores)
2024-08-26,Ibovespa buy-and-hold,1.35084372016,0.0324798931878,0.25456565012,sem look-ahead (quantis dos 60 pregões anteriores)
2024-08-27,Ibovespa buy-and-hold,1.34972861712,0.0324798931878,0.25456565012,sem look-ahead (quantis dos 60 pregões anteriores)
2024-08-28,Ibovespa buy-and-hold,1.35533373683,0.0324798931878,0.25456565012,sem look-ahead (quantis dos 60 pregões anteriores)
2024-08-29,Ibovespa buy-and-hold,1.34247551326,0.0324798931878,0.25456565012,sem look-ahead (quantis dos 60 pregões anteriores)
2024-08-30,Ibovespa buy-and-hold,1.34211039102,0.0324798931878,0.25456565012,sem look-ahead (quantis dos 60 pregões anteriores)
2024-09-02,Ibovespa buy-and-hold,1.33201525463,0.0324798931878,0.25456565012,sem look-ahead (quantis dos 60 pregões anteriores)
2024-09-03,Ibovespa buy-and-hold,1.3258180448,0.0324798931878,0.25456565012,sem look-ahead (quantis dos 60 pregões anteriores)
2024-09-04,Ibovespa buy-and-hold,1.34316628505,0.0324798931878,0.25456565012,sem look-ahead (quantis dos 60 pregões anteriores)
2024-09-05,Ibovespa buy-and-hold,1.34702473894,0.0324798931878,0.25456565012,sem look-ahead (quantis dos 60 pregões anteriores)
2024-09-06,Ibovespa buy-and-hold,1.3279791737,0.0324798931878,0.25456565012,sem look-ahead (quantis dos 60 pregões anteriores)
2024-09-09,Ibovespa buy-and-hold,1.32960742151,0.0324798931878,0.25456565012,sem look-ahead (quantis dos 60 pregões anteriores)
2024-09-10,Ibovespa buy-and-hold,1.32549239524,0.0324798931878,0.25456565012,sem look-ahead (quantis dos 60 pregões anteriores)
2024-09-11,Ibovespa buy-and-hold,1.3290153314,0.0324798931878,0.25456565012,sem look-ahead (quantis dos 60 pregões anteriores)
2024-09-12,Ibovespa buy-and-hold,1.3226207582,0.0324798931878,0.25456565012,sem look-ahead (quantis dos 60 pregões anteriores)
2024-09-13,Ibovespa buy-and-hold,1.33103830594,0.0324798931878,0.25456565012,sem look-ahead (quantis dos 60 pregões anteriores)
2024-09-16,Ibovespa buy-and-hold,1.33336719371,0.0324798931878,0.25456565012,sem look-ahead (quantis dos 60 pregões anteriores)
2024-09-17,Ibovespa buy-and-hold,1.33180802309,0.0324798931878,0.25456565012,sem look-ahead (quantis dos 60 pregões anteriores)
2024-09-18,Ibovespa buy-and-hold,1.31984780285,0.0324798931878,0.25456565012,sem look-ahead (quantis dos 60 pregões anteriores)
2024-09-19,Ibovespa buy-and-hold,1.31368019752,0.0324798931878,0.25456565012,sem look-ahead (quantis dos 60 pregões anteriores)
2024-09-20,Ibovespa buy-and-hold,1.29337150671,0.0324798931878,0.25456565012,sem look-ahead (quantis dos 60 pregões anteriores)
2024-09-23,Ibovespa buy-and-hold,1.28846702696,0.0324798931878,0.25456565012,sem look-ahead (quantis dos 60 pregões anteriores)
2024-09-24,Ibovespa buy-and-hold,1.30413767857,0.0324798931878,0.25456565012,sem look-ahead (quantis dos 60 pregões anteriores)
2024-09-25,Ibovespa buy-and-hold,1.29851282251,0.0324798931878,0.25456565012,sem look-ahead (quantis dos 60 pregões anteriores)
2024-09-26,Ibovespa buy-and-hold,1.31256509448,0.0324798931878,0.25456565012,sem look-ahead (quantis dos 60 pregões anteriores)
2024-09-27,Ibovespa buy-and-hold,1.30980200729,0.0324798931878,0.25456565012,sem look-ahead (quantis dos 60 pregões anteriores)
2024-09-30,Ibovespa buy-and-hold,1.30078250127,0.0324798931878,0.25456565012,sem look-ahead (quantis dos 60 pregões anteriores)
2024-10-01,Ibovespa buy-and-hold,1.30748298769,0.0324798931878,0.25456565012,sem look-ahead (quantis dos 60 pregões anteriores)
2024-10-02,Ibovespa buy-and-hold,1.31754851958,0.0324798931878,0.25456565012,sem look-ahead (quantis dos 60 pregões anteriores)
2024-10-03,Ibovespa buy-and-hold,1.299361485,0.0324798931878,0.25456565012,sem look-ahead (quantis dos 60 pregões anteriores)
2024-10-04,Ibovespa buy-and-hold,1.30054566523,0.0324798931878,0.25456565012,sem look-ahead (quantis dos 60 pregões anteriores)
2024-10-07,Ibovespa buy-and-hold,1.30277587131,0.0324798931878,0.25456565012,sem look-ahead (quantis dos 60 pregões anteriores)
2024-10-08,Ibovespa buy-and-hold,1.29778257804,0.0324798931878,0.25456565012,sem look-ahead (quantis dos 60 pregões anteriores)
2024-10-09,Ibovespa buy-and-hold,1.28248691684,0.0324798931878,0.25456565012,sem look-ahead (quantis dos 60 pregões anteriores)
2024-10-10,Ibovespa buy-and-hold,1.28634537073,0.0324798931878,0.25456565012,sem look-ahead (quantis dos 60 pregões anteriores)
2024-10-11,Ibovespa buy-and-hold,1.28278296189,0.0324798931878,0.25456565012,sem look-ahead (quantis dos 60 pregões anteriores)
2024-10-14,Ibovespa buy-and-hold,1.2927794166,0.0324798931878,0.25456565012,sem look-ahead (quantis dos 60 pregões anteriores)
2024-10-15,Ibovespa buy-and-hold,1.29315440701,0.0324798931878,0.25456565012,sem look-ahead (quantis dos 60 pregões anteriores)
2024-10-16,Ibovespa buy-and-hold,1.30013120215,0.0324798931878,0.25456565012,sem look-ahead (quantis dos 60 pregões anteriores)
2024-10-17,Ibovespa buy-and-hold,1.29068736488,0.0324798931878,0.25456565012,sem look-ahead (quantis dos 60 pregões anteriores)
2024-10-18,Ibovespa buy-and-hold,1.28778612333,0.0324798931878,0.25456565012,sem look-ahead (quantis dos 60 pregões anteriores)
2024-10-21,Ibovespa buy-and-hold,1.28643418425,0.0324798931878,0.25456565012,sem look-ahead (quantis dos 60 pregões anteriores)
2024-10-22,Ibovespa buy-and-hold,1.28010868823,0.0324798931878,0.25456565012,sem look-ahead (quantis dos 60 pregões anteriores)
2024-10-23,Ibovespa buy-and-hold,1.27529302199,0.0324798931878,0.25456565012,sem look-ahead (quantis dos 60 pregões anteriores)
2024-10-24,Ibovespa buy-and-hold,1.28352307453,0.0324798931878,0.25456565012,sem look-ahead (quantis dos 60 pregões anteriores)
2024-10-25,Ibovespa buy-and-hold,1.28180601321,0.0324798931878,0.25456565012,sem look-ahead (quantis dos 60 pregões anteriores)
2024-10-28,Ibovespa buy-and-hold,1.29483199565,0.0324798931878,0.25456565012,sem look-ahead (quantis dos 60 pregões anteriores)
2024-10-29,Ibovespa buy-and-hold,1.29006567026,0.0324798931878,0.25456565012,sem look-ahead (quantis dos 60 pregões anteriores)
2024-10-30,Ibovespa buy-and-hold,1.28916766693,0.0324798931878,0.25456565012,sem look-ahead (quantis dos 60 pregões anteriores)
2024-10-31,Ibovespa buy-and-hold,1.28002974288,0.0324798931878,0.25456565012,sem look-ahead (quantis dos 60 pregões anteriores)
2024-11-01,Ibovespa buy-and-hold,1.2643196186,0.0324798931878,0.25456565012,sem look-ahead (quantis dos 60 pregões anteriores)
2024-11-04,Ibovespa buy-and-hold,1.28794401403,0.0324798931878,0.25456565012,sem look-ahead (quantis dos 60 pregões anteriores)
2024-11-05,Ibovespa buy-and-hold,1.28938476663,0.0324798931878,0.25456565012,sem look-ahead (quantis dos 60 pregões anteriores)
2024-11-06,Ibovespa buy-and-hold,1.28622695271,0.0324798931878,0.25456565012,sem look-ahead (quantis dos 60 pregões anteriores)
2024-11-07,Ibovespa buy-and-hold,1.27972382965,0.0324798931878,0.25456565012,sem look-ahead (quantis dos 60 pregões anteriores)
2024-11-08,Ibovespa buy-and-hold,1.26144798156,0.0324798931878,0.25456565012,sem look-ahead (quantis dos 60 pregões anteriores)
2024-11-11,Ibovespa buy-and-hold,1.26188218098,0.0324798931878,0.25456565012,sem look-ahead (quantis dos 60 pregões anteriores)
2024-11-12,Ibovespa buy-and-hold,1.26014538332,0.0324798931878,0.25456565012,sem look-ahead (quantis dos 60 pregões anteriores)
2024-11-13,Ibovespa buy-and-hold,1.26050063738,0.0324798931878,0.25456565012,sem look-ahead (quantis dos 60 pregões anteriores)
2024-11-14,Ibovespa buy-and-hold,1.26107299116,0.0324798931878,0.25456565012,sem look-ahead (quantis dos 60 pregões anteriores)
2024-11-18,Ibovespa buy-and-hold,1.26083615511,0.0324798931878,0.25456565012,sem look-ahead (quantis dos 60 pregões anteriores)
2024-11-19,Ibovespa buy-and-hold,1.26506959941,0.0324798931878,0.25456565012,sem look-ahead (quantis dos 60 pregões anteriores)
2024-11-21,Ibovespa buy-and-hold,1.25248768455,0.0324798931878,0.25456565012,sem look-ahead (quantis dos 60 pregões anteriores)
2024-11-22,Ibovespa buy-and-hold,1.27423712796,0.0324798931878,0.25456565012,sem look-ahead (quantis dos 60 pregões anteriores)
2024-11-25,Ibovespa buy-and-hold,1.27334899279,0.0324798931878,0.25456565012,sem look-ahead (quantis dos 60 pregões anteriores)
2024-11-26,Ibovespa buy-and-hold,1.2820921901,0.0324798931878,0.25456565012,sem look-ahead (quantis dos 60 pregões anteriores)
2024-11-27,Ibovespa buy-and-hold,1.25985920643,0.0324798931878,0.25456565012,sem look-ahead (quantis dos 60 pregões anteriores)
2024-11-28,Ibovespa buy-and-hold,1.22967247893,0.0324798931878,0.25456565012,sem look-ahead (quantis dos 60 pregões anteriores)
2024-11-29,Ibovespa buy-and-hold,1.24011300123,0.0324798931878,0.25456565012,sem look-ahead (quantis dos 60 pregões anteriores)
2024-12-02,Ibovespa buy-and-hold,1.23584995243,0.0324798931878,0.25456565012,sem look-ahead (quantis dos 60 pregões anteriores)
2024-12-03,Ibovespa buy-and-hold,1.2447609086,0.0324798931878,0.25456565012,sem look-ahead (quantis dos 60 pregões anteriores)
2024-12-04,Ibovespa buy-and-hold,1.24424776383,0.0324798931878,0.25456565012,sem look-ahead (quantis dos 60 pregões anteriores)
2024-12-05,Ibovespa buy-and-hold,1.26172429028,0.0324798931878,0.25456565012,sem look-ahead (quantis dos 60 pregões anteriores)
2024-12-06,Ibovespa buy-and-hold,1.24285635207,0.0324798931878,0.25456565012,sem look-ahead (quantis dos 60 pregões anteriores)
2024-12-09,Ibovespa buy-and-hold,1.25532971708,0.0324798931878,0.25456565012,sem look-ahead (quantis dos 60 pregões anteriores)
2024-12-10,Ibovespa buy-and-hold,1.26537551263,0.0324798931878,0.25456565012,sem look-ahead (quantis dos 60 pregões anteriores)
2024-12-11,Ibovespa buy-and-hold,1.27884556266,0.0324798931878,0.25456565012,sem look-ahead (quantis dos 60 pregões anteriores)
2024-12-12,Ibovespa buy-and-hold,1.24380369625,0.0324798931878,0.25456565012,sem look-ahead (quantis dos 60 pregões anteriores)
2024-12-13,Ibovespa buy-and-hold,1.22969221527,0.0324798931878,0.25456565012,sem look-ahead (quantis dos 60 pregões anteriores)
2024-12-16,Ibovespa buy-and-hold,1.21931090199,0.0324798931878,0.25456565012,sem look-ahead (quantis dos 60 pregões anteriores)
2024-12-17,Ibovespa buy-and-hold,1.23054087776,0.0324798931878,0.25456565012,sem look-ahead (quantis dos 60 pregões anteriores)
2024-12-18,Ibovespa buy-and-hold,1.19179844817,0.0324798931878,0.25456565012,sem look-ahead (quantis dos 60 pregões anteriores)
2024-12-19,Ibovespa buy-and-hold,1.19590360627,0.0324798931878,0.25456565012,sem look-ahead (quantis dos 60 pregões anteriores)
2024-12-20,Ibovespa buy-and-hold,1.20492311229,0.0324798931878,0.25456565012,sem look-ahead (quantis dos 60 pregões anteriores)
2024-12-23,Ibovespa buy-and-hold,1.19174910732,0.0324798931878,0.25456565012,sem look-ahead (quantis dos 60 pregões anteriores)
2024-12-26,Ibovespa buy-and-hold,1.19481810773,0.0324798931878,0.25456565012,sem look-ahead (quantis dos 60 pregões anteriores)
2024-12-27,Ibovespa buy-and-hold,1.1868347594,0.0324798931878,0.25456565012,sem look-ahead (quantis dos 60 pregões anteriores)
2024-12-30,Ibovespa buy-and-hold,1.18697291376,0.0324798931878,0.25456565012,sem look-ahead (quantis dos 60 pregões anteriores)
2025-01-02,Ibovespa buy-and-hold,1.18541374313,0.0324798931878,0.25456565012,sem look-ahead (quantis dos 60 pregões anteriores)
