tau,n_boot,caar_neg_mean,caar_neg_ci_low,caar_neg_ci_high,n_events_neg,caar_pos_mean,caar_pos_ci_low,caar_pos_ci_high,n_events_pos
0,1000,0.0033857348884357885,0.001602388811473616,0.005296514708432002,135,-0.006260557672385584,-0.011591986143570628,-0.0011316892135276031,135
1,1000,0.00300828567690856,3.6046809369803214e-05,0.005849539697111448,89,-0.001479524648174625,-0.00739500468298585,0.0051152665277116975,104
2,1000,0.0015504092617423433,-0.002857108660360906,0.005724460695540244,62,-0.0056144124696253725,-0.01732463050994756,0.005566653393722153,73
3,1000,-0.001740197125315468,-0.00751930430686768,0.004113081301634089,49,-0.008188996809564732,-0.027865951298535106,0.00868432596717013,41
4,1000,-0.004092866753544582,-0.011323701232309476,0.0037898376219608447,24,-0.027724217307060435,-0.05978262450802665,0.0003926965272911373,15
