tau,n_boot,caar_neg_mean,caar_neg_ci_low,caar_neg_ci_high,n_events_neg,caar_pos_mean,caar_pos_ci_low,caar_pos_ci_high,n_events_pos
0,1000,0.0034242768400814328,0.001495499656471343,0.00530587243574057,135,-0.006086768087520484,-0.011433326938073831,-0.001014612276518145,135
1,1000,0.002919192205976115,4.9430424134555445e-05,0.006022658701883666,89,-0.0014122641316802263,-0.0076120499655001166,0.00448238547011087,104
2,1000,0.0015997308861044886,-0.003175563845425205,0.0062621474074680845,62,-0.005486955186655087,-0.01705234613191435,0.006246138616499639,73
3,1000,-0.0016966842524387571,-0.0075044199891260615,0.004411470872803064,49,-0.00833398159427141,-0.02633735901413663,0.010212023204868638,41
4,1000,-0.0039770222156718,-0.011344644275709985,0.003695682595209156,24,-0.028311074967738905,-0.06426945547145668,-0.0006892853791284912,15
