tau,n_boot,caar_neg_mean,caar_neg_ci_low,caar_neg_ci_high,n_events_neg,caar_pos_mean,caar_pos_ci_low,caar_pos_ci_high,n_events_pos
0,1000,0.003386765817188137,0.0015696340773903434,0.005237915122180073,135,-0.00626413331069746,-0.011739492820025193,-0.0011858568186764338,135
1,1000,0.002920945667932756,0.00013417269367949292,0.005874518988355773,89,-0.001452482930696512,-0.007666912932504138,0.0049815368809430225,104
2,1000,0.0017039623853189836,-0.002314597173439476,0.006164363792526208,62,-0.005159298831478194,-0.016911362033133703,0.007019462864685294,73
3,1000,-0.0017044261468966624,-0.007277644059869441,0.004071237274551363,49,-0.00813263194608128,-0.027581338432251495,0.009296747820288763,41
4,1000,-0.0041550285422925935,-0.011691919602188919,0.0036619702422861335,24,-0.028396827799239625,-0.06200741251609748,-7.957858892988151e-05,15
