tau,n_boot,caar_neg_mean,caar_neg_ci_low,caar_neg_ci_high,n_events_neg,caar_pos_mean,caar_pos_ci_low,caar_pos_ci_high,n_events_pos
0,1000,0.0034004395348077522,0.0015660051031002997,0.005181352014228451,135,-0.00618053672196397,-0.011451415283215706,-0.0014700148668178273,135
1,1000,0.002923943578144696,-0.0001067408294298428,0.00583891771809211,89,-0.001488812558942287,-0.007887617923637843,0.004862245941126532,104
2,1000,0.0016194929785780853,-0.0024171372702029635,0.006007805816156427,62,-0.005591210042775799,-0.01629786689998484,0.005239555433531921,73
3,1000,-0.0018017153360235672,-0.007408102747337815,0.0037069178796579495,49,-0.008400537376999286,-0.02763013096272662,0.00902403079579131,41
4,1000,-0.004100554219267149,-0.011591216304762961,0.0032486583494305715,24,-0.02868921528488534,-0.06323653842953918,0.0005581578773303635,15
