tau,n_boot,caar_neg_mean,caar_neg_ci_low,caar_neg_ci_high,n_events_neg,caar_pos_mean,caar_pos_ci_low,caar_pos_ci_high,n_events_pos
0,1000,0.0034209562531719016,0.0016348091732274767,0.005203338291412122,135,-0.006178780383920886,-0.011832224056004897,-0.0013230774963980754,135
1,1000,0.002914652889362208,0.0002036675000188449,0.00608075887188762,89,-0.0015032068483619185,-0.0076328450667666374,0.004953413712255971,104
2,1000,0.001696982944054186,-0.0025044109348321838,0.006326161181044699,62,-0.005518499480059072,-0.01681080298946202,0.00589102160041647,73
3,1000,-0.0016815108095250908,-0.0073855364997266896,0.004492014753462468,49,-0.008836055757359053,-0.029745195920395182,0.008454547738679785,41
4,1000,-0.004187475584844334,-0.011397593268733727,0.0032068896936859577,24,-0.028910033343737963,-0.0640527696670917,-0.0002552425556658843,15
