tau,n_boot,caar_neg_mean,caar_neg_ci_low,caar_neg_ci_high,n_events_neg,caar_pos_mean,caar_pos_ci_low,caar_pos_ci_high,n_events_pos
0,1000,0.00343180214903728,0.00159259830080116,0.005313300302717155,135,-0.006465261901323263,-0.011485696059228959,-0.001035876171824002,135
1,1000,0.002883612066991113,-0.0001705110091070021,0.005892555491896327,89,-0.0017167652620817063,-0.0076707787013566365,0.004442259616875405,104
2,1000,0.0017764482502630515,-0.002690561095238724,0.006047151100715486,62,-0.005907232306470739,-0.018288364284465734,0.006050729054066262,73
3,1000,-0.0017173096675352872,-0.007188557484546863,0.0037932430392982885,49,-0.007781495733980879,-0.028240297266407557,0.009939270551088609,41
4,1000,-0.004138957629431802,-0.011452687371674769,0.0035139706424020594,24,-0.02915108908404062,-0.061176350567203774,-0.0016934786626108744,15
