tau,n_boot,caar_neg_mean,caar_neg_ci_low,caar_neg_ci_high,n_events_neg,caar_pos_mean,caar_pos_ci_low,caar_pos_ci_high,n_events_pos
0,1000,0.003395713553441792,0.001663584227410799,0.005256160616582433,135,-0.006121482076034351,-0.011263046684185674,-0.001309007402640641,135
1,1000,0.0029166546207825246,-0.0001418735920638526,0.005766157792031369,89,-0.0014656623015709123,-0.0075838527544467,0.004598931447526625,104
2,1000,0.0018243783561894605,-0.0026798970849386456,0.005891086511153877,62,-0.0057761815697490665,-0.017615041565625947,0.005814917095363178,73
3,1000,-0.001868110899618767,-0.007691403802389992,0.003703445375523677,49,-0.008582334779194787,-0.028463072031621364,0.00788005454022702,41
4,1000,-0.004078341401949062,-0.011111883886038364,0.0034863558799244406,24,-0.02844733210371631,-0.06145703613216015,0.00020857874215586227,15
